scenario_id,seed,variant,status,objective_cny,emissions_kg,arrival_hours,candidate_evaluations,unique_route_evaluations,preprocessing_expanded_states,restarts,wall_seconds,route_json,modes_json,gap_from_scenario_best_percent
d60-c0,0,fixed,feasible-heuristic,4937.457230542974,200.13225,55.821551664973015,400,17,0,0,0.03956612496403977,"[""Chongqing"",""Nantong"",""Shanghai""]","[""rail"",""road""]",24.207621767741028
d60-c0,0,adaptive,feasible-heuristic,4206.6243508367,71.316,52.58280438545874,400,26,0,0,0.04174341697944328,"[""Chongqing"",""Nantong"",""Shanghai""]","[""rail"",""rail""]",5.822649572649574
d60-c0,0,catastrophe,feasible-heuristic,4261.065204847086,72.23895,53.26331506058857,400,49,0,2,0.04579770896816626,"[""Chongqing"",""Zhangjiagang"",""Shanghai""]","[""rail"",""rail""]",7.192174145299135
d60-c0,0,combined,feasible-heuristic,4206.6243508367,71.316,52.58280438545874,400,62,0,2,0.04763549997005612,"[""Chongqing"",""Nantong"",""Shanghai""]","[""rail"",""rail""]",5.822649572649574
d60-c0,0,hybrid-seeded,feasible-heuristic,3975.1644547028277,67.392,49.68955568378534,400,70,213,2,0.07255583303049207,"[""Chongqing"",""Chenglingji"",""Zhangjiagang"",""Shanghai""]","[""rail"",""rail"",""rail""]",0.0
d60-c0,1,fixed,feasible-heuristic,4645.442585112522,78.7554,58.068032313906514,400,22,0,0,0.04825529200024903,"[""Chongqing"",""Wuhu"",""Zhangjiagang"",""Nantong"",""Shanghai""]","[""rail"",""rail"",""rail"",""rail""]",16.861645299145287
d60-c0,1,adaptive,feasible-heuristic,4645.442585112522,78.7554,58.068032313906514,400,39,0,0,0.05079637502785772,"[""Chongqing"",""Wuhu"",""Zhangjiagang"",""Nantong"",""Shanghai""]","[""rail"",""rail"",""rail"",""rail""]",16.861645299145287
d60-c0,1,catastrophe,feasible-heuristic,4495.816503173687,76.21875000000001,56.19770628967109,400,62,0,2,0.05365904199425131,"[""Chongqing"",""Nanjing"",""Zhangjiagang"",""Nantong"",""Shanghai""]","[""rail"",""rail"",""rail"",""rail""]",13.09762286324785
d60-c0,1,combined,feasible-heuristic,4206.6243508367,71.316,52.58280438545874,400,70,0,1,0.04990916699171066,"[""Chongqing"",""Nantong"",""Shanghai""]","[""rail"",""rail""]",5.822649572649574
d60-c0,1,hybrid-seeded,feasible-heuristic,3975.1644547028277,67.392,49.68955568378534,400,72,213,2,0.07420445798197761,"[""Chongqing"",""Chenglingji"",""Zhangjiagang"",""Shanghai""]","[""rail"",""rail"",""rail""]",0.0
d60-c0,2,fixed,no-feasible-route-found,,,,400,34,0,0,0.04810575000010431,,,
d60-c0,2,adaptive,no-feasible-route-found,,,,400,40,0,0,0.05274245800683275,,,
d60-c0,2,catastrophe,no-feasible-route-found,,,,400,76,0,2,0.053986124985385686,,,
d60-c0,2,combined,feasible-heuristic,4547.470282746682,77.09445000000001,56.843378534333524,400,61,0,1,0.05341733299428597,"[""Chongqing"",""Jiujiang"",""Jiangyin"",""Zhangjiagang"",""Nantong"",""Shanghai""]","[""rail"",""rail"",""rail"",""rail"",""rail""]",14.397035256410252
d60-c0,2,hybrid-seeded,feasible-heuristic,3975.1644547028277,67.392,49.68955568378534,400,71,213,2,0.07291916600661352,"[""Chongqing"",""Chenglingji"",""Zhangjiagang"",""Shanghai""]","[""rail"",""rail"",""rail""]",0.0
d60-c0,3,fixed,feasible-heuristic,4578.712060011541,77.6241,57.23390075014426,400,20,0,0,0.045675500005017966,"[""Chongqing"",""Nanjing"",""Nantong"",""Shanghai""]","[""rail"",""rail"",""rail""]",15.182959401709418
d60-c0,3,adaptive,feasible-heuristic,4060.2896710905943,68.83515,50.75362088863243,400,36,0,0,0.04961583303520456,"[""Chongqing"",""Jiujiang"",""Nantong"",""Shanghai""]","[""rail"",""rail"",""rail""]",2.141426282051273
d60-c0,3,catastrophe,feasible-heuristic,4453.665320253895,75.50415,55.67081650317369,400,52,0,2,0.04848716699052602,"[""Chongqing"",""Shanghai""]","[""rail""]",12.037259615384599
d60-c0,3,combined,feasible-heuristic,4060.2896710905943,68.83515,50.75362088863243,400,74,0,2,0.05583708395715803,"[""Chongqing"",""Jiujiang"",""Nantong"",""Shanghai""]","[""rail"",""rail"",""rail""]",2.141426282051273
d60-c0,3,hybrid-seeded,feasible-heuristic,3975.1644547028277,67.392,49.68955568378534,400,74,213,2,0.07717920804861933,"[""Chongqing"",""Chenglingji"",""Zhangjiagang"",""Shanghai""]","[""rail"",""rail"",""rail""]",0.0
d60-c0,4,fixed,feasible-heuristic,4261.065204847086,72.23895,53.26331506058857,400,21,0,0,0.04260287503711879,"[""Chongqing"",""Zhangjiagang"",""Shanghai""]","[""rail"",""rail""]",7.192174145299135
d60-c0,4,adaptive,feasible-heuristic,4261.065204847086,72.23895,53.26331506058857,400,26,0,0,0.042925250018015504,"[""Chongqing"",""Zhangjiagang"",""Shanghai""]","[""rail"",""rail""]",7.192174145299135
d60-c0,4,catastrophe,feasible-heuristic,4261.065204847086,72.23895,53.26331506058857,400,59,0,2,0.04925195797113702,"[""Chongqing"",""Zhangjiagang"",""Shanghai""]","[""rail"",""rail""]",7.192174145299135
d60-c0,4,combined,feasible-heuristic,4206.6243508367,71.316,52.58280438545874,400,60,0,2,0.05014133296208456,"[""Chongqing"",""Nantong"",""Shanghai""]","[""rail"",""rail""]",5.822649572649574
d60-c0,4,hybrid-seeded,feasible-heuristic,3975.1644547028277,67.392,49.68955568378534,400,71,213,2,0.07571016700239852,"[""Chongqing"",""Chenglingji"",""Zhangjiagang"",""Shanghai""]","[""rail"",""rail"",""rail""]",0.0
d60-c0,5,fixed,feasible-heuristic,4514.7686093479515,76.54005000000001,56.4346076168494,400,39,0,0,0.06345616601174697,"[""Chongqing"",""Honghu"",""Chizhou"",""Gaogang"",""Jiangyin"",""Shanghai""]","[""rail"",""rail"",""rail"",""rail"",""rail""]",13.574385683760681
d60-c0,5,adaptive,feasible-heuristic,4300.7743796884015,72.91215,53.75967974610502,400,46,0,0,0.060851207992527634,"[""Chongqing"",""Chenglingji"",""Maanshan"",""Shanghai""]","[""rail"",""rail"",""rail""]",8.191105769230766
d60-c0,5,catastrophe,feasible-heuristic,4514.7686093479515,76.54005000000001,56.4346076168494,400,78,0,2,0.06433983298484236,"[""Chongqing"",""Honghu"",""Chizhou"",""Gaogang"",""Jiangyin"",""Shanghai""]","[""rail"",""rail"",""rail"",""rail"",""rail""]",13.574385683760681
d60-c0,5,combined,feasible-heuristic,4300.7743796884015,72.91215,53.75967974610502,400,90,0,2,0.06120841600932181,"[""Chongqing"",""Chenglingji"",""Maanshan"",""Shanghai""]","[""rail"",""rail"",""rail""]",8.191105769230766
d60-c0,5,hybrid-seeded,feasible-heuristic,3975.1644547028277,67.392,49.68955568378534,400,75,213,2,0.07387041702168062,"[""Chongqing"",""Chenglingji"",""Zhangjiagang"",""Shanghai""]","[""rail"",""rail"",""rail""]",0.0
d60-c0,6,fixed,feasible-heuristic,4495.816503173687,76.21875000000001,56.19770628967109,400,26,0,0,0.04535791702801362,"[""Chongqing"",""Nanjing"",""Zhangjiagang"",""Nantong"",""Shanghai""]","[""rail"",""rail"",""rail"",""rail""]",13.09762286324785
d60-c0,6,adaptive,feasible-heuristic,4206.6243508367,71.316,52.58280438545874,400,33,0,0,0.04292883403832093,"[""Chongqing"",""Nantong"",""Shanghai""]","[""rail"",""rail""]",5.822649572649574
d60-c0,6,catastrophe,feasible-heuristic,4453.665320253895,75.50415,55.67081650317369,400,64,0,2,0.049869416980072856,"[""Chongqing"",""Shanghai""]","[""rail""]",12.037259615384599
d60-c0,6,combined,feasible-heuristic,4206.6243508367,71.316,52.58280438545874,400,51,0,1,0.046732750022783875,"[""Chongqing"",""Nantong"",""Shanghai""]","[""rail"",""rail""]",5.822649572649574
d60-c0,6,hybrid-seeded,feasible-heuristic,3975.1644547028277,67.392,49.68955568378534,400,73,213,2,0.07204820902552456,"[""Chongqing"",""Chenglingji"",""Zhangjiagang"",""Shanghai""]","[""rail"",""rail"",""rail""]",0.0
d60-c0,7,fixed,feasible-heuristic,4937.457230542974,200.13225,55.821551664973015,400,17,0,0,0.039595749985892326,"[""Chongqing"",""Nantong"",""Shanghai""]","[""rail"",""road""]",24.207621767741028
d60-c0,7,adaptive,feasible-heuristic,4937.457230542974,200.13225,55.821551664973015,400,23,0,0,0.0423137079924345,"[""Chongqing"",""Nantong"",""Shanghai""]","[""rail"",""road""]",24.207621767741028
d60-c0,7,catastrophe,feasible-heuristic,4453.665320253895,75.50415,55.67081650317369,400,51,0,2,0.04712850000942126,"[""Chongqing"",""Shanghai""]","[""rail""]",12.037259615384599
d60-c0,7,combined,feasible-heuristic,4937.457230542974,200.13225,55.821551664973015,400,62,0,2,0.0510667500202544,"[""Chongqing"",""Nantong"",""Shanghai""]","[""rail"",""road""]",24.207621767741028
d60-c0,7,hybrid-seeded,feasible-heuristic,3975.1644547028277,67.392,49.68955568378534,400,75,213,2,0.07495754200499505,"[""Chongqing"",""Chenglingji"",""Zhangjiagang"",""Shanghai""]","[""rail"",""rail"",""rail""]",0.0
d60-c0,8,fixed,no-feasible-route-found,,,,400,30,0,0,0.05355912499362603,,,
d60-c0,8,adaptive,no-feasible-route-found,,,,400,43,0,0,0.06433712504804134,,,
d60-c0,8,catastrophe,no-feasible-route-found,,,,400,66,0,2,0.05880795803386718,,,
d60-c0,8,combined,feasible-heuristic,4667.31448355453,79.1262,58.34143104443162,400,86,0,2,0.061451250046957284,"[""Chongqing"",""Wuxue"",""Jiangyin"",""Shanghai""]","[""rail"",""rail"",""rail""]",17.411858974358974
d60-c0,8,hybrid-seeded,feasible-heuristic,3975.1644547028277,67.392,49.68955568378534,400,82,213,2,0.07328770798631012,"[""Chongqing"",""Chenglingji"",""Zhangjiagang"",""Shanghai""]","[""rail"",""rail"",""rail""]",0.0
d60-c0,9,fixed,feasible-heuristic,4550.761684939412,77.15025,56.884521061742646,400,31,0,0,0.05686691601295024,"[""Chongqing"",""Zhicheng"",""Anqing"",""Shanghai""]","[""rail"",""rail"",""rail""]",14.47983440170939
d60-c0,9,adaptive,feasible-heuristic,4550.761684939412,77.15025,56.884521061742646,400,46,0,0,0.058480250008869916,"[""Chongqing"",""Zhicheng"",""Anqing"",""Shanghai""]","[""rail"",""rail"",""rail""]",14.47983440170939
d60-c0,9,catastrophe,feasible-heuristic,4453.665320253895,75.50415,55.67081650317369,400,69,0,2,0.05228745803469792,"[""Chongqing"",""Shanghai""]","[""rail""]",12.037259615384599
d60-c0,9,combined,feasible-heuristic,4060.2896710905943,68.83515,50.75362088863243,400,82,0,2,0.05428220797330141,"[""Chongqing"",""Jiujiang"",""Nantong"",""Shanghai""]","[""rail"",""rail"",""rail""]",2.141426282051273
d60-c0,9,hybrid-seeded,feasible-heuristic,3975.1644547028277,67.392,49.68955568378534,400,75,213,2,0.0716076249955222,"[""Chongqing"",""Chenglingji"",""Zhangjiagang"",""Shanghai""]","[""rail"",""rail"",""rail""]",0.0
d60-c0,10,fixed,feasible-heuristic,4453.665320253895,75.50415,55.67081650317369,400,24,0,0,0.03968441596953198,"[""Chongqing"",""Shanghai""]","[""rail""]",12.037259615384599
d60-c0,10,adaptive,feasible-heuristic,4261.065204847086,72.23895,53.26331506058857,400,35,0,0,0.043069332954473794,"[""Chongqing"",""Zhangjiagang"",""Shanghai""]","[""rail"",""rail""]",7.192174145299135
d60-c0,10,catastrophe,feasible-heuristic,4453.665320253895,75.50415,55.67081650317369,400,64,0,2,0.04693720897193998,"[""Chongqing"",""Shanghai""]","[""rail""]",12.037259615384599
d60-c0,10,combined,feasible-heuristic,4261.065204847086,72.23895,53.26331506058857,400,80,0,2,0.050020124996080995,"[""Chongqing"",""Zhangjiagang"",""Shanghai""]","[""rail"",""rail""]",7.192174145299135
d60-c0,10,hybrid-seeded,feasible-heuristic,3975.1644547028277,67.392,49.68955568378534,400,78,213,2,0.07282270799623802,"[""Chongqing"",""Chenglingji"",""Zhangjiagang"",""Shanghai""]","[""rail"",""rail"",""rail""]",0.0
d60-c0,11,fixed,feasible-heuristic,4261.065204847086,72.23895,53.26331506058857,400,17,0,0,0.04043162503512576,"[""Chongqing"",""Zhangjiagang"",""Shanghai""]","[""rail"",""rail""]",7.192174145299135
d60-c0,11,adaptive,feasible-heuristic,4261.065204847086,72.23895,53.26331506058857,400,22,0,0,0.04155124997487292,"[""Chongqing"",""Zhangjiagang"",""Shanghai""]","[""rail"",""rail""]",7.192174145299135
d60-c0,11,catastrophe,feasible-heuristic,4261.065204847086,72.23895,53.26331506058857,400,56,0,2,0.046889916993677616,"[""Chongqing"",""Zhangjiagang"",""Shanghai""]","[""rail"",""rail""]",7.192174145299135
d60-c0,11,combined,feasible-heuristic,4261.065204847086,72.23895,53.26331506058857,400,59,0,2,0.0483975830138661,"[""Chongqing"",""Zhangjiagang"",""Shanghai""]","[""rail"",""rail""]",7.192174145299135
d60-c0,11,hybrid-seeded,feasible-heuristic,3975.1644547028277,67.392,49.68955568378534,400,64,213,2,0.07123845897149295,"[""Chongqing"",""Chenglingji"",""Zhangjiagang"",""Shanghai""]","[""rail"",""rail"",""rail""]",0.0
d60-c0,12,fixed,no-feasible-route-found,,,,400,24,0,0,0.04226787498919293,,,
d60-c0,12,adaptive,no-feasible-route-found,,,,400,27,0,0,0.04255887499311939,,,
d60-c0,12,catastrophe,feasible-heuristic,4206.6243508367,71.316,52.58280438545874,400,61,0,2,0.04916095797671005,"[""Chongqing"",""Nantong"",""Shanghai""]","[""rail"",""rail""]",5.822649572649574
d60-c0,12,combined,feasible-heuristic,4716.420080784766,79.95870000000001,58.95525100980958,400,66,0,2,0.05344229197362438,"[""Chongqing"",""Yichang"",""Shanghai""]","[""rail"",""rail""]",18.64716880341877
d60-c0,12,hybrid-seeded,feasible-heuristic,3975.1644547028277,67.392,49.68955568378534,400,64,213,2,0.07212812500074506,"[""Chongqing"",""Chenglingji"",""Zhangjiagang"",""Shanghai""]","[""rail"",""rail"",""rail""]",0.0
d60-c0,13,fixed,no-feasible-route-found,,,,400,26,0,0,0.04590133298188448,,,
d60-c0,13,adaptive,no-feasible-route-found,,,,400,44,0,0,0.0508673750446178,,,
d60-c0,13,catastrophe,feasible-heuristic,4477.713791113676,75.91185,55.97142238892094,400,72,0,2,0.051897125027608126,"[""Chongqing"",""Nanjing"",""Zhenjiang"",""Shanghai""]","[""rail"",""rail"",""rail""]",12.642227564102559
d60-c0,13,combined,feasible-heuristic,4453.665320253895,75.50415,55.67081650317369,400,78,0,2,0.05170983402058482,"[""Chongqing"",""Shanghai""]","[""rail""]",12.037259615384599
d60-c0,13,hybrid-seeded,feasible-heuristic,3975.1644547028277,67.392,49.68955568378534,400,71,213,2,0.07212774996878579,"[""Chongqing"",""Chenglingji"",""Zhangjiagang"",""Shanghai""]","[""rail"",""rail"",""rail""]",0.0
d60-c0,14,fixed,no-feasible-route-found,,,,400,27,0,0,0.04672329203458503,,,
d60-c0,14,adaptive,feasible-heuristic,4577.172533179458,77.59800000000001,57.214656664743224,400,32,0,0,0.047426916018594056,"[""Chongqing"",""Anqing"",""Shanghai""]","[""rail"",""rail""]",15.14423076923077
d60-c0,14,catastrophe,feasible-heuristic,4453.665320253895,75.50415,55.67081650317369,400,62,0,2,0.05404404195724055,"[""Chongqing"",""Shanghai""]","[""rail""]",12.037259615384599
d60-c0,14,combined,feasible-heuristic,4577.172533179458,77.59800000000001,57.214656664743224,400,74,0,2,0.053714375011622906,"[""Chongqing"",""Anqing"",""Shanghai""]","[""rail"",""rail""]",15.14423076923077
d60-c0,14,hybrid-seeded,feasible-heuristic,3975.1644547028277,67.392,49.68955568378534,400,69,213,2,0.07275833300082013,"[""Chongqing"",""Chenglingji"",""Zhangjiagang"",""Shanghai""]","[""rail"",""rail"",""rail""]",0.0
d60-c0,15,fixed,no-feasible-route-found,,,,400,22,0,0,0.05266654200386256,,,
d60-c0,15,adaptive,feasible-heuristic,4495.816503173687,76.21875000000001,56.19770628967109,400,42,0,0,0.046709250018466264,"[""Chongqing"",""Nanjing"",""Zhangjiagang"",""Nantong"",""Shanghai""]","[""rail"",""rail"",""rail"",""rail""]",13.09762286324785
d60-c0,15,catastrophe,no-feasible-route-found,,,,400,75,0,2,0.057510916027240455,,,
d60-c0,15,combined,feasible-heuristic,4453.665320253895,75.50415,55.67081650317369,400,80,0,2,0.05044912500306964,"[""Chongqing"",""Shanghai""]","[""rail""]",12.037259615384599
d60-c0,15,hybrid-seeded,feasible-heuristic,3975.1644547028277,67.392,49.68955568378534,400,81,213,2,0.07124433398712426,"[""Chongqing"",""Chenglingji"",""Zhangjiagang"",""Shanghai""]","[""rail"",""rail"",""rail""]",0.0
d60-c0,16,fixed,feasible-heuristic,4785.114829774957,81.1233,59.81393537218696,400,28,0,0,0.05402529099956155,"[""Chongqing"",""Chenglingji"",""Gaogang"",""Jiangyin"",""Shanghai""]","[""rail"",""rail"",""rail"",""rail""]",20.37526709401709
d60-c0,16,adaptive,feasible-heuristic,4374.67166762839,74.16495,54.68339584535488,400,50,0,0,0.053641874983441085,"[""Chongqing"",""Chenglingji"",""Shanghai""]","[""rail"",""rail""]",10.050080128205142
d60-c0,16,catastrophe,no-feasible-route-found,,,,400,67,0,2,0.05292829097015783,,,
d60-c0,16,combined,feasible-heuristic,4092.3808424697063,69.3792,51.15476053087132,400,84,0,2,0.05801479198271409,"[""Chongqing"",""Chenglingji"",""Zhangjiagang"",""Nantong"",""Shanghai""]","[""rail"",""rail"",""rail"",""rail""]",2.9487179487179604
d60-c0,16,hybrid-seeded,feasible-heuristic,3975.1644547028277,67.392,49.68955568378534,400,80,213,2,0.07286262494744733,"[""Chongqing"",""Chenglingji"",""Zhangjiagang"",""Shanghai""]","[""rail"",""rail"",""rail""]",0.0
d60-c0,17,fixed,no-feasible-route-found,,,,400,22,0,0,0.04818799998611212,,,
d60-c0,17,adaptive,no-feasible-route-found,,,,400,28,0,0,0.04625054099597037,,,
d60-c0,17,catastrophe,feasible-heuristic,4453.665320253895,75.50415,55.67081650317369,400,58,0,2,0.04792874999111518,"[""Chongqing"",""Shanghai""]","[""rail""]",12.037259615384599
d60-c0,17,combined,no-feasible-route-found,,,,400,85,0,2,0.05309441703138873,,,
d60-c0,17,hybrid-seeded,feasible-heuristic,3975.1644547028277,67.392,49.68955568378534,400,83,213,2,0.07550741598242894,"[""Chongqing"",""Chenglingji"",""Zhangjiagang"",""Shanghai""]","[""rail"",""rail"",""rail""]",0.0
d60-c0,18,fixed,feasible-heuristic,4453.665320253895,75.50415,55.67081650317369,400,20,0,0,0.03953720803838223,"[""Chongqing"",""Shanghai""]","[""rail""]",12.037259615384599
d60-c0,18,adaptive,feasible-heuristic,4453.665320253895,75.50415,55.67081650317369,400,30,0,0,0.04098179202992469,"[""Chongqing"",""Shanghai""]","[""rail""]",12.037259615384599
d60-c0,18,catastrophe,feasible-heuristic,4378.281592613964,74.22615,54.728519907674546,400,55,0,2,0.04626287502469495,"[""Chongqing"",""Zhangjiagang"",""Nantong"",""Shanghai""]","[""rail"",""rail"",""rail""]",10.140892094017072
d60-c0,18,combined,feasible-heuristic,4453.665320253895,75.50415,55.67081650317369,400,67,0,2,0.047655792033765465,"[""Chongqing"",""Shanghai""]","[""rail""]",12.037259615384599
d60-c0,18,hybrid-seeded,feasible-heuristic,3975.1644547028277,67.392,49.68955568378534,400,63,213,2,0.07272316701710224,"[""Chongqing"",""Chenglingji"",""Zhangjiagang"",""Shanghai""]","[""rail"",""rail"",""rail""]",0.0
d60-c0,19,fixed,feasible-heuristic,4206.6243508367,71.316,52.58280438545874,400,21,0,0,0.048437582969199866,"[""Chongqing"",""Nantong"",""Shanghai""]","[""rail"",""rail""]",5.822649572649574
d60-c0,19,adaptive,no-feasible-route-found,,,,400,39,0,0,0.06034625001484528,,,
d60-c0,19,catastrophe,feasible-heuristic,4453.665320253895,75.50415,55.67081650317369,400,58,0,2,0.050649458018597215,"[""Chongqing"",""Shanghai""]","[""rail""]",12.037259615384599
d60-c0,19,combined,feasible-heuristic,5109.114472320238,203.04239999999996,57.96726718718882,400,85,0,2,0.06160362501395866,"[""Chongqing"",""Zhangjiagang"",""Nantong"",""Shanghai""]","[""rail"",""rail"",""road""]",28.525864289108547
d60-c0,19,hybrid-seeded,feasible-heuristic,3975.1644547028277,67.392,49.68955568378534,400,68,213,2,0.0726215000031516,"[""Chongqing"",""Chenglingji"",""Zhangjiagang"",""Shanghai""]","[""rail"",""rail"",""rail""]",0.0
d60-c0,20,fixed,no-feasible-route-found,,,,400,20,0,0,0.043655666988343,,,
d60-c0,20,adaptive,feasible-heuristic,5158.573602479714,191.42280000000002,59.7167983495805,400,34,0,0,0.046351166034583,"[""Chongqing"",""Nanjing"",""Zhangjiagang"",""Nantong"",""Shanghai""]","[""rail"",""rail"",""road"",""rail""]",29.77006766039205
d60-c0,20,catastrophe,feasible-heuristic,4937.457230542974,200.13225,55.821551664973015,400,60,0,2,0.048940790991764516,"[""Chongqing"",""Nantong"",""Shanghai""]","[""rail"",""road""]",24.207621767741028
d60-c0,20,combined,no-feasible-route-found,,,,400,76,0,2,0.05459920800058171,,,
d60-c0,20,hybrid-seeded,feasible-heuristic,3975.1644547028277,67.392,49.68955568378534,400,75,213,2,0.0758455420145765,"[""Chongqing"",""Chenglingji"",""Zhangjiagang"",""Shanghai""]","[""rail"",""rail"",""rail""]",0.0
d60-c0,21,fixed,no-feasible-route-found,,,,400,20,0,0,0.04352112498600036,,,
d60-c0,21,adaptive,no-feasible-route-found,,,,400,32,0,0,0.04849658301100135,,,
d60-c0,21,catastrophe,feasible-heuristic,4206.6243508367,71.316,52.58280438545874,400,53,0,2,0.04689266701461747,"[""Chongqing"",""Nantong"",""Shanghai""]","[""rail"",""rail""]",5.822649572649574
d60-c0,21,combined,feasible-heuristic,4206.6243508367,71.316,52.58280438545874,400,70,0,2,0.0498198340064846,"[""Chongqing"",""Nantong"",""Shanghai""]","[""rail"",""rail""]",5.822649572649574
d60-c0,21,hybrid-seeded,feasible-heuristic,3975.1644547028277,67.392,49.68955568378534,400,75,213,2,0.07113995897816494,"[""Chongqing"",""Chenglingji"",""Zhangjiagang"",""Shanghai""]","[""rail"",""rail"",""rail""]",0.0
d60-c0,22,fixed,no-feasible-route-found,,,,400,20,0,0,0.05160470900591463,,,
d60-c0,22,adaptive,no-feasible-route-found,,,,400,35,0,0,0.045440750021953136,,,
d60-c0,22,catastrophe,feasible-heuristic,4206.6243508367,71.316,52.58280438545874,400,60,0,2,0.05049291701288894,"[""Chongqing"",""Nantong"",""Shanghai""]","[""rail"",""rail""]",5.822649572649574
d60-c0,22,combined,feasible-heuristic,4453.665320253895,75.50415,55.67081650317369,400,73,0,2,0.04967783304164186,"[""Chongqing"",""Shanghai""]","[""rail""]",12.037259615384599
d60-c0,22,hybrid-seeded,feasible-heuristic,3975.1644547028277,67.392,49.68955568378534,400,74,213,2,0.0720281659741886,"[""Chongqing"",""Chenglingji"",""Zhangjiagang"",""Shanghai""]","[""rail"",""rail"",""rail""]",0.0
d60-c0,23,fixed,feasible-heuristic,5520.639466064781,278.30730000000005,59.38763049395136,400,29,0,0,0.05413787497673184,"[""Chongqing"",""Zhicheng"",""Maanshan"",""Shanghai""]","[""road"",""rail"",""rail""]",38.87826601824172
d60-c0,23,adaptive,feasible-heuristic,4797.590305828044,81.3348,59.969878822850546,400,28,0,0,0.04919104196596891,"[""Chongqing"",""Wuxue"",""Nanjing"",""Shanghai""]","[""rail"",""rail"",""rail""]",20.689102564102548
d60-c0,23,catastrophe,feasible-heuristic,4261.065204847086,72.23895,53.26331506058857,400,64,0,2,0.05742995801847428,"[""Chongqing"",""Zhangjiagang"",""Shanghai""]","[""rail"",""rail""]",7.192174145299135
d60-c0,23,combined,feasible-heuristic,4206.6243508367,71.316,52.58280438545874,400,62,0,2,0.04969299997901544,"[""Chongqing"",""Nantong"",""Shanghai""]","[""rail"",""rail""]",5.822649572649574
d60-c0,23,hybrid-seeded,feasible-heuristic,3975.1644547028277,67.392,49.68955568378534,400,63,213,2,0.07153433299390599,"[""Chongqing"",""Chenglingji"",""Zhangjiagang"",""Shanghai""]","[""rail"",""rail"",""rail""]",0.0
d60-c0,24,fixed,no-feasible-route-found,,,,400,28,0,0,0.053508791024796665,,,
d60-c0,24,adaptive,feasible-heuristic,4413.2660126947485,74.81925,55.16582515868436,400,41,0,0,0.054105250048451126,"[""Chongqing"",""Honghu"",""Nanjing"",""Shanghai""]","[""rail"",""rail"",""rail""]",11.020966880341865
d60-c0,24,catastrophe,no-feasible-route-found,,,,400,67,0,2,0.05770083301467821,,,
d60-c0,24,combined,feasible-heuristic,4413.2660126947485,74.81925,55.16582515868436,400,81,0,2,0.05931762495310977,"[""Chongqing"",""Honghu"",""Nanjing"",""Shanghai""]","[""rail"",""rail"",""rail""]",11.020966880341865
d60-c0,24,hybrid-seeded,feasible-heuristic,3975.1644547028277,67.392,49.68955568378534,400,62,213,2,0.07133045798400417,"[""Chongqing"",""Chenglingji"",""Zhangjiagang"",""Shanghai""]","[""rail"",""rail"",""rail""]",0.0
d60-c0,25,fixed,no-feasible-route-found,,,,400,19,0,0,0.042753832996822894,,,
d60-c0,25,adaptive,feasible-heuristic,4206.6243508367,71.316,52.58280438545874,400,25,0,0,0.041548707988113165,"[""Chongqing"",""Nantong"",""Shanghai""]","[""rail"",""rail""]",5.822649572649574
d60-c0,25,catastrophe,feasible-heuristic,4393.172533179458,74.4786,54.91465666474322,400,60,0,2,0.05068975000176579,"[""Chongqing"",""Jiujiang"",""Shanghai""]","[""rail"",""rail""]",10.515491452991444
d60-c0,25,combined,feasible-heuristic,4453.665320253895,75.50415,55.67081650317369,400,62,0,2,0.04728841700125486,"[""Chongqing"",""Shanghai""]","[""rail""]",12.037259615384599
d60-c0,25,hybrid-seeded,feasible-heuristic,3975.1644547028277,67.392,49.68955568378534,400,80,213,2,0.07162779098143801,"[""Chongqing"",""Chenglingji"",""Zhangjiagang"",""Shanghai""]","[""rail"",""rail"",""rail""]",0.0
d60-c0,26,fixed,feasible-heuristic,4453.665320253895,75.50415,55.67081650317369,400,18,0,0,0.03861362498719245,"[""Chongqing"",""Shanghai""]","[""rail""]",12.037259615384599
d60-c0,26,adaptive,feasible-heuristic,4453.665320253895,75.50415,55.67081650317369,400,36,0,0,0.04076291702222079,"[""Chongqing"",""Shanghai""]","[""rail""]",12.037259615384599
d60-c0,26,catastrophe,feasible-heuristic,4453.665320253895,75.50415,55.67081650317369,400,54,0,2,0.0457446250366047,"[""Chongqing"",""Shanghai""]","[""rail""]",12.037259615384599
d60-c0,26,combined,feasible-heuristic,4261.065204847086,72.23895,53.26331506058857,400,64,0,2,0.047814833000302315,"[""Chongqing"",""Zhangjiagang"",""Shanghai""]","[""rail"",""rail""]",7.192174145299135
d60-c0,26,hybrid-seeded,feasible-heuristic,3975.1644547028277,67.392,49.68955568378534,400,66,213,2,0.07071683299727738,"[""Chongqing"",""Chenglingji"",""Zhangjiagang"",""Shanghai""]","[""rail"",""rail"",""rail""]",0.0
d60-c0,27,fixed,no-feasible-route-found,,,,400,23,0,0,0.044052500044927,,,
d60-c0,27,adaptive,no-feasible-route-found,,,,400,35,0,0,0.04524475004291162,,,
d60-c0,27,catastrophe,no-feasible-route-found,,,,400,65,0,2,0.05112174997339025,,,
d60-c0,27,combined,feasible-heuristic,4453.665320253895,75.50415,55.67081650317369,400,77,0,2,0.05063574999803677,"[""Chongqing"",""Shanghai""]","[""rail""]",12.037259615384599
d60-c0,27,hybrid-seeded,feasible-heuristic,3975.1644547028277,67.392,49.68955568378534,400,75,213,2,0.07309104199521244,"[""Chongqing"",""Chenglingji"",""Zhangjiagang"",""Shanghai""]","[""rail"",""rail"",""rail""]",0.0
d60-c0,28,fixed,feasible-heuristic,4453.665320253895,75.50415,55.67081650317369,400,25,0,0,0.03961020801216364,"[""Chongqing"",""Shanghai""]","[""rail""]",12.037259615384599
d60-c0,28,adaptive,feasible-heuristic,4453.665320253895,75.50415,55.67081650317369,400,29,0,0,0.04056991700781509,"[""Chongqing"",""Shanghai""]","[""rail""]",12.037259615384599
d60-c0,28,catastrophe,feasible-heuristic,4393.172533179458,74.4786,54.91465666474322,400,62,0,2,0.04788416699739173,"[""Chongqing"",""Jiujiang"",""Shanghai""]","[""rail"",""rail""]",10.515491452991444
d60-c0,28,combined,feasible-heuristic,4261.065204847086,72.23895,53.26331506058857,400,62,0,2,0.04796841699862853,"[""Chongqing"",""Zhangjiagang"",""Shanghai""]","[""rail"",""rail""]",7.192174145299135
d60-c0,28,hybrid-seeded,feasible-heuristic,3975.1644547028277,67.392,49.68955568378534,400,74,213,2,0.07184712495654821,"[""Chongqing"",""Chenglingji"",""Zhangjiagang"",""Shanghai""]","[""rail"",""rail"",""rail""]",0.0
d60-c0,29,fixed,feasible-heuristic,4261.065204847086,72.23895,53.26331506058857,400,19,0,0,0.040368709014728665,"[""Chongqing"",""Zhangjiagang"",""Shanghai""]","[""rail"",""rail""]",7.192174145299135
d60-c0,29,adaptive,feasible-heuristic,4261.065204847086,72.23895,53.26331506058857,400,26,0,0,0.04243745800340548,"[""Chongqing"",""Zhangjiagang"",""Shanghai""]","[""rail"",""rail""]",7.192174145299135
d60-c0,29,catastrophe,feasible-heuristic,4261.065204847086,72.23895,53.26331506058857,400,58,0,2,0.04745866701705381,"[""Chongqing"",""Zhangjiagang"",""Shanghai""]","[""rail"",""rail""]",7.192174145299135
d60-c0,29,combined,feasible-heuristic,4261.065204847086,72.23895,53.26331506058857,400,67,0,2,0.04940341698238626,"[""Chongqing"",""Zhangjiagang"",""Shanghai""]","[""rail"",""rail""]",7.192174145299135
d60-c0,29,hybrid-seeded,feasible-heuristic,3975.1644547028277,67.392,49.68955568378534,400,69,213,2,0.07188087498070672,"[""Chongqing"",""Chenglingji"",""Zhangjiagang"",""Shanghai""]","[""rail"",""rail"",""rail""]",0.0
d60-c5000,0,fixed,feasible-heuristic,5938.118480542974,200.13225,55.821551664973015,400,17,0,0,0.0394956250092946,"[""Chongqing"",""Nantong"",""Shanghai""]","[""rail"",""road""]",37.70749297522775
d60-c5000,0,adaptive,feasible-heuristic,4563.2043508367,71.316,52.58280438545874,400,26,0,0,0.041661249997559935,"[""Chongqing"",""Nantong"",""Shanghai""]","[""rail"",""rail""]",5.822649572649574
d60-c5000,0,catastrophe,feasible-heuristic,4622.259954847085,72.23895,53.26331506058857,400,49,0,2,0.04593975003808737,"[""Chongqing"",""Zhangjiagang"",""Shanghai""]","[""rail"",""rail""]",7.192174145299135
d60-c5000,0,combined,feasible-heuristic,4563.2043508367,71.316,52.58280438545874,400,71,0,2,0.04895200004102662,"[""Chongqing"",""Nantong"",""Shanghai""]","[""rail"",""rail""]",5.822649572649574
d60-c5000,0,hybrid-seeded,feasible-heuristic,4312.124454702827,67.392,49.68955568378534,400,73,102,2,0.06209625001065433,"[""Chongqing"",""Chenglingji"",""Zhangjiagang"",""Shanghai""]","[""rail"",""rail"",""rail""]",0.0
d60-c5000,1,fixed,feasible-heuristic,5039.219585112522,78.7554,58.068032313906514,400,22,0,0,0.045553833013400435,"[""Chongqing"",""Wuhu"",""Zhangjiagang"",""Nantong"",""Shanghai""]","[""rail"",""rail"",""rail"",""rail""]",16.861645299145312
d60-c5000,1,adaptive,feasible-heuristic,5039.219585112522,78.7554,58.068032313906514,400,39,0,0,0.04728770797373727,"[""Chongqing"",""Wuhu"",""Zhangjiagang"",""Nantong"",""Shanghai""]","[""rail"",""rail"",""rail"",""rail""]",16.861645299145312
d60-c5000,1,catastrophe,feasible-heuristic,4876.910253173687,76.21875000000001,56.19770628967109,400,62,0,2,0.05060333397705108,"[""Chongqing"",""Nanjing"",""Zhangjiagang"",""Nantong"",""Shanghai""]","[""rail"",""rail"",""rail"",""rail""]",13.09762286324787
d60-c5000,1,combined,feasible-heuristic,4834.842853144835,75.5613,55.712954414310445,400,94,0,2,0.0533576249727048,"[""Chongqing"",""Nanjing"",""Shanghai""]","[""rail"",""rail""]",12.122061965811959
d60-c5000,1,hybrid-seeded,feasible-heuristic,4312.124454702827,67.392,49.68955568378534,400,72,102,2,0.06449420901481062,"[""Chongqing"",""Chenglingji"",""Zhangjiagang"",""Shanghai""]","[""rail"",""rail"",""rail""]",0.0
d60-c5000,2,fixed,no-feasible-route-found,,,,400,34,0,0,0.04631337500177324,,,
d60-c5000,2,adaptive,no-feasible-route-found,,,,400,40,0,0,0.04821100004483014,,,
d60-c5000,2,catastrophe,no-feasible-route-found,,,,400,76,0,2,0.05279308295575902,,,
d60-c5000,2,combined,feasible-heuristic,4932.9425327466815,77.09445000000001,56.843378534333524,400,61,0,1,0.0523888329626061,"[""Chongqing"",""Jiujiang"",""Jiangyin"",""Zhangjiagang"",""Nantong"",""Shanghai""]","[""rail"",""rail"",""rail"",""rail"",""rail""]",14.397035256410252
d60-c5000,2,hybrid-seeded,feasible-heuristic,4312.124454702827,67.392,49.68955568378534,400,71,102,2,0.06289983296301216,"[""Chongqing"",""Chenglingji"",""Zhangjiagang"",""Shanghai""]","[""rail"",""rail"",""rail""]",0.0
d60-c5000,3,fixed,feasible-heuristic,4966.832560011541,77.6241,57.23390075014426,400,20,0,0,0.04315437498735264,"[""Chongqing"",""Nanjing"",""Nantong"",""Shanghai""]","[""rail"",""rail"",""rail""]",15.182959401709418
d60-c5000,3,adaptive,feasible-heuristic,4404.465421090595,68.83515,50.75362088863243,400,36,0,0,0.04840341699309647,"[""Chongqing"",""Jiujiang"",""Nantong"",""Shanghai""]","[""rail"",""rail"",""rail""]",2.1414262820512953
d60-c5000,3,catastrophe,feasible-heuristic,4831.186070253894,75.50415,55.67081650317369,400,52,0,2,0.046876291977241635,"[""Chongqing"",""Shanghai""]","[""rail""]",12.037259615384599
d60-c5000,3,combined,feasible-heuristic,4404.465421090595,68.83515,50.75362088863243,400,66,0,2,0.05335616698721424,"[""Chongqing"",""Jiujiang"",""Nantong"",""Shanghai""]","[""rail"",""rail"",""rail""]",2.1414262820512953
d60-c5000,3,hybrid-seeded,feasible-heuristic,4312.124454702827,67.392,49.68955568378534,400,73,102,2,0.06312145799165592,"[""Chongqing"",""Chenglingji"",""Zhangjiagang"",""Shanghai""]","[""rail"",""rail"",""rail""]",0.0
d60-c5000,4,fixed,feasible-heuristic,4622.259954847085,72.23895,53.26331506058857,400,21,0,0,0.04029579198686406,"[""Chongqing"",""Zhangjiagang"",""Shanghai""]","[""rail"",""rail""]",7.192174145299135
d60-c5000,4,adaptive,feasible-heuristic,4622.259954847085,72.23895,53.26331506058857,400,26,0,0,0.041705916984938085,"[""Chongqing"",""Zhangjiagang"",""Shanghai""]","[""rail"",""rail""]",7.192174145299135
d60-c5000,4,catastrophe,feasible-heuristic,4622.259954847085,72.23895,53.26331506058857,400,59,0,2,0.04680487496079877,"[""Chongqing"",""Zhangjiagang"",""Shanghai""]","[""rail"",""rail""]",7.192174145299135
d60-c5000,4,combined,feasible-heuristic,4563.2043508367,71.316,52.58280438545874,400,59,0,2,0.04791154200211167,"[""Chongqing"",""Nantong"",""Shanghai""]","[""rail"",""rail""]",5.822649572649574
d60-c5000,4,hybrid-seeded,feasible-heuristic,4312.124454702827,67.392,49.68955568378534,400,71,102,2,0.06327287503518164,"[""Chongqing"",""Chenglingji"",""Zhangjiagang"",""Shanghai""]","[""rail"",""rail"",""rail""]",0.0
d60-c5000,5,fixed,feasible-heuristic,4897.468859347951,76.54005000000001,56.4346076168494,400,39,0,0,0.05946916597895324,"[""Chongqing"",""Honghu"",""Chizhou"",""Gaogang"",""Jiangyin"",""Shanghai""]","[""rail"",""rail"",""rail"",""rail"",""rail""]",13.574385683760681
d60-c5000,5,adaptive,feasible-heuristic,4665.335129688401,72.91215,53.75967974610502,400,46,0,0,0.056231125025078654,"[""Chongqing"",""Chenglingji"",""Maanshan"",""Shanghai""]","[""rail"",""rail"",""rail""]",8.191105769230766
d60-c5000,5,catastrophe,feasible-heuristic,4897.468859347951,76.54005000000001,56.4346076168494,400,78,0,2,0.06372062501031905,"[""Chongqing"",""Honghu"",""Chizhou"",""Gaogang"",""Jiangyin"",""Shanghai""]","[""rail"",""rail"",""rail"",""rail"",""rail""]",13.574385683760681
d60-c5000,5,combined,feasible-heuristic,4665.335129688401,72.91215,53.75967974610502,400,90,0,2,0.059935250028502196,"[""Chongqing"",""Chenglingji"",""Maanshan"",""Shanghai""]","[""rail"",""rail"",""rail""]",8.191105769230766
d60-c5000,5,hybrid-seeded,feasible-heuristic,4312.124454702827,67.392,49.68955568378534,400,75,102,2,0.06444541597738862,"[""Chongqing"",""Chenglingji"",""Zhangjiagang"",""Shanghai""]","[""rail"",""rail"",""rail""]",0.0
d60-c5000,6,fixed,feasible-heuristic,4876.910253173687,76.21875000000001,56.19770628967109,400,26,0,0,0.045070292020682245,"[""Chongqing"",""Nanjing"",""Zhangjiagang"",""Nantong"",""Shanghai""]","[""rail"",""rail"",""rail"",""rail""]",13.09762286324787
d60-c5000,6,adaptive,feasible-heuristic,4563.2043508367,71.316,52.58280438545874,400,33,0,0,0.042877124971710145,"[""Chongqing"",""Nantong"",""Shanghai""]","[""rail"",""rail""]",5.822649572649574
d60-c5000,6,catastrophe,feasible-heuristic,4831.186070253894,75.50415,55.67081650317369,400,64,0,2,0.0497500830097124,"[""Chongqing"",""Shanghai""]","[""rail""]",12.037259615384599
d60-c5000,6,combined,feasible-heuristic,4563.2043508367,71.316,52.58280438545874,400,51,0,1,0.04654962499625981,"[""Chongqing"",""Nantong"",""Shanghai""]","[""rail"",""rail""]",5.822649572649574
d60-c5000,6,hybrid-seeded,feasible-heuristic,4312.124454702827,67.392,49.68955568378534,400,71,102,2,0.0631292499601841,"[""Chongqing"",""Chenglingji"",""Zhangjiagang"",""Shanghai""]","[""rail"",""rail"",""rail""]",0.0
d60-c5000,7,fixed,feasible-heuristic,5938.118480542974,200.13225,55.821551664973015,400,17,0,0,0.04066612501628697,"[""Chongqing"",""Nantong"",""Shanghai""]","[""rail"",""road""]",37.70749297522775
d60-c5000,7,adaptive,feasible-heuristic,5938.118480542974,200.13225,55.821551664973015,400,24,0,0,0.042139749974012375,"[""Chongqing"",""Nantong"",""Shanghai""]","[""rail"",""road""]",37.70749297522775
d60-c5000,7,catastrophe,feasible-heuristic,4831.186070253894,75.50415,55.67081650317369,400,51,0,2,0.04740037501323968,"[""Chongqing"",""Shanghai""]","[""rail""]",12.037259615384599
d60-c5000,7,combined,feasible-heuristic,5938.118480542974,200.13225,55.821551664973015,400,63,0,2,0.0494062079815194,"[""Chongqing"",""Nantong"",""Shanghai""]","[""rail"",""road""]",37.70749297522775
d60-c5000,7,hybrid-seeded,feasible-heuristic,4312.124454702827,67.392,49.68955568378534,400,74,102,2,0.06525545800104737,"[""Chongqing"",""Chenglingji"",""Zhangjiagang"",""Shanghai""]","[""rail"",""rail"",""rail""]",0.0
d60-c5000,8,fixed,no-feasible-route-found,,,,400,30,0,0,0.052718040999025106,,,
d60-c5000,8,adaptive,no-feasible-route-found,,,,400,43,0,0,0.06312337500276044,,,
d60-c5000,8,catastrophe,no-feasible-route-found,,,,400,66,0,2,0.05707695899764076,,,
d60-c5000,8,combined,feasible-heuristic,5062.94548355453,79.1262,58.34143104443162,400,91,0,2,0.0599684159969911,"[""Chongqing"",""Wuxue"",""Jiangyin"",""Shanghai""]","[""rail"",""rail"",""rail""]",17.411858974358996
d60-c5000,8,hybrid-seeded,feasible-heuristic,4312.124454702827,67.392,49.68955568378534,400,83,102,2,0.06366899999557063,"[""Chongqing"",""Chenglingji"",""Zhangjiagang"",""Shanghai""]","[""rail"",""rail"",""rail""]",0.0
d60-c5000,9,fixed,feasible-heuristic,4936.512934939412,77.15025,56.884521061742646,400,31,0,0,0.05641483300132677,"[""Chongqing"",""Zhicheng"",""Anqing"",""Shanghai""]","[""rail"",""rail"",""rail""]",14.479834401709413
d60-c5000,9,adaptive,feasible-heuristic,4936.512934939412,77.15025,56.884521061742646,400,46,0,0,0.05842970800586045,"[""Chongqing"",""Zhicheng"",""Anqing"",""Shanghai""]","[""rail"",""rail"",""rail""]",14.479834401709413
d60-c5000,9,catastrophe,feasible-heuristic,4831.186070253894,75.50415,55.67081650317369,400,69,0,2,0.05228483397513628,"[""Chongqing"",""Shanghai""]","[""rail""]",12.037259615384599
d60-c5000,9,combined,feasible-heuristic,4404.465421090595,68.83515,50.75362088863243,400,82,0,2,0.054805084015242755,"[""Chongqing"",""Jiujiang"",""Nantong"",""Shanghai""]","[""rail"",""rail"",""rail""]",2.1414262820512953
d60-c5000,9,hybrid-seeded,feasible-heuristic,4312.124454702827,67.392,49.68955568378534,400,75,102,2,0.06401158298831433,"[""Chongqing"",""Chenglingji"",""Zhangjiagang"",""Shanghai""]","[""rail"",""rail"",""rail""]",0.0
d60-c5000,10,fixed,feasible-heuristic,4831.186070253894,75.50415,55.67081650317369,400,24,0,0,0.039738250023219734,"[""Chongqing"",""Shanghai""]","[""rail""]",12.037259615384599
d60-c5000,10,adaptive,feasible-heuristic,4622.259954847085,72.23895,53.26331506058857,400,34,0,0,0.04296333296224475,"[""Chongqing"",""Zhangjiagang"",""Shanghai""]","[""rail"",""rail""]",7.192174145299135
d60-c5000,10,catastrophe,feasible-heuristic,4831.186070253894,75.50415,55.67081650317369,400,64,0,2,0.046992499963380396,"[""Chongqing"",""Shanghai""]","[""rail""]",12.037259615384599
d60-c5000,10,combined,feasible-heuristic,4622.259954847085,72.23895,53.26331506058857,400,79,0,2,0.049989207996986806,"[""Chongqing"",""Zhangjiagang"",""Shanghai""]","[""rail"",""rail""]",7.192174145299135
d60-c5000,10,hybrid-seeded,feasible-heuristic,4312.124454702827,67.392,49.68955568378534,400,70,102,2,0.0639744580257684,"[""Chongqing"",""Chenglingji"",""Zhangjiagang"",""Shanghai""]","[""rail"",""rail"",""rail""]",0.0
d60-c5000,11,fixed,feasible-heuristic,4622.259954847085,72.23895,53.26331506058857,400,17,0,0,0.04030837496975437,"[""Chongqing"",""Zhangjiagang"",""Shanghai""]","[""rail"",""rail""]",7.192174145299135
d60-c5000,11,adaptive,feasible-heuristic,4622.259954847085,72.23895,53.26331506058857,400,24,0,0,0.04166583396727219,"[""Chongqing"",""Zhangjiagang"",""Shanghai""]","[""rail"",""rail""]",7.192174145299135
d60-c5000,11,catastrophe,feasible-heuristic,4622.259954847085,72.23895,53.26331506058857,400,56,0,2,0.04705370799638331,"[""Chongqing"",""Zhangjiagang"",""Shanghai""]","[""rail"",""rail""]",7.192174145299135
d60-c5000,11,combined,feasible-heuristic,4622.259954847085,72.23895,53.26331506058857,400,62,0,2,0.048735457996372133,"[""Chongqing"",""Zhangjiagang"",""Shanghai""]","[""rail"",""rail""]",7.192174145299135
d60-c5000,11,hybrid-seeded,feasible-heuristic,4312.124454702827,67.392,49.68955568378534,400,69,102,2,0.06324424996273592,"[""Chongqing"",""Chenglingji"",""Zhangjiagang"",""Shanghai""]","[""rail"",""rail"",""rail""]",0.0
d60-c5000,12,fixed,no-feasible-route-found,,,,400,24,0,0,0.042430416971910745,,,
d60-c5000,12,adaptive,no-feasible-route-found,,,,400,27,0,0,0.042952458024956286,,,
d60-c5000,12,catastrophe,feasible-heuristic,4563.2043508367,71.316,52.58280438545874,400,61,0,2,0.04945529199903831,"[""Chongqing"",""Nantong"",""Shanghai""]","[""rail"",""rail""]",5.822649572649574
d60-c5000,12,combined,feasible-heuristic,5116.213580784765,79.95870000000001,58.95525100980958,400,66,0,2,0.053698499978054315,"[""Chongqing"",""Yichang"",""Shanghai""]","[""rail"",""rail""]",18.64716880341879
d60-c5000,12,hybrid-seeded,feasible-heuristic,4312.124454702827,67.392,49.68955568378534,400,64,102,2,0.06836304103489965,"[""Chongqing"",""Chenglingji"",""Zhangjiagang"",""Shanghai""]","[""rail"",""rail"",""rail""]",0.0
d60-c5000,13,fixed,no-feasible-route-found,,,,400,26,0,0,0.04657524998765439,,,
d60-c5000,13,adaptive,no-feasible-route-found,,,,400,44,0,0,0.05249658296816051,,,
d60-c5000,13,catastrophe,feasible-heuristic,4857.273041113676,75.91185,55.97142238892094,400,72,0,2,0.05478258297080174,"[""Chongqing"",""Nanjing"",""Zhenjiang"",""Shanghai""]","[""rail"",""rail"",""rail""]",12.642227564102582
d60-c5000,13,combined,feasible-heuristic,4831.186070253894,75.50415,55.67081650317369,400,82,0,2,0.0527177500189282,"[""Chongqing"",""Shanghai""]","[""rail""]",12.037259615384599
d60-c5000,13,hybrid-seeded,feasible-heuristic,4312.124454702827,67.392,49.68955568378534,400,71,102,2,0.06352041603531688,"[""Chongqing"",""Chenglingji"",""Zhangjiagang"",""Shanghai""]","[""rail"",""rail"",""rail""]",0.0
d60-c5000,14,fixed,no-feasible-route-found,,,,400,27,0,0,0.04679724999004975,,,
d60-c5000,14,adaptive,feasible-heuristic,4965.162533179458,77.59800000000001,57.214656664743224,400,32,0,0,0.047648040985222906,"[""Chongqing"",""Anqing"",""Shanghai""]","[""rail"",""rail""]",15.14423076923077
d60-c5000,14,catastrophe,feasible-heuristic,4831.186070253894,75.50415,55.67081650317369,400,62,0,2,0.05425454198848456,"[""Chongqing"",""Shanghai""]","[""rail""]",12.037259615384599
d60-c5000,14,combined,feasible-heuristic,4965.162533179458,77.59800000000001,57.214656664743224,400,74,0,2,0.05368329101474956,"[""Chongqing"",""Anqing"",""Shanghai""]","[""rail"",""rail""]",15.14423076923077
d60-c5000,14,hybrid-seeded,feasible-heuristic,4312.124454702827,67.392,49.68955568378534,400,69,102,2,0.0636741669732146,"[""Chongqing"",""Chenglingji"",""Zhangjiagang"",""Shanghai""]","[""rail"",""rail"",""rail""]",0.0
d60-c5000,15,fixed,no-feasible-route-found,,,,400,22,0,0,0.05256837501656264,,,
d60-c5000,15,adaptive,feasible-heuristic,4876.910253173687,76.21875000000001,56.19770628967109,400,43,0,0,0.046661000000312924,"[""Chongqing"",""Nanjing"",""Zhangjiagang"",""Nantong"",""Shanghai""]","[""rail"",""rail"",""rail"",""rail""]",13.09762286324787
d60-c5000,15,catastrophe,no-feasible-route-found,,,,400,75,0,2,0.05927854200126603,,,
d60-c5000,15,combined,feasible-heuristic,4831.186070253894,75.50415,55.67081650317369,400,82,0,2,0.051273667020723224,"[""Chongqing"",""Shanghai""]","[""rail""]",12.037259615384599
d60-c5000,15,hybrid-seeded,feasible-heuristic,4312.124454702827,67.392,49.68955568378534,400,80,102,2,0.06420925003476441,"[""Chongqing"",""Chenglingji"",""Zhangjiagang"",""Shanghai""]","[""rail"",""rail"",""rail""]",0.0
d60-c5000,16,fixed,feasible-heuristic,5190.731329774957,81.1233,59.81393537218696,400,28,0,0,0.05433737498242408,"[""Chongqing"",""Chenglingji"",""Gaogang"",""Jiangyin"",""Shanghai""]","[""rail"",""rail"",""rail"",""rail""]",20.37526709401711
d60-c5000,16,adaptive,feasible-heuristic,4745.49641762839,74.16495,54.68339584535488,400,50,0,0,0.05337512498954311,"[""Chongqing"",""Chenglingji"",""Shanghai""]","[""rail"",""rail""]",10.050080128205142
d60-c5000,16,catastrophe,no-feasible-route-found,,,,400,67,0,2,0.05274887499399483,,,
d60-c5000,16,combined,feasible-heuristic,4439.276842469706,69.3792,51.15476053087132,400,82,0,2,0.05782358400756493,"[""Chongqing"",""Chenglingji"",""Zhangjiagang"",""Nantong"",""Shanghai""]","[""rail"",""rail"",""rail"",""rail""]",2.9487179487179604
d60-c5000,16,hybrid-seeded,feasible-heuristic,4312.124454702827,67.392,49.68955568378534,400,80,102,2,0.06400095799472183,"[""Chongqing"",""Chenglingji"",""Zhangjiagang"",""Shanghai""]","[""rail"",""rail"",""rail""]",0.0
d60-c5000,17,fixed,no-feasible-route-found,,,,400,22,0,0,0.0447845829767175,,,
d60-c5000,17,adaptive,no-feasible-route-found,,,,400,28,0,0,0.04568983399076387,,,
d60-c5000,17,catastrophe,feasible-heuristic,4831.186070253894,75.50415,55.67081650317369,400,58,0,2,0.04764058400178328,"[""Chongqing"",""Shanghai""]","[""rail""]",12.037259615384599
d60-c5000,17,combined,no-feasible-route-found,,,,400,85,0,2,0.05298416700679809,,,
d60-c5000,17,hybrid-seeded,feasible-heuristic,4312.124454702827,67.392,49.68955568378534,400,83,102,2,0.06453662499552593,"[""Chongqing"",""Chenglingji"",""Zhangjiagang"",""Shanghai""]","[""rail"",""rail"",""rail""]",0.0
d60-c5000,18,fixed,feasible-heuristic,4831.186070253894,75.50415,55.67081650317369,400,20,0,0,0.03901420900365338,"[""Chongqing"",""Shanghai""]","[""rail""]",12.037259615384599
d60-c5000,18,adaptive,feasible-heuristic,4831.186070253894,75.50415,55.67081650317369,400,26,0,0,0.04132949997438118,"[""Chongqing"",""Shanghai""]","[""rail""]",12.037259615384599
d60-c5000,18,catastrophe,feasible-heuristic,4749.412342613964,74.22615,54.728519907674546,400,55,0,2,0.046257833018898964,"[""Chongqing"",""Zhangjiagang"",""Nantong"",""Shanghai""]","[""rail"",""rail"",""rail""]",10.140892094017095
d60-c5000,18,combined,feasible-heuristic,4831.186070253894,75.50415,55.67081650317369,400,63,0,2,0.04726270801620558,"[""Chongqing"",""Shanghai""]","[""rail""]",12.037259615384599
d60-c5000,18,hybrid-seeded,feasible-heuristic,4312.124454702827,67.392,49.68955568378534,400,63,102,2,0.06306583399418741,"[""Chongqing"",""Chenglingji"",""Zhangjiagang"",""Shanghai""]","[""rail"",""rail"",""rail""]",0.0
d60-c5000,19,fixed,feasible-heuristic,4563.2043508367,71.316,52.58280438545874,400,21,0,0,0.04849225003272295,"[""Chongqing"",""Nantong"",""Shanghai""]","[""rail"",""rail""]",5.822649572649574
d60-c5000,19,adaptive,no-feasible-route-found,,,,400,39,0,0,0.060754917038138956,,,
d60-c5000,19,catastrophe,feasible-heuristic,4831.186070253894,75.50415,55.67081650317369,400,58,0,2,0.053048041998408735,"[""Chongqing"",""Shanghai""]","[""rail""]",12.037259615384599
d60-c5000,19,combined,feasible-heuristic,6124.326472320237,203.04239999999996,57.96726718718882,400,85,0,2,0.06454241601750255,"[""Chongqing"",""Zhangjiagang"",""Nantong"",""Shanghai""]","[""rail"",""rail"",""road""]",42.02573549659525
d60-c5000,19,hybrid-seeded,feasible-heuristic,4312.124454702827,67.392,49.68955568378534,400,68,102,2,0.06639041699236259,"[""Chongqing"",""Chenglingji"",""Zhangjiagang"",""Shanghai""]","[""rail"",""rail"",""rail""]",0.0
d60-c5000,20,fixed,no-feasible-route-found,,,,400,20,0,0,0.04365250002592802,,,
d60-c5000,20,adaptive,feasible-heuristic,6115.687602479715,191.42280000000002,59.7167983495805,400,34,0,0,0.046309249999467283,"[""Chongqing"",""Nanjing"",""Zhangjiagang"",""Nantong"",""Shanghai""]","[""rail"",""rail"",""road"",""rail""]",41.825396430984526
d60-c5000,20,catastrophe,feasible-heuristic,5938.118480542974,200.13225,55.821551664973015,400,60,0,2,0.04891058296198025,"[""Chongqing"",""Nantong"",""Shanghai""]","[""rail"",""road""]",37.70749297522775
d60-c5000,20,combined,no-feasible-route-found,,,,400,76,0,2,0.05382329202257097,,,
d60-c5000,20,hybrid-seeded,feasible-heuristic,4312.124454702827,67.392,49.68955568378534,400,73,102,2,0.06391791702480987,"[""Chongqing"",""Chenglingji"",""Zhangjiagang"",""Shanghai""]","[""rail"",""rail"",""rail""]",0.0
d60-c5000,21,fixed,no-feasible-route-found,,,,400,20,0,0,0.04428495903266594,,,
d60-c5000,21,adaptive,no-feasible-route-found,,,,400,32,0,0,0.048486749990843236,,,
d60-c5000,21,catastrophe,feasible-heuristic,4563.2043508367,71.316,52.58280438545874,400,53,0,2,0.046806958969682455,"[""Chongqing"",""Nantong"",""Shanghai""]","[""rail"",""rail""]",5.822649572649574
d60-c5000,21,combined,feasible-heuristic,4563.2043508367,71.316,52.58280438545874,400,70,0,2,0.04981658299220726,"[""Chongqing"",""Nantong"",""Shanghai""]","[""rail"",""rail""]",5.822649572649574
d60-c5000,21,hybrid-seeded,feasible-heuristic,4312.124454702827,67.392,49.68955568378534,400,75,102,2,0.06293762498535216,"[""Chongqing"",""Chenglingji"",""Zhangjiagang"",""Shanghai""]","[""rail"",""rail"",""rail""]",0.0
d60-c5000,22,fixed,no-feasible-route-found,,,,400,20,0,0,0.05186666699592024,,,
d60-c5000,22,adaptive,no-feasible-route-found,,,,400,35,0,0,0.04564720799680799,,,
d60-c5000,22,catastrophe,feasible-heuristic,4563.2043508367,71.316,52.58280438545874,400,60,0,2,0.050971541029866785,"[""Chongqing"",""Nantong"",""Shanghai""]","[""rail"",""rail""]",5.822649572649574
d60-c5000,22,combined,feasible-heuristic,4831.186070253894,75.50415,55.67081650317369,400,73,0,2,0.0499166669906117,"[""Chongqing"",""Shanghai""]","[""rail""]",12.037259615384599
d60-c5000,22,hybrid-seeded,feasible-heuristic,4312.124454702827,67.392,49.68955568378534,400,74,102,2,0.06355366599746048,"[""Chongqing"",""Chenglingji"",""Zhangjiagang"",""Shanghai""]","[""rail"",""rail"",""rail""]",0.0
d60-c5000,23,fixed,feasible-heuristic,6912.175966064781,278.30730000000005,59.38763049395136,400,29,0,0,0.0542845000163652,"[""Chongqing"",""Zhicheng"",""Maanshan"",""Shanghai""]","[""road"",""rail"",""rail""]",60.296300319586635
d60-c5000,23,adaptive,feasible-heuristic,5204.264305828044,81.3348,59.969878822850546,400,28,0,0,0.049049749970436096,"[""Chongqing"",""Wuxue"",""Nanjing"",""Shanghai""]","[""rail"",""rail"",""rail""]",20.68910256410257
d60-c5000,23,catastrophe,feasible-heuristic,4622.259954847085,72.23895,53.26331506058857,400,64,0,2,0.05737070902250707,"[""Chongqing"",""Zhangjiagang"",""Shanghai""]","[""rail"",""rail""]",7.192174145299135
d60-c5000,23,combined,feasible-heuristic,4563.2043508367,71.316,52.58280438545874,400,62,0,2,0.049621540994849056,"[""Chongqing"",""Nantong"",""Shanghai""]","[""rail"",""rail""]",5.822649572649574
d60-c5000,23,hybrid-seeded,feasible-heuristic,4312.124454702827,67.392,49.68955568378534,400,62,102,2,0.06278637499781325,"[""Chongqing"",""Chenglingji"",""Zhangjiagang"",""Shanghai""]","[""rail"",""rail"",""rail""]",0.0
d60-c5000,24,fixed,no-feasible-route-found,,,,400,28,0,0,0.053417582996189594,,,
d60-c5000,24,adaptive,feasible-heuristic,4787.362262694748,74.81925,55.16582515868436,400,41,0,0,0.05402862501796335,"[""Chongqing"",""Honghu"",""Nanjing"",""Shanghai""]","[""rail"",""rail"",""rail""]",11.020966880341865
d60-c5000,24,catastrophe,no-feasible-route-found,,,,400,67,0,2,0.05786000000080094,,,
d60-c5000,24,combined,feasible-heuristic,4787.362262694748,74.81925,55.16582515868436,400,81,0,2,0.058277999982237816,"[""Chongqing"",""Honghu"",""Nanjing"",""Shanghai""]","[""rail"",""rail"",""rail""]",11.020966880341865
d60-c5000,24,hybrid-seeded,feasible-heuristic,4312.124454702827,67.392,49.68955568378534,400,62,102,2,0.07973254198441282,"[""Chongqing"",""Chenglingji"",""Zhangjiagang"",""Shanghai""]","[""rail"",""rail"",""rail""]",0.0
d60-c5000,25,fixed,no-feasible-route-found,,,,400,19,0,0,0.05051854200428352,,,
d60-c5000,25,adaptive,feasible-heuristic,4563.2043508367,71.316,52.58280438545874,400,25,0,0,0.044953875010833144,"[""Chongqing"",""Nantong"",""Shanghai""]","[""rail"",""rail""]",5.822649572649574
d60-c5000,25,catastrophe,feasible-heuristic,4765.565533179458,74.4786,54.91465666474322,400,60,0,2,0.05271524999989197,"[""Chongqing"",""Jiujiang"",""Shanghai""]","[""rail"",""rail""]",10.515491452991466
d60-c5000,25,combined,feasible-heuristic,4831.186070253894,75.50415,55.67081650317369,400,62,0,2,0.05045312503352761,"[""Chongqing"",""Shanghai""]","[""rail""]",12.037259615384599
d60-c5000,25,hybrid-seeded,feasible-heuristic,4312.124454702827,67.392,49.68955568378534,400,80,102,2,0.06804000004194677,"[""Chongqing"",""Chenglingji"",""Zhangjiagang"",""Shanghai""]","[""rail"",""rail"",""rail""]",0.0
d60-c5000,26,fixed,feasible-heuristic,4831.186070253894,75.50415,55.67081650317369,400,18,0,0,0.03956479101907462,"[""Chongqing"",""Shanghai""]","[""rail""]",12.037259615384599
d60-c5000,26,adaptive,feasible-heuristic,4831.186070253894,75.50415,55.67081650317369,400,36,0,0,0.041760916996281594,"[""Chongqing"",""Shanghai""]","[""rail""]",12.037259615384599
d60-c5000,26,catastrophe,feasible-heuristic,4831.186070253894,75.50415,55.67081650317369,400,54,0,2,0.0464057499775663,"[""Chongqing"",""Shanghai""]","[""rail""]",12.037259615384599
d60-c5000,26,combined,feasible-heuristic,4622.259954847085,72.23895,53.26331506058857,400,61,0,2,0.04831083299359307,"[""Chongqing"",""Zhangjiagang"",""Shanghai""]","[""rail"",""rail""]",7.192174145299135
d60-c5000,26,hybrid-seeded,feasible-heuristic,4312.124454702827,67.392,49.68955568378534,400,68,102,2,0.06250787497265264,"[""Chongqing"",""Chenglingji"",""Zhangjiagang"",""Shanghai""]","[""rail"",""rail"",""rail""]",0.0
d60-c5000,27,fixed,no-feasible-route-found,,,,400,23,0,0,0.04346195800462738,,,
d60-c5000,27,adaptive,no-feasible-route-found,,,,400,35,0,0,0.04452724999282509,,,
d60-c5000,27,catastrophe,no-feasible-route-found,,,,400,65,0,2,0.0499405000009574,,,
d60-c5000,27,combined,feasible-heuristic,4831.186070253894,75.50415,55.67081650317369,400,77,0,2,0.05073762498795986,"[""Chongqing"",""Shanghai""]","[""rail""]",12.037259615384599
d60-c5000,27,hybrid-seeded,feasible-heuristic,4312.124454702827,67.392,49.68955568378534,400,75,102,2,0.06384945899480954,"[""Chongqing"",""Chenglingji"",""Zhangjiagang"",""Shanghai""]","[""rail"",""rail"",""rail""]",0.0
d60-c5000,28,fixed,feasible-heuristic,4831.186070253894,75.50415,55.67081650317369,400,25,0,0,0.03997062501730397,"[""Chongqing"",""Shanghai""]","[""rail""]",12.037259615384599
d60-c5000,28,adaptive,feasible-heuristic,4831.186070253894,75.50415,55.67081650317369,400,29,0,0,0.04057941696373746,"[""Chongqing"",""Shanghai""]","[""rail""]",12.037259615384599
d60-c5000,28,catastrophe,feasible-heuristic,4765.565533179458,74.4786,54.91465666474322,400,62,0,2,0.04781362501671538,"[""Chongqing"",""Jiujiang"",""Shanghai""]","[""rail"",""rail""]",10.515491452991466
d60-c5000,28,combined,feasible-heuristic,4622.259954847085,72.23895,53.26331506058857,400,62,0,2,0.04803529201308265,"[""Chongqing"",""Zhangjiagang"",""Shanghai""]","[""rail"",""rail""]",7.192174145299135
d60-c5000,28,hybrid-seeded,feasible-heuristic,4312.124454702827,67.392,49.68955568378534,400,74,102,2,0.06346024997765198,"[""Chongqing"",""Chenglingji"",""Zhangjiagang"",""Shanghai""]","[""rail"",""rail"",""rail""]",0.0
d60-c5000,29,fixed,feasible-heuristic,4622.259954847085,72.23895,53.26331506058857,400,19,0,0,0.04048787499777973,"[""Chongqing"",""Zhangjiagang"",""Shanghai""]","[""rail"",""rail""]",7.192174145299135
d60-c5000,29,adaptive,feasible-heuristic,4622.259954847085,72.23895,53.26331506058857,400,26,0,0,0.0429067499935627,"[""Chongqing"",""Zhangjiagang"",""Shanghai""]","[""rail"",""rail""]",7.192174145299135
d60-c5000,29,catastrophe,feasible-heuristic,4622.259954847085,72.23895,53.26331506058857,400,58,0,2,0.048139916034415364,"[""Chongqing"",""Zhangjiagang"",""Shanghai""]","[""rail"",""rail""]",7.192174145299135
d60-c5000,29,combined,feasible-heuristic,4622.259954847085,72.23895,53.26331506058857,400,67,0,2,0.05013612500624731,"[""Chongqing"",""Zhangjiagang"",""Shanghai""]","[""rail"",""rail""]",7.192174145299135
d60-c5000,29,hybrid-seeded,feasible-heuristic,4312.124454702827,67.392,49.68955568378534,400,68,102,2,0.06461058399872854,"[""Chongqing"",""Chenglingji"",""Zhangjiagang"",""Shanghai""]","[""rail"",""rail"",""rail""]",0.0
d60-c6000,0,fixed,feasible-heuristic,6138.2507305429735,200.13225,55.821551664973015,400,17,0,0,0.041720916982740164,"[""Chongqing"",""Nantong"",""Shanghai""]","[""rail"",""road""]",40.158183992015275
d60-c6000,0,adaptive,feasible-heuristic,4634.520350836699,71.316,52.58280438545874,400,26,0,0,0.04350512503879145,"[""Chongqing"",""Nantong"",""Shanghai""]","[""rail"",""rail""]",5.822649572649552
d60-c6000,0,catastrophe,feasible-heuristic,4694.498904847085,72.23895,53.26331506058857,400,49,0,2,0.04717304196674377,"[""Chongqing"",""Zhangjiagang"",""Shanghai""]","[""rail"",""rail""]",7.192174145299113
d60-c6000,0,combined,feasible-heuristic,4634.520350836699,71.316,52.58280438545874,400,71,0,2,0.050481416983529925,"[""Chongqing"",""Nantong"",""Shanghai""]","[""rail"",""rail""]",5.822649572649552
d60-c6000,0,hybrid-seeded,feasible-heuristic,4379.516454702828,67.392,49.68955568378534,400,73,85,2,0.06173575000138953,"[""Chongqing"",""Chenglingji"",""Zhangjiagang"",""Shanghai""]","[""rail"",""rail"",""rail""]",0.0
d60-c6000,1,fixed,feasible-heuristic,5117.974985112522,78.7554,58.068032313906514,400,22,0,0,0.04714616696583107,"[""Chongqing"",""Wuhu"",""Zhangjiagang"",""Nantong"",""Shanghai""]","[""rail"",""rail"",""rail"",""rail""]",16.861645299145287
d60-c6000,1,adaptive,feasible-heuristic,5117.974985112522,78.7554,58.068032313906514,400,39,0,0,0.05029362498316914,"[""Chongqing"",""Wuhu"",""Zhangjiagang"",""Nantong"",""Shanghai""]","[""rail"",""rail"",""rail"",""rail""]",16.861645299145287
d60-c6000,1,catastrophe,feasible-heuristic,4953.129003173687,76.21875000000001,56.19770628967109,400,62,0,2,0.05390200001420453,"[""Chongqing"",""Nanjing"",""Zhangjiagang"",""Nantong"",""Shanghai""]","[""rail"",""rail"",""rail"",""rail""]",13.09762286324785
d60-c6000,1,combined,feasible-heuristic,4910.404153144836,75.5613,55.712954414310445,400,94,0,2,0.05621737503679469,"[""Chongqing"",""Nanjing"",""Shanghai""]","[""rail"",""rail""]",12.122061965811959
d60-c6000,1,hybrid-seeded,feasible-heuristic,4379.516454702828,67.392,49.68955568378534,400,72,85,2,0.06547833397053182,"[""Chongqing"",""Chenglingji"",""Zhangjiagang"",""Shanghai""]","[""rail"",""rail"",""rail""]",0.0
d60-c6000,2,fixed,no-feasible-route-found,,,,400,34,0,0,0.046682125015649945,,,
d60-c6000,2,adaptive,no-feasible-route-found,,,,400,40,0,0,0.0498784999945201,,,
d60-c6000,2,catastrophe,no-feasible-route-found,,,,400,76,0,2,0.055395749979652464,,,
d60-c6000,2,combined,feasible-heuristic,5010.036982746682,77.09445000000001,56.843378534333524,400,61,0,1,0.05462504201568663,"[""Chongqing"",""Jiujiang"",""Jiangyin"",""Zhangjiagang"",""Nantong"",""Shanghai""]","[""rail"",""rail"",""rail"",""rail"",""rail""]",14.397035256410252
d60-c6000,2,hybrid-seeded,feasible-heuristic,4379.516454702828,67.392,49.68955568378534,400,71,85,2,0.06468270800542086,"[""Chongqing"",""Chenglingji"",""Zhangjiagang"",""Shanghai""]","[""rail"",""rail"",""rail""]",0.0
d60-c6000,3,fixed,feasible-heuristic,5044.456660011541,77.6241,57.23390075014426,400,20,0,0,0.05381658300757408,"[""Chongqing"",""Nanjing"",""Nantong"",""Shanghai""]","[""rail"",""rail"",""rail""]",15.182959401709395
d60-c6000,3,adaptive,feasible-heuristic,4473.3005710905945,68.83515,50.75362088863243,400,34,0,0,0.07850325002800673,"[""Chongqing"",""Jiujiang"",""Nantong"",""Shanghai""]","[""rail"",""rail"",""rail""]",2.141426282051273
d60-c6000,3,catastrophe,feasible-heuristic,4906.690220253895,75.50415,55.67081650317369,400,52,0,2,0.062152499973308295,"[""Chongqing"",""Shanghai""]","[""rail""]",12.037259615384599
d60-c6000,3,combined,feasible-heuristic,4473.3005710905945,68.83515,50.75362088863243,400,64,0,2,0.056652207975275815,"[""Chongqing"",""Jiujiang"",""Nantong"",""Shanghai""]","[""rail"",""rail"",""rail""]",2.141426282051273
d60-c6000,3,hybrid-seeded,feasible-heuristic,4379.516454702828,67.392,49.68955568378534,400,82,85,2,0.06642737495712936,"[""Chongqing"",""Chenglingji"",""Zhangjiagang"",""Shanghai""]","[""rail"",""rail"",""rail""]",0.0
d60-c6000,4,fixed,feasible-heuristic,4694.498904847085,72.23895,53.26331506058857,400,21,0,0,0.04130370798520744,"[""Chongqing"",""Zhangjiagang"",""Shanghai""]","[""rail"",""rail""]",7.192174145299113
d60-c6000,4,adaptive,feasible-heuristic,4694.498904847085,72.23895,53.26331506058857,400,26,0,0,0.04305420903256163,"[""Chongqing"",""Zhangjiagang"",""Shanghai""]","[""rail"",""rail""]",7.192174145299113
d60-c6000,4,catastrophe,feasible-heuristic,4694.498904847085,72.23895,53.26331506058857,400,59,0,2,0.04932358401129022,"[""Chongqing"",""Zhangjiagang"",""Shanghai""]","[""rail"",""rail""]",7.192174145299113
d60-c6000,4,combined,feasible-heuristic,4634.520350836699,71.316,52.58280438545874,400,64,0,2,0.05080916703445837,"[""Chongqing"",""Nantong"",""Shanghai""]","[""rail"",""rail""]",5.822649572649552
d60-c6000,4,hybrid-seeded,feasible-heuristic,4379.516454702828,67.392,49.68955568378534,400,71,85,2,0.06513804098358378,"[""Chongqing"",""Chenglingji"",""Zhangjiagang"",""Shanghai""]","[""rail"",""rail"",""rail""]",0.0
d60-c6000,5,fixed,feasible-heuristic,4974.008909347952,76.54005000000001,56.4346076168494,400,39,0,0,0.06238116696476936,"[""Chongqing"",""Honghu"",""Chizhou"",""Gaogang"",""Jiangyin"",""Shanghai""]","[""rail"",""rail"",""rail"",""rail"",""rail""]",13.574385683760681
d60-c6000,5,adaptive,feasible-heuristic,4738.247279688401,72.91215,53.75967974610502,400,46,0,0,0.05916137498570606,"[""Chongqing"",""Chenglingji"",""Maanshan"",""Shanghai""]","[""rail"",""rail"",""rail""]",8.191105769230745
d60-c6000,5,catastrophe,feasible-heuristic,4974.008909347952,76.54005000000001,56.4346076168494,400,78,0,2,0.06484091700986028,"[""Chongqing"",""Honghu"",""Chizhou"",""Gaogang"",""Jiangyin"",""Shanghai""]","[""rail"",""rail"",""rail"",""rail"",""rail""]",13.574385683760681
d60-c6000,5,combined,feasible-heuristic,4738.247279688401,72.91215,53.75967974610502,400,90,0,2,0.0614419580087997,"[""Chongqing"",""Chenglingji"",""Maanshan"",""Shanghai""]","[""rail"",""rail"",""rail""]",8.191105769230745
d60-c6000,5,hybrid-seeded,feasible-heuristic,4379.516454702828,67.392,49.68955568378534,400,75,85,2,0.06392733298707753,"[""Chongqing"",""Chenglingji"",""Zhangjiagang"",""Shanghai""]","[""rail"",""rail"",""rail""]",0.0
d60-c6000,6,fixed,feasible-heuristic,4953.129003173687,76.21875000000001,56.19770628967109,400,26,0,0,0.046815707988571376,"[""Chongqing"",""Nanjing"",""Zhangjiagang"",""Nantong"",""Shanghai""]","[""rail"",""rail"",""rail"",""rail""]",13.09762286324785
d60-c6000,6,adaptive,feasible-heuristic,4634.520350836699,71.316,52.58280438545874,400,33,0,0,0.044189499982167035,"[""Chongqing"",""Nantong"",""Shanghai""]","[""rail"",""rail""]",5.822649572649552
d60-c6000,6,catastrophe,feasible-heuristic,4906.690220253895,75.50415,55.67081650317369,400,64,0,2,0.05201220797607675,"[""Chongqing"",""Shanghai""]","[""rail""]",12.037259615384599
d60-c6000,6,combined,feasible-heuristic,4634.520350836699,71.316,52.58280438545874,400,51,0,1,0.04872758296551183,"[""Chongqing"",""Nantong"",""Shanghai""]","[""rail"",""rail""]",5.822649572649552
d60-c6000,6,hybrid-seeded,feasible-heuristic,4379.516454702828,67.392,49.68955568378534,400,61,85,2,0.06427312502637506,"[""Chongqing"",""Chenglingji"",""Zhangjiagang"",""Shanghai""]","[""rail"",""rail"",""rail""]",0.0
d60-c6000,7,fixed,feasible-heuristic,6138.2507305429735,200.13225,55.821551664973015,400,17,0,0,0.041398792003747076,"[""Chongqing"",""Nantong"",""Shanghai""]","[""rail"",""road""]",40.158183992015275
d60-c6000,7,adaptive,feasible-heuristic,6138.2507305429735,200.13225,55.821551664973015,400,24,0,0,0.04295758297666907,"[""Chongqing"",""Nantong"",""Shanghai""]","[""rail"",""road""]",40.158183992015275
d60-c6000,7,catastrophe,feasible-heuristic,4906.690220253895,75.50415,55.67081650317369,400,51,0,2,0.047227874980308115,"[""Chongqing"",""Shanghai""]","[""rail""]",12.037259615384599
d60-c6000,7,combined,feasible-heuristic,6138.2507305429735,200.13225,55.821551664973015,400,63,0,2,0.04992033401504159,"[""Chongqing"",""Nantong"",""Shanghai""]","[""rail"",""road""]",40.158183992015275
d60-c6000,7,hybrid-seeded,feasible-heuristic,4379.516454702828,67.392,49.68955568378534,400,75,85,2,0.06456037500174716,"[""Chongqing"",""Chenglingji"",""Zhangjiagang"",""Shanghai""]","[""rail"",""rail"",""rail""]",0.0
d60-c6000,8,fixed,no-feasible-route-found,,,,400,30,0,0,0.054429917014203966,,,
d60-c6000,8,adaptive,no-feasible-route-found,,,,400,43,0,0,0.06543112499639392,,,
d60-c6000,8,catastrophe,no-feasible-route-found,,,,400,66,0,2,0.05994433298474178,,,
d60-c6000,8,combined,feasible-heuristic,5142.07168355453,79.1262,58.34143104443162,400,93,0,2,0.06266233400674537,"[""Chongqing"",""Wuxue"",""Jiangyin"",""Shanghai""]","[""rail"",""rail"",""rail""]",17.411858974358974
d60-c6000,8,hybrid-seeded,feasible-heuristic,4379.516454702828,67.392,49.68955568378534,400,83,85,2,0.0641022909549065,"[""Chongqing"",""Chenglingji"",""Zhangjiagang"",""Shanghai""]","[""rail"",""rail"",""rail""]",0.0
d60-c6000,9,fixed,feasible-heuristic,5013.663184939412,77.15025,56.884521061742646,400,31,0,0,0.05865895899478346,"[""Chongqing"",""Zhicheng"",""Anqing"",""Shanghai""]","[""rail"",""rail"",""rail""]",14.47983440170939
d60-c6000,9,adaptive,feasible-heuristic,5013.663184939412,77.15025,56.884521061742646,400,46,0,0,0.06054170802235603,"[""Chongqing"",""Zhicheng"",""Anqing"",""Shanghai""]","[""rail"",""rail"",""rail""]",14.47983440170939
d60-c6000,9,catastrophe,feasible-heuristic,4906.690220253895,75.50415,55.67081650317369,400,69,0,2,0.05368970800191164,"[""Chongqing"",""Shanghai""]","[""rail""]",12.037259615384599
d60-c6000,9,combined,feasible-heuristic,4906.690220253895,75.50415,55.67081650317369,400,76,0,2,0.0552579999784939,"[""Chongqing"",""Shanghai""]","[""rail""]",12.037259615384599
d60-c6000,9,hybrid-seeded,feasible-heuristic,4379.516454702828,67.392,49.68955568378534,400,75,85,2,0.06615316699026152,"[""Chongqing"",""Chenglingji"",""Zhangjiagang"",""Shanghai""]","[""rail"",""rail"",""rail""]",0.0
d60-c6000,10,fixed,feasible-heuristic,4906.690220253895,75.50415,55.67081650317369,400,24,0,0,0.04092574998503551,"[""Chongqing"",""Shanghai""]","[""rail""]",12.037259615384599
d60-c6000,10,adaptive,feasible-heuristic,4694.498904847085,72.23895,53.26331506058857,400,29,0,0,0.04308270796900615,"[""Chongqing"",""Zhangjiagang"",""Shanghai""]","[""rail"",""rail""]",7.192174145299113
d60-c6000,10,catastrophe,feasible-heuristic,4906.690220253895,75.50415,55.67081650317369,400,64,0,2,0.04808445897651836,"[""Chongqing"",""Shanghai""]","[""rail""]",12.037259615384599
d60-c6000,10,combined,feasible-heuristic,4694.498904847085,72.23895,53.26331506058857,400,76,0,2,0.05067633400904015,"[""Chongqing"",""Zhangjiagang"",""Shanghai""]","[""rail"",""rail""]",7.192174145299113
d60-c6000,10,hybrid-seeded,feasible-heuristic,4379.516454702828,67.392,49.68955568378534,400,71,85,2,0.0641417499864474,"[""Chongqing"",""Chenglingji"",""Zhangjiagang"",""Shanghai""]","[""rail"",""rail"",""rail""]",0.0
d60-c6000,11,fixed,feasible-heuristic,4694.498904847085,72.23895,53.26331506058857,400,17,0,0,0.040833958017174155,"[""Chongqing"",""Zhangjiagang"",""Shanghai""]","[""rail"",""rail""]",7.192174145299113
d60-c6000,11,adaptive,feasible-heuristic,4694.498904847085,72.23895,53.26331506058857,400,24,0,0,0.04302991699660197,"[""Chongqing"",""Zhangjiagang"",""Shanghai""]","[""rail"",""rail""]",7.192174145299113
d60-c6000,11,catastrophe,feasible-heuristic,4694.498904847085,72.23895,53.26331506058857,400,56,0,2,0.04784162499709055,"[""Chongqing"",""Zhangjiagang"",""Shanghai""]","[""rail"",""rail""]",7.192174145299113
d60-c6000,11,combined,feasible-heuristic,4694.498904847085,72.23895,53.26331506058857,400,62,0,2,0.0496824579895474,"[""Chongqing"",""Zhangjiagang"",""Shanghai""]","[""rail"",""rail""]",7.192174145299113
d60-c6000,11,hybrid-seeded,feasible-heuristic,4379.516454702828,67.392,49.68955568378534,400,69,85,2,0.06262149999383837,"[""Chongqing"",""Chenglingji"",""Zhangjiagang"",""Shanghai""]","[""rail"",""rail"",""rail""]",0.0
d60-c6000,12,fixed,no-feasible-route-found,,,,400,24,0,0,0.042741874989587814,,,
d60-c6000,12,adaptive,no-feasible-route-found,,,,400,27,0,0,0.043329874984920025,,,
d60-c6000,12,catastrophe,feasible-heuristic,4634.520350836699,71.316,52.58280438545874,400,61,0,2,0.050075292005203664,"[""Chongqing"",""Nantong"",""Shanghai""]","[""rail"",""rail""]",5.822649572649552
d60-c6000,12,combined,feasible-heuristic,5196.1722807847655,79.95870000000001,58.95525100980958,400,66,0,2,0.054403583984822035,"[""Chongqing"",""Yichang"",""Shanghai""]","[""rail"",""rail""]",18.64716880341877
d60-c6000,12,hybrid-seeded,feasible-heuristic,4379.516454702828,67.392,49.68955568378534,400,64,85,2,0.06305920903105289,"[""Chongqing"",""Chenglingji"",""Zhangjiagang"",""Shanghai""]","[""rail"",""rail"",""rail""]",0.0
d60-c6000,13,fixed,no-feasible-route-found,,,,400,26,0,0,0.045407375029753894,,,
d60-c6000,13,adaptive,no-feasible-route-found,,,,400,44,0,0,0.052057917055208236,,,
d60-c6000,13,catastrophe,feasible-heuristic,4933.184891113676,75.91185,55.97142238892094,400,72,0,2,0.05280362500343472,"[""Chongqing"",""Nanjing"",""Zhenjiang"",""Shanghai""]","[""rail"",""rail"",""rail""]",12.642227564102559
d60-c6000,13,combined,feasible-heuristic,4906.690220253895,75.50415,55.67081650317369,400,82,0,2,0.05320612498326227,"[""Chongqing"",""Shanghai""]","[""rail""]",12.037259615384599
d60-c6000,13,hybrid-seeded,feasible-heuristic,4379.516454702828,67.392,49.68955568378534,400,71,85,2,0.06316287501249462,"[""Chongqing"",""Chenglingji"",""Zhangjiagang"",""Shanghai""]","[""rail"",""rail"",""rail""]",0.0
d60-c6000,14,fixed,no-feasible-route-found,,,,400,27,0,0,0.04881495801964775,,,
d60-c6000,14,adaptive,feasible-heuristic,5042.7605331794575,77.59800000000001,57.214656664743224,400,32,0,0,0.049796750012319535,"[""Chongqing"",""Anqing"",""Shanghai""]","[""rail"",""rail""]",15.144230769230749
d60-c6000,14,catastrophe,feasible-heuristic,4906.690220253895,75.50415,55.67081650317369,400,62,0,2,0.05606041697319597,"[""Chongqing"",""Shanghai""]","[""rail""]",12.037259615384599
d60-c6000,14,combined,feasible-heuristic,5042.7605331794575,77.59800000000001,57.214656664743224,400,74,0,2,0.0565499160438776,"[""Chongqing"",""Anqing"",""Shanghai""]","[""rail"",""rail""]",15.144230769230749
d60-c6000,14,hybrid-seeded,feasible-heuristic,4379.516454702828,67.392,49.68955568378534,400,69,85,2,0.06538429198553786,"[""Chongqing"",""Chenglingji"",""Zhangjiagang"",""Shanghai""]","[""rail"",""rail"",""rail""]",0.0
d60-c6000,15,fixed,no-feasible-route-found,,,,400,22,0,0,0.05566329200519249,,,
d60-c6000,15,adaptive,feasible-heuristic,4953.129003173687,76.21875000000001,56.19770628967109,400,43,0,0,0.048181625024881214,"[""Chongqing"",""Nanjing"",""Zhangjiagang"",""Nantong"",""Shanghai""]","[""rail"",""rail"",""rail"",""rail""]",13.09762286324785
d60-c6000,15,catastrophe,no-feasible-route-found,,,,400,75,0,2,0.06005066697252914,,,
d60-c6000,15,combined,feasible-heuristic,4906.690220253895,75.50415,55.67081650317369,400,82,0,2,0.051930250017903745,"[""Chongqing"",""Shanghai""]","[""rail""]",12.037259615384599
d60-c6000,15,hybrid-seeded,feasible-heuristic,4379.516454702828,67.392,49.68955568378534,400,80,85,2,0.06547079101437703,"[""Chongqing"",""Chenglingji"",""Zhangjiagang"",""Shanghai""]","[""rail"",""rail"",""rail""]",0.0
d60-c6000,16,fixed,feasible-heuristic,5271.854629774957,81.1233,59.81393537218696,400,28,0,0,0.055487000034190714,"[""Chongqing"",""Chenglingji"",""Gaogang"",""Jiangyin"",""Shanghai""]","[""rail"",""rail"",""rail"",""rail""]",20.37526709401709
d60-c6000,16,adaptive,feasible-heuristic,4819.6613676283905,74.16495,54.68339584535488,400,50,0,0,0.054752958996687084,"[""Chongqing"",""Chenglingji"",""Shanghai""]","[""rail"",""rail""]",10.050080128205119
d60-c6000,16,catastrophe,no-feasible-route-found,,,,400,67,0,2,0.055035875004250556,,,
d60-c6000,16,combined,feasible-heuristic,4819.6613676283905,74.16495,54.68339584535488,400,85,0,2,0.06143783399602398,"[""Chongqing"",""Chenglingji"",""Shanghai""]","[""rail"",""rail""]",10.050080128205119
d60-c6000,16,hybrid-seeded,feasible-heuristic,4379.516454702828,67.392,49.68955568378534,400,79,85,2,0.06612245901487768,"[""Chongqing"",""Chenglingji"",""Zhangjiagang"",""Shanghai""]","[""rail"",""rail"",""rail""]",0.0
d60-c6000,17,fixed,no-feasible-route-found,,,,400,22,0,0,0.04607366700656712,,,
d60-c6000,17,adaptive,no-feasible-route-found,,,,400,28,0,0,0.04839229100616649,,,
d60-c6000,17,catastrophe,feasible-heuristic,4906.690220253895,75.50415,55.67081650317369,400,58,0,2,0.04940483398968354,"[""Chongqing"",""Shanghai""]","[""rail""]",12.037259615384599
d60-c6000,17,combined,no-feasible-route-found,,,,400,85,0,2,0.05500633403426036,,,
d60-c6000,17,hybrid-seeded,feasible-heuristic,4379.516454702828,67.392,49.68955568378534,400,83,85,2,0.06535970797995105,"[""Chongqing"",""Chenglingji"",""Zhangjiagang"",""Shanghai""]","[""rail"",""rail"",""rail""]",0.0
d60-c6000,18,fixed,feasible-heuristic,4906.690220253895,75.50415,55.67081650317369,400,20,0,0,0.04062624997459352,"[""Chongqing"",""Shanghai""]","[""rail""]",12.037259615384599
d60-c6000,18,adaptive,feasible-heuristic,4906.690220253895,75.50415,55.67081650317369,400,26,0,0,0.04285795794567093,"[""Chongqing"",""Shanghai""]","[""rail""]",12.037259615384599
d60-c6000,18,catastrophe,feasible-heuristic,4823.6384926139635,74.22615,54.728519907674546,400,55,0,2,0.04772033402696252,"[""Chongqing"",""Zhangjiagang"",""Nantong"",""Shanghai""]","[""rail"",""rail"",""rail""]",10.140892094017072
d60-c6000,18,combined,feasible-heuristic,4906.690220253895,75.50415,55.67081650317369,400,64,0,2,0.04842841601930559,"[""Chongqing"",""Shanghai""]","[""rail""]",12.037259615384599
d60-c6000,18,hybrid-seeded,feasible-heuristic,4379.516454702828,67.392,49.68955568378534,400,63,85,2,0.06372145895147696,"[""Chongqing"",""Chenglingji"",""Zhangjiagang"",""Shanghai""]","[""rail"",""rail"",""rail""]",0.0
d60-c6000,19,fixed,feasible-heuristic,4634.520350836699,71.316,52.58280438545874,400,21,0,0,0.04984312498709187,"[""Chongqing"",""Nantong"",""Shanghai""]","[""rail"",""rail""]",5.822649572649552
d60-c6000,19,adaptive,no-feasible-route-found,,,,400,39,0,0,0.0632038339972496,,,
d60-c6000,19,catastrophe,feasible-heuristic,4906.690220253895,75.50415,55.67081650317369,400,58,0,2,0.05241166695486754,"[""Chongqing"",""Shanghai""]","[""rail""]",12.037259615384599
d60-c6000,19,combined,feasible-heuristic,6327.368872320238,203.04239999999996,57.96726718718882,400,85,0,2,0.06379675003699958,"[""Chongqing"",""Zhangjiagang"",""Nantong"",""Shanghai""]","[""rail"",""rail"",""road""]",44.47642651338277
d60-c6000,19,hybrid-seeded,feasible-heuristic,4379.516454702828,67.392,49.68955568378534,400,67,85,2,0.06489595799939707,"[""Chongqing"",""Chenglingji"",""Zhangjiagang"",""Shanghai""]","[""rail"",""rail"",""rail""]",0.0
d60-c6000,20,fixed,no-feasible-route-found,,,,400,20,0,0,0.04763475002255291,,,
d60-c6000,20,adaptive,feasible-heuristic,6307.110402479714,191.42280000000002,59.7167983495805,400,34,0,0,0.056106625008396804,"[""Chongqing"",""Nanjing"",""Zhangjiagang"",""Nantong"",""Shanghai""]","[""rail"",""rail"",""road"",""rail""]",44.01385330353058
d60-c6000,20,catastrophe,feasible-heuristic,6138.2507305429735,200.13225,55.821551664973015,400,60,0,2,0.051242583023849875,"[""Chongqing"",""Nantong"",""Shanghai""]","[""rail"",""road""]",40.158183992015275
d60-c6000,20,combined,no-feasible-route-found,,,,400,76,0,2,0.05368604202521965,,,
d60-c6000,20,hybrid-seeded,feasible-heuristic,4379.516454702828,67.392,49.68955568378534,400,73,85,2,0.06394854199606925,"[""Chongqing"",""Chenglingji"",""Zhangjiagang"",""Shanghai""]","[""rail"",""rail"",""rail""]",0.0
d60-c6000,21,fixed,no-feasible-route-found,,,,400,20,0,0,0.04418295802315697,,,
d60-c6000,21,adaptive,no-feasible-route-found,,,,400,32,0,0,0.04946225002640858,,,
d60-c6000,21,catastrophe,feasible-heuristic,4634.520350836699,71.316,52.58280438545874,400,53,0,2,0.047831709031015635,"[""Chongqing"",""Nantong"",""Shanghai""]","[""rail"",""rail""]",5.822649572649552
d60-c6000,21,combined,feasible-heuristic,4634.520350836699,71.316,52.58280438545874,400,70,0,2,0.05122845800360665,"[""Chongqing"",""Nantong"",""Shanghai""]","[""rail"",""rail""]",5.822649572649552
d60-c6000,21,hybrid-seeded,feasible-heuristic,4379.516454702828,67.392,49.68955568378534,400,75,85,2,0.06448212498798966,"[""Chongqing"",""Chenglingji"",""Zhangjiagang"",""Shanghai""]","[""rail"",""rail"",""rail""]",0.0
d60-c6000,22,fixed,no-feasible-route-found,,,,400,20,0,0,0.0540791250532493,,,
d60-c6000,22,adaptive,no-feasible-route-found,,,,400,35,0,0,0.047953000001143664,,,
d60-c6000,22,catastrophe,feasible-heuristic,4634.520350836699,71.316,52.58280438545874,400,60,0,2,0.05251487501664087,"[""Chongqing"",""Nantong"",""Shanghai""]","[""rail"",""rail""]",5.822649572649552
d60-c6000,22,combined,feasible-heuristic,4906.690220253895,75.50415,55.67081650317369,400,73,0,2,0.05090504098916426,"[""Chongqing"",""Shanghai""]","[""rail""]",12.037259615384599
d60-c6000,22,hybrid-seeded,feasible-heuristic,4379.516454702828,67.392,49.68955568378534,400,74,85,2,0.06356341700302437,"[""Chongqing"",""Chenglingji"",""Zhangjiagang"",""Shanghai""]","[""rail"",""rail"",""rail""]",0.0
d60-c6000,23,fixed,feasible-heuristic,7190.483266064782,278.30730000000005,59.38763049395136,400,29,0,0,0.05524554196745157,"[""Chongqing"",""Zhicheng"",""Maanshan"",""Shanghai""]","[""road"",""rail"",""rail""]",64.18441032099493
d60-c6000,23,adaptive,feasible-heuristic,5285.599105828043,81.3348,59.969878822850546,400,28,0,0,0.050583250005729496,"[""Chongqing"",""Wuxue"",""Nanjing"",""Shanghai""]","[""rail"",""rail"",""rail""]",20.689102564102548
d60-c6000,23,catastrophe,feasible-heuristic,4694.498904847085,72.23895,53.26331506058857,400,64,0,2,0.058911082975100726,"[""Chongqing"",""Zhangjiagang"",""Shanghai""]","[""rail"",""rail""]",7.192174145299113
d60-c6000,23,combined,feasible-heuristic,4634.520350836699,71.316,52.58280438545874,400,62,0,2,0.05064174998551607,"[""Chongqing"",""Nantong"",""Shanghai""]","[""rail"",""rail""]",5.822649572649552
d60-c6000,23,hybrid-seeded,feasible-heuristic,4379.516454702828,67.392,49.68955568378534,400,65,85,2,0.06368604098679498,"[""Chongqing"",""Chenglingji"",""Zhangjiagang"",""Shanghai""]","[""rail"",""rail"",""rail""]",0.0
d60-c6000,24,fixed,no-feasible-route-found,,,,400,28,0,0,0.05477441701805219,,,
d60-c6000,24,adaptive,feasible-heuristic,4862.181512694749,74.81925,55.16582515868436,400,41,0,0,0.05561195802874863,"[""Chongqing"",""Honghu"",""Nanjing"",""Shanghai""]","[""rail"",""rail"",""rail""]",11.020966880341865
d60-c6000,24,catastrophe,no-feasible-route-found,,,,400,67,0,2,0.06332900002598763,,,
d60-c6000,24,combined,feasible-heuristic,4862.181512694749,74.81925,55.16582515868436,400,81,0,2,0.06840141699649394,"[""Chongqing"",""Honghu"",""Nanjing"",""Shanghai""]","[""rail"",""rail"",""rail""]",11.020966880341865
d60-c6000,24,hybrid-seeded,feasible-heuristic,4379.516454702828,67.392,49.68955568378534,400,62,85,2,0.06379008298972622,"[""Chongqing"",""Chenglingji"",""Zhangjiagang"",""Shanghai""]","[""rail"",""rail"",""rail""]",0.0
d60-c6000,25,fixed,no-feasible-route-found,,,,400,19,0,0,0.04346495802747086,,,
d60-c6000,25,adaptive,feasible-heuristic,4634.520350836699,71.316,52.58280438545874,400,25,0,0,0.04224937502294779,"[""Chongqing"",""Nantong"",""Shanghai""]","[""rail"",""rail""]",5.822649572649552
d60-c6000,25,catastrophe,feasible-heuristic,4840.044133179458,74.4786,54.91465666474322,400,60,0,2,0.05196529097156599,"[""Chongqing"",""Jiujiang"",""Shanghai""]","[""rail"",""rail""]",10.515491452991444
d60-c6000,25,combined,feasible-heuristic,4906.690220253895,75.50415,55.67081650317369,400,64,0,2,0.048587209021206945,"[""Chongqing"",""Shanghai""]","[""rail""]",12.037259615384599
d60-c6000,25,hybrid-seeded,feasible-heuristic,4379.516454702828,67.392,49.68955568378534,400,80,85,2,0.06336620904039592,"[""Chongqing"",""Chenglingji"",""Zhangjiagang"",""Shanghai""]","[""rail"",""rail"",""rail""]",0.0
d60-c6000,26,fixed,feasible-heuristic,4906.690220253895,75.50415,55.67081650317369,400,18,0,0,0.04063133301679045,"[""Chongqing"",""Shanghai""]","[""rail""]",12.037259615384599
d60-c6000,26,adaptive,feasible-heuristic,4906.690220253895,75.50415,55.67081650317369,400,36,0,0,0.04251241701422259,"[""Chongqing"",""Shanghai""]","[""rail""]",12.037259615384599
d60-c6000,26,catastrophe,feasible-heuristic,4906.690220253895,75.50415,55.67081650317369,400,54,0,2,0.04758858302375302,"[""Chongqing"",""Shanghai""]","[""rail""]",12.037259615384599
d60-c6000,26,combined,feasible-heuristic,4694.498904847085,72.23895,53.26331506058857,400,61,0,2,0.04930841602617875,"[""Chongqing"",""Zhangjiagang"",""Shanghai""]","[""rail"",""rail""]",7.192174145299113
d60-c6000,26,hybrid-seeded,feasible-heuristic,4379.516454702828,67.392,49.68955568378534,400,68,85,2,0.0660077910288237,"[""Chongqing"",""Chenglingji"",""Zhangjiagang"",""Shanghai""]","[""rail"",""rail"",""rail""]",0.0
d60-c6000,27,fixed,no-feasible-route-found,,,,400,23,0,0,0.045272374991327524,,,
d60-c6000,27,adaptive,no-feasible-route-found,,,,400,35,0,0,0.04650208301609382,,,
d60-c6000,27,catastrophe,no-feasible-route-found,,,,400,65,0,2,0.05115462496178225,,,
d60-c6000,27,combined,feasible-heuristic,4906.690220253895,75.50415,55.67081650317369,400,77,0,2,0.0523722079815343,"[""Chongqing"",""Shanghai""]","[""rail""]",12.037259615384599
d60-c6000,27,hybrid-seeded,feasible-heuristic,4379.516454702828,67.392,49.68955568378534,400,75,85,2,0.06479358399519697,"[""Chongqing"",""Chenglingji"",""Zhangjiagang"",""Shanghai""]","[""rail"",""rail"",""rail""]",0.0
d60-c6000,28,fixed,feasible-heuristic,4906.690220253895,75.50415,55.67081650317369,400,25,0,0,0.041046665981411934,"[""Chongqing"",""Shanghai""]","[""rail""]",12.037259615384599
d60-c6000,28,adaptive,feasible-heuristic,4906.690220253895,75.50415,55.67081650317369,400,29,0,0,0.0418410420534201,"[""Chongqing"",""Shanghai""]","[""rail""]",12.037259615384599
d60-c6000,28,catastrophe,feasible-heuristic,4840.044133179458,74.4786,54.91465666474322,400,62,0,2,0.048774708004202694,"[""Chongqing"",""Jiujiang"",""Shanghai""]","[""rail"",""rail""]",10.515491452991444
d60-c6000,28,combined,feasible-heuristic,4694.498904847085,72.23895,53.26331506058857,400,62,0,2,0.04992104199482128,"[""Chongqing"",""Zhangjiagang"",""Shanghai""]","[""rail"",""rail""]",7.192174145299113
d60-c6000,28,hybrid-seeded,feasible-heuristic,4379.516454702828,67.392,49.68955568378534,400,74,85,2,0.06562604202190414,"[""Chongqing"",""Chenglingji"",""Zhangjiagang"",""Shanghai""]","[""rail"",""rail"",""rail""]",0.0
d60-c6000,29,fixed,feasible-heuristic,4694.498904847085,72.23895,53.26331506058857,400,19,0,0,0.04200283298268914,"[""Chongqing"",""Zhangjiagang"",""Shanghai""]","[""rail"",""rail""]",7.192174145299113
d60-c6000,29,adaptive,feasible-heuristic,4694.498904847085,72.23895,53.26331506058857,400,26,0,0,0.043729832977987826,"[""Chongqing"",""Zhangjiagang"",""Shanghai""]","[""rail"",""rail""]",7.192174145299113
d60-c6000,29,catastrophe,feasible-heuristic,4694.498904847085,72.23895,53.26331506058857,400,58,0,2,0.04918091697618365,"[""Chongqing"",""Zhangjiagang"",""Shanghai""]","[""rail"",""rail""]",7.192174145299113
d60-c6000,29,combined,feasible-heuristic,4694.498904847085,72.23895,53.26331506058857,400,67,0,2,0.051281416963320225,"[""Chongqing"",""Zhangjiagang"",""Shanghai""]","[""rail"",""rail""]",7.192174145299113
d60-c6000,29,hybrid-seeded,feasible-heuristic,4379.516454702828,67.392,49.68955568378534,400,70,85,2,0.06463725003413856,"[""Chongqing"",""Chenglingji"",""Zhangjiagang"",""Shanghai""]","[""rail"",""rail"",""rail""]",0.0
d96-c97_49,0,fixed,feasible-heuristic,3975.9192562266912,154.93919999999997,77.75605224286807,400,20,0,0,0.05941049999091774,"[""Chongqing"",""Shashi"",""Yangluo"",""Shanghai""]","[""water"",""rail"",""rail""]",28.980602238631036
d96-c97_49,0,adaptive,feasible-heuristic,3975.9192562266912,154.93919999999997,77.75605224286807,400,25,0,0,0.06020529201487079,"[""Chongqing"",""Shashi"",""Yangluo"",""Shanghai""]","[""water"",""rail"",""rail""]",28.980602238631036
d96-c97_49,0,catastrophe,feasible-heuristic,3975.9192562266912,154.93919999999997,77.75605224286807,400,56,0,2,0.06357066700002179,"[""Chongqing"",""Shashi"",""Yangluo"",""Shanghai""]","[""water"",""rail"",""rail""]",28.980602238631036
d96-c97_49,0,combined,feasible-heuristic,3923.209874602435,143.08545,73.57144683890455,400,71,0,2,0.0553547500167042,"[""Chongqing"",""Zhangjiagang"",""Shanghai""]","[""rail"",""water""]",27.270686280233413
d96-c97_49,0,hybrid-seeded,feasible-heuristic,3082.571477586001,206.35845,88.01621075404807,400,71,381,2,0.08913508302066475,"[""Chongqing"",""Jiujiang"",""Chizhou"",""Maanshan"",""Shanghai""]","[""rail"",""rail"",""rail"",""water""]",0.0
d96-c97_49,1,fixed,feasible-heuristic,5141.400131093709,449.06129999999996,92.69748501094111,400,21,0,0,0.04643654200481251,"[""Chongqing"",""Wuhu"",""Jiangyin"",""Shanghai""]","[""rail"",""water"",""road""]",66.78932405875635
d96-c97_49,1,adaptive,feasible-heuristic,4400.4334518934575,74.4786,54.91465666474322,400,30,0,0,0.048925917013548315,"[""Chongqing"",""Jiujiang"",""Shanghai""]","[""rail"",""rail""]",42.752032966304164
d96-c97_49,1,catastrophe,feasible-heuristic,4213.5769476767,71.316,52.58280438545874,400,61,0,2,0.05151424999348819,"[""Chongqing"",""Nantong"",""Shanghai""]","[""rail"",""rail""]",36.69032424112362
d96-c97_49,1,combined,feasible-heuristic,4008.6496503103253,118.58805000000001,66.29054926352993,400,77,0,2,0.053764874988701195,"[""Chongqing"",""Nantong"",""Shanghai""]","[""rail"",""water""]",30.04239088884153
d96-c97_49,1,hybrid-seeded,feasible-heuristic,3082.571477586001,206.35845,88.01621075404807,400,60,381,2,0.09530616702977568,"[""Chongqing"",""Jiujiang"",""Chizhou"",""Maanshan"",""Shanghai""]","[""rail"",""rail"",""rail"",""water""]",0.0
d96-c97_49,2,fixed,feasible-heuristic,5204.756583021142,88.092,64.95210617426427,400,28,0,0,0.061235542001668364,"[""Chongqing"",""Honghu"",""Nantong"",""Shanghai""]","[""rail"",""rail"",""rail""]",68.84463574862667
d96-c97_49,2,adaptive,feasible-heuristic,3950.1163380014946,209.79165,95.22294204018938,400,31,0,0,0.0529787500272505,"[""Chongqing"",""Wuhu"",""Gaogang"",""Shanghai""]","[""rail"",""rail"",""water""]",28.143544009395626
d96-c97_49,2,catastrophe,feasible-heuristic,5204.756583021142,88.092,64.95210617426427,400,67,0,2,0.05723475001286715,"[""Chongqing"",""Honghu"",""Nantong"",""Shanghai""]","[""rail"",""rail"",""rail""]",68.84463574862667
d96-c97_49,2,combined,feasible-heuristic,3923.209874602435,143.08545,73.57144683890455,400,61,0,2,0.052116624952759594,"[""Chongqing"",""Zhangjiagang"",""Shanghai""]","[""rail"",""water""]",27.270686280233413
d96-c97_49,2,hybrid-seeded,feasible-heuristic,3082.571477586001,206.35845,88.01621075404807,400,77,381,2,0.0895362080191262,"[""Chongqing"",""Jiujiang"",""Chizhou"",""Maanshan"",""Shanghai""]","[""rail"",""rail"",""rail"",""water""]",0.0
d96-c97_49,3,fixed,feasible-heuristic,4586.279633520541,77.6241,57.23390075014426,400,20,0,0,0.045053709007333964,"[""Chongqing"",""Nanjing"",""Nantong"",""Shanghai""]","[""rail"",""rail"",""rail""]",48.78096637396101
d96-c97_49,3,adaptive,feasible-heuristic,3812.0663823301525,202.48005,91.77890693419815,400,34,0,0,0.04801312496419996,"[""Chongqing"",""Nanjing"",""Jiangyin"",""Nantong"",""Shanghai""]","[""rail"",""water"",""rail"",""water""]",23.665141588717596
d96-c97_49,3,catastrophe,feasible-heuristic,4008.6496503103253,118.58805000000001,66.29054926352993,400,57,0,2,0.05313695804215968,"[""Chongqing"",""Nantong"",""Shanghai""]","[""rail"",""water""]",30.04239088884153
d96-c97_49,3,combined,feasible-heuristic,4298.319771744813,123.49080000000001,69.90545116774227,400,65,0,1,0.05267249996541068,"[""Chongqing"",""Nanjing"",""Zhangjiagang"",""Nantong"",""Shanghai""]","[""rail"",""rail"",""rail"",""water""]",39.4394194262408
d96-c97_49,3,hybrid-seeded,feasible-heuristic,3082.571477586001,206.35845,88.01621075404807,400,73,381,2,0.09091274999082088,"[""Chongqing"",""Jiujiang"",""Chizhou"",""Maanshan"",""Shanghai""]","[""rail"",""rail"",""rail"",""water""]",0.0
d96-c97_49,4,fixed,feasible-heuristic,4230.417563277275,115.36439999999999,66.7529474797996,400,21,0,0,0.04171083401888609,"[""Chongqing"",""Zhangjiagang"",""Nantong"",""Shanghai""]","[""rail"",""water"",""rail""]",37.23664135730491
d96-c97_49,4,adaptive,feasible-heuristic,3923.209874602435,143.08545,73.57144683890455,400,24,0,0,0.042543541989289224,"[""Chongqing"",""Zhangjiagang"",""Shanghai""]","[""rail"",""water""]",27.270686280233413
d96-c97_49,4,catastrophe,feasible-heuristic,4230.417563277275,115.36439999999999,66.7529474797996,400,58,0,2,0.0487057919963263,"[""Chongqing"",""Zhangjiagang"",""Nantong"",""Shanghai""]","[""rail"",""water"",""rail""]",37.23664135730491
d96-c97_49,4,combined,feasible-heuristic,3923.209874602435,143.08545,73.57144683890455,400,47,0,1,0.04674799996428192,"[""Chongqing"",""Zhangjiagang"",""Shanghai""]","[""rail"",""water""]",27.270686280233413
d96-c97_49,4,hybrid-seeded,feasible-heuristic,3082.571477586001,206.35845,88.01621075404807,400,76,381,2,0.08998283301480114,"[""Chongqing"",""Jiujiang"",""Chizhou"",""Maanshan"",""Shanghai""]","[""rail"",""rail"",""rail"",""water""]",0.0
d96-c97_49,5,fixed,feasible-heuristic,4005.5271396880307,208.23029999999997,95.05005322952653,400,39,0,0,0.05896275001578033,"[""Chongqing"",""Chenglingji"",""Maanshan"",""Gaogang"",""Jiangyin"",""Shanghai""]","[""rail"",""rail"",""water"",""water"",""rail""]",29.941095245090878
d96-c97_49,5,adaptive,feasible-heuristic,3856.821023075968,208.21259999999998,94.05867487342654,400,45,0,0,0.059819041984155774,"[""Chongqing"",""Honghu"",""Chizhou"",""Gaogang"",""Shanghai""]","[""rail"",""rail"",""rail"",""water""]",25.11700218858479
d96-c97_49,5,catastrophe,feasible-heuristic,4005.5271396880307,208.23029999999997,95.05005322952653,400,81,0,2,0.062320749973878264,"[""Chongqing"",""Chenglingji"",""Maanshan"",""Gaogang"",""Jiangyin"",""Shanghai""]","[""rail"",""rail"",""water"",""water"",""rail""]",29.941095245090878
d96-c97_49,5,combined,feasible-heuristic,3759.803467030585,206.57055,92.8479564660405,400,74,0,1,0.058356499997898936,"[""Chongqing"",""Nanjing"",""Gaogang"",""Shanghai""]","[""rail"",""rail"",""water""]",21.969709197949648
d96-c97_49,5,hybrid-seeded,feasible-heuristic,3082.571477586001,206.35845,88.01621075404807,400,73,381,2,0.09224899997934699,"[""Chongqing"",""Jiujiang"",""Chizhou"",""Maanshan"",""Shanghai""]","[""rail"",""rail"",""rail"",""water""]",0.0
d96-c97_49,6,fixed,feasible-heuristic,4213.5769476767,71.316,52.58280438545874,400,26,0,0,0.046152166032698005,"[""Chongqing"",""Nantong"",""Shanghai""]","[""rail"",""rail""]",36.69032424112362
d96-c97_49,6,adaptive,feasible-heuristic,4213.5769476767,71.316,52.58280438545874,400,33,0,0,0.0458545419969596,"[""Chongqing"",""Nantong"",""Shanghai""]","[""rail"",""rail""]",36.69032424112362
d96-c97_49,6,catastrophe,feasible-heuristic,4272.509376794521,117.27210000000001,67.6628010156184,400,67,0,2,0.05344462499488145,"[""Chongqing"",""Nanjing"",""Zhenjiang"",""Nantong"",""Shanghai""]","[""rail"",""water"",""rail"",""rail""]",38.60211864869309
d96-c97_49,6,combined,feasible-heuristic,3431.913109589549,199.61204999999998,88.24251553289538,400,83,0,2,0.056876542046666145,"[""Chongqing"",""Jiujiang"",""Wuhu"",""Zhangjiagang"",""Shanghai""]","[""rail"",""rail"",""water"",""rail""]",11.332799078421418
d96-c97_49,6,hybrid-seeded,feasible-heuristic,3082.571477586001,206.35845,88.01621075404807,400,82,381,2,0.09217533300397918,"[""Chongqing"",""Jiujiang"",""Chizhou"",""Maanshan"",""Shanghai""]","[""rail"",""rail"",""rail"",""water""]",0.0
d96-c97_49,7,fixed,feasible-heuristic,4547.7012630568925,76.97115000000001,56.752466820542416,400,20,0,0,0.04891466599656269,"[""Chongqing"",""Honghu"",""Shanghai""]","[""rail"",""rail""]",47.52946674956755
d96-c97_49,7,adaptive,feasible-heuristic,4008.6496503103253,118.58805000000001,66.29054926352993,400,23,0,0,0.04205029096920043,"[""Chongqing"",""Nantong"",""Shanghai""]","[""rail"",""water""]",30.04239088884153
d96-c97_49,7,catastrophe,feasible-heuristic,4547.7012630568925,76.97115000000001,56.752466820542416,400,59,0,2,0.0546393750119023,"[""Chongqing"",""Honghu"",""Shanghai""]","[""rail"",""rail""]",47.52946674956755
d96-c97_49,7,combined,feasible-heuristic,4008.6496503103253,118.58805000000001,66.29054926352993,400,59,0,2,0.049522167013492435,"[""Chongqing"",""Nantong"",""Shanghai""]","[""rail"",""water""]",30.04239088884153
d96-c97_49,7,hybrid-seeded,feasible-heuristic,3082.571477586001,206.35845,88.01621075404807,400,72,381,2,0.09021937497891486,"[""Chongqing"",""Jiujiang"",""Chizhou"",""Maanshan"",""Shanghai""]","[""rail"",""rail"",""rail"",""water""]",0.0
d96-c97_49,8,fixed,feasible-heuristic,4080.84148523191,198.67965,92.44666174740533,400,28,0,0,0.06285258400021121,"[""Chongqing"",""Zhicheng"",""Tongling"",""Nanjing"",""Jiangyin"",""Shanghai""]","[""water"",""rail"",""water"",""rail"",""rail""]",32.38432636208217
d96-c97_49,8,adaptive,feasible-heuristic,4080.84148523191,198.67965,92.44666174740533,400,49,0,0,0.06464600004255772,"[""Chongqing"",""Zhicheng"",""Tongling"",""Nanjing"",""Jiangyin"",""Shanghai""]","[""water"",""rail"",""water"",""rail"",""rail""]",32.38432636208217
d96-c97_49,8,catastrophe,feasible-heuristic,3923.209874602435,143.08545,73.57144683890455,400,73,0,2,0.06299558299360797,"[""Chongqing"",""Zhangjiagang"",""Shanghai""]","[""rail"",""water""]",27.270686280233413
d96-c97_49,8,combined,feasible-heuristic,3923.209874602435,143.08545,73.57144683890455,400,95,0,2,0.06320600002072752,"[""Chongqing"",""Zhangjiagang"",""Shanghai""]","[""rail"",""water""]",27.270686280233413
d96-c97_49,8,hybrid-seeded,feasible-heuristic,3082.571477586001,206.35845,88.01621075404807,400,73,381,2,0.09383695805445313,"[""Chongqing"",""Jiujiang"",""Chizhou"",""Maanshan"",""Shanghai""]","[""rail"",""rail"",""rail"",""water""]",0.0
d96-c97_49,9,fixed,feasible-heuristic,4558.283062811912,77.15025,56.884521061742646,400,31,0,0,0.05859633401269093,"[""Chongqing"",""Zhicheng"",""Anqing"",""Shanghai""]","[""rail"",""rail"",""rail""]",47.87274507521098
d96-c97_49,9,adaptive,feasible-heuristic,4461.026219837395,75.50415,55.67081650317369,400,26,0,0,0.043951084022410214,"[""Chongqing"",""Shanghai""]","[""rail""]",44.717689509372825
d96-c97_49,9,catastrophe,feasible-heuristic,3816.2726312003338,198.12945,90.469001780411,400,61,0,2,0.05480254098074511,"[""Chongqing"",""Nanjing"",""Zhangjiagang"",""Shanghai""]","[""rail"",""water"",""rail""]",23.801594186841136
d96-c97_49,9,combined,feasible-heuristic,3923.209874602435,143.08545,73.57144683890455,400,62,0,2,0.05136341700563207,"[""Chongqing"",""Zhangjiagang"",""Shanghai""]","[""rail"",""water""]",27.270686280233413
d96-c97_49,9,hybrid-seeded,feasible-heuristic,3082.571477586001,206.35845,88.01621075404807,400,83,381,2,0.09340262500336394,"[""Chongqing"",""Jiujiang"",""Chizhou"",""Maanshan"",""Shanghai""]","[""rail"",""rail"",""rail"",""water""]",0.0
d96-c97_49,10,fixed,feasible-heuristic,4461.026219837395,75.50415,55.67081650317369,400,24,0,0,0.040248624980449677,"[""Chongqing"",""Shanghai""]","[""rail""]",44.717689509372825
d96-c97_49,10,adaptive,feasible-heuristic,3923.209874602435,143.08545,73.57144683890455,400,36,0,0,0.043936625006608665,"[""Chongqing"",""Zhangjiagang"",""Shanghai""]","[""rail"",""water""]",27.270686280233413
d96-c97_49,10,catastrophe,feasible-heuristic,3690.1987503048767,186.54045000000002,85.79326437828611,400,65,0,2,0.0513802079949528,"[""Chongqing"",""Shashi"",""Jiangyin"",""Zhangjiagang"",""Shanghai""]","[""water"",""rail"",""water"",""rail""]",19.711700998243064
d96-c97_49,10,combined,feasible-heuristic,3923.209874602435,143.08545,73.57144683890455,400,73,0,2,0.05026116699445993,"[""Chongqing"",""Zhangjiagang"",""Shanghai""]","[""rail"",""water""]",27.270686280233413
d96-c97_49,10,hybrid-seeded,feasible-heuristic,3082.571477586001,206.35845,88.01621075404807,400,79,381,2,0.09034333296585828,"[""Chongqing"",""Jiujiang"",""Chizhou"",""Maanshan"",""Shanghai""]","[""rail"",""rail"",""rail"",""water""]",0.0
d96-c97_49,11,fixed,feasible-heuristic,4268.107780082586,72.23895,53.26331506058857,400,17,0,0,0.04155629099113867,"[""Chongqing"",""Zhangjiagang"",""Shanghai""]","[""rail"",""rail""]",38.45932887904979
d96-c97_49,11,adaptive,feasible-heuristic,4268.107780082586,72.23895,53.26331506058857,400,24,0,0,0.04273874999489635,"[""Chongqing"",""Zhangjiagang"",""Shanghai""]","[""rail"",""rail""]",38.45932887904979
d96-c97_49,11,catastrophe,feasible-heuristic,4268.107780082586,72.23895,53.26331506058857,400,55,0,2,0.04878499999176711,"[""Chongqing"",""Zhangjiagang"",""Shanghai""]","[""rail"",""rail""]",38.45932887904979
d96-c97_49,11,combined,feasible-heuristic,4268.107780082586,72.23895,53.26331506058857,400,60,0,2,0.05022637499496341,"[""Chongqing"",""Zhangjiagang"",""Shanghai""]","[""rail"",""rail""]",38.45932887904979
d96-c97_49,11,hybrid-seeded,feasible-heuristic,3082.571477586001,206.35845,88.01621075404807,400,63,381,2,0.09168020798824728,"[""Chongqing"",""Jiujiang"",""Chizhou"",""Maanshan"",""Shanghai""]","[""rail"",""rail"",""rail"",""water""]",0.0
d96-c97_49,12,fixed,feasible-heuristic,4378.6193131759355,170.94045,85.67656176825938,400,28,0,0,0.05339637497672811,"[""Chongqing"",""Yangluo"",""Gaogang"",""Jiangyin"",""Nantong"",""Shanghai""]","[""rail"",""rail"",""water"",""water"",""rail""]",42.04437253162692
d96-c97_49,12,adaptive,feasible-heuristic,4073.067540032746,199.65449999999998,92.82619910152023,400,33,0,0,0.055386708001606166,"[""Chongqing"",""Yangluo"",""Gaogang"",""Jiangyin"",""Shanghai""]","[""rail"",""rail"",""water"",""water""]",32.13213609640009
d96-c97_49,12,catastrophe,feasible-heuristic,4008.6496503103253,118.58805000000001,66.29054926352993,400,67,0,2,0.0506470839609392,"[""Chongqing"",""Nantong"",""Shanghai""]","[""rail"",""water""]",30.04239088884153
d96-c97_49,12,combined,feasible-heuristic,4008.6496503103253,118.58805000000001,66.29054926352993,400,73,0,2,0.05752504098927602,"[""Chongqing"",""Nantong"",""Shanghai""]","[""rail"",""water""]",30.04239088884153
d96-c97_49,12,hybrid-seeded,feasible-heuristic,3082.571477586001,206.35845,88.01621075404807,400,77,381,2,0.09023770899511874,"[""Chongqing"",""Jiujiang"",""Chizhou"",""Maanshan"",""Shanghai""]","[""rail"",""rail"",""rail"",""water""]",0.0
d96-c97_49,13,fixed,feasible-heuristic,3658.3841499768973,187.55445,86.01630116967856,400,22,0,0,0.054073833976872265,"[""Chongqing"",""Honghu"",""Nanjing"",""Shanghai""]","[""water"",""rail"",""rail""]",18.67962110782333
d96-c97_49,13,adaptive,feasible-heuristic,3658.3841499768973,187.55445,86.01630116967856,400,32,0,0,0.054955124971456826,"[""Chongqing"",""Honghu"",""Nanjing"",""Shanghai""]","[""water"",""rail"",""rail""]",18.67962110782333
d96-c97_49,13,catastrophe,feasible-heuristic,3658.3841499768973,187.55445,86.01630116967856,400,59,0,2,0.05826029204763472,"[""Chongqing"",""Honghu"",""Nanjing"",""Shanghai""]","[""water"",""rail"",""rail""]",18.67962110782333
d96-c97_49,13,combined,feasible-heuristic,3658.3841499768973,187.55445,86.01630116967856,400,75,0,2,0.05927450000308454,"[""Chongqing"",""Honghu"",""Nanjing"",""Shanghai""]","[""water"",""rail"",""rail""]",18.67962110782333
d96-c97_49,13,hybrid-seeded,feasible-heuristic,3082.571477586001,206.35845,88.01621075404807,400,80,381,2,0.09108270797878504,"[""Chongqing"",""Jiujiang"",""Chizhou"",""Maanshan"",""Shanghai""]","[""rail"",""rail"",""rail"",""water""]",0.0
d96-c97_49,14,fixed,feasible-heuristic,4177.7845797639975,147.3942,76.74837990295534,400,29,0,0,0.0565291250240989,"[""Chongqing"",""Shashi"",""Nanjing"",""Zhangjiagang"",""Shanghai""]","[""rail"",""rail"",""rail"",""water""]",35.52920378786062
d96-c97_49,14,adaptive,feasible-heuristic,3419.540648679227,212.06175000000002,92.22137520875091,400,44,0,0,0.057483999989926815,"[""Chongqing"",""Shashi"",""Maanshan"",""Shanghai""]","[""rail"",""rail"",""water""]",10.931430902523974
d96-c97_49,14,catastrophe,feasible-heuristic,4008.6496503103253,118.58805000000001,66.29054926352993,400,63,0,2,0.0594783749547787,"[""Chongqing"",""Nantong"",""Shanghai""]","[""rail"",""water""]",30.04239088884153
d96-c97_49,14,combined,feasible-heuristic,3419.540648679227,212.06175000000002,92.22137520875091,400,79,0,2,0.06135366699891165,"[""Chongqing"",""Shashi"",""Maanshan"",""Shanghai""]","[""rail"",""rail"",""water""]",10.931430902523974
d96-c97_49,14,hybrid-seeded,feasible-heuristic,3082.571477586001,206.35845,88.01621075404807,400,83,381,2,0.0906789589789696,"[""Chongqing"",""Jiujiang"",""Chizhou"",""Maanshan"",""Shanghai""]","[""rail"",""rail"",""rail"",""water""]",0.0
d96-c97_49,15,fixed,feasible-heuristic,3892.5013629534424,208.8165,94.50394319425746,400,34,0,0,0.04694033396663144,"[""Chongqing"",""Nanjing"",""Zhenjiang"",""Gaogang"",""Shanghai""]","[""rail"",""rail"",""rail"",""water""]",26.274488402186446
d96-c97_49,15,adaptive,feasible-heuristic,3851.719762780553,166.37294999999997,80.56118670935933,400,53,0,0,0.0506574580213055,"[""Chongqing"",""Jiujiang"",""Jiangyin"",""Nantong"",""Shanghai""]","[""rail"",""rail"",""water"",""water""]",24.9515150187817
d96-c97_49,15,catastrophe,feasible-heuristic,4040.939043736158,145.07805,75.0406332209011,400,67,0,2,0.05273358401609585,"[""Chongqing"",""Nanjing"",""Zhangjiagang"",""Shanghai""]","[""rail"",""rail"",""water""]",31.089873280105284
d96-c97_49,15,combined,feasible-heuristic,3778.441260066434,206.886,93.08054446373237,400,75,0,1,0.05558141699293628,"[""Chongqing"",""Jiujiang"",""Gaogang"",""Shanghai""]","[""rail"",""rail"",""water""]",22.574327555427097
d96-c97_49,15,hybrid-seeded,feasible-heuristic,3082.571477586001,206.35845,88.01621075404807,400,81,381,2,0.0909199999878183,"[""Chongqing"",""Jiujiang"",""Chizhou"",""Maanshan"",""Shanghai""]","[""rail"",""rail"",""rail"",""water""]",0.0
d96-c97_49,16,fixed,feasible-heuristic,4793.023540291957,81.1233,59.81393537218696,400,28,0,0,0.05599758302560076,"[""Chongqing"",""Chenglingji"",""Gaogang"",""Jiangyin"",""Shanghai""]","[""rail"",""rail"",""rail"",""rail""]",55.48783134934576
d96-c97_49,16,adaptive,feasible-heuristic,3728.3920323786356,192.93375,88.17918938983762,400,45,0,0,0.06124470802024007,"[""Chongqing"",""Jiujiang"",""Tongling"",""Maanshan"",""Jiangyin"",""Shanghai""]","[""rail"",""rail"",""rail"",""water"",""rail""]",20.95070818271454
d96-c97_49,16,catastrophe,feasible-heuristic,4649.476366409864,125.08380000000001,72.82766408007568,400,76,0,2,0.059771583997644484,"[""Chongqing"",""Chenglingji"",""Gaogang"",""Jiangyin"",""Shanghai""]","[""rail"",""rail"",""water"",""rail""]",50.831096706666635
d96-c97_49,16,combined,feasible-heuristic,3728.3920323786356,192.93375,88.17918938983762,400,90,0,2,0.06332095799734816,"[""Chongqing"",""Jiujiang"",""Tongling"",""Maanshan"",""Jiangyin"",""Shanghai""]","[""rail"",""rail"",""rail"",""water"",""rail""]",20.95070818271454
d96-c97_49,16,hybrid-seeded,feasible-heuristic,3082.571477586001,206.35845,88.01621075404807,400,83,381,2,0.09006912499899045,"[""Chongqing"",""Jiujiang"",""Chizhou"",""Maanshan"",""Shanghai""]","[""rail"",""rail"",""rail"",""water""]",0.0
d96-c97_49,17,fixed,feasible-heuristic,4643.8565154606285,165.04019999999997,85.70410339997888,400,19,0,0,0.0418547919834964,"[""Chongqing"",""Jiangyin"",""Shanghai""]","[""rail"",""water""]",50.6487862236787
d96-c97_49,17,adaptive,feasible-heuristic,4396.815387346856,175.59884999999997,87.3636391040506,400,34,0,0,0.049636750016361475,"[""Chongqing"",""Tongling"",""Jiangyin"",""Nantong"",""Shanghai""]","[""rail"",""rail"",""water"",""water""]",42.634661331196625
d96-c97_49,17,catastrophe,feasible-heuristic,4461.026219837395,75.50415,55.67081650317369,400,55,0,2,0.04768645798321813,"[""Chongqing"",""Shanghai""]","[""rail""]",44.717689509372825
d96-c97_49,17,combined,feasible-heuristic,4396.815387346856,175.59884999999997,87.3636391040506,400,75,0,2,0.05414508399553597,"[""Chongqing"",""Tongling"",""Jiangyin"",""Nantong"",""Shanghai""]","[""rail"",""rail"",""water"",""water""]",42.634661331196625
d96-c97_49,17,hybrid-seeded,feasible-heuristic,3082.571477586001,206.35845,88.01621075404807,400,69,381,2,0.089793291001115,"[""Chongqing"",""Jiujiang"",""Chizhou"",""Maanshan"",""Shanghai""]","[""rail"",""rail"",""rail"",""water""]",0.0
d96-c97_49,18,fixed,feasible-heuristic,4461.026219837395,75.50415,55.67081650317369,400,21,0,0,0.03979808301664889,"[""Chongqing"",""Shanghai""]","[""rail""]",44.717689509372825
d96-c97_49,18,adaptive,feasible-heuristic,4461.026219837395,75.50415,55.67081650317369,400,21,0,0,0.04142824996961281,"[""Chongqing"",""Shanghai""]","[""rail""]",44.717689509372825
d96-c97_49,18,catastrophe,feasible-heuristic,4385.5178999774635,74.22615,54.728519907674546,400,56,0,2,0.047310916997957975,"[""Chongqing"",""Zhangjiagang"",""Nantong"",""Shanghai""]","[""rail"",""rail"",""rail""]",42.268165778651
d96-c97_49,18,combined,feasible-heuristic,3759.803467030585,206.57055,92.8479564660405,400,71,0,2,0.054022291966248304,"[""Chongqing"",""Nanjing"",""Gaogang"",""Shanghai""]","[""rail"",""rail"",""water""]",21.969709197949648
d96-c97_49,18,hybrid-seeded,feasible-heuristic,3082.571477586001,206.35845,88.01621075404807,400,74,381,2,0.08892558299703524,"[""Chongqing"",""Jiujiang"",""Chizhou"",""Maanshan"",""Shanghai""]","[""rail"",""rail"",""rail"",""water""]",0.0
d96-c97_49,19,fixed,feasible-heuristic,5127.502156065821,137.52495,80.25312860571113,400,19,0,0,0.056605499994475394,"[""Chongqing"",""Zhicheng"",""Gaogang"",""Zhangjiagang"",""Nantong"",""Shanghai""]","[""rail"",""rail"",""rail"",""rail"",""water""]",66.33846752131858
d96-c97_49,19,adaptive,feasible-heuristic,4361.837157711494,124.56585,70.69810840951955,400,46,0,0,0.060914875008165836,"[""Chongqing"",""Honghu"",""Jiujiang"",""Nantong"",""Shanghai""]","[""rail"",""rail"",""rail"",""water""]",41.49995188845714
d96-c97_49,19,catastrophe,feasible-heuristic,4412.034237956406,125.41544999999999,71.32453656878094,400,56,0,2,0.05319574999157339,"[""Chongqing"",""Nanjing"",""Zhenjiang"",""Zhangjiagang"",""Nantong"",""Shanghai""]","[""rail"",""rail"",""rail"",""rail"",""water""]",43.12836766437363
d96-c97_49,19,combined,feasible-heuristic,4174.100429175659,194.24085000000002,91.67447305655102,400,95,0,2,0.06455112498952076,"[""Chongqing"",""Shashi"",""Honghu"",""Jiujiang"",""Nantong"",""Shanghai""]","[""rail"",""water"",""rail"",""rail"",""water""]",35.409688291946686
d96-c97_49,19,hybrid-seeded,feasible-heuristic,3082.571477586001,206.35845,88.01621075404807,400,78,381,2,0.0925218749907799,"[""Chongqing"",""Jiujiang"",""Chizhou"",""Maanshan"",""Shanghai""]","[""rail"",""rail"",""rail"",""water""]",0.0
d96-c97_49,20,fixed,feasible-heuristic,4067.8889439446243,161.23905,80.42987873986732,400,20,0,0,0.04687249998096377,"[""Chongqing"",""Nanjing"",""Zhangjiagang"",""Nantong"",""Shanghai""]","[""rail"",""rail"",""water"",""water""]",31.964140118828244
d96-c97_49,20,adaptive,feasible-heuristic,4231.106732094847,122.35319999999999,69.0666744799177,400,34,0,0,0.04851637495448813,"[""Chongqing"",""Nanjing"",""Zhenjiang"",""Nantong"",""Shanghai""]","[""rail"",""rail"",""rail"",""water""]",37.25899830255608
d96-c97_49,20,catastrophe,feasible-heuristic,4008.6496503103253,118.58805000000001,66.29054926352993,400,61,0,2,0.05055945803178474,"[""Chongqing"",""Nantong"",""Shanghai""]","[""rail"",""water""]",30.04239088884153
d96-c97_49,20,combined,feasible-heuristic,4067.5820794281467,164.54415000000003,81.3705458936896,400,71,0,2,0.05488595803035423,"[""Chongqing"",""Nanjing"",""Zhenjiang"",""Nantong"",""Shanghai""]","[""rail"",""water"",""rail"",""water""]",31.95418529641101
d96-c97_49,20,hybrid-seeded,feasible-heuristic,3082.571477586001,206.35845,88.01621075404807,400,80,381,2,0.09240266698179767,"[""Chongqing"",""Jiujiang"",""Chizhou"",""Maanshan"",""Shanghai""]","[""rail"",""rail"",""rail"",""water""]",0.0
d96-c97_49,21,fixed,feasible-heuristic,4543.340923459347,76.89734999999999,56.698052510098094,400,24,0,0,0.04980637499829754,"[""Chongqing"",""Yangluo"",""Shanghai""]","[""rail"",""rail""]",47.38801537920192
d96-c97_49,21,adaptive,feasible-heuristic,4067.0004098640943,68.83515,50.75362088863243,400,32,0,0,0.049285874993074685,"[""Chongqing"",""Jiujiang"",""Nantong"",""Shanghai""]","[""rail"",""rail"",""rail""]",31.935315675113273
d96-c97_49,21,catastrophe,feasible-heuristic,4461.026219837395,75.50415,55.67081650317369,400,61,0,2,0.052201249985955656,"[""Chongqing"",""Shanghai""]","[""rail""]",44.717689509372825
d96-c97_49,21,combined,feasible-heuristic,3536.4276601591077,199.07205,88.80390726492837,400,66,0,2,0.0548234999878332,"[""Chongqing"",""Jiujiang"",""Nanjing"",""Shanghai""]","[""rail"",""water"",""rail""]",14.723297930743428
d96-c97_49,21,hybrid-seeded,feasible-heuristic,3082.571477586001,206.35845,88.01621075404807,400,77,381,2,0.09049383300589398,"[""Chongqing"",""Jiujiang"",""Chizhou"",""Maanshan"",""Shanghai""]","[""rail"",""rail"",""rail"",""water""]",0.0
d96-c97_49,22,fixed,feasible-heuristic,5854.621363803559,435.9852000000001,83.65024288545537,400,23,0,0,0.049210208002477884,"[""Chongqing"",""Nanjing"",""Zhenjiang"",""Zhangjiagang"",""Shanghai""]","[""rail"",""rail"",""road"",""water""]",89.92654043462387
d96-c97_49,22,adaptive,feasible-heuristic,3864.6319244554,151.8516,75.97986797008852,400,35,0,0,0.04917241696966812,"[""Chongqing"",""Nanjing"",""Jiangyin"",""Shanghai""]","[""rail"",""rail"",""water""]",25.370391329314444
d96-c97_49,22,catastrophe,feasible-heuristic,4213.5769476767,71.316,52.58280438545874,400,63,0,2,0.05188170896144584,"[""Chongqing"",""Nantong"",""Shanghai""]","[""rail"",""rail""]",36.69032424112362
d96-c97_49,22,combined,feasible-heuristic,3864.6319244554,151.8516,75.97986797008852,400,57,0,1,0.05174120800802484,"[""Chongqing"",""Nanjing"",""Jiangyin"",""Shanghai""]","[""rail"",""rail"",""water""]",25.370391329314444
d96-c97_49,22,hybrid-seeded,feasible-heuristic,3082.571477586001,206.35845,88.01621075404807,400,72,381,2,0.09146274998784065,"[""Chongqing"",""Jiujiang"",""Chizhou"",""Maanshan"",""Shanghai""]","[""rail"",""rail"",""rail"",""water""]",0.0
d96-c97_49,23,fixed,feasible-heuristic,3923.209874602435,143.08545,73.57144683890455,400,27,0,0,0.04225558304460719,"[""Chongqing"",""Zhangjiagang"",""Shanghai""]","[""rail"",""water""]",27.270686280233413
d96-c97_49,23,adaptive,feasible-heuristic,3923.209874602435,143.08545,73.57144683890455,400,34,0,0,0.044067249982617795,"[""Chongqing"",""Zhangjiagang"",""Shanghai""]","[""rail"",""water""]",27.270686280233413
d96-c97_49,23,catastrophe,feasible-heuristic,3923.209874602435,143.08545,73.57144683890455,400,67,0,2,0.049630749970674515,"[""Chongqing"",""Zhangjiagang"",""Shanghai""]","[""rail"",""water""]",27.270686280233413
d96-c97_49,23,combined,feasible-heuristic,3923.209874602435,143.08545,73.57144683890455,400,57,0,1,0.04777229198953137,"[""Chongqing"",""Zhangjiagang"",""Shanghai""]","[""rail"",""water""]",27.270686280233413
d96-c97_49,23,hybrid-seeded,feasible-heuristic,3082.571477586001,206.35845,88.01621075404807,400,76,381,2,0.09283770801266655,"[""Chongqing"",""Jiujiang"",""Chizhou"",""Maanshan"",""Shanghai""]","[""rail"",""rail"",""rail"",""water""]",0.0
d96-c97_49,24,fixed,feasible-heuristic,3287.3657049174294,225.9639,95.76460205216301,400,27,0,0,0.054798124998342246,"[""Chongqing"",""Honghu"",""Nanjing"",""Shanghai""]","[""rail"",""rail"",""water""]",6.643616500721183
d96-c97_49,24,adaptive,feasible-heuristic,3768.2236994255654,201.738,91.23177767857207,400,38,0,0,0.05987295799423009,"[""Chongqing"",""Honghu"",""Nanjing"",""Jiangyin"",""Nantong"",""Shanghai""]","[""rail"",""rail"",""water"",""rail"",""water""]",22.242865309858352
d96-c97_49,24,catastrophe,feasible-heuristic,4420.560141377248,74.81925,55.16582515868436,400,61,0,2,0.06142762501258403,"[""Chongqing"",""Honghu"",""Nanjing"",""Shanghai""]","[""rail"",""rail"",""rail""]",43.40495179171133
d96-c97_49,24,combined,feasible-heuristic,3768.2236994255654,201.738,91.23177767857207,400,84,0,2,0.06548320798901841,"[""Chongqing"",""Honghu"",""Nanjing"",""Jiangyin"",""Nantong"",""Shanghai""]","[""rail"",""rail"",""water"",""rail"",""water""]",22.242865309858352
d96-c97_49,24,hybrid-seeded,feasible-heuristic,3082.571477586001,206.35845,88.01621075404807,400,75,381,2,0.09266737499274313,"[""Chongqing"",""Jiujiang"",""Chizhou"",""Maanshan"",""Shanghai""]","[""rail"",""rail"",""rail"",""water""]",0.0
d96-c97_49,25,fixed,feasible-heuristic,4008.6496503103253,118.58805000000001,66.29054926352993,400,20,0,0,0.041367000027094036,"[""Chongqing"",""Nantong"",""Shanghai""]","[""rail"",""water""]",30.04239088884153
d96-c97_49,25,adaptive,feasible-heuristic,4008.6496503103253,118.58805000000001,66.29054926352993,400,27,0,0,0.04324404202634469,"[""Chongqing"",""Nantong"",""Shanghai""]","[""rail"",""water""]",30.04239088884153
d96-c97_49,25,catastrophe,feasible-heuristic,4008.6496503103253,118.58805000000001,66.29054926352993,400,57,0,2,0.048674457997549325,"[""Chongqing"",""Nantong"",""Shanghai""]","[""rail"",""water""]",30.04239088884153
d96-c97_49,25,combined,feasible-heuristic,4008.6496503103253,118.58805000000001,66.29054926352993,400,69,0,2,0.062338959018234164,"[""Chongqing"",""Nantong"",""Shanghai""]","[""rail"",""water""]",30.04239088884153
d96-c97_49,25,hybrid-seeded,feasible-heuristic,3082.571477586001,206.35845,88.01621075404807,400,75,381,2,0.09207687497837469,"[""Chongqing"",""Jiujiang"",""Chizhou"",""Maanshan"",""Shanghai""]","[""rail"",""rail"",""rail"",""water""]",0.0
d96-c97_49,26,fixed,feasible-heuristic,4461.026219837395,75.50415,55.67081650317369,400,18,0,0,0.039933583000674844,"[""Chongqing"",""Shanghai""]","[""rail""]",44.717689509372825
d96-c97_49,26,adaptive,feasible-heuristic,4461.026219837395,75.50415,55.67081650317369,400,32,0,0,0.04280424996977672,"[""Chongqing"",""Shanghai""]","[""rail""]",44.717689509372825
d96-c97_49,26,catastrophe,feasible-heuristic,4230.417563277275,115.36439999999999,66.7529474797996,400,54,0,2,0.04863550001755357,"[""Chongqing"",""Zhangjiagang"",""Nantong"",""Shanghai""]","[""rail"",""water"",""rail""]",37.23664135730491
d96-c97_49,26,combined,feasible-heuristic,3923.209874602435,143.08545,73.57144683890455,400,44,0,1,0.04633462498895824,"[""Chongqing"",""Zhangjiagang"",""Shanghai""]","[""rail"",""water""]",27.270686280233413
d96-c97_49,26,hybrid-seeded,feasible-heuristic,3082.571477586001,206.35845,88.01621075404807,400,64,381,2,0.0915415000054054,"[""Chongqing"",""Jiujiang"",""Chizhou"",""Maanshan"",""Shanghai""]","[""rail"",""rail"",""rail"",""water""]",0.0
d96-c97_49,27,fixed,feasible-heuristic,5201.294537978045,164.71740000000003,89.52114389603092,400,24,0,0,0.04888483299873769,"[""Chongqing"",""Maanshan"",""Gaogang"",""Zhangjiagang"",""Shanghai""]","[""rail"",""rail"",""rail"",""water""]",68.73232545612345
d96-c97_49,27,adaptive,feasible-heuristic,5099.516851767127,185.74814999999998,95.51147106519426,400,38,0,0,0.05058566603111103,"[""Chongqing"",""Maanshan"",""Gaogang"",""Nantong"",""Shanghai""]","[""rail"",""rail"",""water"",""rail""]",65.43061170995523
d96-c97_49,27,catastrophe,feasible-heuristic,3536.4276601591077,199.07205,88.80390726492837,400,58,0,2,0.05191000003833324,"[""Chongqing"",""Jiujiang"",""Nanjing"",""Shanghai""]","[""rail"",""water"",""rail""]",14.723297930743428
d96-c97_49,27,combined,feasible-heuristic,5155.726796390109,139.81814999999997,81.12919197554665,400,52,0,1,0.052948332973755896,"[""Chongqing"",""Maanshan"",""Jiangyin"",""Nantong"",""Shanghai""]","[""rail"",""rail"",""water"",""rail""]",67.25408750059611
d96-c97_49,27,hybrid-seeded,feasible-heuristic,3082.571477586001,206.35845,88.01621075404807,400,76,381,2,0.09248070901958272,"[""Chongqing"",""Jiujiang"",""Chizhou"",""Maanshan"",""Shanghai""]","[""rail"",""rail"",""rail"",""water""]",0.0
d96-c97_49,28,fixed,feasible-heuristic,4461.026219837395,75.50415,55.67081650317369,400,27,0,0,0.04101804201491177,"[""Chongqing"",""Shanghai""]","[""rail""]",44.717689509372825
d96-c97_49,28,adaptive,feasible-heuristic,4461.026219837395,75.50415,55.67081650317369,400,31,0,0,0.04401533299824223,"[""Chongqing"",""Shanghai""]","[""rail""]",44.717689509372825
d96-c97_49,28,catastrophe,feasible-heuristic,4400.4334518934575,74.4786,54.91465666474322,400,62,0,2,0.04984299995703623,"[""Chongqing"",""Jiujiang"",""Shanghai""]","[""rail"",""rail""]",42.752032966304164
d96-c97_49,28,combined,feasible-heuristic,4461.026219837395,75.50415,55.67081650317369,400,72,0,2,0.049981791991740465,"[""Chongqing"",""Shanghai""]","[""rail""]",44.717689509372825
d96-c97_49,28,hybrid-seeded,feasible-heuristic,3082.571477586001,206.35845,88.01621075404807,400,68,381,2,0.09073841699864715,"[""Chongqing"",""Jiujiang"",""Chizhou"",""Maanshan"",""Shanghai""]","[""rail"",""rail"",""rail"",""water""]",0.0
d96-c97_49,29,fixed,feasible-heuristic,3950.1597748109,159.24644999999998,78.96069235787078,400,18,0,0,0.04208275000564754,"[""Chongqing"",""Zhangjiagang"",""Nantong"",""Shanghai""]","[""rail"",""water"",""water""]",28.14495311895633
d96-c97_49,29,adaptive,feasible-heuristic,3923.209874602435,143.08545,73.57144683890455,400,22,0,0,0.043518499995116144,"[""Chongqing"",""Zhangjiagang"",""Shanghai""]","[""rail"",""water""]",27.270686280233413
d96-c97_49,29,catastrophe,feasible-heuristic,3950.1597748109,159.24644999999998,78.96069235787078,400,35,0,1,0.0456222080392763,"[""Chongqing"",""Zhangjiagang"",""Nantong"",""Shanghai""]","[""rail"",""water"",""water""]",28.14495311895633
d96-c97_49,29,combined,feasible-heuristic,3923.209874602435,143.08545,73.57144683890455,400,53,0,2,0.05015362496487796,"[""Chongqing"",""Zhangjiagang"",""Shanghai""]","[""rail"",""water""]",27.270686280233413
d96-c97_49,29,hybrid-seeded,feasible-heuristic,3082.571477586001,206.35845,88.01621075404807,400,83,381,2,0.09386512503260747,"[""Chongqing"",""Jiujiang"",""Chizhou"",""Maanshan"",""Shanghai""]","[""rail"",""rail"",""rail"",""water""]",0.0
d192-c97_49,0,fixed,feasible-heuristic,1657.572716389583,509.6253,175.56700781990574,400,23,0,0,0.04537383298156783,"[""Chongqing"",""Jiangyin"",""Zhangjiagang"",""Shanghai""]","[""water"",""rail"",""rail""]",90.07397654910518
d192-c97_49,0,adaptive,feasible-heuristic,1780.762853008001,607.7729999999999,170.68518940413963,400,42,0,0,0.052511250018142164,"[""Chongqing"",""Wuhu"",""Maanshan"",""Shanghai""]","[""water"",""road"",""water""]",104.20019792519768
d192-c97_49,0,catastrophe,feasible-heuristic,1550.8837250367676,542.1417000000001,185.2784986627675,400,56,0,2,0.05148920801002532,"[""Chongqing"",""Jiangyin"",""Zhangjiagang"",""Nantong"",""Shanghai""]","[""water"",""water"",""rail"",""rail""]",77.8399426271348
d192-c97_49,0,combined,feasible-heuristic,923.9858583632139,554.085,184.77198832847017,400,66,0,1,0.05717550002736971,"[""Chongqing"",""Wuhu"",""Zhangjiagang"",""Shanghai""]","[""water"",""water"",""water""]",5.953521458033362
d192-c97_49,0,hybrid-seeded,feasible-heuristic,872.0671532651146,522.951,174.38966235931636,400,67,65,2,0.06700441602151841,"[""Chongqing"",""Wuhu"",""Maanshan"",""Shanghai""]","[""water"",""water"",""water""]",0.0
d192-c97_49,1,fixed,feasible-heuristic,1774.9828362844614,511.6125,177.0322126669917,400,28,0,0,0.04712670802837238,"[""Chongqing"",""Jiangyin"",""Zhangjiagang"",""Nantong"",""Shanghai""]","[""water"",""rail"",""rail"",""rail""]",103.53740301291383
d192-c97_49,1,adaptive,feasible-heuristic,1619.8824995842724,552.7507500000002,189.05664023911677,400,35,0,0,0.04903491697041318,"[""Chongqing"",""Jiangyin"",""Zhangjiagang"",""Nantong"",""Shanghai""]","[""water"",""rail"",""water"",""rail""]",85.75203681496953
d192-c97_49,1,catastrophe,feasible-heuristic,1774.9828362844614,511.6125,177.0322126669917,400,51,0,1,0.05001674999948591,"[""Chongqing"",""Jiangyin"",""Zhangjiagang"",""Nantong"",""Shanghai""]","[""water"",""rail"",""rail"",""rail""]",103.53740301291383
d192-c97_49,1,combined,feasible-heuristic,1619.8824995842724,552.7507500000002,189.05664023911677,400,57,0,1,0.05198654194828123,"[""Chongqing"",""Jiangyin"",""Zhangjiagang"",""Nantong"",""Shanghai""]","[""water"",""rail"",""water"",""rail""]",85.75203681496953
d192-c97_49,1,hybrid-seeded,feasible-heuristic,872.0671532651146,522.951,174.38966235931636,400,61,65,2,0.06058908300474286,"[""Chongqing"",""Wuhu"",""Maanshan"",""Shanghai""]","[""water"",""water"",""water""]",0.0
d192-c97_49,2,fixed,feasible-heuristic,1937.9394741737756,523.7331,181.95756399269075,400,34,0,0,0.05641062499489635,"[""Chongqing"",""Nanjing"",""Gaogang"",""Zhangjiagang"",""Shanghai""]","[""water"",""rail"",""water"",""rail""]",122.22365180455643
d192-c97_49,2,adaptive,feasible-heuristic,1937.9394741737756,523.7331,181.95756399269075,400,33,0,0,0.20534425001824275,"[""Chongqing"",""Nanjing"",""Gaogang"",""Zhangjiagang"",""Shanghai""]","[""water"",""rail"",""water"",""rail""]",122.22365180455643
d192-c97_49,2,catastrophe,feasible-heuristic,1937.9394741737756,523.7331,181.95756399269075,400,68,0,2,0.062300916004460305,"[""Chongqing"",""Nanjing"",""Gaogang"",""Zhangjiagang"",""Shanghai""]","[""water"",""rail"",""water"",""rail""]",122.22365180455643
d192-c97_49,2,combined,feasible-heuristic,1275.2829234139979,552.80295,186.77016258337108,400,91,0,2,0.06477375002577901,"[""Chongqing"",""Jiujiang"",""Nantong"",""Shanghai""]","[""water"",""water"",""rail""]",46.23677989008064
d192-c97_49,2,hybrid-seeded,feasible-heuristic,872.0671532651146,522.951,174.38966235931636,400,81,65,2,0.06857479095924646,"[""Chongqing"",""Wuhu"",""Maanshan"",""Shanghai""]","[""water"",""water"",""water""]",0.0
d192-c97_49,3,fixed,feasible-heuristic,1954.2728417122137,670.122,188.2901684699008,400,19,0,0,0.05339912499766797,"[""Chongqing"",""Wuhu"",""Jiangyin"",""Zhangjiagang"",""Shanghai""]","[""water"",""water"",""road"",""water""]",124.09660017525059
d192-c97_49,3,adaptive,feasible-heuristic,1248.8633163969369,536.9599499999999,181.48696124948194,400,33,0,0,0.059330749965738505,"[""Chongqing"",""Wuhu"",""Nantong"",""Shanghai""]","[""water"",""water"",""rail""]",43.20724174979602
d192-c97_49,3,catastrophe,feasible-heuristic,1654.7810355496913,509.57805,175.53216938943834,400,53,0,2,0.05689095798879862,"[""Chongqing"",""Jiangyin"",""Nantong"",""Shanghai""]","[""water"",""rail"",""rail""]",89.75385431660973
d192-c97_49,3,combined,feasible-heuristic,1248.8633163969369,536.9599499999999,181.48696124948194,400,74,0,2,0.06265325000276789,"[""Chongqing"",""Wuhu"",""Nantong"",""Shanghai""]","[""water"",""water"",""rail""]",43.20724174979602
d192-c97_49,3,hybrid-seeded,feasible-heuristic,872.0671532651146,522.951,174.38966235931636,400,63,65,2,0.07036166702164337,"[""Chongqing"",""Wuhu"",""Maanshan"",""Shanghai""]","[""water"",""water"",""water""]",0.0
d192-c97_49,4,fixed,feasible-heuristic,2499.7721663754783,404.433,147.64599020268832,400,30,0,0,0.05452295899158344,"[""Chongqing"",""Wuxue"",""Zhenjiang"",""Shanghai""]","[""rail"",""water"",""water""]",186.649044975041
d192-c97_49,4,adaptive,feasible-heuristic,2499.7721663754783,404.433,147.64599020268832,400,37,0,0,0.05692050000652671,"[""Chongqing"",""Wuxue"",""Zhenjiang"",""Shanghai""]","[""rail"",""water"",""water""]",186.649044975041
d192-c97_49,4,catastrophe,feasible-heuristic,1896.1862029772856,667.3788,189.82767824351592,400,71,0,2,0.06074941600672901,"[""Chongqing"",""Chenglingji"",""Zhangjiagang"",""Nantong"",""Shanghai""]","[""water"",""water"",""road"",""water""]",117.43580134600387
d192-c97_49,4,combined,feasible-heuristic,1276.6436757542067,553.6189500000002,187.04227596394634,400,78,0,2,0.06549199996516109,"[""Chongqing"",""Jiangyin"",""Nantong"",""Shanghai""]","[""water"",""water"",""rail""]",46.39281745382951
d192-c97_49,4,hybrid-seeded,feasible-heuristic,872.0671532651146,522.951,174.38966235931636,400,69,65,2,0.06384825002169237,"[""Chongqing"",""Wuhu"",""Maanshan"",""Shanghai""]","[""water"",""water"",""water""]",0.0
d192-c97_49,5,fixed,feasible-heuristic,1885.0556572268288,518.8367999999999,180.13080785728425,400,40,0,0,0.070006416994147,"[""Chongqing"",""Honghu"",""Maanshan"",""Shanghai""]","[""rail"",""water"",""water""]",116.15946090492857
d192-c97_49,5,adaptive,feasible-heuristic,3175.7010856935203,452.33085,167.6905514764158,400,58,0,0,0.06339729198953137,"[""Chongqing"",""Honghu"",""Wuxue"",""Maanshan"",""Nantong"",""Shanghai""]","[""rail"",""water"",""rail"",""water"",""water""]",264.1578602981833
d192-c97_49,5,catastrophe,feasible-heuristic,1311.2468743383859,552.5946,186.8958068458511,400,74,0,2,0.07770770799834281,"[""Chongqing"",""Anqing"",""Chizhou"",""Shanghai""]","[""water"",""rail"",""water""]",50.360768597800586
d192-c97_49,5,combined,feasible-heuristic,923.9858583632139,554.085,184.77198832847017,400,97,0,2,0.07221070799278095,"[""Chongqing"",""Wuhu"",""Zhangjiagang"",""Shanghai""]","[""water"",""water"",""water""]",5.953521458033362
d192-c97_49,5,hybrid-seeded,feasible-heuristic,872.0671532651146,522.951,174.38966235931636,400,80,65,2,0.06961950002005324,"[""Chongqing"",""Wuhu"",""Maanshan"",""Shanghai""]","[""water"",""water"",""water""]",0.0
d192-c97_49,6,fixed,feasible-heuristic,1633.6787061558712,494.6151,170.56951841109023,400,25,0,0,0.0757646249840036,"[""Chongqing"",""Yichang"",""Shashi"",""Zhangjiagang"",""Shanghai""]","[""rail"",""rail"",""water"",""water""]",87.33404876438699
d192-c97_49,6,adaptive,feasible-heuristic,1633.6787061558712,494.6151,170.56951841109023,400,34,0,0,0.07425604201853275,"[""Chongqing"",""Yichang"",""Shashi"",""Zhangjiagang"",""Shanghai""]","[""rail"",""rail"",""water"",""water""]",87.33404876438699
d192-c97_49,6,catastrophe,feasible-heuristic,1633.6787061558712,494.6151,170.56951841109023,400,73,0,2,0.07037125003989786,"[""Chongqing"",""Yichang"",""Shashi"",""Zhangjiagang"",""Shanghai""]","[""rail"",""rail"",""water"",""water""]",87.33404876438699
d192-c97_49,6,combined,feasible-heuristic,1633.6787061558712,494.6151,170.56951841109023,400,92,0,2,0.07073524995939806,"[""Chongqing"",""Yichang"",""Shashi"",""Zhangjiagang"",""Shanghai""]","[""rail"",""rail"",""water"",""water""]",87.33404876438699
d192-c97_49,6,hybrid-seeded,feasible-heuristic,872.0671532651146,522.951,174.38966235931636,400,86,65,2,0.06931362504838035,"[""Chongqing"",""Wuhu"",""Maanshan"",""Shanghai""]","[""water"",""water"",""water""]",0.0
d192-c97_49,7,fixed,feasible-heuristic,3476.758860564751,313.98795,125.41785886093624,400,19,0,0,0.049439082969911397,"[""Chongqing"",""Nanjing"",""Nantong"",""Shanghai""]","[""rail"",""water"",""water""]",298.6801758955588
d192-c97_49,7,adaptive,feasible-heuristic,2520.8175596389265,470.0043,168.83083065963,400,34,0,0,0.051578457991126925,"[""Chongqing"",""Anqing"",""Gaogang"",""Jiangyin"",""Shanghai""]","[""water"",""rail"",""water"",""water""]",189.06232165730708
d192-c97_49,7,catastrophe,feasible-heuristic,1804.3070769240576,482.50874999999996,167.81426714270972,400,58,0,2,0.05836437502875924,"[""Chongqing"",""Shashi"",""Jiangyin"",""Nantong"",""Shanghai""]","[""rail"",""water"",""water"",""rail""]",106.9000156889908
d192-c97_49,7,combined,feasible-heuristic,929.4338704900042,557.3520000000001,185.8614422676115,400,60,0,1,0.05276683403644711,"[""Chongqing"",""Anqing"",""Shanghai""]","[""water"",""water""]",6.578245380542347
d192-c97_49,7,hybrid-seeded,feasible-heuristic,872.0671532651146,522.951,174.38966235931636,400,65,65,2,0.06450383400078863,"[""Chongqing"",""Wuhu"",""Maanshan"",""Shanghai""]","[""water"",""water"",""water""]",0.0
d192-c97_49,8,fixed,feasible-heuristic,2521.224026797587,417.297,151.93577761410975,400,26,0,0,0.058599250041879714,"[""Chongqing"",""Wuxue"",""Nantong"",""Shanghai""]","[""rail"",""water"",""water""]",189.10893127413976
d192-c97_49,8,adaptive,feasible-heuristic,2521.224026797587,417.297,151.93577761410975,400,32,0,0,0.05899837502511218,"[""Chongqing"",""Wuxue"",""Nantong"",""Shanghai""]","[""rail"",""water"",""water""]",189.10893127413976
d192-c97_49,8,catastrophe,feasible-heuristic,929.4338704900042,557.3520000000001,185.8614422676115,400,73,0,2,0.060996458982117474,"[""Chongqing"",""Anqing"",""Shanghai""]","[""water"",""water""]",6.578245380542347
d192-c97_49,8,combined,feasible-heuristic,2521.224026797587,417.297,151.93577761410975,400,82,0,2,0.07019445899641141,"[""Chongqing"",""Wuxue"",""Nantong"",""Shanghai""]","[""rail"",""water"",""water""]",189.10893127413976
d192-c97_49,8,hybrid-seeded,feasible-heuristic,872.0671532651146,522.951,174.38966235931636,400,77,65,2,0.07048070797463879,"[""Chongqing"",""Wuhu"",""Maanshan"",""Shanghai""]","[""water"",""water"",""water""]",0.0
d192-c97_49,9,fixed,feasible-heuristic,2325.515479501781,531.7309500000001,187.31722432793816,400,39,0,0,0.068205916963052,"[""Chongqing"",""Honghu"",""Jiujiang"",""Nanjing"",""Zhenjiang"",""Shanghai""]","[""water"",""water"",""rail"",""rail"",""water""]",166.66701879491703
d192-c97_49,9,adaptive,feasible-heuristic,2325.515479501781,531.7309500000001,187.31722432793816,400,39,0,0,0.07427699997788295,"[""Chongqing"",""Honghu"",""Jiujiang"",""Nanjing"",""Zhenjiang"",""Shanghai""]","[""water"",""water"",""rail"",""rail"",""water""]",166.66701879491703
d192-c97_49,9,catastrophe,feasible-heuristic,1599.3517148093736,522.56565,179.26067522003183,400,84,0,2,0.06615299999248236,"[""Chongqing"",""Nanjing"",""Jiangyin"",""Shanghai""]","[""water"",""rail"",""water""]",83.39777032321723
d192-c97_49,9,combined,feasible-heuristic,1945.0948174480227,520.73265,181.10280320324853,400,81,0,2,0.06925370899261907,"[""Chongqing"",""Chenglingji"",""Wuxue"",""Shanghai""]","[""water"",""rail"",""water""]",123.04415550630195
d192-c97_49,9,hybrid-seeded,feasible-heuristic,872.0671532651146,522.951,174.38966235931636,400,76,65,2,0.06750579195795581,"[""Chongqing"",""Wuhu"",""Maanshan"",""Shanghai""]","[""water"",""water"",""water""]",0.0
d192-c97_49,10,fixed,feasible-heuristic,2340.6769316072514,516.31185,182.46288199641754,400,26,0,0,0.061806334007997066,"[""Chongqing"",""Honghu"",""Chizhou"",""Nantong"",""Shanghai""]","[""water"",""rail"",""water"",""water""]",168.40558354290738
d192-c97_49,10,adaptive,feasible-heuristic,927.0825704903793,555.942,185.39124635264693,400,41,0,0,0.05712129099993035,"[""Chongqing"",""Honghu"",""Shanghai""]","[""water"",""water""]",6.30862164906465
d192-c97_49,10,catastrophe,feasible-heuristic,2316.8228513256954,504.78689999999995,178.64731092273254,400,73,0,2,0.06222062499728054,"[""Chongqing"",""Shashi"",""Nanjing"",""Zhenjiang"",""Shanghai""]","[""water"",""water"",""rail"",""rail""]",165.67023452852888
d192-c97_49,10,combined,feasible-heuristic,927.0825704903793,555.942,185.39124635264693,400,80,0,2,0.056966208037920296,"[""Chongqing"",""Honghu"",""Shanghai""]","[""water"",""water""]",6.30862164906465
d192-c97_49,10,hybrid-seeded,feasible-heuristic,872.0671532651146,522.951,174.38966235931636,400,72,65,2,0.061661707994062454,"[""Chongqing"",""Wuhu"",""Maanshan"",""Shanghai""]","[""water"",""water"",""water""]",0.0
d192-c97_49,11,fixed,feasible-heuristic,2679.7587719246603,448.6554,163.14021695181225,400,25,0,0,0.09309770801337436,"[""Chongqing"",""Huangshi"",""Chizhou"",""Tongling"",""Nantong"",""Shanghai""]","[""water"",""water"",""water"",""rail"",""rail""]",207.28812132085827
d192-c97_49,11,adaptive,feasible-heuristic,2145.1778870537532,445.93005,158.44294495302069,400,37,0,0,0.11062570801004767,"[""Chongqing"",""Wuxue"",""Maanshan"",""Shanghai""]","[""water"",""rail"",""water""]",145.98769475744766
d192-c97_49,11,catastrophe,feasible-heuristic,1513.9207965997223,507.19395000000003,173.77432172642622,400,57,0,1,0.0682446249993518,"[""Chongqing"",""Jiangyin"",""Shanghai""]","[""water"",""rail""]",73.60140109983935
d192-c97_49,11,combined,feasible-heuristic,2145.1778870537532,445.93005,158.44294495302069,400,70,0,2,0.06241095799487084,"[""Chongqing"",""Wuxue"",""Maanshan"",""Shanghai""]","[""water"",""rail"",""water""]",145.98769475744766
d192-c97_49,11,hybrid-seeded,feasible-heuristic,872.0671532651146,522.951,174.38966235931636,400,77,65,2,0.06437220796942711,"[""Chongqing"",""Wuhu"",""Maanshan"",""Shanghai""]","[""water"",""water"",""water""]",0.0
d192-c97_49,12,fixed,feasible-heuristic,1986.103520272981,680.5752000000001,189.5310232434606,400,28,0,0,0.047262542007956654,"[""Chongqing"",""Jiangyin"",""Nantong"",""Shanghai""]","[""water"",""water"",""road""]",127.74662625886006
d192-c97_49,12,adaptive,feasible-heuristic,1513.9207965997223,507.19395000000003,173.77432172642622,400,35,0,0,0.325795000011567,"[""Chongqing"",""Jiangyin"",""Shanghai""]","[""water"",""rail""]",73.60140109983935
d192-c97_49,12,catastrophe,feasible-heuristic,1986.103520272981,680.5752000000001,189.5310232434606,400,61,0,2,0.05309258296620101,"[""Chongqing"",""Jiangyin"",""Nantong"",""Shanghai""]","[""water"",""water"",""road""]",127.74662625886006
d192-c97_49,12,combined,feasible-heuristic,1513.9207965997223,507.19395000000003,173.77432172642622,400,67,0,2,0.05217979202279821,"[""Chongqing"",""Jiangyin"",""Shanghai""]","[""water"",""rail""]",73.60140109983935
d192-c97_49,12,hybrid-seeded,feasible-heuristic,872.0671532651146,522.951,174.38966235931636,400,67,65,2,0.06434825004544109,"[""Chongqing"",""Wuhu"",""Maanshan"",""Shanghai""]","[""water"",""water"",""water""]",0.0
d192-c97_49,13,fixed,feasible-heuristic,1485.7327039833328,503.07269999999994,172.25007015088755,400,27,0,0,0.053733957989607006,"[""Chongqing"",""Shashi"",""Zhangjiagang"",""Nantong"",""Shanghai""]","[""water"",""water"",""rail"",""rail""]",70.36907059514712
d192-c97_49,13,adaptive,feasible-heuristic,1280.8054066169586,550.34475,185.95781502895875,400,39,0,0,0.056271708046551794,"[""Chongqing"",""Shashi"",""Zhangjiagang"",""Nantong"",""Shanghai""]","[""water"",""water"",""rail"",""water""]",46.87004341597816
d192-c97_49,13,catastrophe,feasible-heuristic,1654.7810355496913,509.57805,175.53216938943834,400,58,0,2,0.05528974998742342,"[""Chongqing"",""Jiangyin"",""Nantong"",""Shanghai""]","[""water"",""rail"",""rail""]",89.75385431660973
d192-c97_49,13,combined,feasible-heuristic,1231.193547038054,526.36395,177.95348896936522,400,78,0,2,0.058226624969393015,"[""Chongqing"",""Wuhu"",""Zhangjiagang"",""Nantong"",""Shanghai""]","[""water"",""water"",""water"",""rail""]",41.181048091116715
d192-c97_49,13,hybrid-seeded,feasible-heuristic,872.0671532651146,522.951,174.38966235931636,400,77,65,2,0.11934587499126792,"[""Chongqing"",""Wuhu"",""Maanshan"",""Shanghai""]","[""water"",""water"",""water""]",0.0
d192-c97_49,14,fixed,feasible-heuristic,3065.8900658563134,399.25365,149.9012396791123,400,35,0,0,0.08717141702072695,"[""Chongqing"",""Anqing"",""Jiangyin"",""Nantong"",""Shanghai""]","[""water"",""rail"",""rail"",""water""]",251.56582315677025
d192-c97_49,14,adaptive,feasible-heuristic,1506.5946380349365,515.9238,176.53155766479927,400,44,0,0,0.056908167025540024,"[""Chongqing"",""Shashi"",""Gaogang"",""Jiangyin"",""Shanghai""]","[""rail"",""water"",""water"",""water""]",72.76130999706636
d192-c97_49,14,catastrophe,feasible-heuristic,2120.5567395702824,444.9456,158.01330869252843,400,81,0,2,0.06375391699839383,"[""Chongqing"",""Nanjing"",""Zhangjiagang"",""Shanghai""]","[""water"",""rail"",""rail""]",143.1643860946587
d192-c97_49,14,combined,feasible-heuristic,1506.5946380349365,515.9238,176.53155766479927,400,90,0,2,0.06299541599582881,"[""Chongqing"",""Shashi"",""Gaogang"",""Jiangyin"",""Shanghai""]","[""rail"",""water"",""water"",""water""]",72.76130999706636
d192-c97_49,14,hybrid-seeded,feasible-heuristic,872.0671532651146,522.951,174.38966235931636,400,77,65,2,0.06091308395843953,"[""Chongqing"",""Wuhu"",""Maanshan"",""Shanghai""]","[""water"",""water"",""water""]",0.0
d192-c97_49,15,fixed,feasible-heuristic,2158.393079953978,431.51295,153.89729935920116,400,29,0,0,0.05370208295062184,"[""Chongqing"",""Jiujiang"",""Nanjing"",""Zhenjiang"",""Nantong"",""Shanghai""]","[""water"",""rail"",""rail"",""water"",""water""]",147.50308182950346
d192-c97_49,15,adaptive,feasible-heuristic,3072.9026523742355,285.7599,113.49504878812026,400,26,0,0,0.04756683303276077,"[""Chongqing"",""Jiujiang"",""Shanghai""]","[""water"",""rail""]",252.36995693152213
d192-c97_49,15,catastrophe,feasible-heuristic,1664.3573930737682,559.5798,191.62694818744203,400,64,0,2,0.054491457995027304,"[""Chongqing"",""Nanjing"",""Gaogang"",""Nantong"",""Shanghai""]","[""water"",""water"",""rail"",""water""]",90.8519758876633
d192-c97_49,15,combined,feasible-heuristic,1574.1518191127186,551.0067,188.2341282203803,400,60,0,1,0.056411041994579136,"[""Chongqing"",""Jiujiang"",""Tongling"",""Wuhu"",""Nantong"",""Shanghai""]","[""water"",""rail"",""water"",""water"",""water""]",80.50809656331195
d192-c97_49,15,hybrid-seeded,feasible-heuristic,872.0671532651146,522.951,174.38966235931636,400,69,65,2,0.06055674998788163,"[""Chongqing"",""Wuhu"",""Maanshan"",""Shanghai""]","[""water"",""water"",""water""]",0.0
d192-c97_49,16,fixed,feasible-heuristic,925.0414419800666,554.7180000000001,184.98307628178407,400,34,0,0,0.049317291006445885,"[""Chongqing"",""Jiujiang"",""Nanjing"",""Shanghai""]","[""water"",""water"",""water""]",6.074565303441415
d192-c97_49,16,adaptive,feasible-heuristic,925.0414419800666,554.7180000000001,184.98307628178407,400,50,0,0,0.052061458001844585,"[""Chongqing"",""Jiujiang"",""Nanjing"",""Shanghai""]","[""water"",""water"",""water""]",6.074565303441415
d192-c97_49,16,catastrophe,feasible-heuristic,925.0414419800666,554.7180000000001,184.98307628178407,400,76,0,2,0.054208709043450654,"[""Chongqing"",""Jiujiang"",""Nanjing"",""Shanghai""]","[""water"",""water"",""water""]",6.074565303441415
d192-c97_49,16,combined,feasible-heuristic,925.0414419800666,554.7180000000001,184.98307628178407,400,102,0,2,0.05846387502970174,"[""Chongqing"",""Jiujiang"",""Nanjing"",""Shanghai""]","[""water"",""water"",""water""]",6.074565303441415
d192-c97_49,16,hybrid-seeded,feasible-heuristic,872.0671532651146,522.951,174.38966235931636,400,82,65,2,0.06048349995398894,"[""Chongqing"",""Wuhu"",""Maanshan"",""Shanghai""]","[""water"",""water"",""water""]",0.0
d192-c97_49,17,fixed,feasible-heuristic,2091.9515455213573,539.88225,188.29700813620408,400,23,0,0,0.050246333004906774,"[""Chongqing"",""Chenglingji"",""Nantong"",""Shanghai""]","[""rail"",""water"",""rail""]",139.88422654022256
d192-c97_49,17,adaptive,feasible-heuristic,1632.0244204879052,476.0223,164.57578260994015,400,33,0,0,0.054433083976618946,"[""Chongqing"",""Chenglingji"",""Zhangjiagang"",""Nantong"",""Shanghai""]","[""rail"",""water"",""water"",""water""]",87.14435171390502
d192-c97_49,17,catastrophe,feasible-heuristic,1771.143718105255,487.26284999999996,169.1708840683522,400,64,0,2,0.06036641699029133,"[""Chongqing"",""Honghu"",""Gaogang"",""Shanghai""]","[""water"",""water"",""rail""]",103.09717106921177
d192-c97_49,17,combined,feasible-heuristic,1632.0244204879052,476.0223,164.57578260994015,400,57,0,1,0.059438458003569394,"[""Chongqing"",""Chenglingji"",""Zhangjiagang"",""Nantong"",""Shanghai""]","[""rail"",""water"",""water"",""water""]",87.14435171390502
d192-c97_49,17,hybrid-seeded,feasible-heuristic,872.0671532651146,522.951,174.38966235931636,400,69,65,2,0.060856209020130336,"[""Chongqing"",""Wuhu"",""Maanshan"",""Shanghai""]","[""water"",""water"",""water""]",0.0
d192-c97_49,18,fixed,feasible-heuristic,1256.697077471869,535.8877499999999,181.13680627531136,400,25,0,0,0.04545845900429413,"[""Chongqing"",""Wuhu"",""Zhangjiagang"",""Nantong"",""Shanghai""]","[""water"",""water"",""rail"",""water""]",44.10553966706097
d192-c97_49,18,adaptive,feasible-heuristic,1570.0555389180874,558.8845500000001,190.7399575450629,400,30,0,0,0.051639416022226214,"[""Chongqing"",""Jiangyin"",""Zhangjiagang"",""Nantong"",""Shanghai""]","[""water"",""rail"",""rail"",""water""]",80.03837583374494
d192-c97_49,18,catastrophe,feasible-heuristic,1256.697077471869,535.8877499999999,181.13680627531136,400,63,0,2,0.05083333299262449,"[""Chongqing"",""Wuhu"",""Zhangjiagang"",""Nantong"",""Shanghai""]","[""water"",""water"",""rail"",""water""]",44.10553966706097
d192-c97_49,18,combined,feasible-heuristic,2058.727069689725,532.04985,185.60357916851777,400,76,0,2,0.05715795804280788,"[""Chongqing"",""Zhicheng"",""Zhenjiang"",""Shanghai""]","[""water"",""water"",""rail""]",136.07437362840992
d192-c97_49,18,hybrid-seeded,feasible-heuristic,872.0671532651146,522.951,174.38966235931636,400,65,65,2,0.059263333037961274,"[""Chongqing"",""Wuhu"",""Maanshan"",""Shanghai""]","[""water"",""water"",""water""]",0.0
d192-c97_49,19,fixed,feasible-heuristic,929.4338704900042,557.3520000000001,185.8614422676115,400,22,0,0,0.04712612496223301,"[""Chongqing"",""Anqing"",""Shanghai""]","[""water"",""water""]",6.578245380542347
d192-c97_49,19,adaptive,feasible-heuristic,929.4338704900042,557.3520000000001,185.8614422676115,400,35,0,0,0.048016333021223545,"[""Chongqing"",""Anqing"",""Shanghai""]","[""water"",""water""]",6.578245380542347
d192-c97_49,19,catastrophe,feasible-heuristic,929.4338704900042,557.3520000000001,185.8614422676115,400,69,0,2,0.05271941696992144,"[""Chongqing"",""Anqing"",""Shanghai""]","[""water"",""water""]",6.578245380542347
d192-c97_49,19,combined,feasible-heuristic,929.4338704900042,557.3520000000001,185.8614422676115,400,76,0,2,0.053407083032652736,"[""Chongqing"",""Anqing"",""Shanghai""]","[""water"",""water""]",6.578245380542347
d192-c97_49,19,hybrid-seeded,feasible-heuristic,872.0671532651146,522.951,174.38966235931636,400,65,65,2,0.060014499991666526,"[""Chongqing"",""Wuhu"",""Maanshan"",""Shanghai""]","[""water"",""water"",""water""]",0.0
d192-c97_49,20,fixed,feasible-heuristic,2243.096598337574,458.94255,163.31836254503042,400,28,0,0,0.05205820902483538,"[""Chongqing"",""Huangshi"",""Nanjing"",""Shanghai""]","[""water"",""rail"",""water""]",157.2160400651688
d192-c97_49,20,adaptive,feasible-heuristic,2498.7481139939237,529.7047500000001,187.94407340455138,400,40,0,0,0.05824729200685397,"[""Chongqing"",""Yangluo"",""Chizhou"",""Nantong"",""Shanghai""]","[""rail"",""water"",""water"",""water""]",186.53161681853717
d192-c97_49,20,catastrophe,feasible-heuristic,2243.096598337574,458.94255,163.31836254503042,400,78,0,2,0.05765187501674518,"[""Chongqing"",""Huangshi"",""Nanjing"",""Shanghai""]","[""water"",""rail"",""water""]",157.2160400651688
d192-c97_49,20,combined,feasible-heuristic,2498.7481139939237,529.7047500000001,187.94407340455138,400,62,0,1,0.06004875001963228,"[""Chongqing"",""Yangluo"",""Chizhou"",""Nantong"",""Shanghai""]","[""rail"",""water"",""water"",""water""]",186.53161681853717
d192-c97_49,20,hybrid-seeded,feasible-heuristic,872.0671532651146,522.951,174.38966235931636,400,72,65,2,0.06160679098684341,"[""Chongqing"",""Wuhu"",""Maanshan"",""Shanghai""]","[""water"",""water"",""water""]",0.0
d192-c97_49,21,fixed,feasible-heuristic,2185.9533275025833,433.3737,154.7501184735802,400,28,0,0,0.046651790966279805,"[""Chongqing"",""Wuhu"",""Nanjing"",""Jiangyin"",""Nantong"",""Shanghai""]","[""water"",""water"",""rail"",""rail"",""rail""]",150.66341729741058
d192-c97_49,21,adaptive,feasible-heuristic,1809.0642052675266,503.14814999999993,174.48830652774873,400,41,0,0,0.04944895795779303,"[""Chongqing"",""Wuhu"",""Gaogang"",""Nantong"",""Shanghai""]","[""water"",""rail"",""water"",""water""]",107.44551592090046
d192-c97_49,21,catastrophe,feasible-heuristic,2012.4535476523963,447.7338,158.1500174385028,400,70,0,2,0.05998862499836832,"[""Chongqing"",""Shashi"",""Maanshan"",""Shanghai""]","[""water"",""water"",""rail""]",130.76818569734573
d192-c97_49,21,combined,feasible-heuristic,1850.4020603673139,527.9371499999999,182.75475087956198,400,55,0,1,0.0521910420502536,"[""Chongqing"",""Wuhu"",""Gaogang"",""Zhangjiagang"",""Nantong"",""Shanghai""]","[""water"",""rail"",""water"",""water"",""water""]",112.18573058728407
d192-c97_49,21,hybrid-seeded,feasible-heuristic,872.0671532651146,522.951,174.38966235931636,400,73,65,2,0.060618292016442865,"[""Chongqing"",""Wuhu"",""Maanshan"",""Shanghai""]","[""water"",""water"",""water""]",0.0
d192-c97_49,22,fixed,feasible-heuristic,3001.478589398598,496.746,180.87593018778023,400,26,0,0,0.05987004196504131,"[""Chongqing"",""Hankou"",""Jiujiang"",""Zhenjiang"",""Jiangyin"",""Shanghai""]","[""rail"",""rail"",""water"",""water"",""water""]",244.1797547540616
d192-c97_49,22,adaptive,feasible-heuristic,2126.870905092116,445.8192,158.33879570180594,400,44,0,0,0.05292537499917671,"[""Chongqing"",""Hankou"",""Jiangyin"",""Shanghai""]","[""rail"",""water"",""water""]",143.88843188610872
d192-c97_49,22,catastrophe,feasible-heuristic,2288.845458470528,542.9502000000001,190.72929174182264,400,67,0,2,0.05942612496437505,"[""Chongqing"",""Hankou"",""Shanghai""]","[""rail"",""water""]",162.4620649798402
d192-c97_49,22,combined,feasible-heuristic,927.0825704903793,555.942,185.39124635264693,400,85,0,2,0.05792425002437085,"[""Chongqing"",""Honghu"",""Shanghai""]","[""water"",""water""]",6.30862164906465
d192-c97_49,22,hybrid-seeded,feasible-heuristic,872.0671532651146,522.951,174.38966235931636,400,73,65,2,0.060518290963955224,"[""Chongqing"",""Wuhu"",""Maanshan"",""Shanghai""]","[""water"",""water"",""water""]",0.0
d192-c97_49,23,fixed,feasible-heuristic,2496.990628503582,402.76500000000004,147.08975843945365,400,27,0,0,0.04714308399707079,"[""Chongqing"",""Wuxue"",""Shanghai""]","[""rail"",""water""]",186.33008583737802
d192-c97_49,23,adaptive,feasible-heuristic,3033.9005729915852,388.9422,146.29831415378644,400,35,0,0,0.052481874998193234,"[""Chongqing"",""Wuxue"",""Gaogang"",""Zhangjiagang"",""Shanghai""]","[""rail"",""water"",""rail"",""water""]",247.8975858260835
d192-c97_49,23,catastrophe,feasible-heuristic,2496.990628503582,402.76500000000004,147.08975843945365,400,71,0,2,0.05303470796206966,"[""Chongqing"",""Wuxue"",""Shanghai""]","[""rail"",""water""]",186.33008583737802
d192-c97_49,23,combined,feasible-heuristic,1654.7810355496913,509.57805,175.53216938943834,400,82,0,2,0.05669891700381413,"[""Chongqing"",""Jiangyin"",""Nantong"",""Shanghai""]","[""water"",""rail"",""rail""]",89.75385431660973
d192-c97_49,23,hybrid-seeded,feasible-heuristic,872.0671532651146,522.951,174.38966235931636,400,79,65,2,0.06054416601546109,"[""Chongqing"",""Wuhu"",""Maanshan"",""Shanghai""]","[""water"",""water"",""water""]",0.0
d192-c97_49,24,fixed,feasible-heuristic,4716.542172710714,283.2822,80.76278008001515,400,27,0,0,0.05548054201062769,"[""Chongqing"",""Honghu"",""Nanjing"",""Jiangyin"",""Nantong"",""Shanghai""]","[""rail"",""rail"",""water"",""rail"",""road""]",440.84621293801354
d192-c97_49,24,adaptive,feasible-heuristic,2306.098595490799,466.01444999999995,166.03683808554584,400,43,0,0,0.054237459029536694,"[""Chongqing"",""Wuxue"",""Nanjing"",""Jiangyin"",""Shanghai""]","[""water"",""rail"",""water"",""water""]",164.4404833798079
d192-c97_49,24,catastrophe,feasible-heuristic,2650.2172129313985,369.32205,137.4074922001786,400,65,0,2,0.053341332997661084,"[""Chongqing"",""Wuhu"",""Shanghai""]","[""water"",""rail""]",203.90058873433037
d192-c97_49,24,combined,feasible-heuristic,2784.860431063099,440.53155,161.0848390558482,400,81,0,2,0.05993858398869634,"[""Chongqing"",""Wuxue"",""Nanjing"",""Jiangyin"",""Nantong"",""Shanghai""]","[""water"",""rail"",""water"",""rail"",""water""]",219.34013574944058
d192-c97_49,24,hybrid-seeded,feasible-heuristic,872.0671532651146,522.951,174.38966235931636,400,81,65,2,0.062400042021181434,"[""Chongqing"",""Wuhu"",""Maanshan"",""Shanghai""]","[""water"",""water"",""water""]",0.0
d192-c97_49,25,fixed,feasible-heuristic,3442.903659745931,396.17955,151.50371924178833,400,23,0,0,0.05327333300374448,"[""Chongqing"",""Hankou"",""Zhenjiang"",""Nantong"",""Shanghai""]","[""water"",""rail"",""water"",""rail""]",294.7979977064064
d192-c97_49,25,adaptive,feasible-heuristic,1773.0897940623913,488.42984999999993,169.5600462192484,400,29,0,0,0.0494380829622969,"[""Chongqing"",""Wuhu"",""Gaogang"",""Shanghai""]","[""water"",""water"",""rail""]",103.32032773207311
d192-c97_49,25,catastrophe,feasible-heuristic,872.0671532651146,522.951,174.38966235931636,400,72,0,2,0.05440870800521225,"[""Chongqing"",""Wuhu"",""Maanshan"",""Shanghai""]","[""water"",""water"",""water""]",0.0
d192-c97_49,25,combined,feasible-heuristic,872.0671532651146,522.951,174.38966235931636,400,78,0,2,0.05413366697030142,"[""Chongqing"",""Wuhu"",""Maanshan"",""Shanghai""]","[""water"",""water"",""water""]",0.0
d192-c97_49,25,hybrid-seeded,feasible-heuristic,872.0671532651146,522.951,174.38966235931636,400,61,65,2,0.05970924999564886,"[""Chongqing"",""Wuhu"",""Maanshan"",""Shanghai""]","[""water"",""water"",""water""]",0.0
d192-c97_49,26,fixed,feasible-heuristic,2408.674548239095,402.86414999999994,146.44017962740296,400,22,0,0,0.04879791697021574,"[""Chongqing"",""Hankou"",""Nantong"",""Shanghai""]","[""rail"",""water"",""rail""]",176.20287488420527
d192-c97_49,26,adaptive,feasible-heuristic,2128.4167597727205,446.7462,158.64792450547412,400,31,0,0,0.05082358297659084,"[""Chongqing"",""Hankou"",""Nantong"",""Shanghai""]","[""rail"",""water"",""water""]",144.06569514786742
d192-c97_49,26,catastrophe,feasible-heuristic,952.2114638906252,571.0110000000001,190.4163401417257,400,74,0,2,0.05367633298737928,"[""Chongqing"",""Jiujiang"",""Shanghai""]","[""water"",""water""]",9.190153570793424
d192-c97_49,26,combined,feasible-heuristic,2128.4167597727205,446.7462,158.64792450547412,400,54,0,1,0.05322662502294406,"[""Chongqing"",""Hankou"",""Nantong"",""Shanghai""]","[""rail"",""water"",""water""]",144.06569514786742
d192-c97_49,26,hybrid-seeded,feasible-heuristic,872.0671532651146,522.951,174.38966235931636,400,67,65,2,0.06059975002426654,"[""Chongqing"",""Wuhu"",""Maanshan"",""Shanghai""]","[""water"",""water"",""water""]",0.0
d192-c97_49,27,fixed,feasible-heuristic,2534.542312978498,327.38849999999996,123.04175789008065,400,28,0,0,0.04733525001211092,"[""Chongqing"",""Jiujiang"",""Nantong"",""Shanghai""]","[""water"",""rail"",""water""]",190.63614005972994
d192-c97_49,27,adaptive,feasible-heuristic,2534.542312978498,327.38849999999996,123.04175789008065,400,30,0,0,0.048956000013276935,"[""Chongqing"",""Jiujiang"",""Nantong"",""Shanghai""]","[""water"",""rail"",""water""]",190.63614005972994
d192-c97_49,27,catastrophe,feasible-heuristic,2104.382310070327,410.89334999999994,146.82290765627243,400,79,0,2,0.05461900000227615,"[""Chongqing"",""Jiujiang"",""Wuhu"",""Zhangjiagang"",""Shanghai""]","[""water"",""rail"",""water"",""rail""]",141.30966315968786
d192-c97_49,27,combined,feasible-heuristic,1533.79546971345,483.25365,166.15121294408348,400,75,0,2,0.056439749954734,"[""Chongqing"",""Jiujiang"",""Nanjing"",""Jiangyin"",""Shanghai""]","[""water"",""water"",""rail"",""water""]",75.88043122261313
d192-c97_49,27,hybrid-seeded,feasible-heuristic,872.0671532651146,522.951,174.38966235931636,400,62,65,2,0.05982912500621751,"[""Chongqing"",""Wuhu"",""Maanshan"",""Shanghai""]","[""water"",""water"",""water""]",0.0
d192-c97_49,28,fixed,feasible-heuristic,1776.034563318036,540.2959500000001,186.20802107990275,400,31,0,0,0.04846412502229214,"[""Chongqing"",""Nanjing"",""Zhenjiang"",""Jiangyin"",""Nantong"",""Shanghai""]","[""water"",""rail"",""rail"",""water"",""water""]",103.65800462365411
d192-c97_49,28,adaptive,feasible-heuristic,1971.687214674343,545.3712,189.217124970565,400,38,0,0,0.05297708394937217,"[""Chongqing"",""Anqing"",""Maanshan"",""Zhangjiagang"",""Shanghai""]","[""water"",""rail"",""water"",""water""]",126.09350751167855
d192-c97_49,28,catastrophe,feasible-heuristic,1776.034563318036,540.2959500000001,186.20802107990275,400,75,0,2,0.05384129099547863,"[""Chongqing"",""Nanjing"",""Zhenjiang"",""Jiangyin"",""Nantong"",""Shanghai""]","[""water"",""rail"",""rail"",""water"",""water""]",103.65800462365411
d192-c97_49,28,combined,feasible-heuristic,1764.5890529907301,446.5968,156.04077034165275,400,77,0,2,0.05634800001280382,"[""Chongqing"",""Honghu"",""Shanghai""]","[""rail"",""water""]",102.34554717304927
d192-c97_49,28,hybrid-seeded,feasible-heuristic,872.0671532651146,522.951,174.38966235931636,400,59,65,2,0.059790417028125376,"[""Chongqing"",""Wuhu"",""Maanshan"",""Shanghai""]","[""water"",""water"",""water""]",0.0
d192-c97_49,29,fixed,feasible-heuristic,3950.1597748109,159.24644999999998,78.96069235787078,400,20,0,0,0.042644749977625906,"[""Chongqing"",""Zhangjiagang"",""Nantong"",""Shanghai""]","[""rail"",""water"",""water""]",352.96509105073744
d192-c97_49,29,adaptive,feasible-heuristic,3923.209874602435,143.08545,73.57144683890455,400,24,0,0,0.043338665971532464,"[""Chongqing"",""Zhangjiagang"",""Shanghai""]","[""rail"",""water""]",349.8747441539919
d192-c97_49,29,catastrophe,feasible-heuristic,1572.160888662773,555.2418000000001,189.6430207744283,400,49,0,1,0.0519735420239158,"[""Chongqing"",""Shashi"",""Huangshi"",""Nanjing"",""Shanghai""]","[""rail"",""water"",""water"",""water""]",80.279796432698
d192-c97_49,29,combined,feasible-heuristic,2191.0494304082113,534.5664,187.34398807013983,400,63,0,2,0.05335837497841567,"[""Chongqing"",""Anqing"",""Zhenjiang"",""Zhangjiagang"",""Nantong"",""Shanghai""]","[""water"",""water"",""rail"",""rail"",""rail""]",151.24778776550443
d192-c97_49,29,hybrid-seeded,feasible-heuristic,872.0671532651146,522.951,174.38966235931636,400,65,65,2,0.06263920897617936,"[""Chongqing"",""Wuhu"",""Maanshan"",""Shanghai""]","[""water"",""water"",""water""]",0.0
d204-c0,0,fixed,feasible-heuristic,1607.8893458925832,509.6253,175.56700781990574,400,23,0,0,0.04546229203697294,"[""Chongqing"",""Jiangyin"",""Zhangjiagang"",""Shanghai""]","[""water"",""rail"",""rail""]",95.82503774383507
d204-c0,0,adaptive,feasible-heuristic,1721.511063238001,607.7729999999999,170.68518940413963,400,42,0,0,0.05366874998435378,"[""Chongqing"",""Wuhu"",""Maanshan"",""Shanghai""]","[""water"",""road"",""water""]",109.66304043010466
d204-c0,0,catastrophe,feasible-heuristic,932.68570237599,594.0300000000001,198.0925385577324,400,58,0,2,0.05147329100873321,"[""Chongqing"",""Nanjing"",""Shanghai""]","[""water"",""water""]",13.591904404045497
d204-c0,0,combined,feasible-heuristic,1179.878325552554,526.36395,177.95348896936522,400,63,0,1,0.05302116699749604,"[""Chongqing"",""Wuhu"",""Zhangjiagang"",""Nantong"",""Shanghai""]","[""water"",""water"",""water"",""rail""]",43.69752385304837
d204-c0,0,hybrid-seeded,feasible-heuristic,821.0846602751146,522.951,174.38966235931636,400,64,59,2,0.058683874958660454,"[""Chongqing"",""Wuhu"",""Maanshan"",""Shanghai""]","[""water"",""water"",""water""]",0.0
d204-c0,1,fixed,feasible-heuristic,1725.1057336594615,511.6125,177.0322126669917,400,28,0,0,0.04450200003338978,"[""Chongqing"",""Jiangyin"",""Zhangjiagang"",""Nantong"",""Shanghai""]","[""water"",""rail"",""rail"",""rail""]",110.10083577513718
d204-c0,1,adaptive,feasible-heuristic,1565.9948289667725,552.7507500000002,189.05664023911677,400,35,0,0,0.04664816701551899,"[""Chongqing"",""Jiangyin"",""Zhangjiagang"",""Nantong"",""Shanghai""]","[""water"",""rail"",""water"",""rail""]",90.72269946464064
d204-c0,1,catastrophe,feasible-heuristic,1256.0846151274322,580.4718,195.87513959822172,400,51,0,1,0.04789745801826939,"[""Chongqing"",""Jiangyin"",""Zhangjiagang"",""Shanghai""]","[""water"",""rail"",""water""]",52.97869706962561
d204-c0,1,combined,feasible-heuristic,1565.9948289667725,552.7507500000002,189.05664023911677,400,57,0,1,0.050395791011396796,"[""Chongqing"",""Jiangyin"",""Zhangjiagang"",""Nantong"",""Shanghai""]","[""water"",""rail"",""water"",""rail""]",90.72269946464064
d204-c0,1,hybrid-seeded,feasible-heuristic,821.0846602751146,522.951,174.38966235931636,400,65,59,2,0.05930883303517476,"[""Chongqing"",""Wuhu"",""Maanshan"",""Shanghai""]","[""water"",""water"",""water""]",0.0
d204-c0,2,fixed,feasible-heuristic,1886.8807342547757,523.7331,181.95756399269075,400,31,0,0,0.04687791701871902,"[""Chongqing"",""Nanjing"",""Gaogang"",""Zhangjiagang"",""Shanghai""]","[""water"",""rail"",""water"",""rail""]",129.8034326475607
d204-c0,2,adaptive,feasible-heuristic,1886.8807342547757,523.7331,181.95756399269075,400,33,0,0,0.04786441696342081,"[""Chongqing"",""Nanjing"",""Gaogang"",""Zhangjiagang"",""Shanghai""]","[""water"",""rail"",""water"",""rail""]",129.8034326475607
d204-c0,2,catastrophe,feasible-heuristic,1886.8807342547757,523.7331,181.95756399269075,400,65,0,2,0.05257349996827543,"[""Chongqing"",""Nanjing"",""Gaogang"",""Zhangjiagang"",""Shanghai""]","[""water"",""rail"",""water"",""rail""]",129.8034326475607
d204-c0,2,combined,feasible-heuristic,914.3202584410171,582.3330000000001,194.19191329720718,400,82,0,2,0.05167950002942234,"[""Chongqing"",""Jiangyin"",""Shanghai""]","[""water"",""water""]",11.355174767808073
d204-c0,2,hybrid-seeded,feasible-heuristic,821.0846602751146,522.951,174.38966235931636,400,77,59,2,0.0594723749672994,"[""Chongqing"",""Wuhu"",""Maanshan"",""Shanghai""]","[""water"",""water"",""water""]",0.0
d204-c0,3,fixed,feasible-heuristic,1888.9426479322137,670.122,188.2901684699008,400,19,0,0,0.04698220803402364,"[""Chongqing"",""Wuhu"",""Jiangyin"",""Zhangjiagang"",""Shanghai""]","[""water"",""water"",""road"",""water""]",130.05455336351065
d204-c0,3,adaptive,feasible-heuristic,911.9792413505627,580.842,193.69470612755313,400,36,0,0,0.047268291004002094,"[""Chongqing"",""Wuhu"",""Nantong"",""Shanghai""]","[""water"",""water"",""water""]",11.070062013458237
d204-c0,3,catastrophe,feasible-heuristic,950.9710712796999,605.676,201.97615673197166,400,58,0,2,0.05338062497321516,"[""Chongqing"",""Maanshan"",""Shanghai""]","[""water"",""water""]",15.818881692548636
d204-c0,3,combined,feasible-heuristic,911.9792413505627,580.842,193.69470612755313,400,55,0,1,0.05178345798049122,"[""Chongqing"",""Wuhu"",""Nantong"",""Shanghai""]","[""water"",""water"",""water""]",11.070062013458237
d204-c0,3,hybrid-seeded,feasible-heuristic,821.0846602751146,522.951,174.38966235931636,400,73,59,2,0.0631561249610968,"[""Chongqing"",""Wuhu"",""Maanshan"",""Shanghai""]","[""water"",""water"",""water""]",0.0
d204-c0,4,fixed,feasible-heuristic,2549.735887187508,778.896,200.5226592569913,400,25,0,0,0.049968125007580966,"[""Chongqing"",""Huangshi"",""Zhangjiagang"",""Shanghai""]","[""water"",""water"",""road""]",210.53264182687172
d204-c0,4,adaptive,feasible-heuristic,1977.0295474383802,560.7507,194.58746552889056,400,47,0,0,0.05757420801091939,"[""Chongqing"",""Huangshi"",""Chizhou"",""Zhenjiang"",""Shanghai""]","[""water"",""water"",""rail"",""water""]",140.78266749934798
d204-c0,4,catastrophe,feasible-heuristic,2549.735887187508,778.896,200.5226592569913,400,60,0,2,0.05443924997234717,"[""Chongqing"",""Huangshi"",""Zhangjiagang"",""Shanghai""]","[""water"",""water"",""road""]",210.53264182687172
d204-c0,4,combined,feasible-heuristic,1815.6466737799722,545.8618500000001,188.7120262109116,400,75,0,1,0.057841041998472065,"[""Chongqing"",""Wuxue"",""Gaogang"",""Shanghai""]","[""water"",""water"",""rail""]",121.12782781395737
d204-c0,4,hybrid-seeded,feasible-heuristic,821.0846602751146,522.951,174.38966235931636,400,68,59,2,0.060037124960217625,"[""Chongqing"",""Wuhu"",""Maanshan"",""Shanghai""]","[""water"",""water"",""water""]",0.0
d204-c0,5,fixed,feasible-heuristic,1918.651956636096,572.4498000000001,198.0092572111817,400,37,0,0,0.0522482079686597,"[""Chongqing"",""Honghu"",""Nantong"",""Shanghai""]","[""rail"",""water"",""water""]",133.6728536608183
d204-c0,5,adaptive,feasible-heuristic,911.9792413505627,580.842,193.69470612755313,400,47,0,0,0.047716707980725914,"[""Chongqing"",""Wuhu"",""Nantong"",""Shanghai""]","[""water"",""water"",""water""]",11.070062013458237
d204-c0,5,catastrophe,feasible-heuristic,922.445518966236,587.508,195.91763234681116,400,73,0,2,0.055178374983370304,"[""Chongqing"",""Yangluo"",""Shanghai""]","[""water"",""water""]",12.34475122908265
d204-c0,5,combined,feasible-heuristic,911.9792413505627,580.842,193.69470612755313,400,86,0,2,0.05408312496729195,"[""Chongqing"",""Wuhu"",""Nantong"",""Shanghai""]","[""water"",""water"",""water""]",11.070062013458237
d204-c0,5,hybrid-seeded,feasible-heuristic,821.0846602751146,522.951,174.38966235931636,400,76,59,2,0.06066854199161753,"[""Chongqing"",""Wuhu"",""Maanshan"",""Shanghai""]","[""water"",""water"",""water""]",0.0
d204-c0,6,fixed,feasible-heuristic,1585.4586800568711,494.6151,170.56951841109023,400,24,0,0,0.06326208298560232,"[""Chongqing"",""Yichang"",""Shashi"",""Zhangjiagang"",""Shanghai""]","[""rail"",""rail"",""water"",""water""]",93.09320424103934
d204-c0,6,adaptive,feasible-heuristic,1585.4586800568711,494.6151,170.56951841109023,400,29,0,0,0.06672429200261831,"[""Chongqing"",""Yichang"",""Shashi"",""Zhangjiagang"",""Shanghai""]","[""rail"",""rail"",""water"",""water""]",93.09320424103934
d204-c0,6,catastrophe,feasible-heuristic,932.68570237599,594.0300000000001,198.0925385577324,400,70,0,2,0.05765141698066145,"[""Chongqing"",""Nanjing"",""Shanghai""]","[""water"",""water""]",13.591904404045497
d204-c0,6,combined,feasible-heuristic,872.8837849103793,555.942,185.39124635264693,400,75,0,2,0.056071416998747736,"[""Chongqing"",""Honghu"",""Shanghai""]","[""water"",""water""]",6.308621649064627
d204-c0,6,hybrid-seeded,feasible-heuristic,821.0846602751146,522.951,174.38966235931636,400,63,59,2,0.05850166699383408,"[""Chongqing"",""Wuhu"",""Maanshan"",""Shanghai""]","[""water"",""water"",""water""]",0.0
d204-c0,7,fixed,feasible-heuristic,3370.1522603546828,265.58595,109.27713355872699,400,21,0,0,0.04396187496604398,"[""Chongqing"",""Nanjing"",""Zhangjiagang"",""Shanghai""]","[""rail"",""water"",""water""]",310.45125105923563
d204-c0,7,adaptive,feasible-heuristic,2474.9968404319266,470.0043,168.83083065963,400,34,0,0,0.04719066701363772,"[""Chongqing"",""Anqing"",""Gaogang"",""Jiangyin"",""Shanghai""]","[""water"",""rail"",""water"",""water""]",201.43016429056755
d204-c0,7,catastrophe,feasible-heuristic,936.8543142976239,596.685,198.97790746144227,400,59,0,2,0.05119550001109019,"[""Chongqing"",""Jiujiang"",""Nantong"",""Shanghai""]","[""water"",""water"",""water""]",14.099600153742875
d204-c0,7,combined,feasible-heuristic,875.0976240100042,557.3520000000001,185.8614422676115,400,60,0,1,0.0505355839850381,"[""Chongqing"",""Anqing"",""Shanghai""]","[""water"",""water""]",6.578245380542347
d204-c0,7,hybrid-seeded,feasible-heuristic,821.0846602751146,522.951,174.38966235931636,400,68,59,2,0.058615249989088625,"[""Chongqing"",""Wuhu"",""Maanshan"",""Shanghai""]","[""water"",""water"",""water""]",0.0
d204-c0,8,fixed,feasible-heuristic,2480.5417422675873,417.297,151.93577761410975,400,25,0,0,0.047858749981969595,"[""Chongqing"",""Wuxue"",""Nantong"",""Shanghai""]","[""rail"",""water"",""water""]",202.1054785552139
d204-c0,8,adaptive,feasible-heuristic,2480.5417422675873,417.297,151.93577761410975,400,39,0,0,0.05062662501586601,"[""Chongqing"",""Wuxue"",""Nantong"",""Shanghai""]","[""rail"",""water"",""water""]",202.1054785552139
d204-c0,8,catastrophe,feasible-heuristic,875.0976240100042,557.3520000000001,185.8614422676115,400,71,0,2,0.05268083396367729,"[""Chongqing"",""Anqing"",""Shanghai""]","[""water"",""water""]",6.578245380542347
d204-c0,8,combined,feasible-heuristic,2480.5417422675873,417.297,151.93577761410975,400,90,0,2,0.06098616699455306,"[""Chongqing"",""Wuxue"",""Nantong"",""Shanghai""]","[""rail"",""water"",""water""]",202.1054785552139
d204-c0,8,hybrid-seeded,feasible-heuristic,821.0846602751146,522.951,174.38966235931636,400,86,59,2,0.07472416601376608,"[""Chongqing"",""Wuhu"",""Maanshan"",""Shanghai""]","[""water"",""water"",""water""]",0.0
d204-c0,9,fixed,feasible-heuristic,2170.1413291073627,576.00885,200.86543532997376,400,44,0,0,0.08410450001247227,"[""Chongqing"",""Yangluo"",""Tongling"",""Shanghai""]","[""water"",""rail"",""water""]",164.30177472566956
d204-c0,9,adaptive,feasible-heuristic,2273.6770291862813,531.7309500000001,187.31722432793816,400,39,0,0,0.06996608298504725,"[""Chongqing"",""Honghu"",""Jiujiang"",""Nanjing"",""Zhenjiang"",""Shanghai""]","[""water"",""water"",""rail"",""rail"",""water""]",176.91140015019374
d204-c0,9,catastrophe,feasible-heuristic,932.68570237599,594.0300000000001,198.0925385577324,400,87,0,2,0.06089412502478808,"[""Chongqing"",""Nanjing"",""Shanghai""]","[""water"",""water""]",13.591904404045497
d204-c0,9,combined,feasible-heuristic,1894.3285913995228,520.73265,181.10280320324853,400,81,0,2,0.06778779102023691,"[""Chongqing"",""Chenglingji"",""Wuxue"",""Shanghai""]","[""water"",""rail"",""water""]",130.71050806926587
d204-c0,9,hybrid-seeded,feasible-heuristic,821.0846602751146,522.951,174.38966235931636,400,74,59,2,0.06337720801820979,"[""Chongqing"",""Wuhu"",""Maanshan"",""Shanghai""]","[""water"",""water"",""water""]",0.0
d204-c0,10,fixed,feasible-heuristic,2290.3416893507515,516.31185,182.46288199641754,400,27,0,0,0.05840708396863192,"[""Chongqing"",""Honghu"",""Chizhou"",""Nantong"",""Shanghai""]","[""water"",""rail"",""water"",""water""]",178.9409911254881
d204-c0,10,adaptive,feasible-heuristic,872.8837849103793,555.942,185.39124635264693,400,43,0,0,0.055075750045944005,"[""Chongqing"",""Honghu"",""Shanghai""]","[""water"",""water""]",6.308621649064627
d204-c0,10,catastrophe,feasible-heuristic,2230.529104938367,681.18975,194.17426528293626,400,76,0,2,0.0703465830301866,"[""Chongqing"",""Jiangyin"",""Zhangjiagang"",""Nantong"",""Shanghai""]","[""water"",""road"",""rail"",""water""]",171.65640924177055
d204-c0,10,combined,feasible-heuristic,872.8837849103793,555.942,185.39124635264693,400,88,0,2,0.06294550001621246,"[""Chongqing"",""Honghu"",""Shanghai""]","[""water"",""water""]",6.308621649064627
d204-c0,10,hybrid-seeded,feasible-heuristic,821.0846602751146,522.951,174.38966235931636,400,68,59,2,0.05924100003903732,"[""Chongqing"",""Wuhu"",""Maanshan"",""Shanghai""]","[""water"",""water"",""water""]",0.0
d204-c0,11,fixed,feasible-heuristic,2636.01935697866,448.6554,163.14021695181225,400,27,0,0,0.059751749970018864,"[""Chongqing"",""Huangshi"",""Chizhou"",""Tongling"",""Nantong"",""Shanghai""]","[""water"",""water"",""water"",""rail"",""rail""]",221.04111603977952
d204-c0,11,adaptive,feasible-heuristic,2529.798120802883,556.04175,197.01750412570925,400,39,0,0,0.05228316702414304,"[""Chongqing"",""Huangshi"",""Gaogang"",""Shanghai""]","[""rail"",""water"",""water""]",208.1044188494817
d204-c0,11,catastrophe,feasible-heuristic,938.1355147978325,597.5010000000001,199.25002084201753,400,69,0,2,0.0551372499903664,"[""Chongqing"",""Jiangyin"",""Nantong"",""Shanghai""]","[""water"",""water"",""water""]",14.255637717491698
d204-c0,11,combined,feasible-heuristic,2434.007736224966,366.26699999999994,135.15493882452944,400,74,0,2,0.0575881659751758,"[""Chongqing"",""Wuhu"",""Gaogang"",""Shanghai""]","[""water"",""rail"",""rail""]",196.4380963358177
d204-c0,11,hybrid-seeded,feasible-heuristic,821.0846602751146,522.951,174.38966235931636,400,78,59,2,0.13415608298964798,"[""Chongqing"",""Wuhu"",""Maanshan"",""Shanghai""]","[""water"",""water"",""water""]",0.0
d204-c0,12,fixed,feasible-heuristic,950.9710712796999,605.676,201.97615673197166,400,25,0,0,0.04852633399423212,"[""Chongqing"",""Maanshan"",""Shanghai""]","[""water"",""water""]",15.818881692548636
d204-c0,12,adaptive,feasible-heuristic,1464.4744584142222,507.19395000000003,173.77432172642622,400,35,0,0,0.0484520829631947,"[""Chongqing"",""Jiangyin"",""Shanghai""]","[""water"",""rail""]",78.35852126667812
d204-c0,12,catastrophe,feasible-heuristic,914.3202584410171,582.3330000000001,194.19191329720718,400,61,0,2,0.05253912496846169,"[""Chongqing"",""Jiangyin"",""Shanghai""]","[""water"",""water""]",11.355174767808073
d204-c0,12,combined,feasible-heuristic,934.6593163818258,595.287,198.5117132138391,400,75,0,2,0.06038900004932657,"[""Chongqing"",""Nanjing"",""Jiangyin"",""Shanghai""]","[""water"",""water"",""water""]",13.832271092320303
d204-c0,12,hybrid-seeded,feasible-heuristic,821.0846602751146,522.951,174.38966235931636,400,64,59,2,0.06926474999636412,"[""Chongqing"",""Wuhu"",""Maanshan"",""Shanghai""]","[""water"",""water"",""water""]",0.0
d204-c0,13,fixed,feasible-heuristic,923.1897457273864,587.982,196.07569820758647,400,22,0,0,0.0558618750073947,"[""Chongqing"",""Shashi"",""Jiangyin"",""Shanghai""]","[""water"",""water"",""water""]",12.435390696260251
d204-c0,13,adaptive,feasible-heuristic,923.1897457273864,587.982,196.07569820758647,400,37,0,0,0.057665291999001056,"[""Chongqing"",""Shashi"",""Jiangyin"",""Shanghai""]","[""water"",""water"",""water""]",12.435390696260251
d204-c0,13,catastrophe,feasible-heuristic,923.1897457273864,587.982,196.07569820758647,400,58,0,2,0.06092791701667011,"[""Chongqing"",""Shashi"",""Jiangyin"",""Shanghai""]","[""water"",""water"",""water""]",12.435390696260251
d204-c0,13,combined,feasible-heuristic,923.1897457273864,587.982,196.07569820758647,400,75,0,2,0.06161395797971636,"[""Chongqing"",""Shashi"",""Jiangyin"",""Shanghai""]","[""water"",""water"",""water""]",12.435390696260251
d204-c0,13,hybrid-seeded,feasible-heuristic,821.0846602751146,522.951,174.38966235931636,400,69,59,2,0.060418250039219856,"[""Chongqing"",""Wuhu"",""Maanshan"",""Shanghai""]","[""water"",""water"",""water""]",0.0
d204-c0,14,fixed,feasible-heuristic,3026.9668275178133,399.25365,149.9012396791123,400,35,0,0,0.04876241600140929,"[""Chongqing"",""Anqing"",""Jiangyin"",""Nantong"",""Shanghai""]","[""water"",""rail"",""rail"",""water""]",268.6546557213224
d204-c0,14,adaptive,feasible-heuristic,1456.2972267729365,515.9238,176.53155766479927,400,44,0,0,0.056264374987222254,"[""Chongqing"",""Shashi"",""Gaogang"",""Jiangyin"",""Shanghai""]","[""rail"",""water"",""water"",""water""]",77.36261523689724
d204-c0,14,catastrophe,feasible-heuristic,1438.2324506484356,576.7245000000001,196.0083750995498,400,80,0,2,0.05540437501622364,"[""Chongqing"",""Anqing"",""Zhangjiagang"",""Shanghai""]","[""water"",""water"",""rail""]",75.16250396963183
d204-c0,14,combined,feasible-heuristic,1456.2972267729365,515.9238,176.53155766479927,400,87,0,2,0.06018849997781217,"[""Chongqing"",""Shashi"",""Gaogang"",""Jiangyin"",""Shanghai""]","[""rail"",""water"",""water"",""water""]",77.36261523689724
d204-c0,14,hybrid-seeded,feasible-heuristic,821.0846602751146,522.951,174.38966235931636,400,75,59,2,0.0597783750272356,"[""Chongqing"",""Wuhu"",""Maanshan"",""Shanghai""]","[""water"",""water"",""water""]",0.0
d204-c0,15,fixed,feasible-heuristic,3045.0439197232354,285.7599,113.49504878812026,400,27,0,0,0.046695708006154746,"[""Chongqing"",""Jiujiang"",""Shanghai""]","[""water"",""rail""]",270.85626696557154
d204-c0,15,adaptive,feasible-heuristic,3045.0439197232354,285.7599,113.49504878812026,400,26,0,0,0.047532750002574176,"[""Chongqing"",""Jiujiang"",""Shanghai""]","[""water"",""rail""]",270.85626696557154
d204-c0,15,catastrophe,feasible-heuristic,1827.5948569405361,512.4477,178.02239142246952,400,75,0,2,0.0537004159996286,"[""Chongqing"",""Nanjing"",""Gaogang"",""Zhangjiagang"",""Shanghai""]","[""water"",""water"",""rail"",""rail""]",122.58299848497688
d204-c0,15,combined,feasible-heuristic,954.0092121717383,607.6110000000001,202.62142559399751,400,70,0,2,0.05711658298969269,"[""Chongqing"",""Jiangyin"",""Zhangjiagang"",""Shanghai""]","[""water"",""water"",""water""]",16.18889723893826
d204-c0,15,hybrid-seeded,feasible-heuristic,821.0846602751146,522.951,174.38966235931636,400,70,59,2,0.06403529195813462,"[""Chongqing"",""Wuhu"",""Maanshan"",""Shanghai""]","[""water"",""water"",""water""]",0.0
d204-c0,16,fixed,feasible-heuristic,2017.391537443352,569.1361499999999,197.6353548266288,400,21,0,0,0.04327358299633488,"[""Chongqing"",""Zhenjiang"",""Nantong"",""Shanghai""]","[""water"",""rail"",""rail""]",145.69835913965315
d204-c0,16,adaptive,feasible-heuristic,2017.391537443352,569.1361499999999,197.6353548266288,400,37,0,0,0.046663790999446064,"[""Chongqing"",""Zhenjiang"",""Nantong"",""Shanghai""]","[""water"",""rail"",""rail""]",145.69835913965315
d204-c0,16,catastrophe,feasible-heuristic,1446.5291923183033,582.5616,197.8884969381597,400,68,0,2,0.051716041984036565,"[""Chongqing"",""Nanjing"",""Gaogang"",""Nantong"",""Shanghai""]","[""water"",""rail"",""water"",""water""]",76.17296514023606
d204-c0,16,combined,feasible-heuristic,1380.8139429368894,540.1545000000001,183.81329381568153,400,81,0,2,0.052327041048556566,"[""Chongqing"",""Jiangyin"",""Zhangjiagang"",""Shanghai""]","[""water"",""water"",""rail""]",68.16949697662487
d204-c0,16,hybrid-seeded,feasible-heuristic,821.0846602751146,522.951,174.38966235931636,400,79,59,2,0.059865874995011836,"[""Chongqing"",""Wuhu"",""Maanshan"",""Shanghai""]","[""water"",""water"",""water""]",0.0
d204-c0,17,fixed,feasible-heuristic,2039.3184249688572,539.88225,188.29700813620408,400,24,0,0,0.051617000019177794,"[""Chongqing"",""Chenglingji"",""Nantong"",""Shanghai""]","[""rail"",""water"",""rail""]",148.368837421169
d204-c0,17,adaptive,feasible-heuristic,1754.7825754479832,583.7643,200.50475301427525,400,29,0,0,0.06810533296084031,"[""Chongqing"",""Chenglingji"",""Nantong"",""Shanghai""]","[""rail"",""water"",""water""]",113.71518192289956
d204-c0,17,catastrophe,feasible-heuristic,1723.640462858755,487.26284999999996,169.1708840683522,400,62,0,2,0.086746665998362,"[""Chongqing"",""Honghu"",""Gaogang"",""Shanghai""]","[""water"",""water"",""rail""]",109.92238026724648
d204-c0,17,combined,feasible-heuristic,1791.1815132868162,554.1834,191.1627654771523,400,73,0,2,0.06158887501806021,"[""Chongqing"",""Maanshan"",""Jiangyin"",""Shanghai""]","[""water"",""rail"",""water""]",118.14821296097024
d204-c0,17,hybrid-seeded,feasible-heuristic,821.0846602751146,522.951,174.38966235931636,400,73,59,2,0.07582470902707428,"[""Chongqing"",""Wuhu"",""Maanshan"",""Shanghai""]","[""water"",""water"",""water""]",0.0
d204-c0,18,fixed,feasible-heuristic,911.9792413505627,580.842,193.69470612755313,400,26,0,0,0.06512083299458027,"[""Chongqing"",""Wuhu"",""Nantong"",""Shanghai""]","[""water"",""water"",""water""]",11.070062013458237
d204-c0,18,adaptive,feasible-heuristic,865.9690704460191,551.538,183.9226344310129,400,42,0,0,0.05342008301522583,"[""Chongqing"",""Wuhu"",""Jiangyin"",""Shanghai""]","[""water"",""water"",""water""]",5.466477738832132
d204-c0,18,catastrophe,feasible-heuristic,911.9792413505627,580.842,193.69470612755313,400,60,0,2,0.05486341699725017,"[""Chongqing"",""Wuhu"",""Nantong"",""Shanghai""]","[""water"",""water"",""water""]",11.070062013458237
d204-c0,18,combined,feasible-heuristic,865.9690704460191,551.538,183.9226344310129,400,63,0,1,0.05438849999336526,"[""Chongqing"",""Wuhu"",""Jiangyin"",""Shanghai""]","[""water"",""water"",""water""]",5.466477738832132
d204-c0,18,hybrid-seeded,feasible-heuristic,821.0846602751146,522.951,174.38966235931636,400,80,59,2,0.06464591698022559,"[""Chongqing"",""Wuhu"",""Maanshan"",""Shanghai""]","[""water"",""water"",""water""]",0.0
d204-c0,19,fixed,feasible-heuristic,875.0976240100042,557.3520000000001,185.8614422676115,400,22,0,0,0.05667587503558025,"[""Chongqing"",""Anqing"",""Shanghai""]","[""water"",""water""]",6.578245380542347
d204-c0,19,adaptive,feasible-heuristic,875.0976240100042,557.3520000000001,185.8614422676115,400,31,0,0,0.05550187500193715,"[""Chongqing"",""Anqing"",""Shanghai""]","[""water"",""water""]",6.578245380542347
d204-c0,19,catastrophe,feasible-heuristic,875.0976240100042,557.3520000000001,185.8614422676115,400,68,0,2,0.06444362504407763,"[""Chongqing"",""Anqing"",""Shanghai""]","[""water"",""water""]",6.578245380542347
d204-c0,19,combined,feasible-heuristic,875.0976240100042,557.3520000000001,185.8614422676115,400,72,0,2,0.06872466602362692,"[""Chongqing"",""Anqing"",""Shanghai""]","[""water"",""water""]",6.578245380542347
d204-c0,19,hybrid-seeded,feasible-heuristic,821.0846602751146,522.951,174.38966235931636,400,64,59,2,0.08216170803643763,"[""Chongqing"",""Wuhu"",""Maanshan"",""Shanghai""]","[""water"",""water"",""water""]",0.0
d204-c0,20,fixed,feasible-heuristic,2529.627633748575,766.089,196.25187976553653,400,25,0,0,0.04899920796742663,"[""Chongqing"",""Nanjing"",""Zhangjiagang"",""Shanghai""]","[""water"",""water"",""road""]",208.08365521053477
d204-c0,20,adaptive,feasible-heuristic,1415.9054798751258,569.8041000000001,193.55971418414146,400,44,0,0,0.05233749997569248,"[""Chongqing"",""Nanjing"",""Jiangyin"",""Nantong"",""Shanghai""]","[""water"",""water"",""rail"",""water""]",72.44329950101725
d204-c0,20,catastrophe,feasible-heuristic,1304.8546470483109,593.35005,200.37049290469415,400,72,0,2,0.07163445797050372,"[""Chongqing"",""Nanjing"",""Zhenjiang"",""Nantong"",""Shanghai""]","[""water"",""rail"",""water"",""water""]",58.91840515095035
d204-c0,20,combined,feasible-heuristic,1415.9054798751258,569.8041000000001,193.55971418414146,400,93,0,2,0.0998701669741422,"[""Chongqing"",""Nanjing"",""Jiangyin"",""Nantong"",""Shanghai""]","[""water"",""water"",""rail"",""water""]",72.44329950101725
d204-c0,20,hybrid-seeded,feasible-heuristic,821.0846602751146,522.951,174.38966235931636,400,70,59,2,0.07134366600075737,"[""Chongqing"",""Wuhu"",""Maanshan"",""Shanghai""]","[""water"",""water"",""water""]",0.0
d204-c0,21,fixed,feasible-heuristic,1969.1704518640795,508.04685,177.59924402887623,400,35,0,0,0.05950787500478327,"[""Chongqing"",""Anqing"",""Chizhou"",""Zhenjiang"",""Shanghai""]","[""water"",""water"",""water"",""rail""]",139.82550729961082
d204-c0,21,adaptive,feasible-heuristic,1631.7788774751548,579.1377,198.08754026189504,400,46,0,0,0.05923537496710196,"[""Chongqing"",""Anqing"",""Chizhou"",""Zhenjiang"",""Zhangjiagang"",""Shanghai""]","[""water"",""water"",""water"",""rail"",""water""]",98.73454668223944
d204-c0,21,catastrophe,feasible-heuristic,1969.1704518640795,508.04685,177.59924402887623,400,80,0,2,0.062184083042666316,"[""Chongqing"",""Anqing"",""Chizhou"",""Zhenjiang"",""Shanghai""]","[""water"",""water"",""water"",""rail""]",139.82550729961082
d204-c0,21,combined,feasible-heuristic,875.0976240100042,557.3520000000001,185.8614422676115,400,75,0,1,0.061909499985631555,"[""Chongqing"",""Anqing"",""Shanghai""]","[""water"",""water""]",6.578245380542347
d204-c0,21,hybrid-seeded,feasible-heuristic,821.0846602751146,522.951,174.38966235931636,400,74,59,2,0.06611274997703731,"[""Chongqing"",""Wuhu"",""Maanshan"",""Shanghai""]","[""water"",""water"",""water""]",0.0
d204-c0,22,fixed,feasible-heuristic,1795.891692537788,533.2798500000001,184.51627798248307,400,27,0,0,0.06126791698625311,"[""Chongqing"",""Huangshi"",""Zhenjiang"",""Gaogang"",""Shanghai""]","[""water"",""water"",""water"",""rail""]",118.72186626115413
d204-c0,22,adaptive,feasible-heuristic,2249.527218688687,480.57525,170.65330188429635,400,45,0,0,0.08490591699955985,"[""Chongqing"",""Zhicheng"",""Hankou"",""Gaogang"",""Shanghai""]","[""rail"",""water"",""water"",""rail""]",173.97019181127496
d204-c0,22,catastrophe,feasible-heuristic,1735.7433881976694,540.9088499999999,186.49273180641,400,72,0,2,0.07650466699851677,"[""Chongqing"",""Jiujiang"",""Wuhu"",""Gaogang"",""Shanghai""]","[""water"",""rail"",""water"",""water""]",111.39639700686735
d204-c0,22,combined,feasible-heuristic,2097.909430333422,528.8292,185.08502252693765,400,83,0,2,0.07528008398367092,"[""Chongqing"",""Zhicheng"",""Hankou"",""Gaogang"",""Nantong"",""Shanghai""]","[""rail"",""water"",""water"",""rail"",""water""]",155.50464304502913
d204-c0,22,hybrid-seeded,feasible-heuristic,821.0846602751146,522.951,174.38966235931636,400,79,59,2,0.06709329201839864,"[""Chongqing"",""Wuhu"",""Maanshan"",""Shanghai""]","[""water"",""water"",""water""]",0.0
d204-c0,23,fixed,feasible-heuristic,2266.9682247147125,562.7292000000001,197.32503997025114,400,29,0,0,0.05755525000859052,"[""Chongqing"",""Hankou"",""Tongling"",""Zhangjiagang"",""Shanghai""]","[""rail"",""water"",""water"",""water""]",176.0943340428667
d204-c0,23,adaptive,feasible-heuristic,2995.9825979135853,388.9422,146.29831415378644,400,35,0,0,0.05388550000498071,"[""Chongqing"",""Wuxue"",""Gaogang"",""Zhangjiagang"",""Shanghai""]","[""rail"",""water"",""rail"",""water""]",264.881082653492
d204-c0,23,catastrophe,feasible-heuristic,872.8837849103793,555.942,185.39124635264693,400,75,0,2,0.05703104200074449,"[""Chongqing"",""Honghu"",""Shanghai""]","[""water"",""water""]",6.308621649064627
d204-c0,23,combined,feasible-heuristic,1395.8774694062513,549.7485,187.01262687112126,400,68,0,1,0.058296124974731356,"[""Chongqing"",""Jiujiang"",""Zhangjiagang"",""Shanghai""]","[""water"",""water"",""rail""]",70.00408568570083
d204-c0,23,hybrid-seeded,feasible-heuristic,821.0846602751146,522.951,174.38966235931636,400,79,59,2,0.06282745802309364,"[""Chongqing"",""Wuhu"",""Maanshan"",""Shanghai""]","[""water"",""water"",""water""]",0.0
d204-c0,24,fixed,feasible-heuristic,4688.924991032714,283.2822,80.76278008001515,400,27,0,0,0.05625512497499585,"[""Chongqing"",""Honghu"",""Nanjing"",""Jiangyin"",""Nantong"",""Shanghai""]","[""rail"",""rail"",""water"",""rail"",""road""]",471.06474129739945
d204-c0,24,adaptive,feasible-heuristic,1605.6043458673273,597.07995,203.7488110969973,400,60,0,0,0.057004707981832325,"[""Chongqing"",""Wuxue"",""Anqing"",""Jiangyin"",""Shanghai""]","[""water"",""water"",""water"",""rail""]",95.54674731462522
d204-c0,24,catastrophe,feasible-heuristic,872.8837849103793,555.942,185.39124635264693,400,79,0,2,0.055281707958783954,"[""Chongqing"",""Honghu"",""Shanghai""]","[""water"",""water""]",6.308621649064627
d204-c0,24,combined,feasible-heuristic,1598.020769377123,592.2499500000001,202.13813998403356,400,99,0,2,0.058519207988865674,"[""Chongqing"",""Maanshan"",""Jiangyin"",""Shanghai""]","[""water"",""water"",""rail""]",94.62314261743563
d204-c0,24,hybrid-seeded,feasible-heuristic,821.0846602751146,522.951,174.38966235931636,400,81,59,2,0.06607354199513793,"[""Chongqing"",""Wuhu"",""Maanshan"",""Shanghai""]","[""water"",""water"",""water""]",0.0
d204-c0,25,fixed,feasible-heuristic,3404.280115416431,396.17955,151.50371924178833,400,23,0,0,0.05455624999012798,"[""Chongqing"",""Hankou"",""Zhenjiang"",""Nantong"",""Shanghai""]","[""water"",""rail"",""water"",""rail""]",314.607686651433
d204-c0,25,adaptive,feasible-heuristic,1725.4727679858913,488.42984999999993,169.5600462192484,400,29,0,0,0.050488749984651804,"[""Chongqing"",""Wuhu"",""Gaogang"",""Shanghai""]","[""water"",""water"",""rail""]",110.14553693010782
d204-c0,25,catastrophe,feasible-heuristic,821.0846602751146,522.951,174.38966235931636,400,74,0,2,0.05659341695718467,"[""Chongqing"",""Wuhu"",""Maanshan"",""Shanghai""]","[""water"",""water"",""water""]",0.0
d204-c0,25,combined,feasible-heuristic,821.0846602751146,522.951,174.38966235931636,400,77,0,2,0.05477133404929191,"[""Chongqing"",""Wuhu"",""Maanshan"",""Shanghai""]","[""water"",""water"",""water""]",0.0
d204-c0,25,hybrid-seeded,feasible-heuristic,821.0846602751146,522.951,174.38966235931636,400,68,59,2,0.0600228330004029,"[""Chongqing"",""Wuhu"",""Maanshan"",""Shanghai""]","[""water"",""water"",""water""]",0.0
d204-c0,26,fixed,feasible-heuristic,2369.399322255595,402.86414999999994,146.44017962740296,400,22,0,0,0.05298870801925659,"[""Chongqing"",""Hankou"",""Nantong"",""Shanghai""]","[""rail"",""water"",""rail""]",188.56942979079628
d204-c0,26,adaptive,feasible-heuristic,2084.8634727347207,446.7462,158.64792450547412,400,31,0,0,0.053741624986287206,"[""Chongqing"",""Hankou"",""Nantong"",""Shanghai""]","[""rail"",""water"",""water""]",153.91577429252683
d204-c0,26,catastrophe,feasible-heuristic,896.5436015006252,571.0110000000001,190.4163401417257,400,78,0,2,0.057546792028006166,"[""Chongqing"",""Jiujiang"",""Shanghai""]","[""water"",""water""]",9.190153570793424
d204-c0,26,combined,feasible-heuristic,1321.4133502442714,499.9854,170.44381839952067,400,83,0,2,0.06053575000260025,"[""Chongqing"",""Zhicheng"",""Anqing"",""Shanghai""]","[""rail"",""water"",""water""]",60.935091614245415
d204-c0,26,hybrid-seeded,feasible-heuristic,821.0846602751146,522.951,174.38966235931636,400,67,59,2,0.06264133303193375,"[""Chongqing"",""Wuhu"",""Maanshan"",""Shanghai""]","[""water"",""water"",""water""]",0.0
d204-c0,27,fixed,feasible-heuristic,2502.625208113498,327.38849999999996,123.04175789008065,400,28,0,0,0.049169958976563066,"[""Chongqing"",""Jiujiang"",""Nantong"",""Shanghai""]","[""water"",""rail"",""water""]",204.79502652929384
d204-c0,27,adaptive,feasible-heuristic,896.5436015006252,571.0110000000001,190.4163401417257,400,30,0,0,0.051558833045419306,"[""Chongqing"",""Jiujiang"",""Shanghai""]","[""water"",""water""]",9.190153570793424
d204-c0,27,catastrophe,feasible-heuristic,2064.324317378827,410.89334999999994,146.82290765627243,400,79,0,2,0.05656812503002584,"[""Chongqing"",""Jiujiang"",""Wuhu"",""Zhangjiagang"",""Shanghai""]","[""water"",""rail"",""water"",""rail""]",151.4143080796503
d204-c0,27,combined,feasible-heuristic,896.5436015006252,571.0110000000001,190.4163401417257,400,30,0,0,0.050666916999034584,"[""Chongqing"",""Jiujiang"",""Shanghai""]","[""water"",""water""]",9.190153570793424
d204-c0,27,hybrid-seeded,feasible-heuristic,821.0846602751146,522.951,174.38966235931636,400,64,59,2,0.060403832991141826,"[""Chongqing"",""Wuhu"",""Maanshan"",""Shanghai""]","[""water"",""water"",""water""]",0.0
d204-c0,28,fixed,feasible-heuristic,1723.3611111525358,540.2959500000001,186.20802107990275,400,32,0,0,0.04995104199042544,"[""Chongqing"",""Nanjing"",""Zhenjiang"",""Jiangyin"",""Nantong"",""Shanghai""]","[""water"",""rail"",""rail"",""water"",""water""]",109.8883579891874
d204-c0,28,adaptive,feasible-heuristic,1918.518976386343,545.3712,189.217124970565,400,37,0,0,0.05326391599373892,"[""Chongqing"",""Anqing"",""Maanshan"",""Zhangjiagang"",""Shanghai""]","[""water"",""rail"",""water"",""water""]",133.65665798013075
d204-c0,28,catastrophe,feasible-heuristic,914.3202584410171,582.3330000000001,194.19191329720718,400,74,0,2,0.05393862497294322,"[""Chongqing"",""Jiangyin"",""Shanghai""]","[""water"",""water""]",11.355174767808073
d204-c0,28,combined,feasible-heuristic,1721.0503309587302,446.5968,156.04077034165275,400,74,0,2,0.07026491698343307,"[""Chongqing"",""Honghu"",""Shanghai""]","[""rail"",""water""]",109.60692779013445
d204-c0,28,hybrid-seeded,feasible-heuristic,821.0846602751146,522.951,174.38966235931636,400,57,59,2,0.06667679100064561,"[""Chongqing"",""Wuhu"",""Maanshan"",""Shanghai""]","[""water"",""water"",""water""]",0.0
d204-c0,29,fixed,feasible-heuristic,3934.6348384004004,159.24644999999998,78.96069235787078,400,18,0,0,0.04277433402603492,"[""Chongqing"",""Zhangjiagang"",""Nantong"",""Shanghai""]","[""rail"",""water"",""water""]",379.19965245508934
d204-c0,29,adaptive,feasible-heuristic,3909.2604740819347,143.08545,73.57144683890455,400,23,0,0,0.04307666694512591,"[""Chongqing"",""Zhangjiagang"",""Shanghai""]","[""rail"",""water""]",376.1093055583438
d204-c0,29,catastrophe,feasible-heuristic,1518.030365580773,555.2418000000001,189.6430207744283,400,47,0,1,0.051644875027704984,"[""Chongqing"",""Shashi"",""Huangshi"",""Nanjing"",""Shanghai""]","[""rail"",""water"",""water"",""water""]",84.88110167252887
d204-c0,29,combined,feasible-heuristic,1929.3987025513372,581.8384500000001,201.05173294821103,400,49,0,1,0.05009583302307874,"[""Chongqing"",""Anqing"",""Zhenjiang"",""Zhangjiagang"",""Nantong"",""Shanghai""]","[""water"",""water"",""rail"",""rail"",""water""]",134.98170114454072
d204-c0,29,hybrid-seeded,feasible-heuristic,821.0846602751146,522.951,174.38966235931636,400,62,59,2,0.06128029199317098,"[""Chongqing"",""Wuhu"",""Maanshan"",""Shanghai""]","[""water"",""water"",""water""]",0.0
d204-c97_49,0,fixed,feasible-heuristic,1657.572716389583,509.6253,175.56700781990574,400,23,0,0,0.04393816599622369,"[""Chongqing"",""Jiangyin"",""Zhangjiagang"",""Shanghai""]","[""water"",""rail"",""rail""]",90.07397654910518
d204-c97_49,0,adaptive,feasible-heuristic,1780.762853008001,607.7729999999999,170.68518940413963,400,42,0,0,0.05071458301972598,"[""Chongqing"",""Wuhu"",""Maanshan"",""Shanghai""]","[""water"",""road"",""water""]",104.20019792519768
d204-c97_49,0,catastrophe,feasible-heuristic,990.59768707599,594.0300000000001,198.0925385577324,400,58,0,2,0.04943916597403586,"[""Chongqing"",""Nanjing"",""Shanghai""]","[""water"",""water""]",13.591904404045518
d204-c97_49,0,combined,feasible-heuristic,923.9858583632139,554.085,184.77198832847017,400,66,0,1,0.05255620798561722,"[""Chongqing"",""Wuhu"",""Zhangjiagang"",""Shanghai""]","[""water"",""water"",""water""]",5.953521458033362
d204-c97_49,0,hybrid-seeded,feasible-heuristic,872.0671532651146,522.951,174.38966235931636,400,64,65,2,0.06303183402633294,"[""Chongqing"",""Wuhu"",""Maanshan"",""Shanghai""]","[""water"",""water"",""water""]",0.0
d204-c97_49,1,fixed,feasible-heuristic,1774.9828362844614,511.6125,177.0322126669917,400,28,0,0,0.05045312497531995,"[""Chongqing"",""Jiangyin"",""Zhangjiagang"",""Nantong"",""Shanghai""]","[""water"",""rail"",""rail"",""rail""]",103.53740301291383
d204-c97_49,1,adaptive,feasible-heuristic,1619.8824995842724,552.7507500000002,189.05664023911677,400,35,0,0,0.04975391598418355,"[""Chongqing"",""Jiangyin"",""Zhangjiagang"",""Nantong"",""Shanghai""]","[""water"",""rail"",""water"",""rail""]",85.75203681496953
d204-c97_49,1,catastrophe,feasible-heuristic,1312.6748109094322,580.4718,195.87513959822172,400,51,0,1,0.04905249999137595,"[""Chongqing"",""Jiangyin"",""Zhangjiagang"",""Shanghai""]","[""water"",""rail"",""water""]",50.52451018188615
d204-c97_49,1,combined,feasible-heuristic,1619.8824995842724,552.7507500000002,189.05664023911677,400,57,0,1,0.051847958005964756,"[""Chongqing"",""Jiangyin"",""Zhangjiagang"",""Nantong"",""Shanghai""]","[""water"",""rail"",""water"",""rail""]",85.75203681496953
d204-c97_49,1,hybrid-seeded,feasible-heuristic,872.0671532651146,522.951,174.38966235931636,400,62,65,2,0.062062833982054144,"[""Chongqing"",""Wuhu"",""Maanshan"",""Shanghai""]","[""water"",""water"",""water""]",0.0
d204-c97_49,2,fixed,feasible-heuristic,1937.9394741737756,523.7331,181.95756399269075,400,31,0,0,0.049168750003445894,"[""Chongqing"",""Nanjing"",""Gaogang"",""Zhangjiagang"",""Shanghai""]","[""water"",""rail"",""water"",""rail""]",122.22365180455643
d204-c97_49,2,adaptive,feasible-heuristic,1937.9394741737756,523.7331,181.95756399269075,400,33,0,0,0.04902504099300131,"[""Chongqing"",""Nanjing"",""Gaogang"",""Zhangjiagang"",""Shanghai""]","[""water"",""rail"",""water"",""rail""]",122.22365180455643
d204-c97_49,2,catastrophe,feasible-heuristic,1937.9394741737756,523.7331,181.95756399269075,400,65,0,2,0.053957166033796966,"[""Chongqing"",""Nanjing"",""Gaogang"",""Zhangjiagang"",""Shanghai""]","[""water"",""rail"",""water"",""rail""]",122.22365180455643
d204-c97_49,2,combined,feasible-heuristic,971.0919026110171,582.3330000000001,194.19191329720718,400,79,0,2,0.05171337496722117,"[""Chongqing"",""Jiangyin"",""Shanghai""]","[""water"",""water""]",11.355174767808073
d204-c97_49,2,hybrid-seeded,feasible-heuristic,872.0671532651146,522.951,174.38966235931636,400,74,65,2,0.05977570899995044,"[""Chongqing"",""Wuhu"",""Maanshan"",""Shanghai""]","[""water"",""water"",""water""]",0.0
d204-c97_49,3,fixed,feasible-heuristic,1954.2728417122137,670.122,188.2901684699008,400,19,0,0,0.04692562500713393,"[""Chongqing"",""Wuhu"",""Jiangyin"",""Zhangjiagang"",""Shanghai""]","[""water"",""water"",""road"",""water""]",124.09660017525059
d204-c97_49,3,adaptive,feasible-heuristic,968.6055279305626,580.842,193.69470612755313,400,35,0,0,0.04693912499351427,"[""Chongqing"",""Wuhu"",""Nantong"",""Shanghai""]","[""water"",""water"",""water""]",11.070062013458237
d204-c97_49,3,catastrophe,feasible-heuristic,1010.0184245196999,605.676,201.97615673197166,400,58,0,2,0.05266291700536385,"[""Chongqing"",""Maanshan"",""Shanghai""]","[""water"",""water""]",15.818881692548636
d204-c97_49,3,combined,feasible-heuristic,968.6055279305626,580.842,193.69470612755313,400,55,0,1,0.04987650003749877,"[""Chongqing"",""Wuhu"",""Nantong"",""Shanghai""]","[""water"",""water"",""water""]",11.070062013458237
d204-c97_49,3,hybrid-seeded,feasible-heuristic,872.0671532651146,522.951,174.38966235931636,400,73,65,2,0.06102608301443979,"[""Chongqing"",""Wuhu"",""Maanshan"",""Shanghai""]","[""water"",""water"",""water""]",0.0
d204-c97_49,4,fixed,feasible-heuristic,2625.670458227508,778.896,200.5226592569913,400,25,0,0,0.0508568329969421,"[""Chongqing"",""Huangshi"",""Zhangjiagang"",""Shanghai""]","[""water"",""water"",""road""]",201.08581069665462
d204-c97_49,4,adaptive,feasible-heuristic,2031.6971331813802,560.7507,194.58746552889056,400,47,0,0,0.09966354200150818,"[""Chongqing"",""Huangshi"",""Chizhou"",""Zhenjiang"",""Shanghai""]","[""water"",""water"",""rail"",""water""]",132.97484896369326
d204-c97_49,4,catastrophe,feasible-heuristic,2625.670458227508,778.896,200.5226592569913,400,60,0,2,0.05629945802502334,"[""Chongqing"",""Huangshi"",""Zhangjiagang"",""Shanghai""]","[""water"",""water"",""road""]",201.08581069665462
d204-c97_49,4,combined,feasible-heuristic,1868.8627455364722,545.8618500000001,188.7120262109116,400,74,0,1,0.05848558299476281,"[""Chongqing"",""Wuxue"",""Gaogang"",""Shanghai""]","[""water"",""water"",""rail""]",114.30261861592265
d204-c97_49,4,hybrid-seeded,feasible-heuristic,872.0671532651146,522.951,174.38966235931636,400,68,65,2,0.06329679198097438,"[""Chongqing"",""Wuhu"",""Maanshan"",""Shanghai""]","[""water"",""water"",""water""]",0.0
d204-c97_49,5,fixed,feasible-heuristic,1974.460087638096,572.4498000000001,198.0092572111817,400,37,0,0,0.056370750011410564,"[""Chongqing"",""Honghu"",""Nantong"",""Shanghai""]","[""rail"",""water"",""water""]",126.41147304373312
d204-c97_49,5,adaptive,feasible-heuristic,968.6055279305626,580.842,193.69470612755313,400,47,0,0,0.05348520801635459,"[""Chongqing"",""Wuhu"",""Nantong"",""Shanghai""]","[""water"",""water"",""water""]",11.070062013458237
d204-c97_49,5,catastrophe,feasible-heuristic,979.721673886236,587.508,195.91763234681116,400,74,0,2,0.06017858302220702,"[""Chongqing"",""Yangluo"",""Shanghai""]","[""water"",""water""]",12.34475122908265
d204-c97_49,5,combined,feasible-heuristic,968.6055279305626,580.842,193.69470612755313,400,85,0,2,0.05584912502672523,"[""Chongqing"",""Wuhu"",""Nantong"",""Shanghai""]","[""water"",""water"",""water""]",11.070062013458237
d204-c97_49,5,hybrid-seeded,feasible-heuristic,872.0671532651146,522.951,174.38966235931636,400,76,65,2,0.06184724997729063,"[""Chongqing"",""Wuhu"",""Maanshan"",""Shanghai""]","[""water"",""water"",""water""]",0.0
d204-c97_49,6,fixed,feasible-heuristic,1633.6787061558712,494.6151,170.56951841109023,400,24,0,0,0.0656818330171518,"[""Chongqing"",""Yichang"",""Shashi"",""Zhangjiagang"",""Shanghai""]","[""rail"",""rail"",""water"",""water""]",87.33404876438699
d204-c97_49,6,adaptive,feasible-heuristic,1633.6787061558712,494.6151,170.56951841109023,400,29,0,0,0.07505337498150766,"[""Chongqing"",""Yichang"",""Shashi"",""Zhangjiagang"",""Shanghai""]","[""rail"",""rail"",""water"",""water""]",87.33404876438699
d204-c97_49,6,catastrophe,feasible-heuristic,1633.6787061558712,494.6151,170.56951841109023,400,72,0,2,0.0673265410005115,"[""Chongqing"",""Yichang"",""Shashi"",""Zhangjiagang"",""Shanghai""]","[""rail"",""rail"",""water"",""water""]",87.33404876438699
d204-c97_49,6,combined,feasible-heuristic,927.0825704903793,555.942,185.39124635264693,400,76,0,2,0.058114291983656585,"[""Chongqing"",""Honghu"",""Shanghai""]","[""water"",""water""]",6.30862164906465
d204-c97_49,6,hybrid-seeded,feasible-heuristic,872.0671532651146,522.951,174.38966235931636,400,78,65,2,0.0634286249987781,"[""Chongqing"",""Wuhu"",""Maanshan"",""Shanghai""]","[""water"",""water"",""water""]",0.0
d204-c97_49,7,fixed,feasible-heuristic,3476.758860564751,313.98795,125.41785886093624,400,19,0,0,0.043967625009827316,"[""Chongqing"",""Nanjing"",""Nantong"",""Shanghai""]","[""rail"",""water"",""water""]",298.6801758955588
d204-c97_49,7,adaptive,feasible-heuristic,2520.8175596389265,470.0043,168.83083065963,400,34,0,0,0.04895658401073888,"[""Chongqing"",""Anqing"",""Gaogang"",""Jiangyin"",""Shanghai""]","[""water"",""rail"",""water"",""water""]",189.06232165730708
d204-c97_49,7,catastrophe,feasible-heuristic,1357.8285616987,602.30295,203.27704044914847,400,59,0,2,0.06365204200847074,"[""Chongqing"",""Wuxue"",""Nantong"",""Shanghai""]","[""water"",""water"",""rail""]",55.70229386748964
d204-c97_49,7,combined,feasible-heuristic,929.4338704900042,557.3520000000001,185.8614422676115,400,60,0,1,0.057994082977529615,"[""Chongqing"",""Anqing"",""Shanghai""]","[""water"",""water""]",6.578245380542347
d204-c97_49,7,hybrid-seeded,feasible-heuristic,872.0671532651146,522.951,174.38966235931636,400,68,65,2,0.06939754204358906,"[""Chongqing"",""Wuhu"",""Maanshan"",""Shanghai""]","[""water"",""water"",""water""]",0.0
d204-c97_49,8,fixed,feasible-heuristic,2521.224026797587,417.297,151.93577761410975,400,26,0,0,0.05001604196149856,"[""Chongqing"",""Wuxue"",""Nantong"",""Shanghai""]","[""rail"",""water"",""water""]",189.10893127413976
d204-c97_49,8,adaptive,feasible-heuristic,2139.483639047097,575.66775,200.1450663529019,400,39,0,0,0.07480387500254437,"[""Chongqing"",""Zhicheng"",""Shashi"",""Nanjing"",""Jiangyin"",""Nantong"",""Shanghai""]","[""water"",""water"",""water"",""rail"",""rail"",""water""]",145.33473494978418
d204-c97_49,8,catastrophe,feasible-heuristic,929.4338704900042,557.3520000000001,185.8614422676115,400,73,0,2,0.05662358400877565,"[""Chongqing"",""Anqing"",""Shanghai""]","[""water"",""water""]",6.578245380542347
d204-c97_49,8,combined,feasible-heuristic,2201.242023803655,490.4172,173.21099245045122,400,95,0,2,0.07556466601090506,"[""Chongqing"",""Hankou"",""Tongling"",""Nanjing"",""Shanghai""]","[""rail"",""water"",""water"",""water""]",152.41657314599735
d204-c97_49,8,hybrid-seeded,feasible-heuristic,872.0671532651146,522.951,174.38966235931636,400,77,65,2,0.06274358299560845,"[""Chongqing"",""Wuhu"",""Maanshan"",""Shanghai""]","[""water"",""water"",""water""]",0.0
d204-c97_49,9,fixed,feasible-heuristic,2226.2964318938625,576.00885,200.86543532997376,400,44,0,0,0.055494583037216216,"[""Chongqing"",""Yangluo"",""Tongling"",""Shanghai""]","[""water"",""rail"",""water""]",155.28956383213904
d204-c97_49,9,adaptive,feasible-heuristic,2325.515479501781,531.7309500000001,187.31722432793816,400,39,0,0,0.0672141250106506,"[""Chongqing"",""Honghu"",""Jiujiang"",""Nanjing"",""Zhenjiang"",""Shanghai""]","[""water"",""water"",""rail"",""rail"",""water""]",166.66701879491703
d204-c97_49,9,catastrophe,feasible-heuristic,990.59768707599,594.0300000000001,198.0925385577324,400,87,0,2,0.059316332975868136,"[""Chongqing"",""Nanjing"",""Shanghai""]","[""water"",""water""]",13.591904404045518
d204-c97_49,9,combined,feasible-heuristic,1945.0948174480227,520.73265,181.10280320324853,400,81,0,2,0.06838908401550725,"[""Chongqing"",""Chenglingji"",""Wuxue"",""Shanghai""]","[""water"",""rail"",""water""]",123.04415550630195
d204-c97_49,9,hybrid-seeded,feasible-heuristic,872.0671532651146,522.951,174.38966235931636,400,72,65,2,0.0651101249968633,"[""Chongqing"",""Wuhu"",""Maanshan"",""Shanghai""]","[""water"",""water"",""water""]",0.0
d204-c97_49,10,fixed,feasible-heuristic,2340.6769316072514,516.31185,182.46288199641754,400,27,0,0,0.05832370795542374,"[""Chongqing"",""Honghu"",""Chizhou"",""Nantong"",""Shanghai""]","[""water"",""rail"",""water"",""water""]",168.40558354290738
d204-c97_49,10,adaptive,feasible-heuristic,927.0825704903793,555.942,185.39124635264693,400,43,0,0,0.05340541701298207,"[""Chongqing"",""Honghu"",""Shanghai""]","[""water"",""water""]",6.30862164906465
d204-c97_49,10,catastrophe,feasible-heuristic,2296.9382936658667,681.18975,194.17426528293626,400,76,0,2,0.06095779198221862,"[""Chongqing"",""Jiangyin"",""Zhangjiagang"",""Nantong"",""Shanghai""]","[""water"",""road"",""rail"",""water""]",163.3900709441789
d204-c97_49,10,combined,feasible-heuristic,927.0825704903793,555.942,185.39124635264693,400,88,0,2,0.057542917027603835,"[""Chongqing"",""Honghu"",""Shanghai""]","[""water"",""water""]",6.30862164906465
d204-c97_49,10,hybrid-seeded,feasible-heuristic,872.0671532651146,522.951,174.38966235931636,400,67,65,2,0.05957862501963973,"[""Chongqing"",""Wuhu"",""Maanshan"",""Shanghai""]","[""water"",""water"",""water""]",0.0
d204-c97_49,11,fixed,feasible-heuristic,2679.7587719246603,448.6554,163.14021695181225,400,25,0,0,0.05860766698606312,"[""Chongqing"",""Huangshi"",""Chizhou"",""Tongling"",""Nantong"",""Shanghai""]","[""water"",""water"",""water"",""rail"",""rail""]",207.28812132085827
d204-c97_49,11,adaptive,feasible-heuristic,2584.006631010383,556.04175,197.01750412570925,400,39,0,0,0.051325124979484826,"[""Chongqing"",""Huangshi"",""Gaogang"",""Shanghai""]","[""rail"",""water"",""water""]",196.30821678532212
d204-c97_49,11,catastrophe,feasible-heuristic,996.3858872878325,597.5010000000001,199.25002084201753,400,67,0,2,0.054593500040937215,"[""Chongqing"",""Jiangyin"",""Nantong"",""Shanghai""]","[""water"",""water"",""water""]",14.255637717491698
d204-c97_49,11,combined,feasible-heuristic,2469.715106054966,366.26699999999994,135.15493882452944,400,76,0,2,0.05585366702871397,"[""Chongqing"",""Wuhu"",""Gaogang"",""Shanghai""]","[""water"",""rail"",""rail""]",183.2023998161246
d204-c97_49,11,hybrid-seeded,feasible-heuristic,872.0671532651146,522.951,174.38966235931636,400,77,65,2,0.060840959020424634,"[""Chongqing"",""Wuhu"",""Maanshan"",""Shanghai""]","[""water"",""water"",""water""]",0.0
d204-c97_49,12,fixed,feasible-heuristic,1010.0184245196999,605.676,201.97615673197166,400,25,0,0,0.04791533300885931,"[""Chongqing"",""Maanshan"",""Shanghai""]","[""water"",""water""]",15.818881692548636
d204-c97_49,12,adaptive,feasible-heuristic,1513.9207965997223,507.19395000000003,173.77432172642622,400,35,0,0,0.045264167012646794,"[""Chongqing"",""Jiangyin"",""Shanghai""]","[""water"",""rail""]",73.60140109983935
d204-c97_49,12,catastrophe,feasible-heuristic,971.0919026110171,582.3330000000001,194.19191329720718,400,61,0,2,0.06711900001391768,"[""Chongqing"",""Jiangyin"",""Shanghai""]","[""water"",""water""]",11.355174767808073
d204-c97_49,12,combined,feasible-heuristic,992.6938460118257,595.287,198.5117132138391,400,76,0,2,0.051164875039830804,"[""Chongqing"",""Nanjing"",""Jiangyin"",""Shanghai""]","[""water"",""water"",""water""]",13.832271092320303
d204-c97_49,12,hybrid-seeded,feasible-heuristic,872.0671532651146,522.951,174.38966235931636,400,64,65,2,0.06055804202333093,"[""Chongqing"",""Wuhu"",""Maanshan"",""Shanghai""]","[""water"",""water"",""water""]",0.0
d204-c97_49,13,fixed,feasible-heuristic,980.5121109073864,587.982,196.07569820758647,400,22,0,0,0.0546541249495931,"[""Chongqing"",""Shashi"",""Jiangyin"",""Shanghai""]","[""water"",""water"",""water""]",12.435390696260274
d204-c97_49,13,adaptive,feasible-heuristic,980.5121109073864,587.982,196.07569820758647,400,37,0,0,0.05531062500085682,"[""Chongqing"",""Shashi"",""Jiangyin"",""Shanghai""]","[""water"",""water"",""water""]",12.435390696260274
d204-c97_49,13,catastrophe,feasible-heuristic,980.5121109073864,587.982,196.07569820758647,400,58,0,2,0.056364958989433944,"[""Chongqing"",""Shashi"",""Jiangyin"",""Shanghai""]","[""water"",""water"",""water""]",12.435390696260274
d204-c97_49,13,combined,feasible-heuristic,980.5121109073864,587.982,196.07569820758647,400,75,0,2,0.0579582909704186,"[""Chongqing"",""Shashi"",""Jiangyin"",""Shanghai""]","[""water"",""water"",""water""]",12.435390696260274
d204-c97_49,13,hybrid-seeded,feasible-heuristic,872.0671532651146,522.951,174.38966235931636,400,69,65,2,0.060414374980609864,"[""Chongqing"",""Wuhu"",""Maanshan"",""Shanghai""]","[""water"",""water"",""water""]",0.0
d204-c97_49,14,fixed,feasible-heuristic,3065.8900658563134,399.25365,149.9012396791123,400,35,0,0,0.049160458031110466,"[""Chongqing"",""Anqing"",""Jiangyin"",""Nantong"",""Shanghai""]","[""water"",""rail"",""rail"",""water""]",251.56582315677025
d204-c97_49,14,adaptive,feasible-heuristic,1506.5946380349365,515.9238,176.53155766479927,400,44,0,0,0.05568716599373147,"[""Chongqing"",""Shashi"",""Gaogang"",""Jiangyin"",""Shanghai""]","[""rail"",""water"",""water"",""water""]",72.76130999706636
d204-c97_49,14,catastrophe,feasible-heuristic,1494.4573221534356,576.7245000000001,196.0083750995498,400,80,0,2,0.05727212503552437,"[""Chongqing"",""Anqing"",""Zhangjiagang"",""Shanghai""]","[""water"",""water"",""rail""]",71.36952315633312
d204-c97_49,14,combined,feasible-heuristic,1007.3419447328929,604.071,201.44093372238433,400,68,0,1,0.05572762503288686,"[""Chongqing"",""Wuhu"",""Gaogang"",""Jiangyin"",""Shanghai""]","[""water"",""water"",""water"",""water""]",15.511969572675067
d204-c97_49,14,hybrid-seeded,feasible-heuristic,872.0671532651146,522.951,174.38966235931636,400,76,65,2,0.060462041990831494,"[""Chongqing"",""Wuhu"",""Maanshan"",""Shanghai""]","[""water"",""water"",""water""]",0.0
d204-c97_49,15,fixed,feasible-heuristic,2158.393079953978,431.51295,153.89729935920116,400,29,0,0,0.05372366699157283,"[""Chongqing"",""Jiujiang"",""Nanjing"",""Zhenjiang"",""Nantong"",""Shanghai""]","[""water"",""rail"",""rail"",""water"",""water""]",147.50308182950346
d204-c97_49,15,adaptive,feasible-heuristic,3072.9026523742355,285.7599,113.49504878812026,400,26,0,0,0.04736237501492724,"[""Chongqing"",""Jiujiang"",""Shanghai""]","[""water"",""rail""]",252.36995693152213
d204-c97_49,15,catastrophe,feasible-heuristic,1664.3573930737682,559.5798,191.62694818744203,400,67,0,2,0.05457575002219528,"[""Chongqing"",""Nanjing"",""Gaogang"",""Nantong"",""Shanghai""]","[""water"",""water"",""rail"",""water""]",90.8519758876633
d204-c97_49,15,combined,feasible-heuristic,1013.2452085617383,607.6110000000001,202.62142559399751,400,70,0,2,0.05680124997161329,"[""Chongqing"",""Jiangyin"",""Zhangjiagang"",""Shanghai""]","[""water"",""water"",""water""]",16.18889723893826
d204-c97_49,15,hybrid-seeded,feasible-heuristic,872.0671532651146,522.951,174.38966235931636,400,69,65,2,0.0606990410014987,"[""Chongqing"",""Wuhu"",""Maanshan"",""Shanghai""]","[""water"",""water"",""water""]",0.0
d204-c97_49,16,fixed,feasible-heuristic,2072.876620706852,569.1361499999999,197.6353548266288,400,21,0,0,0.04278237494872883,"[""Chongqing"",""Zhenjiang"",""Nantong"",""Shanghai""]","[""water"",""rail"",""rail""]",137.69690360951859
d204-c97_49,16,adaptive,feasible-heuristic,2072.876620706852,569.1361499999999,197.6353548266288,400,37,0,0,0.044901082990691066,"[""Chongqing"",""Zhenjiang"",""Nantong"",""Shanghai""]","[""water"",""rail"",""rail""]",137.69690360951859
d204-c97_49,16,catastrophe,feasible-heuristic,1503.3231227023034,582.5616,197.8884969381597,400,67,0,2,0.05108208302408457,"[""Chongqing"",""Nanjing"",""Gaogang"",""Nantong"",""Shanghai""]","[""water"",""rail"",""water"",""water""]",72.38616511053048
d204-c97_49,16,combined,feasible-heuristic,1433.4736051418893,540.1545000000001,183.81329381568153,400,81,0,2,0.05125491600483656,"[""Chongqing"",""Jiangyin"",""Zhangjiagang"",""Shanghai""]","[""water"",""water"",""rail""]",64.37651616332613
d204-c97_49,16,hybrid-seeded,feasible-heuristic,872.0671532651146,522.951,174.38966235931636,400,79,65,2,0.061689833004493266,"[""Chongqing"",""Wuhu"",""Maanshan"",""Shanghai""]","[""water"",""water"",""water""]",0.0
d204-c97_49,17,fixed,feasible-heuristic,2091.9515455213573,539.88225,188.29700813620408,400,24,0,0,0.05042487499304116,"[""Chongqing"",""Chenglingji"",""Nantong"",""Shanghai""]","[""rail"",""water"",""rail""]",139.88422654022256
d204-c97_49,17,adaptive,feasible-heuristic,1811.693757054983,583.7643,200.50475301427525,400,29,0,0,0.05299624998588115,"[""Chongqing"",""Chenglingji"",""Nantong"",""Shanghai""]","[""rail"",""water"",""water""]",107.74704680388476
d204-c97_49,17,catastrophe,feasible-heuristic,1771.143718105255,487.26284999999996,169.1708840683522,400,62,0,2,0.055462291988078505,"[""Chongqing"",""Honghu"",""Gaogang"",""Shanghai""]","[""water"",""water"",""rail""]",103.09717106921177
d204-c97_49,17,combined,feasible-heuristic,1845.2088529528162,554.1834,191.1627654771523,400,73,0,2,0.05540137499338016,"[""Chongqing"",""Maanshan"",""Jiangyin"",""Shanghai""]","[""water"",""rail"",""water""]",111.59022513852892
d204-c97_49,17,hybrid-seeded,feasible-heuristic,872.0671532651146,522.951,174.38966235931636,400,73,65,2,0.060013415990397334,"[""Chongqing"",""Wuhu"",""Maanshan"",""Shanghai""]","[""water"",""water"",""water""]",0.0
d204-c97_49,18,fixed,feasible-heuristic,968.6055279305626,580.842,193.69470612755313,400,26,0,0,0.04452058399328962,"[""Chongqing"",""Wuhu"",""Nantong"",""Shanghai""]","[""water"",""water"",""water""]",11.070062013458237
d204-c97_49,18,adaptive,feasible-heuristic,945.0324947428345,566.706,188.98074197582324,400,36,0,0,0.047793334000743926,"[""Chongqing"",""Wuhu"",""Jiangyin"",""Nantong"",""Shanghai""]","[""water"",""water"",""water"",""water""]",8.366940688515756
d204-c97_49,18,catastrophe,feasible-heuristic,968.6055279305626,580.842,193.69470612755313,400,60,0,2,0.05006745900027454,"[""Chongqing"",""Wuhu"",""Nantong"",""Shanghai""]","[""water"",""water"",""water""]",11.070062013458237
d204-c97_49,18,combined,feasible-heuristic,945.0324947428345,566.706,188.98074197582324,400,68,0,1,0.05346154101425782,"[""Chongqing"",""Wuhu"",""Jiangyin"",""Nantong"",""Shanghai""]","[""water"",""water"",""water"",""water""]",8.366940688515756
d204-c97_49,18,hybrid-seeded,feasible-heuristic,872.0671532651146,522.951,174.38966235931636,400,79,65,2,0.06409016699763015,"[""Chongqing"",""Wuhu"",""Maanshan"",""Shanghai""]","[""water"",""water"",""water""]",0.0
d204-c97_49,19,fixed,feasible-heuristic,929.4338704900042,557.3520000000001,185.8614422676115,400,22,0,0,0.04893841705052182,"[""Chongqing"",""Anqing"",""Shanghai""]","[""water"",""water""]",6.578245380542347
d204-c97_49,19,adaptive,feasible-heuristic,929.4338704900042,557.3520000000001,185.8614422676115,400,35,0,0,0.050331124977674335,"[""Chongqing"",""Anqing"",""Shanghai""]","[""water"",""water""]",6.578245380542347
d204-c97_49,19,catastrophe,feasible-heuristic,929.4338704900042,557.3520000000001,185.8614422676115,400,68,0,2,0.05470770801184699,"[""Chongqing"",""Anqing"",""Shanghai""]","[""water"",""water""]",6.578245380542347
d204-c97_49,19,combined,feasible-heuristic,929.4338704900042,557.3520000000001,185.8614422676115,400,76,0,2,0.05687087500700727,"[""Chongqing"",""Anqing"",""Shanghai""]","[""water"",""water""]",6.578245380542347
d204-c97_49,19,hybrid-seeded,feasible-heuristic,872.0671532651146,522.951,174.38966235931636,400,64,65,2,0.06297754100523889,"[""Chongqing"",""Wuhu"",""Maanshan"",""Shanghai""]","[""water"",""water"",""water""]",0.0
d204-c97_49,20,fixed,feasible-heuristic,2604.313650358575,766.089,196.25187976553653,400,25,0,0,0.047876750002615154,"[""Chongqing"",""Nanjing"",""Zhangjiagang"",""Shanghai""]","[""water"",""water"",""road""]",198.63682408031775
d204-c97_49,20,adaptive,feasible-heuristic,1496.0632100255198,577.6875,196.3295089053022,400,48,0,0,0.0661544160102494,"[""Chongqing"",""Shashi"",""Maanshan"",""Zhangjiagang"",""Shanghai""]","[""water"",""water"",""water"",""rail""]",71.55367042825725
d204-c97_49,20,catastrophe,feasible-heuristic,1362.7003434228109,593.35005,200.37049290469415,400,72,0,2,0.05642966600134969,"[""Chongqing"",""Nanjing"",""Zhenjiang"",""Nantong"",""Shanghai""]","[""water"",""rail"",""water"",""water""]",56.26094141038476
d204-c97_49,20,combined,feasible-heuristic,1336.4517427659407,589.48395,199.0022592903323,400,107,0,2,0.06723658298142254,"[""Chongqing"",""Jiujiang"",""Zhangjiagang"",""Nantong"",""Shanghai""]","[""water"",""water"",""water"",""rail""]",53.25101258109763
d204-c97_49,20,hybrid-seeded,feasible-heuristic,872.0671532651146,522.951,174.38966235931636,400,70,65,2,0.06239662499865517,"[""Chongqing"",""Wuhu"",""Maanshan"",""Shanghai""]","[""water"",""water"",""water""]",0.0
d204-c97_49,21,fixed,feasible-heuristic,2185.9533275025833,433.3737,154.7501184735802,400,28,0,0,0.04670050001004711,"[""Chongqing"",""Wuhu"",""Nanjing"",""Jiangyin"",""Nantong"",""Shanghai""]","[""water"",""water"",""rail"",""rail"",""rail""]",150.66341729741058
d204-c97_49,21,adaptive,feasible-heuristic,1809.0642052675266,503.14814999999993,174.48830652774873,400,41,0,0,0.05004862503847107,"[""Chongqing"",""Wuhu"",""Gaogang"",""Nantong"",""Shanghai""]","[""water"",""rail"",""water"",""water""]",107.44551592090046
d204-c97_49,21,catastrophe,feasible-heuristic,2132.8930749970405,576.52485,200.43475882670867,400,69,0,2,0.05682479200186208,"[""Chongqing"",""Hankou"",""Zhenjiang"",""Shanghai""]","[""water"",""water"",""rail""]",144.57899452023346
d204-c97_49,21,combined,feasible-heuristic,1850.4020603673139,527.9371499999999,182.75475087956198,400,55,0,1,0.05273433402180672,"[""Chongqing"",""Wuhu"",""Gaogang"",""Zhangjiagang"",""Nantong"",""Shanghai""]","[""water"",""rail"",""water"",""water"",""water""]",112.18573058728407
d204-c97_49,21,hybrid-seeded,feasible-heuristic,872.0671532651146,522.951,174.38966235931636,400,73,65,2,0.06070024997461587,"[""Chongqing"",""Wuhu"",""Maanshan"",""Shanghai""]","[""water"",""water"",""water""]",0.0
d204-c97_49,22,fixed,feasible-heuristic,1847.881145114288,533.2798500000001,184.51627798248307,400,27,0,0,0.05311612505465746,"[""Chongqing"",""Huangshi"",""Zhenjiang"",""Gaogang"",""Shanghai""]","[""water"",""water"",""water"",""rail""]",111.89665706311942
d204-c97_49,22,adaptive,feasible-heuristic,2296.378499811187,480.57525,170.65330188429635,400,45,0,0,0.06437304196879268,"[""Chongqing"",""Zhicheng"",""Hankou"",""Gaogang"",""Shanghai""]","[""rail"",""water"",""water"",""rail""]",163.32587934464624
d204-c97_49,22,catastrophe,feasible-heuristic,1788.4765919841693,540.9088499999999,186.49273180641,400,72,0,2,0.06181804201332852,"[""Chongqing"",""Jiujiang"",""Wuhu"",""Gaogang"",""Shanghai""]","[""water"",""rail"",""water"",""water""]",105.08473290020359
d204-c97_49,22,combined,feasible-heuristic,2149.4649890414216,528.8292,185.08502252693765,400,83,0,2,0.08250091603258625,"[""Chongqing"",""Zhicheng"",""Hankou"",""Gaogang"",""Nantong"",""Shanghai""]","[""rail"",""water"",""water"",""rail"",""water""]",146.47929703504943
d204-c97_49,22,hybrid-seeded,feasible-heuristic,872.0671532651146,522.951,174.38966235931636,400,78,65,2,0.06560633302433416,"[""Chongqing"",""Wuhu"",""Maanshan"",""Shanghai""]","[""water"",""water"",""water""]",0.0
d204-c97_49,23,fixed,feasible-heuristic,2321.8286944227125,562.7292000000001,197.32503997025114,400,29,0,0,0.058018417039420456,"[""Chongqing"",""Hankou"",""Tongling"",""Zhangjiagang"",""Shanghai""]","[""rail"",""water"",""water"",""water""]",166.24425489820734
d204-c97_49,23,adaptive,feasible-heuristic,3033.9005729915852,388.9422,146.29831415378644,400,35,0,0,0.0560608750092797,"[""Chongqing"",""Wuxue"",""Gaogang"",""Zhangjiagang"",""Shanghai""]","[""rail"",""water"",""rail"",""water""]",247.8975858260835
d204-c97_49,23,catastrophe,feasible-heuristic,927.0825704903793,555.942,185.39124635264693,400,75,0,2,0.058119332999922335,"[""Chongqing"",""Honghu"",""Shanghai""]","[""water"",""water""]",6.30862164906465
d204-c97_49,23,combined,feasible-heuristic,1449.4724506712514,549.7485,187.01262687112126,400,68,0,1,0.05883725004969165,"[""Chongqing"",""Jiujiang"",""Zhangjiagang"",""Shanghai""]","[""water"",""water"",""rail""]",66.21110487240212
d204-c97_49,23,hybrid-seeded,feasible-heuristic,872.0671532651146,522.951,174.38966235931636,400,79,65,2,0.06514787499327213,"[""Chongqing"",""Wuhu"",""Maanshan"",""Shanghai""]","[""water"",""water"",""water""]",0.0
d204-c97_49,24,fixed,feasible-heuristic,4716.542172710714,283.2822,80.76278008001515,400,27,0,0,0.060875499970279634,"[""Chongqing"",""Honghu"",""Nanjing"",""Jiangyin"",""Nantong"",""Shanghai""]","[""rail"",""rail"",""water"",""rail"",""road""]",440.84621293801354
d204-c97_49,24,adaptive,feasible-heuristic,1595.355820842048,556.0279500000001,190.0591070536459,400,46,0,0,0.0568111669854261,"[""Chongqing"",""Wuxue"",""Jiangyin"",""Shanghai""]","[""water"",""water"",""rail""]",82.93956088918858
d204-c97_49,24,catastrophe,feasible-heuristic,927.0825704903793,555.942,185.39124635264693,400,79,0,2,0.061400707985740155,"[""Chongqing"",""Honghu"",""Shanghai""]","[""water"",""water""]",6.30862164906465
d204-c97_49,24,combined,feasible-heuristic,971.0919026110171,582.3330000000001,194.19191329720718,400,75,0,2,0.05407975002890453,"[""Chongqing"",""Jiangyin"",""Shanghai""]","[""water"",""water""]",11.355174767808073
d204-c97_49,24,hybrid-seeded,feasible-heuristic,872.0671532651146,522.951,174.38966235931636,400,81,65,2,0.06326670799171552,"[""Chongqing"",""Wuhu"",""Maanshan"",""Shanghai""]","[""water"",""water"",""water""]",0.0
d204-c97_49,25,fixed,feasible-heuristic,3442.903659745931,396.17955,151.50371924178833,400,23,0,0,0.05337287503061816,"[""Chongqing"",""Hankou"",""Zhenjiang"",""Nantong"",""Shanghai""]","[""water"",""rail"",""water"",""rail""]",294.7979977064064
d204-c97_49,25,adaptive,feasible-heuristic,1773.0897940623913,488.42984999999993,169.5600462192484,400,29,0,0,0.04900179198011756,"[""Chongqing"",""Wuhu"",""Gaogang"",""Shanghai""]","[""water"",""water"",""rail""]",103.32032773207311
d204-c97_49,25,catastrophe,feasible-heuristic,872.0671532651146,522.951,174.38966235931636,400,74,0,2,0.05651887500425801,"[""Chongqing"",""Wuhu"",""Maanshan"",""Shanghai""]","[""water"",""water"",""water""]",0.0
d204-c97_49,25,combined,feasible-heuristic,872.0671532651146,522.951,174.38966235931636,400,76,0,2,0.054570832988247275,"[""Chongqing"",""Wuhu"",""Maanshan"",""Shanghai""]","[""water"",""water"",""water""]",0.0
d204-c97_49,25,hybrid-seeded,feasible-heuristic,872.0671532651146,522.951,174.38966235931636,400,68,65,2,0.06038291595177725,"[""Chongqing"",""Wuhu"",""Maanshan"",""Shanghai""]","[""water"",""water"",""water""]",0.0
d204-c97_49,26,fixed,feasible-heuristic,2408.674548239095,402.86414999999994,146.44017962740296,400,22,0,0,0.050577999965753406,"[""Chongqing"",""Hankou"",""Nantong"",""Shanghai""]","[""rail"",""water"",""rail""]",176.20287488420527
d204-c97_49,26,adaptive,feasible-heuristic,2128.4167597727205,446.7462,158.64792450547412,400,31,0,0,0.060851583955809474,"[""Chongqing"",""Hankou"",""Nantong"",""Shanghai""]","[""rail"",""water"",""water""]",144.06569514786742
d204-c97_49,26,catastrophe,feasible-heuristic,952.2114638906252,571.0110000000001,190.4163401417257,400,78,0,2,0.05798504099948332,"[""Chongqing"",""Jiujiang"",""Shanghai""]","[""water"",""water""]",9.190153570793424
d204-c97_49,26,combined,feasible-heuristic,1370.1569268902715,499.9854,170.44381839952067,400,83,0,2,0.062114916974678636,"[""Chongqing"",""Zhicheng"",""Anqing"",""Shanghai""]","[""rail"",""water"",""water""]",57.11598834565142
d204-c97_49,26,hybrid-seeded,feasible-heuristic,872.0671532651146,522.951,174.38966235931636,400,67,65,2,0.06963245902443305,"[""Chongqing"",""Wuhu"",""Maanshan"",""Shanghai""]","[""water"",""water"",""water""]",0.0
d204-c97_49,27,fixed,feasible-heuristic,2534.542312978498,327.38849999999996,123.04175789008065,400,28,0,0,0.0631670419825241,"[""Chongqing"",""Jiujiang"",""Nantong"",""Shanghai""]","[""water"",""rail"",""water""]",190.63614005972994
d204-c97_49,27,adaptive,feasible-heuristic,952.2114638906252,571.0110000000001,190.4163401417257,400,30,0,0,0.055439290998037905,"[""Chongqing"",""Jiujiang"",""Shanghai""]","[""water"",""water""]",9.190153570793424
d204-c97_49,27,catastrophe,feasible-heuristic,2104.382310070327,410.89334999999994,146.82290765627243,400,79,0,2,0.058912415988743305,"[""Chongqing"",""Jiujiang"",""Wuhu"",""Zhangjiagang"",""Shanghai""]","[""water"",""rail"",""water"",""rail""]",141.30966315968786
d204-c97_49,27,combined,feasible-heuristic,952.2114638906252,571.0110000000001,190.4163401417257,400,30,0,0,0.054625082993879914,"[""Chongqing"",""Jiujiang"",""Shanghai""]","[""water"",""water""]",9.190153570793424
d204-c97_49,27,hybrid-seeded,feasible-heuristic,872.0671532651146,522.951,174.38966235931636,400,64,65,2,0.06734495901037008,"[""Chongqing"",""Wuhu"",""Maanshan"",""Shanghai""]","[""water"",""water"",""water""]",0.0
d204-c97_49,28,fixed,feasible-heuristic,1776.034563318036,540.2959500000001,186.20802107990275,400,31,0,0,0.051694334018975496,"[""Chongqing"",""Nanjing"",""Zhenjiang"",""Jiangyin"",""Nantong"",""Shanghai""]","[""water"",""rail"",""rail"",""water"",""water""]",103.65800462365411
d204-c97_49,28,adaptive,feasible-heuristic,1971.687214674343,545.3712,189.217124970565,400,38,0,0,0.055371500027831644,"[""Chongqing"",""Anqing"",""Maanshan"",""Zhangjiagang"",""Shanghai""]","[""water"",""rail"",""water"",""water""]",126.09350751167855
d204-c97_49,28,catastrophe,feasible-heuristic,971.0919026110171,582.3330000000001,194.19191329720718,400,73,0,2,0.05551237502368167,"[""Chongqing"",""Jiangyin"",""Shanghai""]","[""water"",""water""]",11.355174767808073
d204-c97_49,28,combined,feasible-heuristic,1764.5890529907301,446.5968,156.04077034165275,400,77,0,2,0.058825167012400925,"[""Chongqing"",""Honghu"",""Shanghai""]","[""rail"",""water""]",102.34554717304927
d204-c97_49,28,hybrid-seeded,feasible-heuristic,872.0671532651146,522.951,174.38966235931636,400,61,65,2,0.05944899999303743,"[""Chongqing"",""Wuhu"",""Maanshan"",""Shanghai""]","[""water"",""water"",""water""]",0.0
d204-c97_49,29,fixed,feasible-heuristic,3950.1597748109,159.24644999999998,78.96069235787078,400,18,0,0,0.041112624981906265,"[""Chongqing"",""Zhangjiagang"",""Nantong"",""Shanghai""]","[""rail"",""water"",""water""]",352.96509105073744
d204-c97_49,29,adaptive,feasible-heuristic,3923.209874602435,143.08545,73.57144683890455,400,23,0,0,0.043440875015221536,"[""Chongqing"",""Zhangjiagang"",""Shanghai""]","[""rail"",""water""]",349.8747441539919
d204-c97_49,29,catastrophe,feasible-heuristic,1572.160888662773,555.2418000000001,189.6430207744283,400,47,0,1,0.05266737501369789,"[""Chongqing"",""Shashi"",""Huangshi"",""Nanjing"",""Shanghai""]","[""rail"",""water"",""water"",""water""]",80.279796432698
d204-c97_49,29,combined,feasible-heuristic,1986.1221330418373,581.8384500000001,201.05173294821103,400,49,0,1,0.051313042000401765,"[""Chongqing"",""Anqing"",""Zhenjiang"",""Zhangjiagang"",""Nantong"",""Shanghai""]","[""water"",""water"",""rail"",""rail"",""water""]",127.7487605863355
d204-c97_49,29,hybrid-seeded,feasible-heuristic,872.0671532651146,522.951,174.38966235931636,400,63,65,2,0.06271254201419652,"[""Chongqing"",""Wuhu"",""Maanshan"",""Shanghai""]","[""water"",""water"",""water""]",0.0
d204-c5000,0,fixed,feasible-heuristic,4695.410319231398,349.6584,133.2883948928518,400,24,0,0,0.06225641700439155,"[""Chongqing"",""Wuxue"",""Zhangjiagang"",""Nantong"",""Shanghai""]","[""water"",""rail"",""water"",""rail""]",36.65976248889993
d204-c5000,0,adaptive,feasible-heuristic,4603.467585875245,560.9676000000001,193.40257334574153,400,36,0,0,0.06556262500816956,"[""Chongqing"",""Shashi"",""Yangluo"",""Tongling"",""Shanghai""]","[""water"",""rail"",""water"",""water""]",33.98377226679536
d204-c5000,0,catastrophe,feasible-heuristic,4613.990155919759,456.39675,163.49788749375523,400,61,0,2,0.05901699996320531,"[""Chongqing"",""Yangluo"",""Zhangjiagang"",""Shanghai""]","[""rail"",""water"",""water""]",34.29003132091173
d204-c5000,0,combined,feasible-heuristic,3911.094316381826,595.287,198.5117132138391,400,88,0,2,0.06597233301727101,"[""Chongqing"",""Nanjing"",""Jiangyin"",""Shanghai""]","[""water"",""water"",""water""]",13.832271092320326
d204-c5000,0,hybrid-seeded,feasible-heuristic,3435.8396602751145,522.951,174.38966235931636,400,68,176,2,0.06930566596565768,"[""Chongqing"",""Wuhu"",""Maanshan"",""Shanghai""]","[""water"",""water"",""water""]",0.0
d204-c5000,1,fixed,feasible-heuristic,5155.827085291657,316.44374999999997,127.1062062128214,400,19,0,0,0.04791866696905345,"[""Chongqing"",""Wuxue"",""Shanghai""]","[""water"",""rail""]",50.06017728076459
d204-c5000,1,adaptive,feasible-heuristic,4174.52782883893,364.8477,134.10845873220399,400,30,0,0,0.048468291002791375,"[""Chongqing"",""Wuhu"",""Zhangjiagang"",""Shanghai""]","[""water"",""rail"",""rail""]",21.49949478447628
d204-c5000,1,catastrophe,feasible-heuristic,4482.508993205478,404.433,147.64599020268832,400,65,0,2,0.05595924996305257,"[""Chongqing"",""Wuxue"",""Zhenjiang"",""Shanghai""]","[""rail"",""water"",""water""]",30.46327641629687
d204-c5000,1,combined,feasible-heuristic,3892.5658466960767,440.2596,153.72770927586436,400,61,0,1,0.05293820798397064,"[""Chongqing"",""Wuhu"",""Jiangyin"",""Shanghai""]","[""water"",""rail"",""water""]",13.29300059317644
d204-c5000,1,hybrid-seeded,feasible-heuristic,3435.8396602751145,522.951,174.38966235931636,400,61,176,2,0.06721554201794788,"[""Chongqing"",""Wuhu"",""Maanshan"",""Shanghai""]","[""water"",""water"",""water""]",0.0
d204-c5000,2,fixed,feasible-heuristic,4348.926886419243,445.68045,158.5551292349404,400,30,0,0,0.04547858296427876,"[""Chongqing"",""Nanjing"",""Gaogang"",""Shanghai""]","[""water"",""rail"",""rail""]",26.57537360375588
d204-c5000,2,adaptive,feasible-heuristic,4292.36834789729,572.2365000000001,194.511751506386,400,38,0,0,0.04802975000347942,"[""Chongqing"",""Nanjing"",""Zhenjiang"",""Zhangjiagang"",""Shanghai""]","[""water"",""water"",""water"",""rail""]",24.929239205347308
d204-c5000,2,catastrophe,feasible-heuristic,4348.926886419243,445.68045,158.5551292349404,400,75,0,2,0.05227216600906104,"[""Chongqing"",""Nanjing"",""Gaogang"",""Shanghai""]","[""water"",""rail"",""rail""]",26.57537360375588
d204-c5000,2,combined,feasible-heuristic,3859.9855189662358,587.508,195.91763234681116,400,60,0,1,0.05127954197814688,"[""Chongqing"",""Yangluo"",""Shanghai""]","[""water"",""water""]",12.34475122908265
d204-c5000,2,hybrid-seeded,feasible-heuristic,3435.8396602751145,522.951,174.38966235931636,400,76,176,2,0.07172120898030698,"[""Chongqing"",""Wuhu"",""Maanshan"",""Shanghai""]","[""water"",""water"",""water""]",0.0
d204-c5000,3,fixed,feasible-heuristic,5068.911005498419,541.8579,191.18695702214833,400,19,0,0,0.06460220902226865,"[""Chongqing"",""Yichang"",""Yangluo"",""Zhenjiang"",""Jiangyin"",""Shanghai""]","[""rail"",""water"",""water"",""rail"",""rail""]",47.53048764483212
d204-c5000,3,adaptive,feasible-heuristic,3950.666333460193,478.78304999999995,165.26289052324407,400,44,0,0,0.05013087502447888,"[""Chongqing"",""Wuhu"",""Jiangyin"",""Nantong"",""Shanghai""]","[""water"",""water"",""rail"",""rail""]",14.984013344320468
d204-c5000,3,catastrophe,feasible-heuristic,4152.992521455191,509.57805,175.53216938943834,400,52,0,2,0.06108962500002235,"[""Chongqing"",""Jiangyin"",""Nantong"",""Shanghai""]","[""water"",""rail"",""rail""]",20.87271037329643
d204-c5000,3,combined,feasible-heuristic,3956.1174271324344,549.6768,185.60586073202745,400,87,0,2,0.05697249999502674,"[""Chongqing"",""Wuhu"",""Jiangyin"",""Zhangjiagang"",""Shanghai""]","[""water"",""water"",""rail"",""water""]",15.142667245876673
d204-c5000,3,hybrid-seeded,feasible-heuristic,3435.8396602751145,522.951,174.38966235931636,400,62,176,2,0.07149133295752108,"[""Chongqing"",""Wuhu"",""Maanshan"",""Shanghai""]","[""water"",""water"",""water""]",0.0
d204-c5000,4,fixed,feasible-heuristic,4563.2043508367,71.316,52.58280438545874,400,22,0,0,0.047842708008829504,"[""Chongqing"",""Nantong"",""Shanghai""]","[""rail"",""rail""]",32.81191213886026
d204-c5000,4,adaptive,feasible-heuristic,4622.259954847085,72.23895,53.26331506058857,400,25,0,0,0.04568758298410103,"[""Chongqing"",""Zhangjiagang"",""Shanghai""]","[""rail"",""rail""]",34.530723545957656
d204-c5000,4,catastrophe,feasible-heuristic,3825.9852584410173,582.3330000000001,194.19191329720718,400,61,0,2,0.04941533296369016,"[""Chongqing"",""Jiangyin"",""Shanghai""]","[""water"",""water""]",11.355174767808073
d204-c5000,4,combined,feasible-heuristic,4558.740787011358,526.17225,183.09267564240437,400,69,0,2,0.05641716695390642,"[""Chongqing"",""Yichang"",""Wuxue"",""Wuhu"",""Jiangyin"",""Zhangjiagang"",""Nantong"",""Shanghai""]","[""water"",""water"",""rail"",""water"",""water"",""water"",""water""]",32.68200026092985
d204-c5000,4,hybrid-seeded,feasible-heuristic,3435.8396602751145,522.951,174.38966235931636,400,70,176,2,0.07086875004461035,"[""Chongqing"",""Wuhu"",""Maanshan"",""Shanghai""]","[""water"",""water"",""water""]",0.0
d204-c5000,5,fixed,feasible-heuristic,4633.448232584408,550.0068000000001,190.52513882852227,400,34,0,0,0.057695249968674034,"[""Chongqing"",""Honghu"",""Anqing"",""Zhangjiagang"",""Shanghai""]","[""rail"",""water"",""water"",""water""]",34.85635800051854
d204-c5000,5,adaptive,feasible-heuristic,4557.4327023043115,263.1906,107.53946595366841,400,45,0,0,0.053223124996293336,"[""Chongqing"",""Huangshi"",""Zhenjiang"",""Shanghai""]","[""rail"",""water"",""rail""]",32.64392849867124
d204-c5000,5,catastrophe,feasible-heuristic,4007.2983374762807,528.8475000000001,180.0427227444018,400,56,0,1,0.06109695800114423,"[""Chongqing"",""Jiujiang"",""Wuhu"",""Zhangjiagang"",""Shanghai""]","[""water"",""water"",""water"",""rail""]",16.632285953512984
d204-c5000,5,combined,feasible-heuristic,3992.0642121717387,607.6110000000001,202.62142559399751,400,96,0,2,0.06048879097215831,"[""Chongqing"",""Jiangyin"",""Zhangjiagang"",""Shanghai""]","[""water"",""water"",""water""]",16.18889723893828
d204-c5000,5,hybrid-seeded,feasible-heuristic,3435.8396602751145,522.951,174.38966235931636,400,66,176,2,0.07032704196171835,"[""Chongqing"",""Wuhu"",""Maanshan"",""Shanghai""]","[""water"",""water"",""water""]",0.0
d204-c5000,6,fixed,feasible-heuristic,3751.5986015006256,571.0110000000001,190.4163401417257,400,30,0,0,0.0506440419703722,"[""Chongqing"",""Jiujiang"",""Shanghai""]","[""water"",""water""]",9.190153570793447
d204-c5000,6,adaptive,feasible-heuristic,4058.5341800568713,494.6151,170.56951841109023,400,28,0,0,0.06451858300715685,"[""Chongqing"",""Yichang"",""Shashi"",""Zhangjiagang"",""Shanghai""]","[""rail"",""rail"",""water"",""water""]",18.12350346208811
d204-c5000,6,catastrophe,feasible-heuristic,3954.03433095873,446.5968,156.04077034165275,400,75,0,2,0.05555391701636836,"[""Chongqing"",""Honghu"",""Shanghai""]","[""rail"",""water""]",15.0820388004405
d204-c5000,6,combined,feasible-heuristic,4058.5341800568713,494.6151,170.56951841109023,400,74,0,2,0.06542916601756588,"[""Chongqing"",""Yichang"",""Shashi"",""Zhangjiagang"",""Shanghai""]","[""rail"",""rail"",""water"",""water""]",18.12350346208811
d204-c5000,6,hybrid-seeded,feasible-heuristic,3435.8396602751145,522.951,174.38966235931636,400,62,176,2,0.06628483399981633,"[""Chongqing"",""Wuhu"",""Maanshan"",""Shanghai""]","[""water"",""water"",""water""]",0.0
d204-c5000,7,fixed,feasible-heuristic,4752.185634641658,145.07805,75.0406332209011,400,19,0,0,0.043939416005741805,"[""Chongqing"",""Nanjing"",""Zhangjiagang"",""Shanghai""]","[""rail"",""rail"",""water""]",38.31220617149349
d204-c5000,7,adaptive,feasible-heuristic,4609.0859119714005,151.8516,75.97986797008852,400,32,0,0,0.045360749994870275,"[""Chongqing"",""Nanjing"",""Jiangyin"",""Shanghai""]","[""rail"",""rail"",""water""]",34.147293462534336
d204-c5000,7,catastrophe,feasible-heuristic,3920.2793142976234,596.685,198.97790746144227,400,56,0,2,0.051108332991134375,"[""Chongqing"",""Jiujiang"",""Nantong"",""Shanghai""]","[""water"",""water"",""water""]",14.099600153742875
d204-c5000,7,combined,feasible-heuristic,3825.9852584410173,582.3330000000001,194.19191329720718,400,49,0,1,0.04827575001399964,"[""Chongqing"",""Jiangyin"",""Shanghai""]","[""water"",""water""]",11.355174767808073
d204-c5000,7,hybrid-seeded,feasible-heuristic,3435.8396602751145,522.951,174.38966235931636,400,62,176,2,0.06636654201429337,"[""Chongqing"",""Wuhu"",""Maanshan"",""Shanghai""]","[""water"",""water"",""water""]",0.0
d204-c5000,8,fixed,feasible-heuristic,5054.8704561534105,198.67965,92.44666174740533,400,28,0,0,0.06154970801435411,"[""Chongqing"",""Zhicheng"",""Tongling"",""Nanjing"",""Jiangyin"",""Shanghai""]","[""water"",""rail"",""water"",""rail"",""rail""]",47.12183791919606
d204-c5000,8,adaptive,feasible-heuristic,5006.4432506660305,393.19005000000004,148.04130214984266,400,38,0,0,0.061803582997526973,"[""Chongqing"",""Zhicheng"",""Tongling"",""Shanghai""]","[""water"",""rail"",""water""]",45.71236570059136
d204-c5000,8,catastrophe,feasible-heuristic,4174.52782883893,364.8477,134.10845873220399,400,75,0,2,0.0577666669851169,"[""Chongqing"",""Wuhu"",""Zhangjiagang"",""Shanghai""]","[""water"",""rail"",""rail""]",21.49949478447628
d204-c5000,8,combined,feasible-heuristic,3913.069153952394,405.3449999999999,143.84237039043245,400,90,0,2,0.0634687920100987,"[""Chongqing"",""Honghu"",""Anqing"",""Shanghai""]","[""water"",""rail"",""water""]",13.889748674682533
d204-c5000,8,hybrid-seeded,feasible-heuristic,3435.8396602751145,522.951,174.38966235931636,400,78,176,2,0.06842220801627263,"[""Chongqing"",""Wuhu"",""Maanshan"",""Shanghai""]","[""water"",""water"",""water""]",0.0
d204-c5000,9,fixed,feasible-heuristic,4830.292977028321,387.8562,145.33038262239964,400,46,0,0,0.06515179201960564,"[""Chongqing"",""Zhicheng"",""Anqing"",""Chizhou"",""Zhenjiang"",""Shanghai""]","[""rail"",""rail"",""water"",""water"",""water""]",40.58551779571546
d204-c5000,9,adaptive,feasible-heuristic,4895.974140574658,341.2155,132.33409671080975,400,43,0,0,0.06449141597840935,"[""Chongqing"",""Honghu"",""Jiujiang"",""Nanjing"",""Zhenjiang"",""Shanghai""]","[""water"",""rail"",""rail"",""rail"",""water""]",42.49716589459904
d204-c5000,9,catastrophe,feasible-heuristic,3961.378401828145,501.24795,171.79149554885223,400,85,0,2,0.05970166699262336,"[""Chongqing"",""Jiujiang"",""Jiangyin"",""Shanghai""]","[""water"",""water"",""rail""]",15.295787740890955
d204-c5000,9,combined,feasible-heuristic,4059.346654931837,351.5637,129.4823423493199,400,83,0,2,0.06183858402073383,"[""Chongqing"",""Jiujiang"",""Maanshan"",""Shanghai""]","[""rail"",""water"",""water""]",18.147150516528953
d204-c5000,9,hybrid-seeded,feasible-heuristic,3435.8396602751145,522.951,174.38966235931636,400,79,176,2,0.07310874998802319,"[""Chongqing"",""Wuhu"",""Maanshan"",""Shanghai""]","[""water"",""water"",""water""]",0.0
d204-c5000,10,fixed,feasible-heuristic,4669.577062994066,190.53285,87.51691089189643,400,22,0,0,0.05491133301984519,"[""Chongqing"",""Chenglingji"",""Maanshan"",""Shanghai""]","[""water"",""rail"",""rail""]",35.907886418080516
d204-c5000,10,adaptive,feasible-heuristic,3859.9855189662358,587.508,195.91763234681116,400,44,0,0,0.061590249999426305,"[""Chongqing"",""Yangluo"",""Shanghai""]","[""water"",""water""]",12.34475122908265
d204-c5000,10,catastrophe,feasible-heuristic,3859.9855189662358,587.508,195.91763234681116,400,72,0,2,0.056958083994686604,"[""Chongqing"",""Yangluo"",""Shanghai""]","[""water"",""water""]",12.34475122908265
d204-c5000,10,combined,feasible-heuristic,3978.385266777824,605.529,201.9271363067945,400,92,0,2,0.06537758302874863,"[""Chongqing"",""Yichang"",""Yangluo"",""Shanghai""]","[""water"",""water"",""water""]",15.790771984373308
d204-c5000,10,hybrid-seeded,feasible-heuristic,3435.8396602751145,522.951,174.38966235931636,400,68,176,2,0.06821091601159424,"[""Chongqing"",""Wuhu"",""Maanshan"",""Shanghai""]","[""water"",""water"",""water""]",0.0
d204-c5000,11,fixed,feasible-heuristic,4622.259954847085,72.23895,53.26331506058857,400,21,0,0,0.04096954100532457,"[""Chongqing"",""Zhangjiagang"",""Shanghai""]","[""rail"",""rail""]",34.530723545957656
d204-c5000,11,adaptive,feasible-heuristic,4622.259954847085,72.23895,53.26331506058857,400,23,0,0,0.04261295800097287,"[""Chongqing"",""Zhangjiagang"",""Shanghai""]","[""rail"",""rail""]",34.530723545957656
d204-c5000,11,catastrophe,feasible-heuristic,4622.259954847085,72.23895,53.26331506058857,400,61,0,2,0.04769658303121105,"[""Chongqing"",""Zhangjiagang"",""Shanghai""]","[""rail"",""rail""]",34.530723545957656
d204-c5000,11,combined,feasible-heuristic,3816.189241350563,580.842,193.69470612755313,400,73,0,2,0.05071845802012831,"[""Chongqing"",""Wuhu"",""Nantong"",""Shanghai""]","[""water"",""water"",""water""]",11.070062013458259
d204-c5000,11,hybrid-seeded,feasible-heuristic,3435.8396602751145,522.951,174.38966235931636,400,71,176,2,0.06797687499783933,"[""Chongqing"",""Wuhu"",""Maanshan"",""Shanghai""]","[""water"",""water"",""water""]",0.0
d204-c5000,12,fixed,feasible-heuristic,4619.798940404698,446.0205,160.4977842878849,400,30,0,0,0.054576250026002526,"[""Chongqing"",""Huangshi"",""Maanshan"",""Shanghai""]","[""water"",""rail"",""water""]",34.45909580177504
d204-c5000,12,adaptive,feasible-heuristic,3435.8396602751145,522.951,174.38966235931636,400,47,0,0,0.0743925420101732,"[""Chongqing"",""Wuhu"",""Maanshan"",""Shanghai""]","[""water"",""water"",""water""]",0.0
d204-c5000,12,catastrophe,feasible-heuristic,4349.113987338505,228.71894999999998,96.17188385981176,400,70,0,2,0.05979987495811656,"[""Chongqing"",""Shashi"",""Jiangyin"",""Shanghai""]","[""water"",""rail"",""water""]",26.580819169840495
d204-c5000,12,combined,feasible-heuristic,3883.892130724368,535.8877499999999,181.13680627531136,400,62,0,1,0.05971320898970589,"[""Chongqing"",""Wuhu"",""Zhangjiagang"",""Nantong"",""Shanghai""]","[""water"",""water"",""rail"",""water""]",13.040552375874759
d204-c5000,12,hybrid-seeded,feasible-heuristic,3435.8396602751145,522.951,174.38966235931636,400,74,176,2,0.07052433298667893,"[""Chongqing"",""Wuhu"",""Maanshan"",""Shanghai""]","[""water"",""water"",""water""]",0.0
d204-c5000,13,fixed,feasible-heuristic,3863.099745727386,587.982,196.07569820758647,400,23,0,0,0.05189312499715015,"[""Chongqing"",""Shashi"",""Jiangyin"",""Shanghai""]","[""water"",""water"",""water""]",12.435390696260251
d204-c5000,13,adaptive,feasible-heuristic,3863.099745727386,587.982,196.07569820758647,400,41,0,0,0.0540158330113627,"[""Chongqing"",""Shashi"",""Jiangyin"",""Shanghai""]","[""water"",""water"",""water""]",12.435390696260251
d204-c5000,13,catastrophe,feasible-heuristic,3863.099745727386,587.982,196.07569820758647,400,61,0,2,0.05631849996279925,"[""Chongqing"",""Shashi"",""Jiangyin"",""Shanghai""]","[""water"",""water"",""water""]",12.435390696260251
d204-c5000,13,combined,feasible-heuristic,3863.099745727386,587.982,196.07569820758647,400,73,0,2,0.05854925001040101,"[""Chongqing"",""Shashi"",""Jiangyin"",""Shanghai""]","[""water"",""water"",""water""]",12.435390696260251
d204-c5000,13,hybrid-seeded,feasible-heuristic,3435.8396602751145,522.951,174.38966235931636,400,73,176,2,0.06795220798812807,"[""Chongqing"",""Wuhu"",""Maanshan"",""Shanghai""]","[""water"",""water"",""water""]",0.0
d204-c5000,14,fixed,feasible-heuristic,5016.954598520386,385.94805,145.9746192272843,400,30,0,0,0.049044249986764044,"[""Chongqing"",""Anqing"",""Jiangyin"",""Zhangjiagang"",""Shanghai""]","[""water"",""rail"",""water"",""rail""]",46.01829813323326
d204-c5000,14,adaptive,feasible-heuristic,3661.8576240100047,557.3520000000001,185.8614422676115,400,41,0,0,0.049803083995357156,"[""Chongqing"",""Anqing"",""Shanghai""]","[""water"",""water""]",6.578245380542369
d204-c5000,14,catastrophe,feasible-heuristic,4497.940743919014,351.35925,132.44830523609687,400,69,0,2,0.0542782080010511,"[""Chongqing"",""Huangshi"",""Zhangjiagang"",""Shanghai""]","[""rail"",""water"",""rail""]",30.91241701188274
d204-c5000,14,combined,feasible-heuristic,3661.8576240100047,557.3520000000001,185.8614422676115,400,80,0,2,0.0548958329600282,"[""Chongqing"",""Anqing"",""Shanghai""]","[""water"",""water""]",6.578245380542369
d204-c5000,14,hybrid-seeded,feasible-heuristic,3435.8396602751145,522.951,174.38966235931636,400,83,176,2,0.06933466700138524,"[""Chongqing"",""Wuhu"",""Maanshan"",""Shanghai""]","[""water"",""water"",""water""]",0.0
d204-c5000,15,fixed,feasible-heuristic,4473.8434197232355,285.7599,113.49504878812026,400,24,0,0,0.04816266702255234,"[""Chongqing"",""Jiujiang"",""Shanghai""]","[""water"",""rail""]",30.211065185882568
d204-c5000,15,adaptive,feasible-heuristic,3786.9194518549402,576.3870000000001,192.20908711963318,400,34,0,0,0.053893874981440604,"[""Chongqing"",""Jiujiang"",""Jiangyin"",""Shanghai""]","[""water"",""water"",""water""]",10.218165755491459
d204-c5000,15,catastrophe,feasible-heuristic,4389.833356940537,512.4477,178.02239142246952,400,71,0,2,0.056503749976400286,"[""Chongqing"",""Nanjing"",""Gaogang"",""Zhangjiagang"",""Shanghai""]","[""water"",""water"",""rail"",""rail""]",27.765955079202786
d204-c5000,15,combined,feasible-heuristic,3729.9153424783644,486.6285,165.9638565501542,400,71,0,2,0.05987220897804946,"[""Chongqing"",""Wuhu"",""Zhangjiagang"",""Shanghai""]","[""water"",""water"",""rail""]",8.559063032053782
d204-c5000,15,hybrid-seeded,feasible-heuristic,3435.8396602751145,522.951,174.38966235931636,400,68,176,2,0.06975987501209602,"[""Chongqing"",""Wuhu"",""Maanshan"",""Shanghai""]","[""water"",""water"",""water""]",0.0
d204-c5000,16,fixed,feasible-heuristic,4345.050515284367,293.35665,114.71110342547519,400,24,0,0,0.04907908401219174,"[""Chongqing"",""Jiujiang"",""Jiangyin"",""Shanghai""]","[""rail"",""water"",""rail""]",26.46255194971614
d204-c5000,16,adaptive,feasible-heuristic,4170.5915653111615,368.4957,135.12869499625614,400,35,0,0,0.053146082966122776,"[""Chongqing"",""Jiujiang"",""Jiangyin"",""Shanghai""]","[""rail"",""water"",""water""]",21.3849299643166
d204-c5000,16,catastrophe,feasible-heuristic,4028.224097616289,346.82669999999996,127.90268415840703,400,65,0,2,0.055160249990876764,"[""Chongqing"",""Jiujiang"",""Nanjing"",""Shanghai""]","[""rail"",""water"",""water""]",17.241329512266624
d204-c5000,16,combined,feasible-heuristic,4135.270714956847,363.1197,133.3359480183487,400,59,0,1,0.05544408404966816,"[""Chongqing"",""Jiujiang"",""Shanghai""]","[""rail"",""water""]",20.356917779618612
d204-c5000,16,hybrid-seeded,feasible-heuristic,3435.8396602751145,522.951,174.38966235931636,400,70,176,2,0.06886633299291134,"[""Chongqing"",""Wuhu"",""Maanshan"",""Shanghai""]","[""water"",""water"",""water""]",0.0
d204-c5000,17,fixed,feasible-heuristic,4076.2237606744684,394.392,141.8436101597439,400,23,0,0,0.05157404101919383,"[""Chongqing"",""Chenglingji"",""Zhangjiagang"",""Nantong"",""Shanghai""]","[""rail"",""water"",""rail"",""rail""]",18.638358122569578
d204-c5000,17,adaptive,feasible-heuristic,4030.8541059817794,432.14025,152.36803773186895,400,31,0,0,0.06597891601268202,"[""Chongqing"",""Chenglingji"",""Zhangjiagang"",""Nantong"",""Shanghai""]","[""rail"",""water"",""water"",""rail""]",17.31787581900783
d204-c5000,17,catastrophe,feasible-heuristic,4076.2237606744684,394.392,141.8436101597439,400,65,0,2,0.056758750055450946,"[""Chongqing"",""Chenglingji"",""Zhangjiagang"",""Nantong"",""Shanghai""]","[""rail"",""water"",""rail"",""rail""]",18.638358122569578
d204-c5000,17,combined,feasible-heuristic,4030.8541059817794,432.14025,152.36803773186895,400,74,0,2,0.0595462080091238,"[""Chongqing"",""Chenglingji"",""Zhangjiagang"",""Nantong"",""Shanghai""]","[""rail"",""water"",""water"",""rail""]",17.31787581900783
d204-c5000,17,hybrid-seeded,feasible-heuristic,3435.8396602751145,522.951,174.38966235931636,400,71,176,2,0.07082204200560227,"[""Chongqing"",""Wuhu"",""Maanshan"",""Shanghai""]","[""water"",""water"",""water""]",0.0
d204-c5000,18,fixed,feasible-heuristic,3816.189241350563,580.842,193.69470612755313,400,25,0,0,0.0451361250015907,"[""Chongqing"",""Wuhu"",""Nantong"",""Shanghai""]","[""water"",""water"",""water""]",11.070062013458259
d204-c5000,18,adaptive,feasible-heuristic,3723.314326802835,566.706,188.98074197582324,400,33,0,0,0.04752258397638798,"[""Chongqing"",""Wuhu"",""Jiangyin"",""Nantong"",""Shanghai""]","[""water"",""water"",""water"",""water""]",8.366940688515756
d204-c5000,18,catastrophe,feasible-heuristic,3816.189241350563,580.842,193.69470612755313,400,44,0,1,0.04802200000267476,"[""Chongqing"",""Wuhu"",""Nantong"",""Shanghai""]","[""water"",""water"",""water""]",11.070062013458259
d204-c5000,18,combined,feasible-heuristic,3798.118020419224,476.39894999999996,163.50504286023195,400,48,0,1,0.04980779200559482,"[""Chongqing"",""Wuhu"",""Jiangyin"",""Shanghai""]","[""water"",""water"",""rail""]",10.544099724231648
d204-c5000,18,hybrid-seeded,feasible-heuristic,3435.8396602751145,522.951,174.38966235931636,400,71,176,2,0.07623120804782957,"[""Chongqing"",""Wuhu"",""Maanshan"",""Shanghai""]","[""water"",""water"",""water""]",0.0
d204-c5000,19,fixed,feasible-heuristic,3661.8576240100047,557.3520000000001,185.8614422676115,400,24,0,0,0.04764129198156297,"[""Chongqing"",""Anqing"",""Shanghai""]","[""water"",""water""]",6.578245380542369
d204-c5000,19,adaptive,feasible-heuristic,3661.8576240100047,557.3520000000001,185.8614422676115,400,41,0,0,0.050135167024564,"[""Chongqing"",""Anqing"",""Shanghai""]","[""water"",""water""]",6.578245380542369
d204-c5000,19,catastrophe,feasible-heuristic,3661.8576240100047,557.3520000000001,185.8614422676115,400,72,0,2,0.05305483302799985,"[""Chongqing"",""Anqing"",""Shanghai""]","[""water"",""water""]",6.578245380542369
d204-c5000,19,combined,feasible-heuristic,3661.8576240100047,557.3520000000001,185.8614422676115,400,84,0,2,0.05382770800497383,"[""Chongqing"",""Anqing"",""Shanghai""]","[""water"",""water""]",6.578245380542369
d204-c5000,19,hybrid-seeded,feasible-heuristic,3435.8396602751145,522.951,174.38966235931636,400,75,176,2,0.06737316597718745,"[""Chongqing"",""Wuhu"",""Maanshan"",""Shanghai""]","[""water"",""water"",""water""]",0.0
d204-c5000,20,fixed,feasible-heuristic,4834.4677262191135,344.0526,132.71645809816408,400,24,0,0,0.05094575003022328,"[""Chongqing"",""Yangluo"",""Gaogang"",""Shanghai""]","[""rail"",""water"",""rail""]",40.7070237332323
d204-c5000,20,adaptive,feasible-heuristic,3902.8357023759904,594.0300000000001,198.0925385577324,400,41,0,0,0.0462892500218004,"[""Chongqing"",""Nanjing"",""Shanghai""]","[""water"",""water""]",13.591904404045518
d204-c5000,20,catastrophe,feasible-heuristic,4563.2043508367,71.316,52.58280438545874,400,60,0,2,0.05258416698779911,"[""Chongqing"",""Nantong"",""Shanghai""]","[""rail"",""rail""]",32.81191213886026
d204-c5000,20,combined,feasible-heuristic,3902.8357023759904,594.0300000000001,198.0925385577324,400,62,0,1,0.04978125001071021,"[""Chongqing"",""Nanjing"",""Shanghai""]","[""water"",""water""]",13.591904404045518
d204-c5000,20,hybrid-seeded,feasible-heuristic,3435.8396602751145,522.951,174.38966235931636,400,66,176,2,0.06808854098198935,"[""Chongqing"",""Wuhu"",""Maanshan"",""Shanghai""]","[""water"",""water"",""water""]",0.0
d204-c5000,21,fixed,feasible-heuristic,4411.585258296518,368.55254999999994,136.84012347542384,400,28,0,0,0.045240084000397474,"[""Chongqing"",""Wuhu"",""Nantong"",""Shanghai""]","[""water"",""rail"",""rail""]",28.3990434508016
d204-c5000,21,adaptive,feasible-heuristic,4411.585258296518,368.55254999999994,136.84012347542384,400,32,0,0,0.05083670804742724,"[""Chongqing"",""Wuhu"",""Nantong"",""Shanghai""]","[""water"",""rail"",""rail""]",28.3990434508016
d204-c5000,21,catastrophe,feasible-heuristic,4411.585258296518,368.55254999999994,136.84012347542384,400,62,0,2,0.05466458399314433,"[""Chongqing"",""Wuhu"",""Nantong"",""Shanghai""]","[""water"",""rail"",""rail""]",28.3990434508016
d204-c5000,21,combined,feasible-heuristic,3695.6770979692687,464.1378,159.26236216667505,400,76,0,2,0.05650912498822436,"[""Chongqing"",""Shashi"",""Yangluo"",""Shanghai""]","[""rail"",""water"",""water""]",7.562560054777068
d204-c5000,21,hybrid-seeded,feasible-heuristic,3435.8396602751145,522.951,174.38966235931636,400,75,176,2,0.07268541603116319,"[""Chongqing"",""Wuhu"",""Maanshan"",""Shanghai""]","[""water"",""water"",""water""]",0.0
d204-c5000,22,fixed,feasible-heuristic,4312.503991284117,445.8192,158.33879570180594,400,23,0,0,0.05567658401560038,"[""Chongqing"",""Hankou"",""Jiangyin"",""Shanghai""]","[""rail"",""water"",""water""]",25.51528644205725
d204-c5000,22,adaptive,feasible-heuristic,4515.937704096809,380.78294999999997,140.96684955647274,400,45,0,0,0.06719862500904128,"[""Chongqing"",""Zhicheng"",""Huangshi"",""Nanjing"",""Shanghai""]","[""rail"",""water"",""rail"",""water""]",31.436217944326582
d204-c5000,22,catastrophe,feasible-heuristic,4312.503991284117,445.8192,158.33879570180594,400,74,0,2,0.061622415960300714,"[""Chongqing"",""Hankou"",""Jiangyin"",""Shanghai""]","[""rail"",""water"",""water""]",25.51528644205725
d204-c5000,22,combined,feasible-heuristic,4135.270714956847,363.1197,133.3359480183487,400,91,0,2,0.06459170900052413,"[""Chongqing"",""Jiujiang"",""Shanghai""]","[""rail"",""water""]",20.356917779618612
d204-c5000,22,hybrid-seeded,feasible-heuristic,3435.8396602751145,522.951,174.38966235931636,400,66,176,2,0.07376333302818239,"[""Chongqing"",""Wuhu"",""Maanshan"",""Shanghai""]","[""water"",""water"",""water""]",0.0
d204-c5000,23,fixed,feasible-heuristic,4471.550068653582,402.76500000000004,147.08975843945365,400,31,0,0,0.05071341700386256,"[""Chongqing"",""Wuxue"",""Shanghai""]","[""rail"",""water""]",30.144317278633892
d204-c5000,23,adaptive,feasible-heuristic,4460.822256276899,369.32205,137.4074922001786,400,39,0,0,0.05622691701864824,"[""Chongqing"",""Wuhu"",""Shanghai""]","[""water"",""rail""]",29.832084653208526
d204-c5000,23,catastrophe,feasible-heuristic,3979.3510712797,605.676,201.97615673197166,400,80,0,2,0.051721708034165204,"[""Chongqing"",""Maanshan"",""Shanghai""]","[""water"",""water""]",15.818881692548636
d204-c5000,23,combined,feasible-heuristic,3825.9852584410173,582.3330000000001,194.19191329720718,400,84,0,2,0.06924787495518103,"[""Chongqing"",""Jiangyin"",""Shanghai""]","[""water"",""water""]",11.355174767808073
d204-c5000,23,hybrid-seeded,feasible-heuristic,3435.8396602751145,522.951,174.38966235931636,400,78,176,2,0.07551904203137383,"[""Chongqing"",""Wuhu"",""Maanshan"",""Shanghai""]","[""water"",""water"",""water""]",0.0
d204-c5000,24,fixed,feasible-heuristic,4968.607334869164,313.2459,124.87072960531016,400,29,0,0,0.0578554579988122,"[""Chongqing"",""Honghu"",""Nanjing"",""Nantong"",""Shanghai""]","[""rail"",""rail"",""water"",""water""]",44.611152619133506
d204-c5000,24,adaptive,feasible-heuristic,4736.977461282855,401.71635,148.5349161701103,400,43,0,0,0.05020391696598381,"[""Chongqing"",""Wuxue"",""Zhenjiang"",""Gaogang"",""Nantong"",""Shanghai""]","[""water"",""rail"",""rail"",""water"",""rail""]",37.86957278744363
d204-c5000,24,catastrophe,feasible-heuristic,3825.9852584410173,582.3330000000001,194.19191329720718,400,69,0,2,0.07200145901879296,"[""Chongqing"",""Jiangyin"",""Shanghai""]","[""water"",""water""]",11.355174767808073
d204-c5000,24,combined,feasible-heuristic,4112.743307634372,280.11645000000004,109.33401301200946,400,80,0,1,0.07036629098001868,"[""Chongqing"",""Jiujiang"",""Nantong"",""Shanghai""]","[""water"",""rail"",""rail""]",19.70125833244083
d204-c5000,24,hybrid-seeded,feasible-heuristic,3435.8396602751145,522.951,174.38966235931636,400,84,176,2,0.07412595796631649,"[""Chongqing"",""Wuhu"",""Maanshan"",""Shanghai""]","[""water"",""water"",""water""]",0.0
d204-c5000,25,fixed,feasible-heuristic,4590.0287513158255,118.58805000000001,66.29054926352993,400,22,0,0,0.04057800001464784,"[""Chongqing"",""Nantong"",""Shanghai""]","[""rail"",""water""]",33.59263543014963
d204-c5000,25,adaptive,feasible-heuristic,4563.2043508367,71.316,52.58280438545874,400,27,0,0,0.04431187501177192,"[""Chongqing"",""Nantong"",""Shanghai""]","[""rail"",""rail""]",32.81191213886026
d204-c5000,25,catastrophe,feasible-heuristic,3751.5986015006256,571.0110000000001,190.4163401417257,400,67,0,2,0.056380749971140176,"[""Chongqing"",""Jiujiang"",""Shanghai""]","[""water"",""water""]",9.190153570793447
d204-c5000,25,combined,feasible-heuristic,3661.8576240100047,557.3520000000001,185.8614422676115,400,72,0,2,0.05173054098850116,"[""Chongqing"",""Anqing"",""Shanghai""]","[""water"",""water""]",6.578245380542369
d204-c5000,25,hybrid-seeded,feasible-heuristic,3435.8396602751145,522.951,174.38966235931636,400,76,176,2,0.07124533399473876,"[""Chongqing"",""Wuhu"",""Maanshan"",""Shanghai""]","[""water"",""water"",""water""]",0.0
d204-c5000,26,fixed,feasible-heuristic,4383.7200722555945,402.86414999999994,146.44017962740296,400,21,0,0,0.052749124995898455,"[""Chongqing"",""Hankou"",""Nantong"",""Shanghai""]","[""rail"",""water"",""rail""]",27.58802813006067
d204-c5000,26,adaptive,feasible-heuristic,4318.5944727347205,446.7462,158.64792450547412,400,30,0,0,0.052835916983895004,"[""Chongqing"",""Hankou"",""Nantong"",""Shanghai""]","[""rail"",""water"",""water""]",25.69254970381598
d204-c5000,26,catastrophe,feasible-heuristic,3825.9852584410173,582.3330000000001,194.19191329720718,400,58,0,2,0.05206041602650657,"[""Chongqing"",""Jiangyin"",""Shanghai""]","[""water"",""water""]",11.355174767808073
d204-c5000,26,combined,feasible-heuristic,4318.5944727347205,446.7462,158.64792450547412,400,68,0,2,0.05615545803448185,"[""Chongqing"",""Hankou"",""Nantong"",""Shanghai""]","[""rail"",""water"",""water""]",25.69254970381598
d204-c5000,26,hybrid-seeded,feasible-heuristic,3435.8396602751145,522.951,174.38966235931636,400,64,176,2,0.06623820803361014,"[""Chongqing"",""Wuhu"",""Maanshan"",""Shanghai""]","[""water"",""water"",""water""]",0.0
d204-c5000,27,fixed,feasible-heuristic,4139.567708113498,327.38849999999996,123.04175789008065,400,29,0,0,0.04724116699071601,"[""Chongqing"",""Jiujiang"",""Nantong"",""Shanghai""]","[""water"",""rail"",""water""]",20.481981623730206
d204-c5000,27,adaptive,feasible-heuristic,3920.2793142976234,596.685,198.97790746144227,400,29,0,0,0.04863104200921953,"[""Chongqing"",""Jiujiang"",""Nantong"",""Shanghai""]","[""water"",""water"",""water""]",14.099600153742875
d204-c5000,27,catastrophe,feasible-heuristic,4118.7910673788265,410.89334999999994,146.82290765627243,400,78,0,2,0.05452591698849574,"[""Chongqing"",""Jiujiang"",""Wuhu"",""Zhangjiagang"",""Shanghai""]","[""water"",""rail"",""water"",""rail""]",19.87727818035101
d204-c5000,27,combined,feasible-heuristic,3925.640514797833,597.5010000000001,199.25002084201753,400,73,0,2,0.050840833981055766,"[""Chongqing"",""Jiangyin"",""Nantong"",""Shanghai""]","[""water"",""water"",""water""]",14.25563771749172
d204-c5000,27,hybrid-seeded,feasible-heuristic,3435.8396602751145,522.951,174.38966235931636,400,62,176,2,0.06632874999195337,"[""Chongqing"",""Wuhu"",""Maanshan"",""Shanghai""]","[""water"",""water"",""water""]",0.0
d204-c5000,28,fixed,feasible-heuristic,4304.334762261133,515.7921000000001,178.3214404708444,400,34,0,0,0.04358087503351271,"[""Chongqing"",""Nanjing"",""Zhangjiagang"",""Shanghai""]","[""water"",""rail"",""water""]",25.277521300760462
d204-c5000,28,adaptive,feasible-heuristic,4260.890295947689,537.73365,184.31878276484215,400,44,0,0,0.05329062498640269,"[""Chongqing"",""Nanjing"",""Jiangyin"",""Nantong"",""Shanghai""]","[""water"",""rail"",""water"",""water""]",24.013071541484887
d204-c5000,28,catastrophe,feasible-heuristic,4386.991980764309,446.27535000000006,158.99376166425375,400,81,0,2,0.05979875003686175,"[""Chongqing"",""Nanjing"",""Shanghai""]","[""water"",""rail""]",27.68325691930089
d204-c5000,28,combined,feasible-heuristic,3902.8357023759904,594.0300000000001,198.0925385577324,400,74,0,2,0.053245457995217294,"[""Chongqing"",""Nanjing"",""Shanghai""]","[""water"",""water""]",13.591904404045518
d204-c5000,28,hybrid-seeded,feasible-heuristic,3435.8396602751145,522.951,174.38966235931636,400,62,176,2,0.07098816701909527,"[""Chongqing"",""Wuhu"",""Maanshan"",""Shanghai""]","[""water"",""water"",""water""]",0.0
d204-c5000,29,fixed,feasible-heuristic,4622.259954847085,72.23895,53.26331506058857,400,20,0,0,0.04177416698075831,"[""Chongqing"",""Zhangjiagang"",""Shanghai""]","[""rail"",""rail""]",34.530723545957656
d204-c5000,29,adaptive,feasible-heuristic,4622.259954847085,72.23895,53.26331506058857,400,26,0,0,0.0433789580129087,"[""Chongqing"",""Zhangjiagang"",""Shanghai""]","[""rail"",""rail""]",34.530723545957656
d204-c5000,29,catastrophe,feasible-heuristic,4304.334762261133,515.7921000000001,178.3214404708444,400,62,0,2,0.05075841600773856,"[""Chongqing"",""Nanjing"",""Zhangjiagang"",""Shanghai""]","[""water"",""rail"",""water""]",25.277521300760462
d204-c5000,29,combined,feasible-heuristic,4379.062884633601,584.8734000000002,198.7516133140684,400,70,0,2,0.05542791698826477,"[""Chongqing"",""Zhicheng"",""Zhangjiagang"",""Shanghai""]","[""rail"",""water"",""water""]",27.45248083791434
d204-c5000,29,hybrid-seeded,feasible-heuristic,3435.8396602751145,522.951,174.38966235931636,400,74,176,2,0.08331283304141834,"[""Chongqing"",""Wuhu"",""Maanshan"",""Shanghai""]","[""water"",""water"",""water""]",0.0
d204-c6000,0,fixed,feasible-heuristic,4890.449433618691,154.93919999999997,77.75605224286807,400,24,0,0,0.06814316695090383,"[""Chongqing"",""Shashi"",""Yangluo"",""Shanghai""]","[""water"",""rail"",""rail""]",23.53392369776963
d204-c6000,0,adaptive,feasible-heuristic,4890.449433618691,154.93919999999997,77.75605224286807,400,28,0,0,0.06590725004207343,"[""Chongqing"",""Shashi"",""Yangluo"",""Shanghai""]","[""water"",""rail"",""rail""]",23.53392369776963
d204-c6000,0,catastrophe,feasible-heuristic,4694.498904847085,72.23895,53.26331506058857,400,55,0,2,0.0636972920037806,"[""Chongqing"",""Zhangjiagang"",""Shanghai""]","[""rail"",""rail""]",18.5841664211879
d204-c6000,0,combined,feasible-heuristic,4199.269984160067,554.7180000000001,184.98307628178407,400,78,0,2,0.12349637504667044,"[""Chongqing"",""Jiujiang"",""Nanjing"",""Shanghai""]","[""water"",""water"",""water""]",6.074565303441437
d204-c6000,0,hybrid-seeded,feasible-heuristic,3958.7906602751145,522.951,174.38966235931636,400,69,135,2,0.07040650001727045,"[""Chongqing"",""Wuhu"",""Maanshan"",""Shanghai""]","[""water"",""water"",""water""]",0.0
d204-c6000,1,fixed,feasible-heuristic,5472.270835291656,316.44374999999997,127.1062062128214,400,19,0,0,0.06841066700872034,"[""Chongqing"",""Wuxue"",""Shanghai""]","[""water"",""rail""]",38.230871619550676
d204-c6000,1,adaptive,feasible-heuristic,4539.375528838929,364.8477,134.10845873220399,400,30,0,0,0.06319879100192338,"[""Chongqing"",""Wuhu"",""Zhangjiagang"",""Shanghai""]","[""water"",""rail"",""rail""]",14.665712799359465
d204-c6000,1,catastrophe,feasible-heuristic,4669.3425247565165,226.70595,96.3117313077891,400,61,0,2,0.10368433396797627,"[""Chongqing"",""Nanjing"",""Shanghai""]","[""rail"",""water""]",17.94871023647464
d204-c6000,1,combined,feasible-heuristic,4332.825446696077,440.2596,153.72770927586436,400,61,0,1,0.08277275000000373,"[""Chongqing"",""Wuhu"",""Jiangyin"",""Shanghai""]","[""water"",""rail"",""water""]",9.448208266586366
d204-c6000,1,hybrid-seeded,feasible-heuristic,3958.7906602751145,522.951,174.38966235931636,400,61,135,2,0.07649666600627825,"[""Chongqing"",""Wuhu"",""Maanshan"",""Shanghai""]","[""water"",""water"",""water""]",0.0
d204-c6000,2,fixed,feasible-heuristic,4794.6073364192425,445.68045,158.5551292349404,400,29,0,0,0.06580970803042874,"[""Chongqing"",""Nanjing"",""Gaogang"",""Shanghai""]","[""water"",""rail"",""rail""]",21.112929373387047
d204-c6000,2,adaptive,feasible-heuristic,4621.204572738641,610.455,203.56982075864946,400,37,0,0,0.05123283399734646,"[""Chongqing"",""Nanjing"",""Jiangyin"",""Nantong"",""Shanghai""]","[""water"",""water"",""water"",""water""]",16.732734042003948
d204-c6000,2,catastrophe,feasible-heuristic,4574.653357243342,255.85920000000004,103.75491860789275,400,75,0,2,0.05985341704217717,"[""Chongqing"",""Chenglingji"",""Zhangjiagang"",""Shanghai""]","[""water"",""rail"",""water""]",15.556839192033166
d204-c6000,2,combined,feasible-heuristic,4496.865702375991,594.0300000000001,198.0925385577324,400,69,0,1,0.056001124961767346,"[""Chongqing"",""Nanjing"",""Shanghai""]","[""water"",""water""]",13.591904404045518
d204-c6000,2,hybrid-seeded,feasible-heuristic,3958.7906602751145,522.951,174.38966235931636,400,76,135,2,0.06943529099225998,"[""Chongqing"",""Wuhu"",""Maanshan"",""Shanghai""]","[""water"",""water"",""water""]",0.0
d204-c6000,3,fixed,feasible-heuristic,5610.76890549842,541.8579,191.18695702214833,400,19,0,0,0.06815812503919005,"[""Chongqing"",""Yichang"",""Yangluo"",""Zhenjiang"",""Jiangyin"",""Shanghai""]","[""rail"",""water"",""water"",""rail"",""rail""]",41.729366035952566
d204-c6000,3,adaptive,feasible-heuristic,4175.197070446019,551.538,183.9226344310129,400,37,0,0,0.051196749962400645,"[""Chongqing"",""Wuhu"",""Jiangyin"",""Shanghai""]","[""water"",""water"",""water""]",5.466477738832132
d204-c6000,3,catastrophe,feasible-heuristic,4574.653357243342,255.85920000000004,103.75491860789275,400,50,0,2,0.0611789160175249,"[""Chongqing"",""Chenglingji"",""Zhangjiagang"",""Shanghai""]","[""water"",""rail"",""water""]",15.556839192033166
d204-c6000,3,combined,feasible-heuristic,4175.197070446019,551.538,183.9226344310129,400,87,0,2,0.054647124954499304,"[""Chongqing"",""Wuhu"",""Jiangyin"",""Shanghai""]","[""water"",""water"",""water""]",5.466477738832132
d204-c6000,3,hybrid-seeded,feasible-heuristic,3958.7906602751145,522.951,174.38966235931636,400,63,135,2,0.06451679195743054,"[""Chongqing"",""Wuhu"",""Maanshan"",""Shanghai""]","[""water"",""water"",""water""]",0.0
d204-c6000,4,fixed,feasible-heuristic,4634.520350836699,71.316,52.58280438545874,400,22,0,0,0.04240575002040714,"[""Chongqing"",""Nantong"",""Shanghai""]","[""rail"",""rail""]",17.06909378518704
d204-c6000,4,adaptive,feasible-heuristic,4694.498904847085,72.23895,53.26331506058857,400,25,0,0,0.05748445901554078,"[""Chongqing"",""Zhangjiagang"",""Shanghai""]","[""rail"",""rail""]",18.5841664211879
d204-c6000,4,catastrophe,feasible-heuristic,4544.385064318708,553.6189500000002,187.04227596394634,400,42,0,1,0.05323191703064367,"[""Chongqing"",""Jiangyin"",""Nantong"",""Shanghai""]","[""water"",""water"",""rail""]",14.792254865098053
d204-c6000,4,combined,feasible-heuristic,4694.498904847085,72.23895,53.26331506058857,400,59,0,2,0.052566584025043994,"[""Chongqing"",""Zhangjiagang"",""Shanghai""]","[""rail"",""rail""]",18.5841664211879
d204-c6000,4,hybrid-seeded,feasible-heuristic,3958.7906602751145,522.951,174.38966235931636,400,77,135,2,0.06872699997620657,"[""Chongqing"",""Wuhu"",""Maanshan"",""Shanghai""]","[""water"",""water"",""water""]",0.0
d204-c6000,5,fixed,feasible-heuristic,4692.058667713851,212.38215000000002,92.45761294677745,400,35,0,0,0.056087874982040375,"[""Chongqing"",""Honghu"",""Maanshan"",""Shanghai""]","[""rail"",""rail"",""water""]",18.522525446894388
d204-c6000,5,adaptive,feasible-heuristic,4634.520350836699,71.316,52.58280438545874,400,47,0,0,0.04546004097210243,"[""Chongqing"",""Nantong"",""Shanghai""]","[""rail"",""rail""]",17.06909378518704
d204-c6000,5,catastrophe,feasible-heuristic,4481.6841772280095,457.3038,159.6112580448624,400,83,0,2,0.059609999996609986,"[""Chongqing"",""Honghu"",""Chizhou"",""Maanshan"",""Shanghai""]","[""rail"",""water"",""water"",""water""]",13.208415443633402
d204-c6000,5,combined,feasible-heuristic,4408.318258441018,582.3330000000001,194.19191329720718,400,89,0,2,0.0516355829895474,"[""Chongqing"",""Jiangyin"",""Shanghai""]","[""water"",""water""]",11.355174767808096
d204-c6000,5,hybrid-seeded,feasible-heuristic,3958.7906602751145,522.951,174.38966235931636,400,68,135,2,0.08162170799914747,"[""Chongqing"",""Wuhu"",""Maanshan"",""Shanghai""]","[""water"",""water"",""water""]",0.0
d204-c6000,6,fixed,feasible-heuristic,4322.609601500626,571.0110000000001,190.4163401417257,400,29,0,0,0.05639474996132776,"[""Chongqing"",""Jiujiang"",""Shanghai""]","[""water"",""water""]",9.19015357079347
d204-c6000,6,adaptive,feasible-heuristic,4553.149280056871,494.6151,170.56951841109023,400,29,0,0,0.07300116599071771,"[""Chongqing"",""Yichang"",""Shashi"",""Zhangjiagang"",""Shanghai""]","[""rail"",""rail"",""water"",""water""]",15.013641053211234
d204-c6000,6,catastrophe,feasible-heuristic,4392.859757634373,280.11645000000004,109.33401301200946,400,67,0,2,0.05651754199061543,"[""Chongqing"",""Jiujiang"",""Nantong"",""Shanghai""]","[""water"",""rail"",""rail""]",10.964689335937061
d204-c6000,6,combined,feasible-heuristic,4408.318258441018,582.3330000000001,194.19191329720718,400,70,0,2,0.058316332986578345,"[""Chongqing"",""Jiangyin"",""Shanghai""]","[""water"",""water""]",11.355174767808096
d204-c6000,6,hybrid-seeded,feasible-heuristic,3958.7906602751145,522.951,174.38966235931636,400,82,135,2,0.06810416601365432,"[""Chongqing"",""Wuhu"",""Maanshan"",""Shanghai""]","[""water"",""water"",""water""]",0.0
d204-c6000,7,fixed,feasible-heuristic,4897.263684641658,145.07805,75.0406332209011,400,19,0,0,0.04596949997358024,"[""Chongqing"",""Nanjing"",""Zhangjiagang"",""Shanghai""]","[""rail"",""rail"",""water""]",23.70605331026332
d204-c6000,7,adaptive,feasible-heuristic,4823.989415406809,74.23155000000001,54.73250144258511,400,32,0,0,0.04880916699767113,"[""Chongqing"",""Nanjing"",""Zhangjiagang"",""Shanghai""]","[""rail"",""rail"",""rail""]",21.855127724070343
d204-c6000,7,catastrophe,feasible-heuristic,4516.964314297624,596.685,198.97790746144227,400,56,0,2,0.051699250005185604,"[""Chongqing"",""Jiujiang"",""Nantong"",""Shanghai""]","[""water"",""water"",""water""]",14.099600153742898
d204-c6000,7,combined,feasible-heuristic,4848.770769974241,166.16625,80.5487196470832,400,79,0,2,0.056110332952812314,"[""Chongqing"",""Jiujiang"",""Tongling"",""Jiangyin"",""Shanghai""]","[""rail"",""water"",""rail"",""rail""]",22.481110674270365
d204-c6000,7,hybrid-seeded,feasible-heuristic,3958.7906602751145,522.951,174.38966235931636,400,69,135,2,0.06468179199146107,"[""Chongqing"",""Wuhu"",""Maanshan"",""Shanghai""]","[""water"",""water"",""water""]",0.0
d204-c6000,8,fixed,feasible-heuristic,5253.5501061534105,198.67965,92.44666174740533,400,30,0,0,0.06145845801802352,"[""Chongqing"",""Zhicheng"",""Tongling"",""Nanjing"",""Jiangyin"",""Shanghai""]","[""water"",""rail"",""water"",""rail"",""rail""]",32.70593362944625
d204-c6000,8,adaptive,feasible-heuristic,4963.936284633601,584.8734000000002,198.7516133140684,400,38,0,0,0.057185249985195696,"[""Chongqing"",""Zhicheng"",""Zhangjiagang"",""Shanghai""]","[""rail"",""water"",""water""]",25.390219150629044
d204-c6000,8,catastrophe,feasible-heuristic,4539.375528838929,364.8477,134.10845873220399,400,77,0,2,0.061662792053539306,"[""Chongqing"",""Wuhu"",""Zhangjiagang"",""Shanghai""]","[""water"",""rail"",""rail""]",14.665712799359465
d204-c6000,8,combined,feasible-heuristic,4634.520350836699,71.316,52.58280438545874,400,63,0,1,0.0613499169703573,"[""Chongqing"",""Nantong"",""Shanghai""]","[""rail"",""rail""]",17.06909378518704
d204-c6000,8,hybrid-seeded,feasible-heuristic,3958.7906602751145,522.951,174.38966235931636,400,82,135,2,0.06767558300634846,"[""Chongqing"",""Wuhu"",""Maanshan"",""Shanghai""]","[""water"",""water"",""water""]",0.0
d204-c6000,9,fixed,feasible-heuristic,4906.690220253895,75.50415,55.67081650317369,400,33,0,0,0.042369167029391974,"[""Chongqing"",""Shanghai""]","[""rail""]",23.944169856986242
d204-c6000,9,adaptive,feasible-heuristic,5013.663184939412,77.15025,56.884521061742646,400,46,0,0,0.06054495804710314,"[""Chongqing"",""Zhicheng"",""Anqing"",""Shanghai""]","[""rail"",""rail"",""rail""]",26.64633255932227
d204-c6000,9,catastrophe,feasible-heuristic,4829.376846727034,511.32585000000006,177.19522754480073,400,70,0,2,0.052916415967047215,"[""Chongqing"",""Nanjing"",""Gaogang"",""Shanghai""]","[""water"",""water"",""rail""]",21.99121552922474
d204-c6000,9,combined,feasible-heuristic,4408.318258441018,582.3330000000001,194.19191329720718,400,93,0,2,0.058813625015318394,"[""Chongqing"",""Jiangyin"",""Shanghai""]","[""water"",""water""]",11.355174767808096
d204-c6000,9,hybrid-seeded,feasible-heuristic,3958.7906602751145,522.951,174.38966235931636,400,75,135,2,0.0751272079651244,"[""Chongqing"",""Wuhu"",""Maanshan"",""Shanghai""]","[""water"",""water"",""water""]",0.0
d204-c6000,10,fixed,feasible-heuristic,4860.109912994066,190.53285,87.51691089189643,400,23,0,0,0.05316512496210635,"[""Chongqing"",""Chenglingji"",""Maanshan"",""Shanghai""]","[""water"",""rail"",""rail""]",22.767540142077493
d204-c6000,10,adaptive,feasible-heuristic,4208.535784910379,555.942,185.39124635264693,400,41,0,0,0.051898083998821676,"[""Chongqing"",""Honghu"",""Shanghai""]","[""water"",""water""]",6.308621649064627
d204-c6000,10,catastrophe,feasible-heuristic,4406.365581298661,471.7425,163.0672967097514,400,68,0,2,0.0582192920264788,"[""Chongqing"",""Chenglingji"",""Yangluo"",""Shanghai""]","[""water"",""rail"",""water""]",11.30584967562902
d204-c6000,10,combined,feasible-heuristic,4208.535784910379,555.942,185.39124635264693,400,77,0,2,0.05759458296233788,"[""Chongqing"",""Honghu"",""Shanghai""]","[""water"",""water""]",6.308621649064627
d204-c6000,10,hybrid-seeded,feasible-heuristic,3958.7906602751145,522.951,174.38966235931636,400,68,135,2,0.0642760000191629,"[""Chongqing"",""Wuhu"",""Maanshan"",""Shanghai""]","[""water"",""water"",""water""]",0.0
d204-c6000,11,fixed,feasible-heuristic,4694.498904847085,72.23895,53.26331506058857,400,21,0,0,0.0407908339984715,"[""Chongqing"",""Zhangjiagang"",""Shanghai""]","[""rail"",""rail""]",18.5841664211879
d204-c6000,11,adaptive,feasible-heuristic,4694.498904847085,72.23895,53.26331506058857,400,23,0,0,0.042248499987181276,"[""Chongqing"",""Zhangjiagang"",""Shanghai""]","[""rail"",""rail""]",18.5841664211879
d204-c6000,11,catastrophe,feasible-heuristic,4694.498904847085,72.23895,53.26331506058857,400,61,0,2,0.047298541001509875,"[""Chongqing"",""Zhangjiagang"",""Shanghai""]","[""rail"",""rail""]",18.5841664211879
d204-c6000,11,combined,feasible-heuristic,4397.031241350563,580.842,193.69470612755313,400,66,0,2,0.05011370900319889,"[""Chongqing"",""Wuhu"",""Nantong"",""Shanghai""]","[""water"",""water"",""water""]",11.070062013458237
d204-c6000,11,hybrid-seeded,feasible-heuristic,3958.7906602751145,522.951,174.38966235931636,400,69,135,2,0.06373358296696097,"[""Chongqing"",""Wuhu"",""Maanshan"",""Shanghai""]","[""water"",""water"",""water""]",0.0
d204-c6000,12,fixed,feasible-heuristic,4537.027439816095,294.48494999999997,114.37448237713011,400,33,0,0,0.04622075002407655,"[""Chongqing"",""Anqing"",""Shanghai""]","[""rail"",""water""]",14.60639950839926
d204-c6000,12,adaptive,feasible-heuristic,3958.7906602751145,522.951,174.38966235931636,400,43,0,0,0.06477679195813835,"[""Chongqing"",""Wuhu"",""Maanshan"",""Shanghai""]","[""water"",""water"",""water""]",0.0
d204-c6000,12,catastrophe,feasible-heuristic,4523.141514797833,597.5010000000001,199.25002084201753,400,71,0,2,0.052075458981562406,"[""Chongqing"",""Jiangyin"",""Nantong"",""Shanghai""]","[""water"",""water"",""water""]",14.25563771749172
d204-c6000,12,combined,feasible-heuristic,4208.535784910379,555.942,185.39124635264693,400,82,0,2,0.062293208960909396,"[""Chongqing"",""Honghu"",""Shanghai""]","[""water"",""water""]",6.308621649064627
d204-c6000,12,hybrid-seeded,feasible-heuristic,3958.7906602751145,522.951,174.38966235931636,400,83,135,2,0.06528395798522979,"[""Chongqing"",""Wuhu"",""Maanshan"",""Shanghai""]","[""water"",""water"",""water""]",0.0
d204-c6000,13,fixed,feasible-heuristic,4451.081745727386,587.982,196.07569820758647,400,23,0,0,0.05314700002782047,"[""Chongqing"",""Shashi"",""Jiangyin"",""Shanghai""]","[""water"",""water"",""water""]",12.435390696260251
d204-c6000,13,adaptive,feasible-heuristic,4451.081745727386,587.982,196.07569820758647,400,40,0,0,0.0542376660159789,"[""Chongqing"",""Shashi"",""Jiangyin"",""Shanghai""]","[""water"",""water"",""water""]",12.435390696260251
d204-c6000,13,catastrophe,feasible-heuristic,4451.081745727386,587.982,196.07569820758647,400,60,0,2,0.05646679102210328,"[""Chongqing"",""Shashi"",""Jiangyin"",""Shanghai""]","[""water"",""water"",""water""]",12.435390696260251
d204-c6000,13,combined,feasible-heuristic,4451.081745727386,587.982,196.07569820758647,400,73,0,2,0.05810937500791624,"[""Chongqing"",""Shashi"",""Jiangyin"",""Shanghai""]","[""water"",""water"",""water""]",12.435390696260251
d204-c6000,13,hybrid-seeded,feasible-heuristic,3958.7906602751145,522.951,174.38966235931636,400,70,135,2,0.06423745799111202,"[""Chongqing"",""Wuhu"",""Maanshan"",""Shanghai""]","[""water"",""water"",""water""]",0.0
d204-c6000,14,fixed,feasible-heuristic,5402.902648520386,385.94805,145.9746192272843,400,28,0,0,0.04856450000079349,"[""Chongqing"",""Anqing"",""Jiangyin"",""Zhangjiagang"",""Shanghai""]","[""water"",""rail"",""water"",""rail""]",36.47861461168833
d204-c6000,14,adaptive,feasible-heuristic,4820.282717373368,343.85505,130.20161655522463,400,41,0,0,0.04809420800302178,"[""Chongqing"",""Anqing"",""Shanghai""]","[""water"",""rail""]",21.761495644187058
d204-c6000,14,catastrophe,feasible-heuristic,4708.616801315826,118.58805000000001,66.29054926352993,400,67,0,2,0.050265541998669505,"[""Chongqing"",""Nantong"",""Shanghai""]","[""rail"",""water""]",18.940787866479457
d204-c6000,14,combined,feasible-heuristic,4400.63113095873,446.5968,156.04077034165275,400,76,0,2,0.05493291700258851,"[""Chongqing"",""Honghu"",""Shanghai""]","[""rail"",""water""]",11.160996086944142
d204-c6000,14,hybrid-seeded,feasible-heuristic,3958.7906602751145,522.951,174.38966235931636,400,81,135,2,0.06450579199008644,"[""Chongqing"",""Wuhu"",""Maanshan"",""Shanghai""]","[""water"",""water"",""water""]",0.0
d204-c6000,15,fixed,feasible-heuristic,4759.6033197232355,285.7599,113.49504878812026,400,23,0,0,0.04583541600732133,"[""Chongqing"",""Jiujiang"",""Shanghai""]","[""water"",""rail""]",20.228719530031135
d204-c6000,15,adaptive,feasible-heuristic,4363.30645185494,576.3870000000001,192.20908711963318,400,34,0,0,0.04948358400724828,"[""Chongqing"",""Jiujiang"",""Jiangyin"",""Shanghai""]","[""water"",""water"",""water""]",10.218165755491437
d204-c6000,15,catastrophe,feasible-heuristic,4694.498904847085,72.23895,53.26331506058857,400,70,0,2,0.05350629199529067,"[""Chongqing"",""Zhangjiagang"",""Shanghai""]","[""rail"",""rail""]",18.5841664211879
d204-c6000,15,combined,feasible-heuristic,4216.543842478364,486.6285,165.9638565501542,400,70,0,2,0.05799679097253829,"[""Chongqing"",""Wuhu"",""Zhangjiagang"",""Shanghai""]","[""water"",""water"",""rail""]",6.510907100739116
d204-c6000,15,hybrid-seeded,feasible-heuristic,3958.7906602751145,522.951,174.38966235931636,400,73,135,2,0.07095241599017754,"[""Chongqing"",""Wuhu"",""Maanshan"",""Shanghai""]","[""water"",""water"",""water""]",0.0
d204-c6000,16,fixed,feasible-heuristic,4638.407165284367,293.35665,114.71110342547519,400,24,0,0,0.0515466250362806,"[""Chongqing"",""Jiujiang"",""Jiangyin"",""Shanghai""]","[""rail"",""water"",""rail""]",17.167275648822077
d204-c6000,16,adaptive,feasible-heuristic,4473.3005710905945,68.83515,50.75362088863243,400,32,0,0,0.052617540990468115,"[""Chongqing"",""Jiujiang"",""Nantong"",""Shanghai""]","[""rail"",""rail"",""rail""]",12.99664354517105
d204-c6000,16,catastrophe,feasible-heuristic,4375.050797616288,346.82669999999996,127.90268415840703,400,61,0,2,0.058044458040967584,"[""Chongqing"",""Jiujiang"",""Nanjing"",""Shanghai""]","[""rail"",""water"",""water""]",10.514830741574134
d204-c6000,16,combined,feasible-heuristic,4375.050797616288,346.82669999999996,127.90268415840703,400,54,0,1,0.053036083991173655,"[""Chongqing"",""Jiujiang"",""Nanjing"",""Shanghai""]","[""rail"",""water"",""water""]",10.514830741574134
d204-c6000,16,hybrid-seeded,feasible-heuristic,3958.7906602751145,522.951,174.38966235931636,400,70,135,2,0.06362545798765495,"[""Chongqing"",""Wuhu"",""Maanshan"",""Shanghai""]","[""water"",""water"",""water""]",0.0
d204-c6000,17,fixed,feasible-heuristic,4470.615760674468,394.392,141.8436101597439,400,24,0,0,0.05129462503828108,"[""Chongqing"",""Chenglingji"",""Zhangjiagang"",""Nantong"",""Shanghai""]","[""rail"",""water"",""rail"",""rail""]",12.928824591189292
d204-c6000,17,adaptive,feasible-heuristic,4462.994355981779,432.14025,152.36803773186895,400,31,0,0,0.05322233302285895,"[""Chongqing"",""Chenglingji"",""Zhangjiagang"",""Nantong"",""Shanghai""]","[""rail"",""water"",""water"",""rail""]",12.736306083727733
d204-c6000,17,catastrophe,feasible-heuristic,4470.615760674468,394.392,141.8436101597439,400,66,0,2,0.05614445899846032,"[""Chongqing"",""Chenglingji"",""Zhangjiagang"",""Nantong"",""Shanghai""]","[""rail"",""water"",""rail"",""rail""]",12.928824591189292
d204-c6000,17,combined,feasible-heuristic,4462.994355981779,432.14025,152.36803773186895,400,74,0,2,0.05976595898391679,"[""Chongqing"",""Chenglingji"",""Zhangjiagang"",""Nantong"",""Shanghai""]","[""rail"",""water"",""water"",""rail""]",12.736306083727733
d204-c6000,17,hybrid-seeded,feasible-heuristic,3958.7906602751145,522.951,174.38966235931636,400,71,135,2,0.06951320799998939,"[""Chongqing"",""Wuhu"",""Maanshan"",""Shanghai""]","[""water"",""water"",""water""]",0.0
d204-c6000,18,fixed,feasible-heuristic,4397.031241350563,580.842,193.69470612755313,400,25,0,0,0.04645525000523776,"[""Chongqing"",""Wuhu"",""Nantong"",""Shanghai""]","[""water"",""water"",""water""]",11.070062013458237
d204-c6000,18,adaptive,feasible-heuristic,4175.197070446019,551.538,183.9226344310129,400,34,0,0,0.04883770801825449,"[""Chongqing"",""Wuhu"",""Jiangyin"",""Shanghai""]","[""water"",""water"",""water""]",5.466477738832132
d204-c6000,18,catastrophe,feasible-heuristic,4397.031241350563,580.842,193.69470612755313,400,44,0,1,0.05089616699842736,"[""Chongqing"",""Wuhu"",""Nantong"",""Shanghai""]","[""water"",""water"",""water""]",11.070062013458237
d204-c6000,18,combined,feasible-heuristic,4175.197070446019,551.538,183.9226344310129,400,59,0,1,0.051118250004947186,"[""Chongqing"",""Wuhu"",""Jiangyin"",""Shanghai""]","[""water"",""water"",""water""]",5.466477738832132
d204-c6000,18,hybrid-seeded,feasible-heuristic,3958.7906602751145,522.951,174.38966235931636,400,67,135,2,0.06671937496867031,"[""Chongqing"",""Wuhu"",""Maanshan"",""Shanghai""]","[""water"",""water"",""water""]",0.0
d204-c6000,19,fixed,feasible-heuristic,4219.2096240100045,557.3520000000001,185.8614422676115,400,24,0,0,0.04735708300722763,"[""Chongqing"",""Anqing"",""Shanghai""]","[""water"",""water""]",6.578245380542347
d204-c6000,19,adaptive,feasible-heuristic,4219.2096240100045,557.3520000000001,185.8614422676115,400,42,0,0,0.048018749977927655,"[""Chongqing"",""Anqing"",""Shanghai""]","[""water"",""water""]",6.578245380542347
d204-c6000,19,catastrophe,feasible-heuristic,4219.2096240100045,557.3520000000001,185.8614422676115,400,71,0,2,0.05216075002681464,"[""Chongqing"",""Anqing"",""Shanghai""]","[""water"",""water""]",6.578245380542347
d204-c6000,19,combined,feasible-heuristic,4219.2096240100045,557.3520000000001,185.8614422676115,400,83,0,2,0.05313220800599083,"[""Chongqing"",""Anqing"",""Shanghai""]","[""water"",""water""]",6.578245380542347
d204-c6000,19,hybrid-seeded,feasible-heuristic,3958.7906602751145,522.951,174.38966235931636,400,79,135,2,0.06352429103571922,"[""Chongqing"",""Wuhu"",""Maanshan"",""Shanghai""]","[""water"",""water"",""water""]",0.0
d204-c6000,20,fixed,feasible-heuristic,5178.5203262191135,344.0526,132.71645809816408,400,24,0,0,0.05083954200381413,"[""Chongqing"",""Yangluo"",""Gaogang"",""Shanghai""]","[""rail"",""water"",""rail""]",30.810663422633077
d204-c6000,20,adaptive,feasible-heuristic,4827.234263153863,418.81575000000004,151.25643701441285,400,33,0,0,0.05214029201306403,"[""Chongqing"",""Huangshi"",""Zhangjiagang"",""Shanghai""]","[""rail"",""water"",""water""]",21.93709335513074
d204-c6000,20,catastrophe,feasible-heuristic,4634.520350836699,71.316,52.58280438545874,400,60,0,2,0.05383225000696257,"[""Chongqing"",""Nantong"",""Shanghai""]","[""rail"",""rail""]",17.06909378518704
d204-c6000,20,combined,feasible-heuristic,4447.4935189662365,587.508,195.91763234681116,400,75,0,2,0.05600816599326208,"[""Chongqing"",""Yangluo"",""Shanghai""]","[""water"",""water""]",12.344751229082673
d204-c6000,20,hybrid-seeded,feasible-heuristic,3958.7906602751145,522.951,174.38966235931636,400,66,135,2,0.0637361669796519,"[""Chongqing"",""Wuhu"",""Maanshan"",""Shanghai""]","[""water"",""water"",""water""]",0.0
d204-c6000,21,fixed,feasible-heuristic,4780.137808296518,368.55254999999994,136.84012347542384,400,28,0,0,0.04500587499933317,"[""Chongqing"",""Wuhu"",""Nantong"",""Shanghai""]","[""water"",""rail"",""rail""]",20.747425628318638
d204-c6000,21,adaptive,feasible-heuristic,4780.137808296518,368.55254999999994,136.84012347542384,400,32,0,0,0.046151582966558635,"[""Chongqing"",""Wuhu"",""Nantong"",""Shanghai""]","[""water"",""rail"",""rail""]",20.747425628318638
d204-c6000,21,catastrophe,feasible-heuristic,4634.520350836699,71.316,52.58280438545874,400,62,0,2,0.049519959022291005,"[""Chongqing"",""Nantong"",""Shanghai""]","[""rail"",""rail""]",17.06909378518704
d204-c6000,21,combined,feasible-heuristic,4710.109464055422,577.4290500000001,194.8801508887503,400,75,0,2,0.06423216598341241,"[""Chongqing"",""Yichang"",""Tongling"",""Jiangyin"",""Shanghai""]","[""rail"",""water"",""water"",""water""]",18.97849288469562
d204-c6000,21,hybrid-seeded,feasible-heuristic,3958.7906602751145,522.951,174.38966235931636,400,73,135,2,0.0684483340010047,"[""Chongqing"",""Wuhu"",""Maanshan"",""Shanghai""]","[""water"",""water"",""water""]",0.0
d204-c6000,22,fixed,feasible-heuristic,4758.323191284117,445.8192,158.33879570180594,400,23,0,0,0.052572500018868595,"[""Chongqing"",""Hankou"",""Jiangyin"",""Shanghai""]","[""rail"",""water"",""water""]",20.19638317913579
d204-c6000,22,adaptive,feasible-heuristic,4896.720654096809,380.78294999999997,140.96684955647274,400,45,0,0,0.06281654100166634,"[""Chongqing"",""Zhicheng"",""Huangshi"",""Nanjing"",""Shanghai""]","[""rail"",""water"",""rail"",""water""]",23.692336228673263
d204-c6000,22,catastrophe,feasible-heuristic,4694.498904847085,72.23895,53.26331506058857,400,65,0,2,0.05339483398711309,"[""Chongqing"",""Zhangjiagang"",""Shanghai""]","[""rail"",""rail""]",18.5841664211879
d204-c6000,22,combined,feasible-heuristic,4498.390414956848,363.1197,133.3359480183487,400,93,0,2,0.06288270803634077,"[""Chongqing"",""Jiujiang"",""Shanghai""]","[""rail"",""water""]",13.630419008926186
d204-c6000,22,hybrid-seeded,feasible-heuristic,3958.7906602751145,522.951,174.38966235931636,400,66,135,2,0.06867741601308808,"[""Chongqing"",""Wuhu"",""Maanshan"",""Shanghai""]","[""water"",""water"",""water""]",0.0
d204-c6000,23,fixed,feasible-heuristic,4694.498904847085,72.23895,53.26331506058857,400,31,0,0,0.04334470897447318,"[""Chongqing"",""Zhangjiagang"",""Shanghai""]","[""rail"",""rail""]",18.5841664211879
d204-c6000,23,adaptive,feasible-heuristic,4971.649270614464,518.48685,180.14235505056325,400,36,0,0,0.05541324999649078,"[""Chongqing"",""Honghu"",""Wuxue"",""Shanghai""]","[""water"",""rail"",""water""]",25.58505102335875
d204-c6000,23,catastrophe,feasible-heuristic,4585.0270712797,605.676,201.97615673197166,400,79,0,2,0.05090045800898224,"[""Chongqing"",""Maanshan"",""Shanghai""]","[""water"",""water""]",15.818881692548636
d204-c6000,23,combined,feasible-heuristic,4941.831109857276,296.15250000000003,117.68907486216968,400,82,0,2,0.057650665985420346,"[""Chongqing"",""Wuhu"",""Nantong"",""Shanghai""]","[""rail"",""water"",""water""]",24.831837142756253
d204-c6000,23,hybrid-seeded,feasible-heuristic,3958.7906602751145,522.951,174.38966235931636,400,79,135,2,0.06737954198615626,"[""Chongqing"",""Wuhu"",""Maanshan"",""Shanghai""]","[""water"",""water"",""water""]",0.0
d204-c6000,24,fixed,feasible-heuristic,5281.853234869164,313.2459,124.87072960531016,400,29,0,0,0.05589337495621294,"[""Chongqing"",""Honghu"",""Nanjing"",""Nantong"",""Shanghai""]","[""rail"",""rail"",""water"",""water""]",33.42087743791191
d204-c6000,24,adaptive,feasible-heuristic,4912.9277471032,602.30295,203.27704044914847,400,47,0,0,0.04756500001531094,"[""Chongqing"",""Wuxue"",""Nantong"",""Shanghai""]","[""water"",""water"",""rail""]",24.10173127875821
d204-c6000,24,catastrophe,feasible-heuristic,4408.318258441018,582.3330000000001,194.19191329720718,400,70,0,2,0.05162816704250872,"[""Chongqing"",""Jiangyin"",""Shanghai""]","[""water"",""water""]",11.355174767808096
d204-c6000,24,combined,feasible-heuristic,4235.129541475614,559.4549999999999,186.56273447269695,400,91,0,2,0.05686708400025964,"[""Chongqing"",""Jiujiang"",""Maanshan"",""Shanghai""]","[""water"",""water"",""water""]",6.980386307703768
d204-c6000,24,hybrid-seeded,feasible-heuristic,3958.7906602751145,522.951,174.38966235931636,400,80,135,2,0.06590825004968792,"[""Chongqing"",""Wuhu"",""Maanshan"",""Shanghai""]","[""water"",""water"",""water""]",0.0
d204-c6000,25,fixed,feasible-heuristic,4708.616801315826,118.58805000000001,66.29054926352993,400,22,0,0,0.04103004198987037,"[""Chongqing"",""Nantong"",""Shanghai""]","[""rail"",""water""]",18.940787866479457
d204-c6000,25,adaptive,feasible-heuristic,4634.520350836699,71.316,52.58280438545874,400,27,0,0,0.04373841697815806,"[""Chongqing"",""Nantong"",""Shanghai""]","[""rail"",""rail""]",17.06909378518704
d204-c6000,25,catastrophe,feasible-heuristic,4708.616801315826,118.58805000000001,66.29054926352993,400,63,0,2,0.052405874943360686,"[""Chongqing"",""Nantong"",""Shanghai""]","[""rail"",""water""]",18.940787866479457
d204-c6000,25,combined,feasible-heuristic,4219.2096240100045,557.3520000000001,185.8614422676115,400,69,0,2,0.05430083302780986,"[""Chongqing"",""Anqing"",""Shanghai""]","[""water"",""water""]",6.578245380542347
d204-c6000,25,hybrid-seeded,feasible-heuristic,3958.7906602751145,522.951,174.38966235931636,400,72,135,2,0.06639066699426621,"[""Chongqing"",""Wuhu"",""Maanshan"",""Shanghai""]","[""water"",""water"",""water""]",0.0
d204-c6000,26,fixed,feasible-heuristic,4786.584222255595,402.86414999999994,146.44017962740296,400,21,0,0,0.049478083034045994,"[""Chongqing"",""Hankou"",""Nantong"",""Shanghai""]","[""rail"",""water"",""rail""]",20.910263588500854
d204-c6000,26,adaptive,feasible-heuristic,4765.340672734721,446.7462,158.64792450547412,400,30,0,0,0.05059395800344646,"[""Chongqing"",""Hankou"",""Nantong"",""Shanghai""]","[""rail"",""water"",""water""]",20.373646440894543
d204-c6000,26,catastrophe,feasible-heuristic,4408.318258441018,582.3330000000001,194.19191329720718,400,58,0,2,0.10393416602164507,"[""Chongqing"",""Jiangyin"",""Shanghai""]","[""water"",""water""]",11.355174767808096
d204-c6000,26,combined,feasible-heuristic,4765.340672734721,446.7462,158.64792450547412,400,70,0,2,0.06895250000525266,"[""Chongqing"",""Hankou"",""Nantong"",""Shanghai""]","[""rail"",""water"",""water""]",20.373646440894543
d204-c6000,26,hybrid-seeded,feasible-heuristic,3958.7906602751145,522.951,174.38966235931636,400,62,135,2,0.07872283301549032,"[""Chongqing"",""Wuhu"",""Maanshan"",""Shanghai""]","[""water"",""water"",""water""]",0.0
d204-c6000,27,fixed,feasible-heuristic,4466.956208113497,327.38849999999996,123.04175789008065,400,29,0,0,0.053491958999074996,"[""Chongqing"",""Jiujiang"",""Nantong"",""Shanghai""]","[""water"",""rail"",""water""]",12.836383417229435
d204-c6000,27,adaptive,feasible-heuristic,4322.609601500626,571.0110000000001,190.4163401417257,400,35,0,0,0.06772183399880305,"[""Chongqing"",""Jiujiang"",""Shanghai""]","[""water"",""water""]",9.19015357079347
d204-c6000,27,catastrophe,feasible-heuristic,4466.956208113497,327.38849999999996,123.04175789008065,400,70,0,2,0.24811583297559991,"[""Chongqing"",""Jiujiang"",""Nantong"",""Shanghai""]","[""water"",""rail"",""water""]",12.836383417229435
d204-c6000,27,combined,feasible-heuristic,4322.609601500626,571.0110000000001,190.4163401417257,400,35,0,0,0.12419129197951406,"[""Chongqing"",""Jiujiang"",""Shanghai""]","[""water"",""water""]",9.19015357079347
d204-c6000,27,hybrid-seeded,feasible-heuristic,3958.7906602751145,522.951,174.38966235931636,400,59,135,2,0.06907716696150601,"[""Chongqing"",""Wuhu"",""Maanshan"",""Shanghai""]","[""water"",""water"",""water""]",0.0
d204-c6000,28,fixed,feasible-heuristic,4906.690220253895,75.50415,55.67081650317369,400,28,0,0,0.055556499981321394,"[""Chongqing"",""Shanghai""]","[""rail""]",23.944169856986242
d204-c6000,28,adaptive,feasible-heuristic,4906.690220253895,75.50415,55.67081650317369,400,29,0,0,0.04544620797969401,"[""Chongqing"",""Shanghai""]","[""rail""]",23.944169856986242
d204-c6000,28,catastrophe,feasible-heuristic,4507.638158414222,507.19395000000003,173.77432172642622,400,65,0,2,0.04970504104858264,"[""Chongqing"",""Jiangyin"",""Shanghai""]","[""water"",""rail""]",13.864019223005975
d204-c6000,28,combined,feasible-heuristic,4332.825446696077,440.2596,153.72770927586436,400,65,0,2,0.05271758302114904,"[""Chongqing"",""Wuhu"",""Jiangyin"",""Shanghai""]","[""water"",""rail"",""water""]",9.448208266586366
d204-c6000,28,hybrid-seeded,feasible-heuristic,3958.7906602751145,522.951,174.38966235931636,400,56,135,2,0.06605358299566433,"[""Chongqing"",""Wuhu"",""Maanshan"",""Shanghai""]","[""water"",""water"",""water""]",0.0
d204-c6000,29,fixed,feasible-heuristic,4694.498904847085,72.23895,53.26331506058857,400,20,0,0,0.043194041994865984,"[""Chongqing"",""Zhangjiagang"",""Shanghai""]","[""rail"",""rail""]",18.5841664211879
d204-c6000,29,adaptive,feasible-heuristic,4694.498904847085,72.23895,53.26331506058857,400,27,0,0,0.04444666695781052,"[""Chongqing"",""Zhangjiagang"",""Shanghai""]","[""rail"",""rail""]",18.5841664211879
d204-c6000,29,catastrophe,feasible-heuristic,4379.516454702828,67.392,49.68955568378534,400,60,0,2,0.056530874979216605,"[""Chongqing"",""Chenglingji"",""Zhangjiagang"",""Shanghai""]","[""rail"",""rail"",""rail""]",10.62763430886935
d204-c6000,29,combined,feasible-heuristic,4634.520350836699,71.316,52.58280438545874,400,68,0,2,0.05232670798432082,"[""Chongqing"",""Nantong"",""Shanghai""]","[""rail"",""rail""]",17.06909378518704
d204-c6000,29,hybrid-seeded,feasible-heuristic,3958.7906602751145,522.951,174.38966235931636,400,76,135,2,0.06492654100293294,"[""Chongqing"",""Wuhu"",""Maanshan"",""Shanghai""]","[""water"",""water"",""water""]",0.0
d240-c0,0,fixed,feasible-heuristic,1022.3367653188828,651.129,217.1334722801167,400,21,0,0,0.04001875000540167,"[""Chongqing"",""Nantong"",""Shanghai""]","[""water"",""water""]",24.510518193865206
d240-c0,0,adaptive,feasible-heuristic,1022.3367653188828,651.129,217.1334722801167,400,26,0,0,0.04185083298943937,"[""Chongqing"",""Nantong"",""Shanghai""]","[""water"",""water""]",24.510518193865206
d240-c0,0,catastrophe,feasible-heuristic,1022.3367653188828,651.129,217.1334722801167,400,56,0,2,0.0494470419944264,"[""Chongqing"",""Nantong"",""Shanghai""]","[""water"",""water""]",24.510518193865206
d240-c0,0,combined,feasible-heuristic,1022.3367653188828,651.129,217.1334722801167,400,64,0,2,0.055535375024192035,"[""Chongqing"",""Nantong"",""Shanghai""]","[""water"",""water""]",24.510518193865206
d240-c0,0,hybrid-seeded,feasible-heuristic,821.0846602751146,522.951,174.38966235931636,400,62,59,2,0.07470837503205985,"[""Chongqing"",""Wuhu"",""Maanshan"",""Shanghai""]","[""water"",""water"",""water""]",0.0
d240-c0,1,fixed,feasible-heuristic,1725.1057336594615,511.6125,177.0322126669917,400,24,0,0,0.051085708022583276,"[""Chongqing"",""Jiangyin"",""Zhangjiagang"",""Nantong"",""Shanghai""]","[""water"",""rail"",""rail"",""rail""]",110.10083577513718
d240-c0,1,adaptive,feasible-heuristic,992.1908711963317,631.9290000000001,210.73080450187578,400,32,0,0,0.06039899995084852,"[""Chongqing"",""Wuxue"",""Jiujiang"",""Shanghai""]","[""water"",""water"",""water""]",20.839046105658078
d240-c0,1,catastrophe,feasible-heuristic,875.0976240100042,557.3520000000001,185.8614422676115,400,45,0,1,0.06652250001206994,"[""Chongqing"",""Anqing"",""Shanghai""]","[""water"",""water""]",6.578245380542347
d240-c0,1,combined,feasible-heuristic,1105.4358065860774,704.055,234.78282617757398,400,79,0,2,0.06455079198349267,"[""Chongqing"",""Honghu"",""Zhenjiang"",""Shanghai""]","[""water"",""water"",""water""]",34.63116047201362
d240-c0,1,hybrid-seeded,feasible-heuristic,821.0846602751146,522.951,174.38966235931636,400,58,59,2,0.060733749996870756,"[""Chongqing"",""Wuhu"",""Maanshan"",""Shanghai""]","[""water"",""water"",""water""]",0.0
d240-c0,2,fixed,feasible-heuristic,1441.080161309759,690.2985,232.58762144113228,400,36,0,0,0.048547167039941996,"[""Chongqing"",""Zhenjiang"",""Gaogang"",""Jiangyin"",""Shanghai""]","[""water"",""rail"",""water"",""water""]",75.50932699520988
d240-c0,2,adaptive,feasible-heuristic,1119.9529387244686,713.3009999999999,237.86611087953312,400,40,0,0,0.05029683298198506,"[""Chongqing"",""Zhenjiang"",""Nantong"",""Shanghai""]","[""water"",""water"",""water""]",36.39920374949088
d240-c0,2,catastrophe,feasible-heuristic,1119.623218007503,713.091,237.7960817007086,400,81,0,2,0.05703312502009794,"[""Chongqing"",""Zhenjiang"",""Shanghai""]","[""water"",""water""]",36.3590470235261
d240-c0,2,combined,feasible-heuristic,1471.6025262016512,706.03575,237.87644779261024,400,72,0,2,0.05517137498827651,"[""Chongqing"",""Zhenjiang"",""Zhangjiagang"",""Nantong"",""Shanghai""]","[""water"",""water"",""rail"",""water""]",79.22664950391017
d240-c0,2,hybrid-seeded,feasible-heuristic,821.0846602751146,522.951,174.38966235931636,400,67,59,2,0.07447712501743808,"[""Chongqing"",""Wuhu"",""Maanshan"",""Shanghai""]","[""water"",""water"",""water""]",0.0
d240-c0,3,fixed,feasible-heuristic,993.7311379741559,632.9100000000001,211.05794080867028,400,17,0,0,0.05003662500530481,"[""Chongqing"",""Nanjing"",""Zhangjiagang"",""Shanghai""]","[""water"",""water"",""water""]",21.026635382664914
d240-c0,3,adaptive,feasible-heuristic,990.0241350562735,630.549,210.27061275531472,400,36,0,0,0.055048582958988845,"[""Chongqing"",""Wuhu"",""Gaogang"",""Zhangjiagang"",""Shanghai""]","[""water"",""water"",""water"",""water""]",20.575159049318216
d240-c0,3,catastrophe,feasible-heuristic,993.7311379741559,632.9100000000001,211.05794080867028,400,54,0,2,0.0563617090228945,"[""Chongqing"",""Nanjing"",""Zhangjiagang"",""Shanghai""]","[""water"",""water"",""water""]",21.026635382664914
d240-c0,3,combined,feasible-heuristic,990.0241350562735,630.549,210.27061275531472,400,87,0,2,0.058464583999011666,"[""Chongqing"",""Wuhu"",""Gaogang"",""Zhangjiagang"",""Shanghai""]","[""water"",""water"",""water"",""water""]",20.575159049318216
d240-c0,3,hybrid-seeded,feasible-heuristic,821.0846602751146,522.951,174.38966235931636,400,70,59,2,0.06206291704438627,"[""Chongqing"",""Wuhu"",""Maanshan"",""Shanghai""]","[""water"",""water"",""water""]",0.0
d240-c0,4,fixed,feasible-heuristic,2349.090201998123,796.91175,235.2092414104635,400,31,0,0,0.04342491697752848,"[""Chongqing"",""Zhangjiagang"",""Nantong"",""Shanghai""]","[""water"",""road"",""rail""]",186.09597958035548
d240-c0,4,adaptive,feasible-heuristic,1602.8667149252178,681.5805000000001,230.97494450346812,400,29,0,0,0.04483366699423641,"[""Chongqing"",""Zhangjiagang"",""Shanghai""]","[""water"",""rail""]",95.21333091135295
d240-c0,4,catastrophe,feasible-heuristic,1306.872614839757,607.24695,204.9257274020455,400,68,0,2,0.05631308298325166,"[""Chongqing"",""Nantong"",""Shanghai""]","[""water"",""rail""]",59.164173692134625
d240-c0,4,combined,feasible-heuristic,1306.872614839757,607.24695,204.9257274020455,400,57,0,1,0.04789054102730006,"[""Chongqing"",""Nantong"",""Shanghai""]","[""water"",""rail""]",59.164173692134625
d240-c0,4,hybrid-seeded,feasible-heuristic,821.0846602751146,522.951,174.38966235931636,400,76,59,2,0.06640220899134874,"[""Chongqing"",""Wuhu"",""Maanshan"",""Shanghai""]","[""water"",""water"",""water""]",0.0
d240-c0,5,fixed,feasible-heuristic,1396.8392676117453,664.5469500000002,224.0336890527333,400,31,0,0,0.05604558397317305,"[""Chongqing"",""Maanshan"",""Nanjing"",""Zhenjiang"",""Nantong"",""Shanghai""]","[""water"",""water"",""water"",""water"",""rail""]",70.12122320537775
d240-c0,5,adaptive,feasible-heuristic,958.851396415173,610.695,203.64985410587744,400,41,0,0,0.054468083020765334,"[""Chongqing"",""Wuhu"",""Zhenjiang"",""Nantong"",""Shanghai""]","[""water"",""water"",""water"",""water""]",16.77862744310652
d240-c0,5,catastrophe,feasible-heuristic,993.7311379741559,632.9100000000001,211.05794080867028,400,72,0,2,0.05802983301691711,"[""Chongqing"",""Nanjing"",""Zhangjiagang"",""Shanghai""]","[""water"",""water"",""water""]",21.026635382664914
d240-c0,5,combined,feasible-heuristic,958.851396415173,610.695,203.64985410587744,400,59,0,1,0.055957875039894134,"[""Chongqing"",""Wuhu"",""Zhenjiang"",""Nantong"",""Shanghai""]","[""water"",""water"",""water"",""water""]",16.77862744310652
d240-c0,5,hybrid-seeded,feasible-heuristic,821.0846602751146,522.951,174.38966235931636,400,81,59,2,0.061097541998606175,"[""Chongqing"",""Wuhu"",""Maanshan"",""Shanghai""]","[""water"",""water"",""water""]",0.0
d240-c0,6,fixed,feasible-heuristic,1585.4586800568711,494.6151,170.56951841109023,400,25,0,0,0.06453816703287885,"[""Chongqing"",""Yichang"",""Shashi"",""Zhangjiagang"",""Shanghai""]","[""rail"",""rail"",""water"",""water""]",93.09320424103934
d240-c0,6,adaptive,feasible-heuristic,1543.6245549754212,619.1589000000001,210.37145897971047,400,35,0,0,0.05209870799444616,"[""Chongqing"",""Maanshan"",""Zhenjiang"",""Jiangyin"",""Shanghai""]","[""water"",""water"",""rail"",""water""]",87.99822109186775
d240-c0,6,catastrophe,feasible-heuristic,872.8837849103793,555.942,185.39124635264693,400,63,0,2,0.058344584016595036,"[""Chongqing"",""Honghu"",""Shanghai""]","[""water"",""water""]",6.308621649064627
d240-c0,6,combined,feasible-heuristic,1073.9333472280116,683.991,228.09203834931222,400,72,0,2,0.0573695829953067,"[""Chongqing"",""Maanshan"",""Zhenjiang"",""Nantong"",""Shanghai""]","[""water"",""water"",""water"",""water""]",30.794472139837193
d240-c0,6,hybrid-seeded,feasible-heuristic,821.0846602751146,522.951,174.38966235931636,400,70,59,2,0.05933716701110825,"[""Chongqing"",""Wuhu"",""Maanshan"",""Shanghai""]","[""water"",""water"",""water""]",0.0
d240-c0,7,fixed,feasible-heuristic,1022.3367653188828,651.129,217.1334722801167,400,17,0,0,0.04143983399262652,"[""Chongqing"",""Nantong"",""Shanghai""]","[""water"",""water""]",24.510518193865206
d240-c0,7,adaptive,feasible-heuristic,1022.3367653188828,651.129,217.1334722801167,400,26,0,0,0.0487614159937948,"[""Chongqing"",""Nantong"",""Shanghai""]","[""water"",""water""]",24.510518193865206
d240-c0,7,catastrophe,feasible-heuristic,1022.3367653188828,651.129,217.1334722801167,400,55,0,2,0.053148249979130924,"[""Chongqing"",""Nantong"",""Shanghai""]","[""water"",""water""]",24.510518193865206
d240-c0,7,combined,feasible-heuristic,914.3202584410171,582.3330000000001,194.19191329720718,400,68,0,2,0.051846958056557924,"[""Chongqing"",""Jiangyin"",""Shanghai""]","[""water"",""water""]",11.355174767808073
d240-c0,7,hybrid-seeded,feasible-heuristic,821.0846602751146,522.951,174.38966235931636,400,64,59,2,0.06164708297001198,"[""Chongqing"",""Wuhu"",""Maanshan"",""Shanghai""]","[""water"",""water"",""water""]",0.0
d240-c0,8,fixed,feasible-heuristic,2480.5417422675873,417.297,151.93577761410975,400,25,0,0,0.05147762497654185,"[""Chongqing"",""Wuxue"",""Nantong"",""Shanghai""]","[""rail"",""water"",""water""]",202.1054785552139
d240-c0,8,adaptive,feasible-heuristic,2480.5417422675873,417.297,151.93577761410975,400,39,0,0,0.05256591702345759,"[""Chongqing"",""Wuxue"",""Nantong"",""Shanghai""]","[""rail"",""water"",""water""]",202.1054785552139
d240-c0,8,catastrophe,feasible-heuristic,875.0976240100042,557.3520000000001,185.8614422676115,400,66,0,2,0.05541937501402572,"[""Chongqing"",""Anqing"",""Shanghai""]","[""water"",""water""]",6.578245380542347
d240-c0,8,combined,feasible-heuristic,932.68570237599,594.0300000000001,198.0925385577324,400,87,0,2,0.0610948340035975,"[""Chongqing"",""Nanjing"",""Shanghai""]","[""water"",""water""]",13.591904404045497
d240-c0,8,hybrid-seeded,feasible-heuristic,821.0846602751146,522.951,174.38966235931636,400,85,59,2,0.06853745901025832,"[""Chongqing"",""Wuhu"",""Maanshan"",""Shanghai""]","[""water"",""water"",""water""]",0.0
d240-c0,9,fixed,feasible-heuristic,1304.4703639018662,605.71695,204.41551481346696,400,42,0,0,0.06089049996808171,"[""Chongqing"",""Honghu"",""Wuxue"",""Nantong"",""Shanghai""]","[""water"",""water"",""water"",""rail""]",58.87160326010563
d240-c0,9,adaptive,feasible-heuristic,2273.6770291862813,531.7309500000001,187.31722432793816,400,42,0,0,0.06778287497581914,"[""Chongqing"",""Honghu"",""Jiujiang"",""Nanjing"",""Zhenjiang"",""Shanghai""]","[""water"",""water"",""rail"",""rail"",""water""]",176.91140015019374
d240-c0,9,catastrophe,feasible-heuristic,932.68570237599,594.0300000000001,198.0925385577324,400,85,0,2,0.059149625012651086,"[""Chongqing"",""Nanjing"",""Shanghai""]","[""water"",""water""]",13.591904404045497
d240-c0,9,combined,feasible-heuristic,991.7575239683201,631.6530000000001,210.63876615256356,400,82,0,2,0.06117087497841567,"[""Chongqing"",""Wuxue"",""Shanghai""]","[""water"",""water""]",20.78626869439011
d240-c0,9,hybrid-seeded,feasible-heuristic,821.0846602751146,522.951,174.38966235931636,400,73,59,2,0.06067720800638199,"[""Chongqing"",""Wuhu"",""Maanshan"",""Shanghai""]","[""water"",""water"",""water""]",0.0
d240-c0,10,fixed,feasible-heuristic,1069.665819091288,681.2730000000001,227.18566069195498,400,26,0,0,0.059472499997355044,"[""Chongqing"",""Hankou"",""Huangshi"",""Zhenjiang"",""Shanghai""]","[""water"",""water"",""water"",""water""]",30.274729372350386
d240-c0,10,adaptive,feasible-heuristic,1122.3222175906628,714.8100000000001,238.36932055022928,400,34,0,0,0.06302029098151252,"[""Chongqing"",""Hankou"",""Huangshi"",""Wuxue"",""Shanghai""]","[""water"",""water"",""water"",""water""]",36.68775850892341
d240-c0,10,catastrophe,feasible-heuristic,991.7575239683201,631.6530000000001,210.63876615256356,400,71,0,2,0.06201858300482854,"[""Chongqing"",""Wuxue"",""Shanghai""]","[""water"",""water""]",20.78626869439011
d240-c0,10,combined,feasible-heuristic,1022.3367653188828,651.129,217.1334722801167,400,66,0,2,0.05525483301607892,"[""Chongqing"",""Nantong"",""Shanghai""]","[""water"",""water""]",24.510518193865206
d240-c0,10,hybrid-seeded,feasible-heuristic,821.0846602751146,522.951,174.38966235931636,400,71,59,2,0.058967042015865445,"[""Chongqing"",""Wuhu"",""Maanshan"",""Shanghai""]","[""water"",""water"",""water""]",0.0
d240-c0,11,fixed,feasible-heuristic,962.8834097540642,613.263,204.5062109212172,400,23,0,0,0.050999749975744635,"[""Chongqing"",""Huangshi"",""Maanshan"",""Shanghai""]","[""water"",""water"",""water""]",17.269686834904242
d240-c0,11,adaptive,feasible-heuristic,1054.8378074197583,671.8290000000001,224.03634847853272,400,27,0,0,0.04644499998539686,"[""Chongqing"",""Chizhou"",""Shanghai""]","[""water"",""water""]",28.468824038963515
d240-c0,11,catastrophe,feasible-heuristic,962.8834097540642,613.263,204.5062109212172,400,61,0,2,0.05546112498268485,"[""Chongqing"",""Huangshi"",""Maanshan"",""Shanghai""]","[""water"",""water"",""water""]",17.269686834904242
d240-c0,11,combined,feasible-heuristic,1022.3367653188828,651.129,217.1334722801167,400,70,0,2,0.051785374991595745,"[""Chongqing"",""Nantong"",""Shanghai""]","[""water"",""water""]",24.510518193865206
d240-c0,11,hybrid-seeded,feasible-heuristic,821.0846602751146,522.951,174.38966235931636,400,69,59,2,0.05903458403190598,"[""Chongqing"",""Wuhu"",""Maanshan"",""Shanghai""]","[""water"",""water"",""water""]",0.0
d240-c0,12,fixed,feasible-heuristic,950.9710712796999,605.676,201.97615673197166,400,25,0,0,0.0436735840048641,"[""Chongqing"",""Maanshan"",""Shanghai""]","[""water"",""water""]",15.818881692548636
d240-c0,12,adaptive,feasible-heuristic,1119.623218007503,713.091,237.7960817007086,400,31,0,0,0.04360362503211945,"[""Chongqing"",""Zhenjiang"",""Shanghai""]","[""water"",""water""]",36.3590470235261
d240-c0,12,catastrophe,feasible-heuristic,938.1355147978325,597.5010000000001,199.25002084201753,400,68,0,2,0.05041075003100559,"[""Chongqing"",""Jiangyin"",""Nantong"",""Shanghai""]","[""water"",""water"",""water""]",14.255637717491698
d240-c0,12,combined,feasible-heuristic,1022.3367653188828,651.129,217.1334722801167,400,49,0,1,0.04717454197816551,"[""Chongqing"",""Nantong"",""Shanghai""]","[""water"",""water""]",24.510518193865206
d240-c0,12,hybrid-seeded,feasible-heuristic,821.0846602751146,522.951,174.38966235931636,400,71,59,2,0.06119824998313561,"[""Chongqing"",""Wuhu"",""Maanshan"",""Shanghai""]","[""water"",""water"",""water""]",0.0
d240-c0,13,fixed,feasible-heuristic,904.348561900792,575.982,192.0740308461859,400,25,0,0,0.06052825000369921,"[""Chongqing"",""Chenglingji"",""Yangluo"",""Shanghai""]","[""water"",""water"",""water""]",10.140720641130807
d240-c0,13,adaptive,feasible-heuristic,923.1897457273864,587.982,196.07569820758647,400,33,0,0,0.05534925003303215,"[""Chongqing"",""Shashi"",""Jiangyin"",""Shanghai""]","[""water"",""water"",""water""]",12.435390696260251
d240-c0,13,catastrophe,feasible-heuristic,904.348561900792,575.982,192.0740308461859,400,66,0,2,0.06196683301823214,"[""Chongqing"",""Chenglingji"",""Yangluo"",""Shanghai""]","[""water"",""water"",""water""]",10.140720641130807
d240-c0,13,combined,feasible-heuristic,914.3202584410171,582.3330000000001,194.19191329720718,400,79,0,2,0.05883070797426626,"[""Chongqing"",""Jiangyin"",""Shanghai""]","[""water"",""water""]",11.355174767808073
d240-c0,13,hybrid-seeded,feasible-heuristic,821.0846602751146,522.951,174.38966235931636,400,66,59,2,0.06119083403609693,"[""Chongqing"",""Wuhu"",""Maanshan"",""Shanghai""]","[""water"",""water"",""water""]",0.0
d240-c0,14,fixed,feasible-heuristic,1040.1275531471447,662.46,220.9120466861192,400,25,0,0,0.047048167034517974,"[""Chongqing"",""Wuhu"",""Shanghai""]","[""water"",""water""]",26.677260393421175
d240-c0,14,adaptive,feasible-heuristic,1040.1275531471447,662.46,220.9120466861192,400,34,0,0,0.04679937497712672,"[""Chongqing"",""Wuhu"",""Shanghai""]","[""water"",""water""]",26.677260393421175
d240-c0,14,catastrophe,feasible-heuristic,1040.1275531471447,662.46,220.9120466861192,400,71,0,2,0.05228979099774733,"[""Chongqing"",""Wuhu"",""Shanghai""]","[""water"",""water""]",26.677260393421175
d240-c0,14,combined,feasible-heuristic,1040.1275531471447,662.46,220.9120466861192,400,91,0,2,0.05369583296123892,"[""Chongqing"",""Wuhu"",""Shanghai""]","[""water"",""water""]",26.677260393421175
d240-c0,14,hybrid-seeded,feasible-heuristic,821.0846602751146,522.951,174.38966235931636,400,80,59,2,0.06277712498558685,"[""Chongqing"",""Wuhu"",""Maanshan"",""Shanghai""]","[""water"",""water"",""water""]",0.0
d240-c0,15,fixed,feasible-heuristic,3045.0439197232354,285.7599,113.49504878812026,400,27,0,0,0.048174125025980175,"[""Chongqing"",""Jiujiang"",""Shanghai""]","[""water"",""rail""]",270.85626696557154
d240-c0,15,adaptive,feasible-heuristic,3045.0439197232354,285.7599,113.49504878812026,400,26,0,0,0.04901570803485811,"[""Chongqing"",""Jiujiang"",""Shanghai""]","[""water"",""rail""]",270.85626696557154
d240-c0,15,catastrophe,feasible-heuristic,997.3392246769488,635.2080000000001,211.8242601083785,400,70,0,2,0.054028083046432585,"[""Chongqing"",""Yichang"",""Shanghai""]","[""water"",""water""]",21.46606469822221
d240-c0,15,combined,feasible-heuristic,1420.5358687393068,565.4535000000001,192.2498090303543,400,68,0,2,0.05146595899714157,"[""Chongqing"",""Nanjing"",""Zhangjiagang"",""Shanghai""]","[""water"",""water"",""rail""]",73.00723512035148
d240-c0,15,hybrid-seeded,feasible-heuristic,821.0846602751146,522.951,174.38966235931636,400,67,59,2,0.060691541992127895,"[""Chongqing"",""Wuhu"",""Maanshan"",""Shanghai""]","[""water"",""water"",""water""]",0.0
d240-c0,16,fixed,feasible-heuristic,1306.872614839757,607.24695,204.9257274020455,400,22,0,0,0.04127449996303767,"[""Chongqing"",""Nantong"",""Shanghai""]","[""water"",""rail""]",59.164173692134625
d240-c0,16,adaptive,feasible-heuristic,1306.872614839757,607.24695,204.9257274020455,400,29,0,0,0.0423843750031665,"[""Chongqing"",""Nantong"",""Shanghai""]","[""water"",""rail""]",59.164173692134625
d240-c0,16,catastrophe,feasible-heuristic,1012.4263026260942,644.817,215.02859524802003,400,64,0,2,0.051800417015329,"[""Chongqing"",""Nanjing"",""Gaogang"",""Nantong"",""Shanghai""]","[""water"",""water"",""water"",""water""]",23.30352174486712
d240-c0,16,combined,feasible-heuristic,950.9710712796999,605.676,201.97615673197166,400,67,0,2,0.052427415968850255,"[""Chongqing"",""Maanshan"",""Shanghai""]","[""water"",""water""]",15.818881692548636
d240-c0,16,hybrid-seeded,feasible-heuristic,821.0846602751146,522.951,174.38966235931636,400,69,59,2,0.05944637500215322,"[""Chongqing"",""Wuhu"",""Maanshan"",""Shanghai""]","[""water"",""water"",""water""]",0.0
d240-c0,17,fixed,feasible-heuristic,2039.3184249688572,539.88225,188.29700813620408,400,24,0,0,0.0503119170316495,"[""Chongqing"",""Chenglingji"",""Nantong"",""Shanghai""]","[""rail"",""water"",""rail""]",148.368837421169
d240-c0,17,adaptive,feasible-heuristic,1754.7825754479832,583.7643,200.50475301427525,400,29,0,0,0.05311170901404694,"[""Chongqing"",""Chenglingji"",""Nantong"",""Shanghai""]","[""rail"",""water"",""water""]",113.71518192289956
d240-c0,17,catastrophe,feasible-heuristic,1022.3367653188828,651.129,217.1334722801167,400,61,0,2,0.05145895900204778,"[""Chongqing"",""Nantong"",""Shanghai""]","[""water"",""water""]",24.510518193865206
d240-c0,17,combined,feasible-heuristic,1022.3367653188828,651.129,217.1334722801167,400,74,0,2,0.05417875002603978,"[""Chongqing"",""Nantong"",""Shanghai""]","[""water"",""water""]",24.510518193865206
d240-c0,17,hybrid-seeded,feasible-heuristic,821.0846602751146,522.951,174.38966235931636,400,72,59,2,0.06061412498820573,"[""Chongqing"",""Wuhu"",""Maanshan"",""Shanghai""]","[""water"",""water"",""water""]",0.0
d240-c0,18,fixed,feasible-heuristic,911.9792413505627,580.842,193.69470612755313,400,26,0,0,0.04616808396531269,"[""Chongqing"",""Wuhu"",""Nantong"",""Shanghai""]","[""water"",""water"",""water""]",11.070062013458237
d240-c0,18,adaptive,feasible-heuristic,865.9690704460191,551.538,183.9226344310129,400,42,0,0,0.05058416700921953,"[""Chongqing"",""Wuhu"",""Jiangyin"",""Shanghai""]","[""water"",""water"",""water""]",5.466477738832132
d240-c0,18,catastrophe,feasible-heuristic,911.9792413505627,580.842,193.69470612755313,400,58,0,2,0.05130049999570474,"[""Chongqing"",""Wuhu"",""Nantong"",""Shanghai""]","[""water"",""water"",""water""]",11.070062013458237
d240-c0,18,combined,feasible-heuristic,865.9690704460191,551.538,183.9226344310129,400,63,0,1,0.05210954195354134,"[""Chongqing"",""Wuhu"",""Jiangyin"",""Shanghai""]","[""water"",""water"",""water""]",5.466477738832132
d240-c0,18,hybrid-seeded,feasible-heuristic,821.0846602751146,522.951,174.38966235931636,400,80,59,2,0.05967679200693965,"[""Chongqing"",""Wuhu"",""Maanshan"",""Shanghai""]","[""water"",""water"",""water""]",0.0
d240-c0,19,fixed,feasible-heuristic,875.0976240100042,557.3520000000001,185.8614422676115,400,22,0,0,0.045593999966513366,"[""Chongqing"",""Anqing"",""Shanghai""]","[""water"",""water""]",6.578245380542347
d240-c0,19,adaptive,feasible-heuristic,875.0976240100042,557.3520000000001,185.8614422676115,400,32,0,0,0.04818783298833296,"[""Chongqing"",""Anqing"",""Shanghai""]","[""water"",""water""]",6.578245380542347
d240-c0,19,catastrophe,feasible-heuristic,875.0976240100042,557.3520000000001,185.8614422676115,400,66,0,2,0.053926374996080995,"[""Chongqing"",""Anqing"",""Shanghai""]","[""water"",""water""]",6.578245380542347
d240-c0,19,combined,feasible-heuristic,875.0976240100042,557.3520000000001,185.8614422676115,400,71,0,2,0.05676512495847419,"[""Chongqing"",""Anqing"",""Shanghai""]","[""water"",""water""]",6.578245380542347
d240-c0,19,hybrid-seeded,feasible-heuristic,821.0846602751146,522.951,174.38966235931636,400,63,59,2,0.06550637498730794,"[""Chongqing"",""Wuhu"",""Maanshan"",""Shanghai""]","[""water"",""water"",""water""]",0.0
d240-c0,20,fixed,feasible-heuristic,932.68570237599,594.0300000000001,198.0925385577324,400,23,0,0,0.04711016599321738,"[""Chongqing"",""Nanjing"",""Shanghai""]","[""water"",""water""]",13.591904404045497
d240-c0,20,adaptive,feasible-heuristic,932.68570237599,594.0300000000001,198.0925385577324,400,33,0,0,0.04838554101297632,"[""Chongqing"",""Nanjing"",""Shanghai""]","[""water"",""water""]",13.591904404045497
d240-c0,20,catastrophe,feasible-heuristic,932.68570237599,594.0300000000001,198.0925385577324,400,63,0,2,0.05352554103592411,"[""Chongqing"",""Nanjing"",""Shanghai""]","[""water"",""water""]",13.591904404045497
d240-c0,20,combined,feasible-heuristic,922.445518966236,587.508,195.91763234681116,400,67,0,2,0.05472979199839756,"[""Chongqing"",""Yangluo"",""Shanghai""]","[""water"",""water""]",12.34475122908265
d240-c0,20,hybrid-seeded,feasible-heuristic,821.0846602751146,522.951,174.38966235931636,400,62,59,2,0.06078437500400469,"[""Chongqing"",""Wuhu"",""Maanshan"",""Shanghai""]","[""water"",""water"",""water""]",0.0
d240-c0,21,fixed,feasible-heuristic,1969.1704518640795,508.04685,177.59924402887623,400,35,0,0,0.05467095895437524,"[""Chongqing"",""Anqing"",""Chizhou"",""Zhenjiang"",""Shanghai""]","[""water"",""water"",""water"",""rail""]",139.82550729961082
d240-c0,21,adaptive,feasible-heuristic,1631.7788774751548,579.1377,198.08754026189504,400,46,0,0,0.05844241695012897,"[""Chongqing"",""Anqing"",""Chizhou"",""Zhenjiang"",""Zhangjiagang"",""Shanghai""]","[""water"",""water"",""water"",""rail"",""water""]",98.73454668223944
d240-c0,21,catastrophe,feasible-heuristic,1231.5408516050759,559.26795,188.92606087432563,400,72,0,2,0.05801724997581914,"[""Chongqing"",""Shashi"",""Jiangyin"",""Nantong"",""Shanghai""]","[""water"",""water"",""water"",""rail""]",49.989509144213315
d240-c0,21,combined,feasible-heuristic,1108.0406002501043,705.714,235.33605669028765,400,91,0,2,0.06114295800216496,"[""Chongqing"",""Anqing"",""Chizhou"",""Nantong"",""Shanghai""]","[""water"",""water"",""water"",""water""]",34.948398607135275
d240-c0,21,hybrid-seeded,feasible-heuristic,821.0846602751146,522.951,174.38966235931636,400,79,59,2,0.06070775003172457,"[""Chongqing"",""Wuhu"",""Maanshan"",""Shanghai""]","[""water"",""water"",""water""]",0.0
d240-c0,22,fixed,feasible-heuristic,1022.3367653188828,651.129,217.1334722801167,400,22,0,0,0.04139691696036607,"[""Chongqing"",""Nantong"",""Shanghai""]","[""water"",""water""]",24.510518193865206
d240-c0,22,adaptive,feasible-heuristic,1022.3367653188828,651.129,217.1334722801167,400,29,0,0,0.042274291976355016,"[""Chongqing"",""Nantong"",""Shanghai""]","[""water"",""water""]",24.510518193865206
d240-c0,22,catastrophe,feasible-heuristic,1022.3367653188828,651.129,217.1334722801167,400,65,0,2,0.04762425000080839,"[""Chongqing"",""Nantong"",""Shanghai""]","[""water"",""water""]",24.510518193865206
d240-c0,22,combined,feasible-heuristic,932.68570237599,594.0300000000001,198.0925385577324,400,66,0,2,0.05035541602410376,"[""Chongqing"",""Nanjing"",""Shanghai""]","[""water"",""water""]",13.591904404045497
d240-c0,22,hybrid-seeded,feasible-heuristic,821.0846602751146,522.951,174.38966235931636,400,65,59,2,0.05980308400467038,"[""Chongqing"",""Wuhu"",""Maanshan"",""Shanghai""]","[""water"",""water"",""water""]",0.0
d240-c0,23,fixed,feasible-heuristic,1375.4272358626058,635.484,214.45207346203833,400,29,0,0,0.05471245798980817,"[""Chongqing"",""Huangshi"",""Wuxue"",""Shanghai""]","[""water"",""rail"",""water""]",67.51344927108391
d240-c0,23,adaptive,feasible-heuristic,1375.4272358626058,635.484,214.45207346203833,400,32,0,0,0.055552665959112346,"[""Chongqing"",""Huangshi"",""Wuxue"",""Shanghai""]","[""water"",""rail"",""water""]",67.51344927108391
d240-c0,23,catastrophe,feasible-heuristic,1375.4272358626058,635.484,214.45207346203833,400,54,0,1,0.05436945799738169,"[""Chongqing"",""Huangshi"",""Wuxue"",""Shanghai""]","[""water"",""rail"",""water""]",67.51344927108391
d240-c0,23,combined,feasible-heuristic,1222.6713643187068,553.6189500000002,187.04227596394634,400,85,0,2,0.061370707990136,"[""Chongqing"",""Jiangyin"",""Nantong"",""Shanghai""]","[""water"",""water"",""rail""]",48.90929321576114
d240-c0,23,hybrid-seeded,feasible-heuristic,821.0846602751146,522.951,174.38966235931636,400,77,59,2,0.06202866701642051,"[""Chongqing"",""Wuhu"",""Maanshan"",""Shanghai""]","[""water"",""water"",""water""]",0.0
d240-c0,24,fixed,feasible-heuristic,1084.7434764485201,690.8760000000001,230.3879949979158,400,21,0,0,0.048283084004651755,"[""Chongqing"",""Maanshan"",""Gaogang"",""Shanghai""]","[""water"",""water"",""water""]",32.11103908396771
d240-c0,24,adaptive,feasible-heuristic,875.0976240100042,557.3520000000001,185.8614422676115,400,27,0,0,0.0499071249505505,"[""Chongqing"",""Anqing"",""Shanghai""]","[""water"",""water""]",6.578245380542347
d240-c0,24,catastrophe,feasible-heuristic,950.9710712796999,605.676,201.97615673197166,400,68,0,2,0.052950499986764044,"[""Chongqing"",""Maanshan"",""Shanghai""]","[""water"",""water""]",15.818881692548636
d240-c0,24,combined,feasible-heuristic,1084.7434764485201,690.8760000000001,230.3879949979158,400,75,0,2,0.0554780830279924,"[""Chongqing"",""Maanshan"",""Gaogang"",""Shanghai""]","[""water"",""water"",""water""]",32.11103908396771
d240-c0,24,hybrid-seeded,feasible-heuristic,821.0846602751146,522.951,174.38966235931636,400,79,59,2,0.06067091698059812,"[""Chongqing"",""Wuhu"",""Maanshan"",""Shanghai""]","[""water"",""water"",""water""]",0.0
d240-c0,25,fixed,feasible-heuristic,1127.3433930804501,718.008,239.43576490204254,400,21,0,0,0.044446124986279756,"[""Chongqing"",""Maanshan"",""Nantong"",""Shanghai""]","[""water"",""water"",""water""]",37.2992880786154
d240-c0,25,adaptive,feasible-heuristic,1127.3433930804501,718.008,239.43576490204254,400,27,0,0,0.045363041979726404,"[""Chongqing"",""Maanshan"",""Nantong"",""Shanghai""]","[""water"",""water"",""water""]",37.2992880786154
d240-c0,25,catastrophe,feasible-heuristic,1127.3433930804501,718.008,239.43576490204254,400,60,0,2,0.05038920801598579,"[""Chongqing"",""Maanshan"",""Nantong"",""Shanghai""]","[""water"",""water"",""water""]",37.2992880786154
d240-c0,25,combined,feasible-heuristic,1127.3433930804501,718.008,239.43576490204254,400,67,0,2,0.05133441701764241,"[""Chongqing"",""Maanshan"",""Nantong"",""Shanghai""]","[""water"",""water"",""water""]",37.2992880786154
d240-c0,25,hybrid-seeded,feasible-heuristic,821.0846602751146,522.951,174.38966235931636,400,78,59,2,0.060561624995898455,"[""Chongqing"",""Wuhu"",""Maanshan"",""Shanghai""]","[""water"",""water"",""water""]",0.0
d240-c0,26,fixed,feasible-heuristic,1022.3367653188828,651.129,217.1334722801167,400,19,0,0,0.04284587496658787,"[""Chongqing"",""Nantong"",""Shanghai""]","[""water"",""water""]",24.510518193865206
d240-c0,26,adaptive,feasible-heuristic,1022.3367653188828,651.129,217.1334722801167,400,30,0,0,0.041486083006020635,"[""Chongqing"",""Nantong"",""Shanghai""]","[""water"",""water""]",24.510518193865206
d240-c0,26,catastrophe,feasible-heuristic,914.3202584410171,582.3330000000001,194.19191329720718,400,58,0,2,0.04647395899519324,"[""Chongqing"",""Jiangyin"",""Shanghai""]","[""water"",""water""]",11.355174767808073
d240-c0,26,combined,feasible-heuristic,1014.5741975823258,646.1850000000001,215.48478532721967,400,70,0,2,0.04975620802724734,"[""Chongqing"",""Wuxue"",""Nantong"",""Shanghai""]","[""water"",""water"",""water""]",23.565114131151855
d240-c0,26,hybrid-seeded,feasible-heuristic,821.0846602751146,522.951,174.38966235931636,400,62,59,2,0.07168112497311085,"[""Chongqing"",""Wuhu"",""Maanshan"",""Shanghai""]","[""water"",""water"",""water""]",0.0
d240-c0,27,fixed,feasible-heuristic,950.9710712796999,605.676,201.97615673197166,400,23,0,0,0.04953445796854794,"[""Chongqing"",""Maanshan"",""Shanghai""]","[""water"",""water""]",15.818881692548636
d240-c0,27,adaptive,feasible-heuristic,950.9710712796999,605.676,201.97615673197166,400,28,0,0,0.04583937500137836,"[""Chongqing"",""Maanshan"",""Shanghai""]","[""water"",""water""]",15.818881692548636
d240-c0,27,catastrophe,feasible-heuristic,950.9710712796999,605.676,201.97615673197166,400,69,0,2,0.05063245800556615,"[""Chongqing"",""Maanshan"",""Shanghai""]","[""water"",""water""]",15.818881692548636
d240-c0,27,combined,feasible-heuristic,950.9710712796999,605.676,201.97615673197166,400,72,0,2,0.05436104198452085,"[""Chongqing"",""Maanshan"",""Shanghai""]","[""water"",""water""]",15.818881692548636
d240-c0,27,hybrid-seeded,feasible-heuristic,821.0846602751146,522.951,174.38966235931636,400,64,59,2,0.059787374979350716,"[""Chongqing"",""Wuhu"",""Maanshan"",""Shanghai""]","[""water"",""water"",""water""]",0.0
d240-c0,28,fixed,feasible-heuristic,993.7311379741559,632.9100000000001,211.05794080867028,400,35,0,0,0.044431583024561405,"[""Chongqing"",""Nanjing"",""Zhangjiagang"",""Shanghai""]","[""water"",""water"",""water""]",21.026635382664914
d240-c0,28,adaptive,feasible-heuristic,1559.3884588139845,636.5382,216.08592128331986,400,35,0,0,0.05036391702014953,"[""Chongqing"",""Anqing"",""Gaogang"",""Zhangjiagang"",""Shanghai""]","[""water"",""water"",""rail"",""water""]",89.91810884537679
d240-c0,28,catastrophe,feasible-heuristic,993.7311379741559,632.9100000000001,211.05794080867028,400,78,0,2,0.051087125029880553,"[""Chongqing"",""Nanjing"",""Zhangjiagang"",""Shanghai""]","[""water"",""water"",""water""]",21.026635382664914
d240-c0,28,combined,feasible-heuristic,1119.623218007503,713.091,237.7960817007086,400,61,0,1,0.050852041982579976,"[""Chongqing"",""Zhenjiang"",""Shanghai""]","[""water"",""water""]",36.3590470235261
d240-c0,28,hybrid-seeded,feasible-heuristic,821.0846602751146,522.951,174.38966235931636,400,61,59,2,0.06011525000212714,"[""Chongqing"",""Wuhu"",""Maanshan"",""Shanghai""]","[""water"",""water"",""water""]",0.0
d240-c0,29,fixed,feasible-heuristic,1022.3367653188828,651.129,217.1334722801167,400,19,0,0,0.03973599994787946,"[""Chongqing"",""Nantong"",""Shanghai""]","[""water"",""water""]",24.510518193865206
d240-c0,29,adaptive,feasible-heuristic,1306.872614839757,607.24695,204.9257274020455,400,30,0,0,0.043142833979800344,"[""Chongqing"",""Nantong"",""Shanghai""]","[""water"",""rail""]",59.164173692134625
d240-c0,29,catastrophe,feasible-heuristic,1022.3367653188828,651.129,217.1334722801167,400,67,0,2,0.04889537498820573,"[""Chongqing"",""Nantong"",""Shanghai""]","[""water"",""water""]",24.510518193865206
d240-c0,29,combined,feasible-heuristic,1022.3367653188828,651.129,217.1334722801167,400,48,0,1,0.04538120795041323,"[""Chongqing"",""Nantong"",""Shanghai""]","[""water"",""water""]",24.510518193865206
d240-c0,29,hybrid-seeded,feasible-heuristic,821.0846602751146,522.951,174.38966235931636,400,63,59,2,0.05911304202163592,"[""Chongqing"",""Wuhu"",""Maanshan"",""Shanghai""]","[""water"",""water"",""water""]",0.0
d240-c97_49,0,fixed,feasible-heuristic,1085.8153315288828,651.129,217.1334722801167,400,21,0,0,0.03977799997664988,"[""Chongqing"",""Nantong"",""Shanghai""]","[""water"",""water""]",24.510518193865206
d240-c97_49,0,adaptive,feasible-heuristic,1085.8153315288828,651.129,217.1334722801167,400,26,0,0,0.041872083966154605,"[""Chongqing"",""Nantong"",""Shanghai""]","[""water"",""water""]",24.510518193865206
d240-c97_49,0,catastrophe,feasible-heuristic,1085.8153315288828,651.129,217.1334722801167,400,56,0,2,0.04659733304288238,"[""Chongqing"",""Nantong"",""Shanghai""]","[""water"",""water""]",24.510518193865206
d240-c97_49,0,combined,feasible-heuristic,1085.8153315288828,651.129,217.1334722801167,400,64,0,2,0.04853212501620874,"[""Chongqing"",""Nantong"",""Shanghai""]","[""water"",""water""]",24.510518193865206
d240-c97_49,0,hybrid-seeded,feasible-heuristic,872.0671532651146,522.951,174.38966235931636,400,64,65,2,0.05847012501908466,"[""Chongqing"",""Wuhu"",""Maanshan"",""Shanghai""]","[""water"",""water"",""water""]",0.0
d240-c97_49,1,fixed,feasible-heuristic,1774.9828362844614,511.6125,177.0322126669917,400,26,0,0,0.04656770796282217,"[""Chongqing"",""Jiangyin"",""Zhangjiagang"",""Nantong"",""Shanghai""]","[""water"",""rail"",""rail"",""rail""]",103.53740301291383
d240-c97_49,1,adaptive,feasible-heuristic,919.7385100660191,551.538,183.9226344310129,400,31,0,0,0.04809429100714624,"[""Chongqing"",""Wuhu"",""Jiangyin"",""Shanghai""]","[""water"",""water"",""water""]",5.466477738832132
d240-c97_49,1,catastrophe,feasible-heuristic,929.4338704900042,557.3520000000001,185.8614422676115,400,47,0,1,0.05386645899852738,"[""Chongqing"",""Anqing"",""Shanghai""]","[""water"",""water""]",6.578245380542347
d240-c97_49,1,combined,feasible-heuristic,919.7385100660191,551.538,183.9226344310129,400,52,0,1,0.0557246669777669,"[""Chongqing"",""Wuhu"",""Jiangyin"",""Shanghai""]","[""water"",""water"",""water""]",5.466477738832132
d240-c97_49,1,hybrid-seeded,feasible-heuristic,872.0671532651146,522.951,174.38966235931636,400,59,65,2,0.06115879100980237,"[""Chongqing"",""Wuhu"",""Maanshan"",""Shanghai""]","[""water"",""water"",""water""]",0.0
d240-c97_49,2,fixed,feasible-heuristic,1508.377362074759,690.2985,232.58762144113228,400,36,0,0,0.04739545797929168,"[""Chongqing"",""Zhenjiang"",""Gaogang"",""Jiangyin"",""Shanghai""]","[""water"",""rail"",""water"",""water""]",72.96573508441749
d240-c97_49,2,adaptive,feasible-heuristic,1189.4926532144686,713.3009999999999,237.86611087953312,400,38,0,0,0.04565670795273036,"[""Chongqing"",""Zhenjiang"",""Nantong"",""Shanghai""]","[""water"",""water"",""water""]",36.39920374949088
d240-c97_49,2,catastrophe,feasible-heuristic,1189.1424595975031,713.091,237.7960817007086,400,81,0,2,0.051213083032052964,"[""Chongqing"",""Zhenjiang"",""Shanghai""]","[""water"",""water""]",36.3590470235261
d240-c97_49,2,combined,feasible-heuristic,1053.3373749383202,631.6530000000001,210.63876615256356,400,71,0,1,0.05082770902663469,"[""Chongqing"",""Wuxue"",""Shanghai""]","[""water"",""water""]",20.78626869439011
d240-c97_49,2,hybrid-seeded,feasible-heuristic,872.0671532651146,522.951,174.38966235931636,400,67,65,2,0.06262958300067112,"[""Chongqing"",""Wuhu"",""Maanshan"",""Shanghai""]","[""water"",""water"",""water""]",0.0
d240-c97_49,3,fixed,feasible-heuristic,1055.433533874156,632.9100000000001,211.05794080867028,400,17,0,0,0.046892167010810226,"[""Chongqing"",""Nanjing"",""Zhangjiagang"",""Shanghai""]","[""water"",""water"",""water""]",21.026635382664914
d240-c97_49,3,adaptive,feasible-heuristic,1051.4963570662735,630.549,210.27061275531472,400,36,0,0,0.052928749995771796,"[""Chongqing"",""Wuhu"",""Gaogang"",""Zhangjiagang"",""Shanghai""]","[""water"",""water"",""water"",""water""]",20.575159049318216
d240-c97_49,3,catastrophe,feasible-heuristic,1055.433533874156,632.9100000000001,211.05794080867028,400,54,0,2,0.053749208978842944,"[""Chongqing"",""Nanjing"",""Zhangjiagang"",""Shanghai""]","[""water"",""water"",""water""]",21.026635382664914
d240-c97_49,3,combined,feasible-heuristic,1051.4963570662735,630.549,210.27061275531472,400,87,0,2,0.05860358400968835,"[""Chongqing"",""Wuhu"",""Gaogang"",""Zhangjiagang"",""Shanghai""]","[""water"",""water"",""water"",""water""]",20.575159049318216
d240-c97_49,3,hybrid-seeded,feasible-heuristic,872.0671532651146,522.951,174.38966235931636,400,70,65,2,0.06363545899512246,"[""Chongqing"",""Wuhu"",""Maanshan"",""Shanghai""]","[""water"",""water"",""water""]",0.0
d240-c97_49,4,fixed,feasible-heuristic,2426.781128505623,796.91175,235.2092414104635,400,31,0,0,0.044457915995735675,"[""Chongqing"",""Zhangjiagang"",""Nantong"",""Shanghai""]","[""water"",""road"",""rail""]",178.27915767948488
d240-c97_49,4,adaptive,feasible-heuristic,1669.313997870218,681.5805000000001,230.97494450346812,400,29,0,0,0.04446358303539455,"[""Chongqing"",""Zhangjiagang"",""Shanghai""]","[""water"",""rail""]",91.42035009805427
d240-c97_49,4,catastrophe,feasible-heuristic,1366.073119995257,607.24695,204.9257274020455,400,68,0,2,0.04899079096503556,"[""Chongqing"",""Nantong"",""Shanghai""]","[""water"",""rail""]",56.64769793020299
d240-c97_49,4,combined,feasible-heuristic,1366.073119995257,607.24695,204.9257274020455,400,57,0,1,0.04762262501753867,"[""Chongqing"",""Nantong"",""Shanghai""]","[""water"",""rail""]",56.64769793020299
d240-c97_49,4,hybrid-seeded,feasible-heuristic,872.0671532651146,522.951,174.38966235931636,400,76,65,2,0.06653054099297151,"[""Chongqing"",""Wuhu"",""Maanshan"",""Shanghai""]","[""water"",""water"",""water""]",0.0
d240-c97_49,5,fixed,feasible-heuristic,1461.6259497672454,664.5469500000002,224.0336890527333,400,31,0,0,0.05600620899349451,"[""Chongqing"",""Maanshan"",""Nanjing"",""Zhenjiang"",""Nantong"",""Shanghai""]","[""water"",""water"",""water"",""water"",""rail""]",67.60474744344612
d240-c97_49,5,adaptive,feasible-heuristic,1018.388051965173,610.695,203.64985410587744,400,41,0,0,0.05397562502184883,"[""Chongqing"",""Wuhu"",""Zhenjiang"",""Nantong"",""Shanghai""]","[""water"",""water"",""water"",""water""]",16.77862744310652
d240-c97_49,5,catastrophe,feasible-heuristic,1055.433533874156,632.9100000000001,211.05794080867028,400,72,0,2,0.056407166994176805,"[""Chongqing"",""Nanjing"",""Zhangjiagang"",""Shanghai""]","[""water"",""water"",""water""]",21.026635382664914
d240-c97_49,5,combined,feasible-heuristic,1018.388051965173,610.695,203.64985410587744,400,59,0,1,0.05582937499275431,"[""Chongqing"",""Wuhu"",""Zhenjiang"",""Nantong"",""Shanghai""]","[""water"",""water"",""water"",""water""]",16.77862744310652
d240-c97_49,5,hybrid-seeded,feasible-heuristic,872.0671532651146,522.951,174.38966235931636,400,82,65,2,0.0636429579462856,"[""Chongqing"",""Wuhu"",""Maanshan"",""Shanghai""]","[""water"",""water"",""water""]",0.0
d240-c97_49,6,fixed,feasible-heuristic,1633.6787061558712,494.6151,170.56951841109023,400,25,0,0,0.06342100002802908,"[""Chongqing"",""Yichang"",""Shashi"",""Zhangjiagang"",""Shanghai""]","[""rail"",""rail"",""water"",""water""]",87.33404876438699
d240-c97_49,6,adaptive,feasible-heuristic,1603.9863561364211,619.1589000000001,210.37145897971047,400,35,0,0,0.05158074997598305,"[""Chongqing"",""Maanshan"",""Zhenjiang"",""Jiangyin"",""Shanghai""]","[""water"",""water"",""rail"",""water""]",83.92922496059177
d240-c97_49,6,catastrophe,feasible-heuristic,927.0825704903793,555.942,185.39124635264693,400,63,0,2,0.058527791989035904,"[""Chongqing"",""Honghu"",""Shanghai""]","[""water"",""water""]",6.30862164906465
d240-c97_49,6,combined,feasible-heuristic,1603.9863561364211,619.1589000000001,210.37145897971047,400,69,0,2,0.05793700000504032,"[""Chongqing"",""Maanshan"",""Zhenjiang"",""Jiangyin"",""Shanghai""]","[""water"",""water"",""rail"",""water""]",83.92922496059177
d240-c97_49,6,hybrid-seeded,feasible-heuristic,872.0671532651146,522.951,174.38966235931636,400,77,65,2,0.06079591700108722,"[""Chongqing"",""Wuhu"",""Maanshan"",""Shanghai""]","[""water"",""water"",""water""]",0.0
d240-c97_49,7,fixed,feasible-heuristic,1085.8153315288828,651.129,217.1334722801167,400,18,0,0,0.03957783302757889,"[""Chongqing"",""Nantong"",""Shanghai""]","[""water"",""water""]",24.510518193865206
d240-c97_49,7,adaptive,feasible-heuristic,1085.8153315288828,651.129,217.1334722801167,400,22,0,0,0.0411396250128746,"[""Chongqing"",""Nantong"",""Shanghai""]","[""water"",""water""]",24.510518193865206
d240-c97_49,7,catastrophe,feasible-heuristic,1085.8153315288828,651.129,217.1334722801167,400,56,0,2,0.04641658300533891,"[""Chongqing"",""Nantong"",""Shanghai""]","[""water"",""water""]",24.510518193865206
d240-c97_49,7,combined,feasible-heuristic,971.0919026110171,582.3330000000001,194.19191329720718,400,59,0,2,0.04797533300006762,"[""Chongqing"",""Jiangyin"",""Shanghai""]","[""water"",""water""]",11.355174767808073
d240-c97_49,7,hybrid-seeded,feasible-heuristic,872.0671532651146,522.951,174.38966235931636,400,61,65,2,0.05886604200350121,"[""Chongqing"",""Wuhu"",""Maanshan"",""Shanghai""]","[""water"",""water"",""water""]",0.0
d240-c97_49,8,fixed,feasible-heuristic,1688.8808928260307,700.1871,237.0388304825991,400,27,0,0,0.05027162499027327,"[""Chongqing"",""Huangshi"",""Jiangyin"",""Nantong"",""Shanghai""]","[""water"",""water"",""rail"",""water""]",93.66408727844826
d240-c97_49,8,adaptive,feasible-heuristic,2139.483639047097,575.66775,200.1450663529019,400,39,0,0,0.06877741700736806,"[""Chongqing"",""Zhicheng"",""Shashi"",""Nanjing"",""Jiangyin"",""Nantong"",""Shanghai""]","[""water"",""water"",""water"",""rail"",""rail"",""water""]",145.33473494978418
d240-c97_49,8,catastrophe,feasible-heuristic,929.4338704900042,557.3520000000001,185.8614422676115,400,68,0,2,0.05335295799886808,"[""Chongqing"",""Anqing"",""Shanghai""]","[""water"",""water""]",6.578245380542347
d240-c97_49,8,combined,feasible-heuristic,1127.298266841413,676.005,225.42892872030015,400,84,0,2,0.06778212497010827,"[""Chongqing"",""Zhicheng"",""Shashi"",""Nanjing"",""Shanghai""]","[""water"",""water"",""water"",""water""]",29.26736921814852
d240-c97_49,8,hybrid-seeded,feasible-heuristic,872.0671532651146,522.951,174.38966235931636,400,75,65,2,0.06111658300505951,"[""Chongqing"",""Wuhu"",""Maanshan"",""Shanghai""]","[""water"",""water"",""water""]",0.0
d240-c97_49,9,fixed,feasible-heuristic,1363.5217093573663,605.71695,204.41551481346696,400,42,0,0,0.05845333298202604,"[""Chongqing"",""Honghu"",""Wuxue"",""Nantong"",""Shanghai""]","[""water"",""water"",""water"",""rail""]",56.35512749817397
d240-c97_49,9,adaptive,feasible-heuristic,2325.515479501781,531.7309500000001,187.31722432793816,400,42,0,0,0.06463099998654798,"[""Chongqing"",""Honghu"",""Jiujiang"",""Nanjing"",""Zhenjiang"",""Shanghai""]","[""water"",""water"",""rail"",""rail"",""water""]",166.66701879491703
d240-c97_49,9,catastrophe,feasible-heuristic,990.59768707599,594.0300000000001,198.0925385577324,400,85,0,2,0.05651841597864404,"[""Chongqing"",""Nanjing"",""Shanghai""]","[""water"",""water""]",13.591904404045518
d240-c97_49,9,combined,feasible-heuristic,1053.3373749383202,631.6530000000001,210.63876615256356,400,83,0,2,0.06098991702310741,"[""Chongqing"",""Wuxue"",""Shanghai""]","[""water"",""water""]",20.78626869439011
d240-c97_49,9,hybrid-seeded,feasible-heuristic,872.0671532651146,522.951,174.38966235931636,400,73,65,2,0.061542624956928194,"[""Chongqing"",""Wuhu"",""Maanshan"",""Shanghai""]","[""water"",""water"",""water""]",0.0
d240-c97_49,10,fixed,feasible-heuristic,1136.0831238612882,681.2730000000001,227.18566069195498,400,26,0,0,0.059467041050083935,"[""Chongqing"",""Hankou"",""Huangshi"",""Zhenjiang"",""Shanghai""]","[""water"",""water"",""water"",""water""]",30.274729372350407
d240-c97_49,10,adaptive,feasible-heuristic,1192.0090444906627,714.8100000000001,238.36932055022928,400,34,0,0,0.0629772919928655,"[""Chongqing"",""Hankou"",""Huangshi"",""Wuxue"",""Shanghai""]","[""water"",""water"",""water"",""water""]",36.68775850892341
d240-c97_49,10,catastrophe,feasible-heuristic,1053.3373749383202,631.6530000000001,210.63876615256356,400,71,0,2,0.0619819579878822,"[""Chongqing"",""Wuxue"",""Shanghai""]","[""water"",""water""]",20.78626869439011
d240-c97_49,10,combined,feasible-heuristic,1085.8153315288828,651.129,217.1334722801167,400,65,0,2,0.055291625030804425,"[""Chongqing"",""Nantong"",""Shanghai""]","[""water"",""water""]",24.510518193865206
d240-c97_49,10,hybrid-seeded,feasible-heuristic,872.0671532651146,522.951,174.38966235931636,400,69,65,2,0.05974187498213723,"[""Chongqing"",""Wuhu"",""Maanshan"",""Shanghai""]","[""water"",""water"",""water""]",0.0
d240-c97_49,11,fixed,feasible-heuristic,1022.6704196240643,613.263,204.5062109212172,400,23,0,0,0.051030415983404964,"[""Chongqing"",""Huangshi"",""Maanshan"",""Shanghai""]","[""water"",""water"",""water""]",17.269686834904242
d240-c97_49,11,adaptive,feasible-heuristic,1120.3344166297584,671.8290000000001,224.03634847853272,400,28,0,0,0.04689604201121256,"[""Chongqing"",""Chizhou"",""Shanghai""]","[""water"",""water""]",28.468824038963515
d240-c97_49,11,catastrophe,feasible-heuristic,1022.6704196240643,613.263,204.5062109212172,400,61,0,2,0.055501208000350744,"[""Chongqing"",""Huangshi"",""Maanshan"",""Shanghai""]","[""water"",""water"",""water""]",17.269686834904242
d240-c97_49,11,combined,feasible-heuristic,1085.8153315288828,651.129,217.1334722801167,400,70,0,2,0.05214066698681563,"[""Chongqing"",""Nantong"",""Shanghai""]","[""water"",""water""]",24.510518193865206
d240-c97_49,11,hybrid-seeded,feasible-heuristic,872.0671532651146,522.951,174.38966235931636,400,69,65,2,0.059981875005178154,"[""Chongqing"",""Wuhu"",""Maanshan"",""Shanghai""]","[""water"",""water"",""water""]",0.0
d240-c97_49,12,fixed,feasible-heuristic,1010.0184245196999,605.676,201.97615673197166,400,25,0,0,0.043634041969198734,"[""Chongqing"",""Maanshan"",""Shanghai""]","[""water"",""water""]",15.818881692548636
d240-c97_49,12,adaptive,feasible-heuristic,1189.1424595975031,713.091,237.7960817007086,400,31,0,0,0.043462791945785284,"[""Chongqing"",""Zhenjiang"",""Shanghai""]","[""water"",""water""]",36.3590470235261
d240-c97_49,12,catastrophe,feasible-heuristic,996.3858872878325,597.5010000000001,199.25002084201753,400,69,0,2,0.049538582970853895,"[""Chongqing"",""Jiangyin"",""Nantong"",""Shanghai""]","[""water"",""water"",""water""]",14.255637717491698
d240-c97_49,12,combined,feasible-heuristic,1085.8153315288828,651.129,217.1334722801167,400,48,0,1,0.04596145899267867,"[""Chongqing"",""Nantong"",""Shanghai""]","[""water"",""water""]",24.510518193865206
d240-c97_49,12,hybrid-seeded,feasible-heuristic,872.0671532651146,522.951,174.38966235931636,400,70,65,2,0.060096916975453496,"[""Chongqing"",""Wuhu"",""Maanshan"",""Shanghai""]","[""water"",""water"",""water""]",0.0
d240-c97_49,13,fixed,feasible-heuristic,960.501047080792,575.982,192.0740308461859,400,25,0,0,0.058849291992373765,"[""Chongqing"",""Chenglingji"",""Yangluo"",""Shanghai""]","[""water"",""water"",""water""]",10.140720641130807
d240-c97_49,13,adaptive,feasible-heuristic,980.5121109073864,587.982,196.07569820758647,400,35,0,0,0.05487837496912107,"[""Chongqing"",""Shashi"",""Jiangyin"",""Shanghai""]","[""water"",""water"",""water""]",12.435390696260274
d240-c97_49,13,catastrophe,feasible-heuristic,960.501047080792,575.982,192.0740308461859,400,66,0,2,0.06333595799515024,"[""Chongqing"",""Chenglingji"",""Yangluo"",""Shanghai""]","[""water"",""water"",""water""]",10.140720641130807
d240-c97_49,13,combined,feasible-heuristic,971.0919026110171,582.3330000000001,194.19191329720718,400,83,0,2,0.06183883303310722,"[""Chongqing"",""Jiangyin"",""Shanghai""]","[""water"",""water""]",11.355174767808073
d240-c97_49,13,hybrid-seeded,feasible-heuristic,872.0671532651146,522.951,174.38966235931636,400,70,65,2,0.06645558401942253,"[""Chongqing"",""Wuhu"",""Maanshan"",""Shanghai""]","[""water"",""water"",""water""]",0.0
d240-c97_49,14,fixed,feasible-heuristic,1104.7107785471446,662.46,220.9120466861192,400,25,0,0,0.048047375050373375,"[""Chongqing"",""Wuhu"",""Shanghai""]","[""water"",""water""]",26.677260393421175
d240-c97_49,14,adaptive,feasible-heuristic,1104.7107785471446,662.46,220.9120466861192,400,36,0,0,0.04868983296910301,"[""Chongqing"",""Wuhu"",""Shanghai""]","[""water"",""water""]",26.677260393421175
d240-c97_49,14,catastrophe,feasible-heuristic,1104.7107785471446,662.46,220.9120466861192,400,71,0,2,0.05486516701057553,"[""Chongqing"",""Wuhu"",""Shanghai""]","[""water"",""water""]",26.677260393421175
d240-c97_49,14,combined,feasible-heuristic,1104.7107785471446,662.46,220.9120466861192,400,79,0,2,0.05422570800874382,"[""Chongqing"",""Wuhu"",""Shanghai""]","[""water"",""water""]",26.677260393421175
d240-c97_49,14,hybrid-seeded,feasible-heuristic,872.0671532651146,522.951,174.38966235931636,400,84,65,2,0.06717362499330193,"[""Chongqing"",""Wuhu"",""Maanshan"",""Shanghai""]","[""water"",""water"",""water""]",0.0
d240-c97_49,15,fixed,feasible-heuristic,2158.393079953978,431.51295,153.89729935920116,400,29,0,0,0.054791208007372916,"[""Chongqing"",""Jiujiang"",""Nanjing"",""Zhenjiang"",""Nantong"",""Shanghai""]","[""water"",""rail"",""rail"",""water"",""water""]",147.50308182950346
d240-c97_49,15,adaptive,feasible-heuristic,3072.9026523742355,285.7599,113.49504878812026,400,26,0,0,0.04866112500894815,"[""Chongqing"",""Jiujiang"",""Shanghai""]","[""water"",""rail""]",252.36995693152213
d240-c97_49,15,catastrophe,feasible-heuristic,1570.657780900834,620.2194000000001,210.53852452707386,400,68,0,2,0.05822245898889378,"[""Chongqing"",""Zhicheng"",""Shanghai""]","[""rail"",""water""]",80.1074349630209
d240-c97_49,15,combined,feasible-heuristic,1475.661930454307,565.4535000000001,192.2498090303543,400,68,0,2,0.05312808300368488,"[""Chongqing"",""Nanjing"",""Zhangjiagang"",""Shanghai""]","[""water"",""water"",""rail""]",69.2142543070528
d240-c97_49,15,hybrid-seeded,feasible-heuristic,872.0671532651146,522.951,174.38966235931636,400,67,65,2,0.0641510839923285,"[""Chongqing"",""Wuhu"",""Maanshan"",""Shanghai""]","[""water"",""water"",""water""]",0.0
d240-c97_49,16,fixed,feasible-heuristic,1366.073119995257,607.24695,204.9257274020455,400,22,0,0,0.04144158400595188,"[""Chongqing"",""Nantong"",""Shanghai""]","[""water"",""rail""]",56.64769793020299
d240-c97_49,16,adaptive,feasible-heuristic,1366.073119995257,607.24695,204.9257274020455,400,29,0,0,0.04304812505142763,"[""Chongqing"",""Nantong"",""Shanghai""]","[""water"",""rail""]",56.64769793020299
d240-c97_49,16,catastrophe,feasible-heuristic,1075.2895119560942,644.817,215.02859524802003,400,62,0,2,0.05204654100816697,"[""Chongqing"",""Nanjing"",""Gaogang"",""Nantong"",""Shanghai""]","[""water"",""water"",""water"",""water""]",23.30352174486712
d240-c97_49,16,combined,feasible-heuristic,1010.0184245196999,605.676,201.97615673197166,400,67,0,2,0.05216754198772833,"[""Chongqing"",""Maanshan"",""Shanghai""]","[""water"",""water""]",15.818881692548636
d240-c97_49,16,hybrid-seeded,feasible-heuristic,872.0671532651146,522.951,174.38966235931636,400,67,65,2,0.05881562503054738,"[""Chongqing"",""Wuhu"",""Maanshan"",""Shanghai""]","[""water"",""water"",""water""]",0.0
d240-c97_49,17,fixed,feasible-heuristic,2091.9515455213573,539.88225,188.29700813620408,400,24,0,0,0.05035362497437745,"[""Chongqing"",""Chenglingji"",""Nantong"",""Shanghai""]","[""rail"",""water"",""rail""]",139.88422654022256
d240-c97_49,17,adaptive,feasible-heuristic,1811.693757054983,583.7643,200.50475301427525,400,29,0,0,0.05309758399380371,"[""Chongqing"",""Chenglingji"",""Nantong"",""Shanghai""]","[""rail"",""water"",""water""]",107.74704680388476
d240-c97_49,17,catastrophe,feasible-heuristic,1085.8153315288828,651.129,217.1334722801167,400,61,0,2,0.05135870899539441,"[""Chongqing"",""Nantong"",""Shanghai""]","[""water"",""water""]",24.510518193865206
d240-c97_49,17,combined,feasible-heuristic,1085.8153315288828,651.129,217.1334722801167,400,74,0,2,0.05269675003364682,"[""Chongqing"",""Nantong"",""Shanghai""]","[""water"",""water""]",24.510518193865206
d240-c97_49,17,hybrid-seeded,feasible-heuristic,872.0671532651146,522.951,174.38966235931636,400,73,65,2,0.05958979099523276,"[""Chongqing"",""Wuhu"",""Maanshan"",""Shanghai""]","[""water"",""water"",""water""]",0.0
d240-c97_49,18,fixed,feasible-heuristic,968.6055279305626,580.842,193.69470612755313,400,26,0,0,0.04446666699368507,"[""Chongqing"",""Wuhu"",""Nantong"",""Shanghai""]","[""water"",""water"",""water""]",11.070062013458237
d240-c97_49,18,adaptive,feasible-heuristic,945.0324947428345,566.706,188.98074197582324,400,36,0,0,0.04799283394822851,"[""Chongqing"",""Wuhu"",""Jiangyin"",""Nantong"",""Shanghai""]","[""water"",""water"",""water"",""water""]",8.366940688515756
d240-c97_49,18,catastrophe,feasible-heuristic,968.6055279305626,580.842,193.69470612755313,400,58,0,2,0.05154583399416879,"[""Chongqing"",""Wuhu"",""Nantong"",""Shanghai""]","[""water"",""water"",""water""]",11.070062013458237
d240-c97_49,18,combined,feasible-heuristic,945.0324947428345,566.706,188.98074197582324,400,62,0,1,0.05124787497334182,"[""Chongqing"",""Wuhu"",""Jiangyin"",""Nantong"",""Shanghai""]","[""water"",""water"",""water"",""water""]",8.366940688515756
d240-c97_49,18,hybrid-seeded,feasible-heuristic,872.0671532651146,522.951,174.38966235931636,400,80,65,2,0.06127729202853516,"[""Chongqing"",""Wuhu"",""Maanshan"",""Shanghai""]","[""water"",""water"",""water""]",0.0
d240-c97_49,19,fixed,feasible-heuristic,929.4338704900042,557.3520000000001,185.8614422676115,400,22,0,0,0.04626949998782948,"[""Chongqing"",""Anqing"",""Shanghai""]","[""water"",""water""]",6.578245380542347
d240-c97_49,19,adaptive,feasible-heuristic,929.4338704900042,557.3520000000001,185.8614422676115,400,35,0,0,0.04762366699287668,"[""Chongqing"",""Anqing"",""Shanghai""]","[""water"",""water""]",6.578245380542347
d240-c97_49,19,catastrophe,feasible-heuristic,929.4338704900042,557.3520000000001,185.8614422676115,400,66,0,2,0.0517655000439845,"[""Chongqing"",""Anqing"",""Shanghai""]","[""water"",""water""]",6.578245380542347
d240-c97_49,19,combined,feasible-heuristic,929.4338704900042,557.3520000000001,185.8614422676115,400,74,0,2,0.05277258297428489,"[""Chongqing"",""Anqing"",""Shanghai""]","[""water"",""water""]",6.578245380542347
d240-c97_49,19,hybrid-seeded,feasible-heuristic,872.0671532651146,522.951,174.38966235931636,400,65,65,2,0.06011887500062585,"[""Chongqing"",""Wuhu"",""Maanshan"",""Shanghai""]","[""water"",""water"",""water""]",0.0
d240-c97_49,20,fixed,feasible-heuristic,990.59768707599,594.0300000000001,198.0925385577324,400,23,0,0,0.04464008304057643,"[""Chongqing"",""Nanjing"",""Shanghai""]","[""water"",""water""]",13.591904404045518
d240-c97_49,20,adaptive,feasible-heuristic,990.59768707599,594.0300000000001,198.0925385577324,400,33,0,0,0.04557687503984198,"[""Chongqing"",""Nanjing"",""Shanghai""]","[""water"",""water""]",13.591904404045518
d240-c97_49,20,catastrophe,feasible-heuristic,990.59768707599,594.0300000000001,198.0925385577324,400,63,0,2,0.05102079198695719,"[""Chongqing"",""Nanjing"",""Shanghai""]","[""water"",""water""]",13.591904404045518
d240-c97_49,20,combined,feasible-heuristic,979.721673886236,587.508,195.91763234681116,400,66,0,2,0.05436574999475852,"[""Chongqing"",""Yangluo"",""Shanghai""]","[""water"",""water""]",12.34475122908265
d240-c97_49,20,hybrid-seeded,feasible-heuristic,872.0671532651146,522.951,174.38966235931636,400,62,65,2,0.06249954196391627,"[""Chongqing"",""Wuhu"",""Maanshan"",""Shanghai""]","[""water"",""water"",""water""]",0.0
d240-c97_49,21,fixed,feasible-heuristic,2185.9533275025833,433.3737,154.7501184735802,400,28,0,0,0.04724037501728162,"[""Chongqing"",""Wuhu"",""Nanjing"",""Jiangyin"",""Nantong"",""Shanghai""]","[""water"",""water"",""rail"",""rail"",""rail""]",150.66341729741058
d240-c97_49,21,adaptive,feasible-heuristic,1809.0642052675266,503.14814999999993,174.48830652774873,400,41,0,0,0.04977012501331046,"[""Chongqing"",""Wuhu"",""Gaogang"",""Nantong"",""Shanghai""]","[""water"",""rail"",""water"",""water""]",107.44551592090046
d240-c97_49,21,catastrophe,feasible-heuristic,990.59768707599,594.0300000000001,198.0925385577324,400,73,0,2,0.05098558304598555,"[""Chongqing"",""Nanjing"",""Shanghai""]","[""water"",""water""]",13.591904404045518
d240-c97_49,21,combined,feasible-heuristic,1115.982010247474,669.219,223.16598582742813,400,50,0,1,0.05234454199671745,"[""Chongqing"",""Zhicheng"",""Shanghai""]","[""water"",""water""]",27.96973330197283
d240-c97_49,21,hybrid-seeded,feasible-heuristic,872.0671532651146,522.951,174.38966235931636,400,78,65,2,0.0610977920005098,"[""Chongqing"",""Wuhu"",""Maanshan"",""Shanghai""]","[""water"",""water"",""water""]",0.0
d240-c97_49,22,fixed,feasible-heuristic,1085.8153315288828,651.129,217.1334722801167,400,22,0,0,0.04066433402476832,"[""Chongqing"",""Nantong"",""Shanghai""]","[""water"",""water""]",24.510518193865206
d240-c97_49,22,adaptive,feasible-heuristic,1085.8153315288828,651.129,217.1334722801167,400,28,0,0,0.042148291948251426,"[""Chongqing"",""Nantong"",""Shanghai""]","[""water"",""water""]",24.510518193865206
d240-c97_49,22,catastrophe,feasible-heuristic,1085.8153315288828,651.129,217.1334722801167,400,65,0,2,0.0482334999833256,"[""Chongqing"",""Nantong"",""Shanghai""]","[""water"",""water""]",24.510518193865206
d240-c97_49,22,combined,feasible-heuristic,990.59768707599,594.0300000000001,198.0925385577324,400,65,0,2,0.05324166698846966,"[""Chongqing"",""Nanjing"",""Shanghai""]","[""water"",""water""]",13.591904404045518
d240-c97_49,22,hybrid-seeded,feasible-heuristic,872.0671532651146,522.951,174.38966235931636,400,68,65,2,0.06456604198319837,"[""Chongqing"",""Wuhu"",""Maanshan"",""Shanghai""]","[""water"",""water"",""water""]",0.0
d240-c97_49,23,fixed,feasible-heuristic,1437.3805710226059,635.484,214.45207346203833,400,29,0,0,0.05574116704519838,"[""Chongqing"",""Huangshi"",""Wuxue"",""Shanghai""]","[""water"",""rail"",""water""]",64.82452820759228
d240-c97_49,23,adaptive,feasible-heuristic,1437.3805710226059,635.484,214.45207346203833,400,34,0,0,0.05724595801439136,"[""Chongqing"",""Huangshi"",""Wuxue"",""Shanghai""]","[""water"",""rail"",""water""]",64.82452820759228
d240-c97_49,23,catastrophe,feasible-heuristic,1437.3805710226059,635.484,214.45207346203833,400,54,0,1,0.06021191703621298,"[""Chongqing"",""Huangshi"",""Wuxue"",""Shanghai""]","[""water"",""rail"",""water""]",64.82452820759228
d240-c97_49,23,combined,feasible-heuristic,1053.3373749383202,631.6530000000001,210.63876615256356,400,57,0,1,0.056455915968399495,"[""Chongqing"",""Wuxue"",""Shanghai""]","[""water"",""water""]",20.78626869439011
d240-c97_49,23,hybrid-seeded,feasible-heuristic,872.0671532651146,522.951,174.38966235931636,400,77,65,2,0.06142370804445818,"[""Chongqing"",""Wuhu"",""Maanshan"",""Shanghai""]","[""water"",""water"",""water""]",0.0
d240-c97_49,24,fixed,feasible-heuristic,1152.0969776885202,690.8760000000001,230.3879949979158,400,21,0,0,0.04623124998761341,"[""Chongqing"",""Maanshan"",""Gaogang"",""Shanghai""]","[""water"",""water"",""water""]",32.11103908396771
d240-c97_49,24,adaptive,feasible-heuristic,929.4338704900042,557.3520000000001,185.8614422676115,400,27,0,0,0.05033929203636944,"[""Chongqing"",""Anqing"",""Shanghai""]","[""water"",""water""]",6.578245380542347
d240-c97_49,24,catastrophe,feasible-heuristic,1010.0184245196999,605.676,201.97615673197166,400,68,0,2,0.05249783402541652,"[""Chongqing"",""Maanshan"",""Shanghai""]","[""water"",""water""]",15.818881692548636
d240-c97_49,24,combined,feasible-heuristic,1152.0969776885202,690.8760000000001,230.3879949979158,400,74,0,2,0.056807832967024297,"[""Chongqing"",""Maanshan"",""Gaogang"",""Shanghai""]","[""water"",""water"",""water""]",32.11103908396771
d240-c97_49,24,hybrid-seeded,feasible-heuristic,872.0671532651146,522.951,174.38966235931636,400,79,65,2,0.0637119589955546,"[""Chongqing"",""Wuhu"",""Maanshan"",""Shanghai""]","[""water"",""water"",""water""]",0.0
d240-c97_49,25,fixed,feasible-heuristic,1197.3419930004502,718.008,239.43576490204254,400,21,0,0,0.04541570896981284,"[""Chongqing"",""Maanshan"",""Nantong"",""Shanghai""]","[""water"",""water"",""water""]",37.2992880786154
d240-c97_49,25,adaptive,feasible-heuristic,1197.3419930004502,718.008,239.43576490204254,400,27,0,0,0.046427334018517286,"[""Chongqing"",""Maanshan"",""Nantong"",""Shanghai""]","[""water"",""water"",""water""]",37.2992880786154
d240-c97_49,25,catastrophe,feasible-heuristic,1197.3419930004502,718.008,239.43576490204254,400,60,0,2,0.05053204100113362,"[""Chongqing"",""Maanshan"",""Nantong"",""Shanghai""]","[""water"",""water"",""water""]",37.2992880786154
d240-c97_49,25,combined,feasible-heuristic,1197.3419930004502,718.008,239.43576490204254,400,67,0,2,0.05150945798959583,"[""Chongqing"",""Maanshan"",""Nantong"",""Shanghai""]","[""water"",""water"",""water""]",37.2992880786154
d240-c97_49,25,hybrid-seeded,feasible-heuristic,872.0671532651146,522.951,174.38966235931636,400,81,65,2,0.06041629100218415,"[""Chongqing"",""Wuhu"",""Maanshan"",""Shanghai""]","[""water"",""water"",""water""]",0.0
d240-c97_49,26,fixed,feasible-heuristic,1085.8153315288828,651.129,217.1334722801167,400,19,0,0,0.03948812501039356,"[""Chongqing"",""Nantong"",""Shanghai""]","[""water"",""water""]",24.510518193865206
d240-c97_49,26,adaptive,feasible-heuristic,1085.8153315288828,651.129,217.1334722801167,400,30,0,0,0.04158579197246581,"[""Chongqing"",""Nantong"",""Shanghai""]","[""water"",""water""]",24.510518193865206
d240-c97_49,26,catastrophe,feasible-heuristic,971.0919026110171,582.3330000000001,194.19191329720718,400,58,0,2,0.048995374992955476,"[""Chongqing"",""Jiangyin"",""Shanghai""]","[""water"",""water""]",11.355174767808073
d240-c97_49,26,combined,feasible-heuristic,1077.5707732323258,646.1850000000001,215.48478532721967,400,70,0,2,0.05467987497104332,"[""Chongqing"",""Wuxue"",""Nantong"",""Shanghai""]","[""water"",""water"",""water""]",23.565114131151855
d240-c97_49,26,hybrid-seeded,feasible-heuristic,872.0671532651146,522.951,174.38966235931636,400,62,65,2,0.06321304204175249,"[""Chongqing"",""Wuhu"",""Maanshan"",""Shanghai""]","[""water"",""water"",""water""]",0.0
d240-c97_49,27,fixed,feasible-heuristic,1010.0184245196999,605.676,201.97615673197166,400,23,0,0,0.046306958014611155,"[""Chongqing"",""Maanshan"",""Shanghai""]","[""water"",""water""]",15.818881692548636
d240-c97_49,27,adaptive,feasible-heuristic,1010.0184245196999,605.676,201.97615673197166,400,28,0,0,0.04912533302558586,"[""Chongqing"",""Maanshan"",""Shanghai""]","[""water"",""water""]",15.818881692548636
d240-c97_49,27,catastrophe,feasible-heuristic,1010.0184245196999,605.676,201.97615673197166,400,68,0,2,0.05387416703160852,"[""Chongqing"",""Maanshan"",""Shanghai""]","[""water"",""water""]",15.818881692548636
d240-c97_49,27,combined,feasible-heuristic,1010.0184245196999,605.676,201.97615673197166,400,72,0,2,0.05425841698888689,"[""Chongqing"",""Maanshan"",""Shanghai""]","[""water"",""water""]",15.818881692548636
d240-c97_49,27,hybrid-seeded,feasible-heuristic,872.0671532651146,522.951,174.38966235931636,400,65,65,2,0.06236737500876188,"[""Chongqing"",""Wuhu"",""Maanshan"",""Shanghai""]","[""water"",""water"",""water""]",0.0
d240-c97_49,28,fixed,feasible-heuristic,1055.433533874156,632.9100000000001,211.05794080867028,400,34,0,0,0.046782332996372133,"[""Chongqing"",""Nanjing"",""Zhangjiagang"",""Shanghai""]","[""water"",""water"",""water""]",21.026635382664914
d240-c97_49,28,adaptive,feasible-heuristic,1621.4445679319845,636.5382,216.08592128331986,400,37,0,0,0.0540434590075165,"[""Chongqing"",""Anqing"",""Gaogang"",""Zhangjiagang"",""Shanghai""]","[""water"",""water"",""rail"",""water""]",85.9311592990424
d240-c97_49,28,catastrophe,feasible-heuristic,1055.433533874156,632.9100000000001,211.05794080867028,400,77,0,2,0.055683040991425514,"[""Chongqing"",""Nanjing"",""Zhangjiagang"",""Shanghai""]","[""water"",""water"",""water""]",21.026635382664914
d240-c97_49,28,combined,feasible-heuristic,1120.3344166297584,671.8290000000001,224.03634847853272,400,83,0,2,0.05843849998200312,"[""Chongqing"",""Chizhou"",""Shanghai""]","[""water"",""water""]",28.468824038963515
d240-c97_49,28,hybrid-seeded,feasible-heuristic,872.0671532651146,522.951,174.38966235931636,400,53,65,2,0.06221966596785933,"[""Chongqing"",""Wuhu"",""Maanshan"",""Shanghai""]","[""water"",""water"",""water""]",0.0
d240-c97_49,29,fixed,feasible-heuristic,1085.8153315288828,651.129,217.1334722801167,400,19,0,0,0.04003958299290389,"[""Chongqing"",""Nantong"",""Shanghai""]","[""water"",""water""]",24.510518193865206
d240-c97_49,29,adaptive,feasible-heuristic,1366.073119995257,607.24695,204.9257274020455,400,30,0,0,0.041715624975040555,"[""Chongqing"",""Nantong"",""Shanghai""]","[""water"",""rail""]",56.64769793020299
d240-c97_49,29,catastrophe,feasible-heuristic,1085.8153315288828,651.129,217.1334722801167,400,66,0,2,0.047315499978139997,"[""Chongqing"",""Nantong"",""Shanghai""]","[""water"",""water""]",24.510518193865206
d240-c97_49,29,combined,feasible-heuristic,1085.8153315288828,651.129,217.1334722801167,400,48,0,1,0.04581974999746308,"[""Chongqing"",""Nantong"",""Shanghai""]","[""water"",""water""]",24.510518193865206
d240-c97_49,29,hybrid-seeded,feasible-heuristic,872.0671532651146,522.951,174.38966235931636,400,63,65,2,0.06027362501481548,"[""Chongqing"",""Wuhu"",""Maanshan"",""Shanghai""]","[""water"",""water"",""water""]",0.0
d240-c5000,0,fixed,feasible-heuristic,4277.981765318883,651.129,217.1334722801167,400,18,0,0,0.03945470799226314,"[""Chongqing"",""Nantong"",""Shanghai""]","[""water"",""water""]",24.510518193865206
d240-c5000,0,adaptive,feasible-heuristic,4277.981765318883,651.129,217.1334722801167,400,25,0,0,0.041455250000581145,"[""Chongqing"",""Nantong"",""Shanghai""]","[""water"",""water""]",24.510518193865206
d240-c5000,0,catastrophe,feasible-heuristic,4277.981765318883,651.129,217.1334722801167,400,51,0,2,0.04696412500925362,"[""Chongqing"",""Nantong"",""Shanghai""]","[""water"",""water""]",24.510518193865206
d240-c5000,0,combined,feasible-heuristic,3825.9852584410173,582.3330000000001,194.19191329720718,400,64,0,2,0.04993166698841378,"[""Chongqing"",""Jiangyin"",""Shanghai""]","[""water"",""water""]",11.355174767808073
d240-c5000,0,hybrid-seeded,feasible-heuristic,3435.8396602751145,522.951,174.38966235931636,400,60,176,2,0.06881458300631493,"[""Chongqing"",""Wuhu"",""Maanshan"",""Shanghai""]","[""water"",""water"",""water""]",0.0
d240-c5000,1,fixed,feasible-heuristic,5155.827085291657,316.44374999999997,127.1062062128214,400,20,0,0,0.04669066600035876,"[""Chongqing"",""Wuxue"",""Shanghai""]","[""water"",""rail""]",50.06017728076459
d240-c5000,1,adaptive,feasible-heuristic,4174.52782883893,364.8477,134.10845873220399,400,31,0,0,0.046806792030110955,"[""Chongqing"",""Wuhu"",""Zhangjiagang"",""Shanghai""]","[""water"",""rail"",""rail""]",21.49949478447628
d240-c5000,1,catastrophe,feasible-heuristic,4482.508993205478,404.433,147.64599020268832,400,66,0,2,0.05359237501397729,"[""Chongqing"",""Wuxue"",""Zhenjiang"",""Shanghai""]","[""rail"",""water"",""water""]",30.46327641629687
d240-c5000,1,combined,feasible-heuristic,3825.9852584410173,582.3330000000001,194.19191329720718,400,86,0,2,0.0548929589567706,"[""Chongqing"",""Jiangyin"",""Shanghai""]","[""water"",""water""]",11.355174767808073
d240-c5000,1,hybrid-seeded,feasible-heuristic,3435.8396602751145,522.951,174.38966235931636,400,58,176,2,0.07028929202351719,"[""Chongqing"",""Wuhu"",""Maanshan"",""Shanghai""]","[""water"",""water"",""water""]",0.0
d240-c5000,2,fixed,feasible-heuristic,4318.050996727034,511.32585000000006,177.19522754480073,400,38,0,0,0.04959349997807294,"[""Chongqing"",""Nanjing"",""Gaogang"",""Shanghai""]","[""water"",""water"",""rail""]",25.676731852535827
d240-c5000,2,adaptive,feasible-heuristic,4010.7495727386413,610.455,203.56982075864946,400,35,0,0,0.04819183296058327,"[""Chongqing"",""Nanjing"",""Jiangyin"",""Nantong"",""Shanghai""]","[""water"",""water"",""water"",""water""]",16.732734042003948
d240-c5000,2,catastrophe,feasible-heuristic,4277.981765318883,651.129,217.1334722801167,400,79,0,2,0.051669833017513156,"[""Chongqing"",""Nantong"",""Shanghai""]","[""water"",""water""]",24.510518193865206
d240-c5000,2,combined,feasible-heuristic,3902.8357023759904,594.0300000000001,198.0925385577324,400,62,0,1,0.049464792013168335,"[""Chongqing"",""Nanjing"",""Shanghai""]","[""water"",""water""]",13.591904404045518
d240-c5000,2,hybrid-seeded,feasible-heuristic,3435.8396602751145,522.951,174.38966235931636,400,68,176,2,0.06884779199026525,"[""Chongqing"",""Wuhu"",""Maanshan"",""Shanghai""]","[""water"",""water"",""water""]",0.0
d240-c5000,3,fixed,feasible-heuristic,4158.281137974156,632.9100000000001,211.05794080867028,400,18,0,0,0.046510000014677644,"[""Chongqing"",""Nanjing"",""Zhangjiagang"",""Shanghai""]","[""water"",""water"",""water""]",21.026635382664914
d240-c5000,3,adaptive,feasible-heuristic,3902.8357023759904,594.0300000000001,198.0925385577324,400,31,0,0,0.04924850002862513,"[""Chongqing"",""Nanjing"",""Shanghai""]","[""water"",""water""]",13.591904404045518
d240-c5000,3,catastrophe,feasible-heuristic,3798.118020419224,476.39894999999996,163.50504286023195,400,58,0,2,0.05429337499663234,"[""Chongqing"",""Wuhu"",""Jiangyin"",""Shanghai""]","[""water"",""water"",""rail""]",10.544099724231648
d240-c5000,3,combined,feasible-heuristic,4112.743307634372,280.11645000000004,109.33401301200946,400,73,0,2,0.0569482910213992,"[""Chongqing"",""Jiujiang"",""Nantong"",""Shanghai""]","[""water"",""rail"",""rail""]",19.70125833244083
d240-c5000,3,hybrid-seeded,feasible-heuristic,3435.8396602751145,522.951,174.38966235931636,400,64,176,2,0.07215129199903458,"[""Chongqing"",""Wuhu"",""Maanshan"",""Shanghai""]","[""water"",""water"",""water""]",0.0
d240-c5000,4,fixed,feasible-heuristic,4563.2043508367,71.316,52.58280438545874,400,22,0,0,0.04274212499149144,"[""Chongqing"",""Nantong"",""Shanghai""]","[""rail"",""rail""]",32.81191213886026
d240-c5000,4,adaptive,feasible-heuristic,4622.259954847085,72.23895,53.26331506058857,400,27,0,0,0.045210084004793316,"[""Chongqing"",""Zhangjiagang"",""Shanghai""]","[""rail"",""rail""]",34.530723545957656
d240-c5000,4,catastrophe,feasible-heuristic,3825.9852584410173,582.3330000000001,194.19191329720718,400,61,0,2,0.058622708020266145,"[""Chongqing"",""Jiangyin"",""Shanghai""]","[""water"",""water""]",11.355174767808073
d240-c5000,4,combined,feasible-heuristic,3961.1387578157564,602.904,201.0517715714881,400,83,0,2,0.05907437502173707,"[""Chongqing"",""Honghu"",""Gaogang"",""Jiangyin"",""Shanghai""]","[""water"",""water"",""water"",""water""]",15.288812909813721
d240-c5000,4,hybrid-seeded,feasible-heuristic,3435.8396602751145,522.951,174.38966235931636,400,61,176,2,0.07199633296113461,"[""Chongqing"",""Wuhu"",""Maanshan"",""Shanghai""]","[""water"",""water"",""water""]",0.0
d240-c5000,5,fixed,feasible-heuristic,4654.448418090871,708.429,236.2414339308045,400,32,0,0,0.055975333030801266,"[""Chongqing"",""Maanshan"",""Nanjing"",""Zhenjiang"",""Nantong"",""Shanghai""]","[""water"",""water"",""water"",""water"",""water""]",35.46756770710833
d240-c5000,5,adaptive,feasible-heuristic,4522.012189245399,560.6913000000001,192.8105470951423,400,46,0,0,0.05915141699369997,"[""Chongqing"",""Chenglingji"",""Zhenjiang"",""Nantong"",""Shanghai""]","[""rail"",""water"",""water"",""water""]",31.613015634242746
d240-c5000,5,catastrophe,feasible-heuristic,4380.878557892644,512.3077500000002,177.91920330937083,400,69,0,2,0.054840583994518965,"[""Chongqing"",""Nanjing"",""Gaogang"",""Nantong"",""Shanghai""]","[""water"",""water"",""rail"",""rail""]",27.505325948238756
d240-c5000,5,combined,feasible-heuristic,4473.8434197232355,285.7599,113.49504878812026,400,64,0,1,0.20331079099560156,"[""Chongqing"",""Jiujiang"",""Shanghai""]","[""water"",""rail""]",30.211065185882568
d240-c5000,5,hybrid-seeded,feasible-heuristic,3435.8396602751145,522.951,174.38966235931636,400,75,176,2,0.10735925001790747,"[""Chongqing"",""Wuhu"",""Maanshan"",""Shanghai""]","[""water"",""water"",""water""]",0.0
d240-c5000,6,fixed,feasible-heuristic,4058.5341800568713,494.6151,170.56951841109023,400,25,0,0,0.06466999999247491,"[""Chongqing"",""Yichang"",""Shashi"",""Zhangjiagang"",""Shanghai""]","[""rail"",""rail"",""water"",""water""]",18.12350346208811
d240-c5000,6,adaptive,feasible-heuristic,4058.5341800568713,494.6151,170.56951841109023,400,28,0,0,0.06673954200232401,"[""Chongqing"",""Yichang"",""Shashi"",""Zhangjiagang"",""Shanghai""]","[""rail"",""rail"",""water"",""water""]",18.12350346208811
d240-c5000,6,catastrophe,feasible-heuristic,3902.8357023759904,594.0300000000001,198.0925385577324,400,70,0,2,0.05838070798199624,"[""Chongqing"",""Nanjing"",""Shanghai""]","[""water"",""water""]",13.591904404045518
d240-c5000,6,combined,feasible-heuristic,4058.5341800568713,494.6151,170.56951841109023,400,74,0,2,0.0665710829780437,"[""Chongqing"",""Yichang"",""Shashi"",""Zhangjiagang"",""Shanghai""]","[""rail"",""rail"",""water"",""water""]",18.12350346208811
d240-c5000,6,hybrid-seeded,feasible-heuristic,3435.8396602751145,522.951,174.38966235931636,400,61,176,2,0.06623283302178606,"[""Chongqing"",""Wuhu"",""Maanshan"",""Shanghai""]","[""water"",""water"",""water""]",0.0
d240-c5000,7,fixed,feasible-heuristic,4277.981765318883,651.129,217.1334722801167,400,19,0,0,0.03980279201641679,"[""Chongqing"",""Nantong"",""Shanghai""]","[""water"",""water""]",24.510518193865206
d240-c5000,7,adaptive,feasible-heuristic,4277.981765318883,651.129,217.1334722801167,400,25,0,0,0.041799207974690944,"[""Chongqing"",""Nantong"",""Shanghai""]","[""water"",""water""]",24.510518193865206
d240-c5000,7,catastrophe,feasible-heuristic,4169.811048886558,482.50874999999996,167.81426714270972,400,60,0,2,0.05286633298965171,"[""Chongqing"",""Shashi"",""Jiangyin"",""Nantong"",""Shanghai""]","[""rail"",""water"",""water"",""rail""]",21.362213059519576
d240-c5000,7,combined,feasible-heuristic,3723.314326802835,566.706,188.98074197582324,400,62,0,2,0.05149054096546024,"[""Chongqing"",""Wuhu"",""Jiangyin"",""Nantong"",""Shanghai""]","[""water"",""water"",""water"",""water""]",8.366940688515756
d240-c5000,7,hybrid-seeded,feasible-heuristic,3435.8396602751145,522.951,174.38966235931636,400,64,176,2,0.06696762499632314,"[""Chongqing"",""Wuhu"",""Maanshan"",""Shanghai""]","[""water"",""water"",""water""]",0.0
d240-c5000,8,fixed,feasible-heuristic,3980.4942684451853,605.85,202.03418090871196,400,26,0,0,0.05502637499012053,"[""Chongqing"",""Huangshi"",""Anqing"",""Shanghai""]","[""water"",""water"",""water""]",15.852154408348017
d240-c5000,8,adaptive,feasible-heuristic,4164.60814297624,633.873,211.37907461442268,400,37,0,0,0.058752625016495585,"[""Chongqing"",""Zhicheng"",""Zhangjiagang"",""Shanghai""]","[""water"",""water"",""water""]",21.210782654589046
d240-c5000,8,catastrophe,feasible-heuristic,3980.4942684451853,605.85,202.03418090871196,400,67,0,2,0.05996824998874217,"[""Chongqing"",""Huangshi"",""Anqing"",""Shanghai""]","[""water"",""water"",""water""]",15.852154408348017
d240-c5000,8,combined,feasible-heuristic,4158.281137974156,632.9100000000001,211.05794080867028,400,85,0,2,0.05753487499896437,"[""Chongqing"",""Nanjing"",""Zhangjiagang"",""Shanghai""]","[""water"",""water"",""water""]",21.026635382664914
d240-c5000,8,hybrid-seeded,feasible-heuristic,3435.8396602751145,522.951,174.38966235931636,400,81,176,2,0.07055241701891646,"[""Chongqing"",""Wuhu"",""Maanshan"",""Shanghai""]","[""water"",""water"",""water""]",0.0
d240-c5000,9,fixed,feasible-heuristic,4830.292977028321,387.8562,145.33038262239964,400,46,0,0,0.06621737498790026,"[""Chongqing"",""Zhicheng"",""Anqing"",""Chizhou"",""Zhenjiang"",""Shanghai""]","[""rail"",""rail"",""water"",""water"",""water""]",40.58551779571546
d240-c5000,9,adaptive,feasible-heuristic,4895.974140574658,341.2155,132.33409671080975,400,43,0,0,0.06468562502413988,"[""Chongqing"",""Honghu"",""Jiujiang"",""Nanjing"",""Zhenjiang"",""Shanghai""]","[""water"",""rail"",""rail"",""rail"",""water""]",42.49716589459904
d240-c5000,9,catastrophe,feasible-heuristic,4000.4442084142224,507.19395000000003,173.77432172642622,400,82,0,2,0.05929795798147097,"[""Chongqing"",""Jiangyin"",""Shanghai""]","[""water"",""rail""]",16.43279675320759
d240-c5000,9,combined,feasible-heuristic,4059.346654931837,351.5637,129.4823423493199,400,87,0,2,0.06270458304788917,"[""Chongqing"",""Jiujiang"",""Maanshan"",""Shanghai""]","[""rail"",""water"",""water""]",18.147150516528953
d240-c5000,9,hybrid-seeded,feasible-heuristic,3435.8396602751145,522.951,174.38966235931636,400,79,176,2,0.06829608301632106,"[""Chongqing"",""Wuhu"",""Maanshan"",""Shanghai""]","[""water"",""water"",""water""]",0.0
d240-c5000,10,fixed,feasible-heuristic,4476.030819091289,681.2730000000001,227.18566069195498,400,25,0,0,0.059727166953962296,"[""Chongqing"",""Hankou"",""Huangshi"",""Zhenjiang"",""Shanghai""]","[""water"",""water"",""water"",""water""]",30.274729372350407
d240-c5000,10,adaptive,feasible-heuristic,4476.030819091289,681.2730000000001,227.18566069195498,400,39,0,0,0.06249320902861655,"[""Chongqing"",""Hankou"",""Huangshi"",""Zhenjiang"",""Shanghai""]","[""water"",""water"",""water"",""water""]",30.274729372350407
d240-c5000,10,catastrophe,feasible-heuristic,3859.9855189662358,587.508,195.91763234681116,400,70,0,2,0.058655417000409216,"[""Chongqing"",""Yangluo"",""Shanghai""]","[""water"",""water""]",12.34475122908265
d240-c5000,10,combined,feasible-heuristic,4083.2173966946702,356.5104,131.0712311727309,400,88,0,2,0.07704587501939386,"[""Chongqing"",""Yichang"",""Yangluo"",""Shanghai""]","[""rail"",""rail"",""water""]",18.841907668290858
d240-c5000,10,hybrid-seeded,feasible-heuristic,3435.8396602751145,522.951,174.38966235931636,400,81,176,2,0.07145624997792765,"[""Chongqing"",""Wuhu"",""Maanshan"",""Shanghai""]","[""water"",""water"",""water""]",0.0
d240-c5000,11,fixed,feasible-heuristic,4413.9828074197585,671.8290000000001,224.03634847853272,400,21,0,0,0.045547874993644655,"[""Chongqing"",""Chizhou"",""Shanghai""]","[""water"",""water""]",28.468824038963515
d240-c5000,11,adaptive,feasible-heuristic,4413.9828074197585,671.8290000000001,224.03634847853272,400,31,0,0,0.04691270797047764,"[""Chongqing"",""Chizhou"",""Shanghai""]","[""water"",""water""]",28.468824038963515
d240-c5000,11,catastrophe,feasible-heuristic,4413.9828074197585,671.8290000000001,224.03634847853272,400,66,0,2,0.05156837496906519,"[""Chongqing"",""Chizhou"",""Shanghai""]","[""water"",""water""]",28.468824038963515
d240-c5000,11,combined,feasible-heuristic,4315.431327636516,656.8290000000001,219.034264276782,400,83,0,2,0.05531158403027803,"[""Chongqing"",""Nanjing"",""Zhenjiang"",""Gaogang"",""Shanghai""]","[""water"",""water"",""water"",""water""]",25.60048647005171
d240-c5000,11,hybrid-seeded,feasible-heuristic,3435.8396602751145,522.951,174.38966235931636,400,70,176,2,0.07066366699291393,"[""Chongqing"",""Wuhu"",""Maanshan"",""Shanghai""]","[""water"",""water"",""water""]",0.0
d240-c5000,12,fixed,feasible-heuristic,4619.798940404698,446.0205,160.4977842878849,400,30,0,0,0.051519625005312264,"[""Chongqing"",""Huangshi"",""Maanshan"",""Shanghai""]","[""water"",""rail"",""water""]",34.45909580177504
d240-c5000,12,adaptive,feasible-heuristic,3435.8396602751145,522.951,174.38966235931636,400,47,0,0,0.06537958298576996,"[""Chongqing"",""Wuhu"",""Maanshan"",""Shanghai""]","[""water"",""water"",""water""]",0.0
d240-c5000,12,catastrophe,feasible-heuristic,4349.113987338505,228.71894999999998,96.17188385981176,400,70,0,2,0.05618533300003037,"[""Chongqing"",""Shashi"",""Jiangyin"",""Shanghai""]","[""water"",""rail"",""water""]",26.580819169840495
d240-c5000,12,combined,feasible-heuristic,3883.892130724368,535.8877499999999,181.13680627531136,400,62,0,1,0.05708245804999024,"[""Chongqing"",""Wuhu"",""Zhangjiagang"",""Nantong"",""Shanghai""]","[""water"",""water"",""rail"",""water""]",13.040552375874759
d240-c5000,12,hybrid-seeded,feasible-heuristic,3435.8396602751145,522.951,174.38966235931636,400,76,176,2,0.06750179099617526,"[""Chongqing"",""Wuhu"",""Maanshan"",""Shanghai""]","[""water"",""water"",""water""]",0.0
d240-c5000,13,fixed,feasible-heuristic,3863.099745727386,587.982,196.07569820758647,400,21,0,0,0.051843916007783264,"[""Chongqing"",""Shashi"",""Jiangyin"",""Shanghai""]","[""water"",""water"",""water""]",12.435390696260251
d240-c5000,13,adaptive,feasible-heuristic,3863.099745727386,587.982,196.07569820758647,400,40,0,0,0.05406475003110245,"[""Chongqing"",""Shashi"",""Jiangyin"",""Shanghai""]","[""water"",""water"",""water""]",12.435390696260251
d240-c5000,13,catastrophe,feasible-heuristic,3863.099745727386,587.982,196.07569820758647,400,59,0,2,0.05637708300491795,"[""Chongqing"",""Shashi"",""Jiangyin"",""Shanghai""]","[""water"",""water"",""water""]",12.435390696260251
d240-c5000,13,combined,feasible-heuristic,3863.099745727386,587.982,196.07569820758647,400,73,0,2,0.05845437501557171,"[""Chongqing"",""Shashi"",""Jiangyin"",""Shanghai""]","[""water"",""water"",""water""]",12.435390696260251
d240-c5000,13,hybrid-seeded,feasible-heuristic,3435.8396602751145,522.951,174.38966235931636,400,78,176,2,0.06780737498775125,"[""Chongqing"",""Wuhu"",""Maanshan"",""Shanghai""]","[""water"",""water"",""water""]",0.0
d240-c5000,14,fixed,feasible-heuristic,4352.427553147145,662.46,220.9120466861192,400,25,0,0,0.04410437500337139,"[""Chongqing"",""Wuhu"",""Shanghai""]","[""water"",""water""]",26.6772603934212
d240-c5000,14,adaptive,feasible-heuristic,3816.189241350563,580.842,193.69470612755313,400,44,0,0,0.047181000001728535,"[""Chongqing"",""Wuhu"",""Nantong"",""Shanghai""]","[""water"",""water"",""water""]",11.070062013458259
d240-c5000,14,catastrophe,feasible-heuristic,4341.7333790576085,441.5583,157.19983778584412,400,66,0,2,0.06007841700920835,"[""Chongqing"",""Yichang"",""Wuxue"",""Wuhu"",""Zhangjiagang"",""Shanghai""]","[""rail"",""water"",""rail"",""water"",""water""]",26.366006809233845
d240-c5000,14,combined,feasible-heuristic,3816.189241350563,580.842,193.69470612755313,400,86,0,2,0.05324095900868997,"[""Chongqing"",""Wuhu"",""Nantong"",""Shanghai""]","[""water"",""water"",""water""]",11.070062013458259
d240-c5000,14,hybrid-seeded,feasible-heuristic,3435.8396602751145,522.951,174.38966235931636,400,83,176,2,0.06799474998842925,"[""Chongqing"",""Wuhu"",""Maanshan"",""Shanghai""]","[""water"",""water"",""water""]",0.0
d240-c5000,15,fixed,feasible-heuristic,4473.8434197232355,285.7599,113.49504878812026,400,24,0,0,0.04594450001604855,"[""Chongqing"",""Jiujiang"",""Shanghai""]","[""water"",""rail""]",30.211065185882568
d240-c5000,15,adaptive,feasible-heuristic,3786.9194518549402,576.3870000000001,192.20908711963318,400,34,0,0,0.052073750004637986,"[""Chongqing"",""Jiujiang"",""Jiangyin"",""Shanghai""]","[""water"",""water"",""water""]",10.218165755491459
d240-c5000,15,catastrophe,feasible-heuristic,4389.833356940537,512.4477,178.02239142246952,400,77,0,2,0.057582000037655234,"[""Chongqing"",""Nanjing"",""Gaogang"",""Zhangjiagang"",""Shanghai""]","[""water"",""water"",""rail"",""rail""]",27.765955079202786
d240-c5000,15,combined,feasible-heuristic,3729.9153424783644,486.6285,165.9638565501542,400,70,0,2,0.0580926249967888,"[""Chongqing"",""Wuhu"",""Zhangjiagang"",""Shanghai""]","[""water"",""water"",""rail""]",8.559063032053782
d240-c5000,15,hybrid-seeded,feasible-heuristic,3435.8396602751145,522.951,174.38966235931636,400,65,176,2,0.07136845798231661,"[""Chongqing"",""Wuhu"",""Maanshan"",""Shanghai""]","[""water"",""water"",""water""]",0.0
d240-c5000,16,fixed,feasible-heuristic,4343.107364839757,607.24695,204.9257274020455,400,22,0,0,0.04129083396401256,"[""Chongqing"",""Nantong"",""Shanghai""]","[""water"",""rail""]",26.405996620109896
d240-c5000,16,adaptive,feasible-heuristic,4028.224097616289,346.82669999999996,127.90268415840703,400,30,0,0,0.053470667044166476,"[""Chongqing"",""Jiujiang"",""Nanjing"",""Shanghai""]","[""rail"",""water"",""water""]",17.241329512266624
d240-c5000,16,catastrophe,feasible-heuristic,4222.199565522348,471.0441,164.88942568876675,400,63,0,2,0.0636469169985503,"[""Chongqing"",""Zhicheng"",""Hankou"",""Maanshan"",""Shanghai""]","[""water"",""rail"",""water"",""water""]",22.88697910845665
d240-c5000,16,combined,feasible-heuristic,3946.0321634770644,334.3167,123.73094593414692,400,69,0,2,0.058834832976572216,"[""Chongqing"",""Jiujiang"",""Chizhou"",""Shanghai""]","[""rail"",""water"",""water""]",14.84913597979418
d240-c5000,16,hybrid-seeded,feasible-heuristic,3435.8396602751145,522.951,174.38966235931636,400,67,176,2,0.06929299997864291,"[""Chongqing"",""Wuhu"",""Maanshan"",""Shanghai""]","[""water"",""water"",""water""]",0.0
d240-c5000,17,fixed,feasible-heuristic,4076.2237606744684,394.392,141.8436101597439,400,23,0,0,0.053937749995384365,"[""Chongqing"",""Chenglingji"",""Zhangjiagang"",""Nantong"",""Shanghai""]","[""rail"",""water"",""rail"",""rail""]",18.638358122569578
d240-c5000,17,adaptive,feasible-heuristic,4030.8541059817794,432.14025,152.36803773186895,400,31,0,0,0.05564245901769027,"[""Chongqing"",""Chenglingji"",""Zhangjiagang"",""Nantong"",""Shanghai""]","[""rail"",""water"",""water"",""rail""]",17.31787581900783
d240-c5000,17,catastrophe,feasible-heuristic,4076.2237606744684,394.392,141.8436101597439,400,62,0,2,0.05959216604242101,"[""Chongqing"",""Chenglingji"",""Zhangjiagang"",""Nantong"",""Shanghai""]","[""rail"",""water"",""rail"",""rail""]",18.638358122569578
d240-c5000,17,combined,feasible-heuristic,4030.8541059817794,432.14025,152.36803773186895,400,71,0,2,0.060452167002949864,"[""Chongqing"",""Chenglingji"",""Zhangjiagang"",""Nantong"",""Shanghai""]","[""rail"",""water"",""water"",""rail""]",17.31787581900783
d240-c5000,17,hybrid-seeded,feasible-heuristic,3435.8396602751145,522.951,174.38966235931636,400,72,176,2,0.07160437502898276,"[""Chongqing"",""Wuhu"",""Maanshan"",""Shanghai""]","[""water"",""water"",""water""]",0.0
d240-c5000,18,fixed,feasible-heuristic,3816.189241350563,580.842,193.69470612755313,400,25,0,0,0.04568754101637751,"[""Chongqing"",""Wuhu"",""Nantong"",""Shanghai""]","[""water"",""water"",""water""]",11.070062013458259
d240-c5000,18,adaptive,feasible-heuristic,3723.314326802835,566.706,188.98074197582324,400,33,0,0,0.04772491700714454,"[""Chongqing"",""Wuhu"",""Jiangyin"",""Nantong"",""Shanghai""]","[""water"",""water"",""water"",""water""]",8.366940688515756
d240-c5000,18,catastrophe,feasible-heuristic,3816.189241350563,580.842,193.69470612755313,400,43,0,1,0.048208167019765824,"[""Chongqing"",""Wuhu"",""Nantong"",""Shanghai""]","[""water"",""water"",""water""]",11.070062013458259
d240-c5000,18,combined,feasible-heuristic,3798.118020419224,476.39894999999996,163.50504286023195,400,49,0,1,0.04994933394482359,"[""Chongqing"",""Wuhu"",""Jiangyin"",""Shanghai""]","[""water"",""water"",""rail""]",10.544099724231648
d240-c5000,18,hybrid-seeded,feasible-heuristic,3435.8396602751145,522.951,174.38966235931636,400,74,176,2,0.06777779100229964,"[""Chongqing"",""Wuhu"",""Maanshan"",""Shanghai""]","[""water"",""water"",""water""]",0.0
d240-c5000,19,fixed,feasible-heuristic,3661.8576240100047,557.3520000000001,185.8614422676115,400,24,0,0,0.045900541997980326,"[""Chongqing"",""Anqing"",""Shanghai""]","[""water"",""water""]",6.578245380542369
d240-c5000,19,adaptive,feasible-heuristic,3661.8576240100047,557.3520000000001,185.8614422676115,400,41,0,0,0.04773091699462384,"[""Chongqing"",""Anqing"",""Shanghai""]","[""water"",""water""]",6.578245380542369
d240-c5000,19,catastrophe,feasible-heuristic,3661.8576240100047,557.3520000000001,185.8614422676115,400,66,0,2,0.051750084036029875,"[""Chongqing"",""Anqing"",""Shanghai""]","[""water"",""water""]",6.578245380542369
d240-c5000,19,combined,feasible-heuristic,3661.8576240100047,557.3520000000001,185.8614422676115,400,85,0,2,0.05309629096882418,"[""Chongqing"",""Anqing"",""Shanghai""]","[""water"",""water""]",6.578245380542369
d240-c5000,19,hybrid-seeded,feasible-heuristic,3435.8396602751145,522.951,174.38966235931636,400,76,176,2,0.06709183298517019,"[""Chongqing"",""Wuhu"",""Maanshan"",""Shanghai""]","[""water"",""water"",""water""]",0.0
d240-c5000,20,fixed,feasible-heuristic,3943.3670462907467,354.32475,129.45970491768185,400,25,0,0,0.04876879102084786,"[""Chongqing"",""Yangluo"",""Shanghai""]","[""rail"",""water""]",14.771567831980658
d240-c5000,20,adaptive,feasible-heuristic,3825.9852584410173,582.3330000000001,194.19191329720718,400,39,0,0,0.04642125003738329,"[""Chongqing"",""Jiangyin"",""Shanghai""]","[""water"",""water""]",11.355174767808073
d240-c5000,20,catastrophe,feasible-heuristic,3943.3670462907467,354.32475,129.45970491768185,400,76,0,2,0.055946084030438215,"[""Chongqing"",""Yangluo"",""Shanghai""]","[""rail"",""water""]",14.771567831980658
d240-c5000,20,combined,feasible-heuristic,3825.9852584410173,582.3330000000001,194.19191329720718,400,70,0,2,0.05276458302978426,"[""Chongqing"",""Jiangyin"",""Shanghai""]","[""water"",""water""]",11.355174767808073
d240-c5000,20,hybrid-seeded,feasible-heuristic,3435.8396602751145,522.951,174.38966235931636,400,69,176,2,0.06853383401175961,"[""Chongqing"",""Wuhu"",""Maanshan"",""Shanghai""]","[""water"",""water"",""water""]",0.0
d240-c5000,21,fixed,feasible-heuristic,4411.585258296518,368.55254999999994,136.84012347542384,400,28,0,0,0.04497604101197794,"[""Chongqing"",""Wuhu"",""Nantong"",""Shanghai""]","[""water"",""rail"",""rail""]",28.3990434508016
d240-c5000,21,adaptive,feasible-heuristic,4411.585258296518,368.55254999999994,136.84012347542384,400,32,0,0,0.04624799999874085,"[""Chongqing"",""Wuhu"",""Nantong"",""Shanghai""]","[""water"",""rail"",""rail""]",28.3990434508016
d240-c5000,21,catastrophe,feasible-heuristic,4352.427553147145,662.46,220.9120466861192,400,66,0,2,0.0516746659995988,"[""Chongqing"",""Wuhu"",""Shanghai""]","[""water"",""water""]",26.6772603934212
d240-c5000,21,combined,feasible-heuristic,4132.680414055421,577.4290500000001,194.8801508887503,400,78,0,2,0.05722658400190994,"[""Chongqing"",""Yichang"",""Tongling"",""Jiangyin"",""Shanghai""]","[""rail"",""water"",""water"",""water""]",20.281527157309466
d240-c5000,21,hybrid-seeded,feasible-heuristic,3435.8396602751145,522.951,174.38966235931636,400,75,176,2,0.07063637499231845,"[""Chongqing"",""Wuhu"",""Maanshan"",""Shanghai""]","[""water"",""water"",""water""]",0.0
d240-c5000,22,fixed,feasible-heuristic,4277.981765318883,651.129,217.1334722801167,400,21,0,0,0.04127795802196488,"[""Chongqing"",""Nantong"",""Shanghai""]","[""water"",""water""]",24.510518193865206
d240-c5000,22,adaptive,feasible-heuristic,4277.981765318883,651.129,217.1334722801167,400,26,0,0,0.043606208986602724,"[""Chongqing"",""Nantong"",""Shanghai""]","[""water"",""water""]",24.510518193865206
d240-c5000,22,catastrophe,feasible-heuristic,4277.981765318883,651.129,217.1334722801167,400,62,0,2,0.04824533296050504,"[""Chongqing"",""Nantong"",""Shanghai""]","[""water"",""water""]",24.510518193865206
d240-c5000,22,combined,feasible-heuristic,3902.8357023759904,594.0300000000001,198.0925385577324,400,66,0,2,0.05093137500807643,"[""Chongqing"",""Nanjing"",""Shanghai""]","[""water"",""water""]",13.591904404045518
d240-c5000,22,hybrid-seeded,feasible-heuristic,3435.8396602751145,522.951,174.38966235931636,400,64,176,2,0.0677829579799436,"[""Chongqing"",""Wuhu"",""Maanshan"",""Shanghai""]","[""water"",""water"",""water""]",0.0
d240-c5000,23,fixed,feasible-heuristic,4471.550068653582,402.76500000000004,147.08975843945365,400,30,0,0,0.047005125030409545,"[""Chongqing"",""Wuxue"",""Shanghai""]","[""rail"",""water""]",30.144317278633892
d240-c5000,23,adaptive,feasible-heuristic,4471.550068653582,402.76500000000004,147.08975843945365,400,30,0,0,0.0493880839785561,"[""Chongqing"",""Wuxue"",""Shanghai""]","[""rail"",""water""]",30.144317278633892
d240-c5000,23,catastrophe,feasible-heuristic,3979.3510712797,605.676,201.97615673197166,400,81,0,2,0.052059250010643154,"[""Chongqing"",""Maanshan"",""Shanghai""]","[""water"",""water""]",15.818881692548636
d240-c5000,23,combined,feasible-heuristic,4277.981765318883,651.129,217.1334722801167,400,74,0,2,0.05539829103508964,"[""Chongqing"",""Nantong"",""Shanghai""]","[""water"",""water""]",24.510518193865206
d240-c5000,23,hybrid-seeded,feasible-heuristic,3435.8396602751145,522.951,174.38966235931636,400,79,176,2,0.06764025002485141,"[""Chongqing"",""Wuhu"",""Maanshan"",""Shanghai""]","[""water"",""water"",""water""]",0.0
d240-c5000,24,fixed,feasible-heuristic,4539.123476448521,690.8760000000001,230.3879949979158,400,20,0,0,0.0453260830254294,"[""Chongqing"",""Maanshan"",""Gaogang"",""Shanghai""]","[""water"",""water"",""water""]",32.11103908396773
d240-c5000,24,adaptive,feasible-heuristic,3661.8576240100047,557.3520000000001,185.8614422676115,400,37,0,0,0.04687129199737683,"[""Chongqing"",""Anqing"",""Shanghai""]","[""water"",""water""]",6.578245380542369
d240-c5000,24,catastrophe,feasible-heuristic,3652.5937849103793,555.942,185.39124635264693,400,65,0,2,0.05128920899005607,"[""Chongqing"",""Honghu"",""Shanghai""]","[""water"",""water""]",6.30862164906465
d240-c5000,24,combined,feasible-heuristic,3675.674541475614,559.4549999999999,186.56273447269695,400,75,0,2,0.055343582993373275,"[""Chongqing"",""Jiujiang"",""Maanshan"",""Shanghai""]","[""water"",""water"",""water""]",6.980386307703768
d240-c5000,24,hybrid-seeded,feasible-heuristic,3435.8396602751145,522.951,174.38966235931636,400,70,176,2,0.06781483301892877,"[""Chongqing"",""Wuhu"",""Maanshan"",""Shanghai""]","[""water"",""water"",""water""]",0.0
d240-c5000,25,fixed,feasible-heuristic,4590.0287513158255,118.58805000000001,66.29054926352993,400,23,0,0,0.0400332499993965,"[""Chongqing"",""Nantong"",""Shanghai""]","[""rail"",""water""]",33.59263543014963
d240-c5000,25,adaptive,feasible-heuristic,3979.3510712797,605.676,201.97615673197166,400,29,0,0,0.04480041598435491,"[""Chongqing"",""Maanshan"",""Shanghai""]","[""water"",""water""]",15.818881692548636
d240-c5000,25,catastrophe,feasible-heuristic,3751.5986015006256,571.0110000000001,190.4163401417257,400,70,0,2,0.05099383305059746,"[""Chongqing"",""Jiujiang"",""Shanghai""]","[""water"",""water""]",9.190153570793447
d240-c5000,25,combined,feasible-heuristic,3979.3510712797,605.676,201.97615673197166,400,75,0,2,0.05116174998693168,"[""Chongqing"",""Maanshan"",""Shanghai""]","[""water"",""water""]",15.818881692548636
d240-c5000,25,hybrid-seeded,feasible-heuristic,3435.8396602751145,522.951,174.38966235931636,400,74,176,2,0.06690887501463294,"[""Chongqing"",""Wuhu"",""Maanshan"",""Shanghai""]","[""water"",""water"",""water""]",0.0
d240-c5000,26,fixed,feasible-heuristic,4277.981765318883,651.129,217.1334722801167,400,22,0,0,0.03974716697121039,"[""Chongqing"",""Nantong"",""Shanghai""]","[""water"",""water""]",24.510518193865206
d240-c5000,26,adaptive,feasible-heuristic,4277.981765318883,651.129,217.1334722801167,400,26,0,0,0.04105258401250467,"[""Chongqing"",""Nantong"",""Shanghai""]","[""water"",""water""]",24.510518193865206
d240-c5000,26,catastrophe,feasible-heuristic,3825.9852584410173,582.3330000000001,194.19191329720718,400,56,0,2,0.046771999972406775,"[""Chongqing"",""Jiangyin"",""Shanghai""]","[""water"",""water""]",11.355174767808073
d240-c5000,26,combined,feasible-heuristic,4277.981765318883,651.129,217.1334722801167,400,59,0,2,0.047762166999746114,"[""Chongqing"",""Nantong"",""Shanghai""]","[""water"",""water""]",24.510518193865206
d240-c5000,26,hybrid-seeded,feasible-heuristic,3435.8396602751145,522.951,174.38966235931636,400,62,176,2,0.06623683299403638,"[""Chongqing"",""Wuhu"",""Maanshan"",""Shanghai""]","[""water"",""water"",""water""]",0.0
d240-c5000,27,fixed,feasible-heuristic,4139.567708113498,327.38849999999996,123.04175789008065,400,29,0,0,0.047048125008586794,"[""Chongqing"",""Jiujiang"",""Nantong"",""Shanghai""]","[""water"",""rail"",""water""]",20.481981623730206
d240-c5000,27,adaptive,feasible-heuristic,3920.2793142976234,596.685,198.97790746144227,400,32,0,0,0.04788279195781797,"[""Chongqing"",""Jiujiang"",""Nantong"",""Shanghai""]","[""water"",""water"",""water""]",14.099600153742875
d240-c5000,27,catastrophe,feasible-heuristic,4139.567708113498,327.38849999999996,123.04175789008065,400,82,0,2,0.053139374998863786,"[""Chongqing"",""Jiujiang"",""Nantong"",""Shanghai""]","[""water"",""rail"",""water""]",20.481981623730206
d240-c5000,27,combined,feasible-heuristic,3652.5937849103793,555.942,185.39124635264693,400,68,0,2,0.053818499960470945,"[""Chongqing"",""Honghu"",""Shanghai""]","[""water"",""water""]",6.30862164906465
d240-c5000,27,hybrid-seeded,feasible-heuristic,3435.8396602751145,522.951,174.38966235931636,400,61,176,2,0.06638820795342326,"[""Chongqing"",""Wuhu"",""Maanshan"",""Shanghai""]","[""water"",""water"",""water""]",0.0
d240-c5000,28,fixed,feasible-heuristic,4158.281137974156,632.9100000000001,211.05794080867028,400,35,0,0,0.04416845896048471,"[""Chongqing"",""Nanjing"",""Zhangjiagang"",""Shanghai""]","[""water"",""water"",""water""]",21.026635382664914
d240-c5000,28,adaptive,feasible-heuristic,4326.0748874531055,658.4490000000001,219.5744893705711,400,36,0,0,0.05220929201459512,"[""Chongqing"",""Anqing"",""Maanshan"",""Zhangjiagang"",""Shanghai""]","[""water"",""water"",""water"",""water""]",25.910266927494163
d240-c5000,28,catastrophe,feasible-heuristic,3954.03433095873,446.5968,156.04077034165275,400,79,0,2,0.05188779201125726,"[""Chongqing"",""Honghu"",""Shanghai""]","[""rail"",""water""]",15.0820388004405
d240-c5000,28,combined,feasible-heuristic,4232.332719883285,644.181,214.81650687786578,400,78,0,2,0.055556667037308216,"[""Chongqing"",""Anqing"",""Zhangjiagang"",""Shanghai""]","[""water"",""water"",""water""]",23.18190423194526
d240-c5000,28,hybrid-seeded,feasible-heuristic,3435.8396602751145,522.951,174.38966235931636,400,63,176,2,0.0666986660216935,"[""Chongqing"",""Wuhu"",""Maanshan"",""Shanghai""]","[""water"",""water"",""water""]",0.0
d240-c5000,29,fixed,feasible-heuristic,4277.981765318883,651.129,217.1334722801167,400,20,0,0,0.03967654099687934,"[""Chongqing"",""Nantong"",""Shanghai""]","[""water"",""water""]",24.510518193865206
d240-c5000,29,adaptive,feasible-heuristic,4343.107364839757,607.24695,204.9257274020455,400,28,0,0,0.04219087498495355,"[""Chongqing"",""Nantong"",""Shanghai""]","[""water"",""rail""]",26.405996620109896
d240-c5000,29,catastrophe,feasible-heuristic,4144.619969406252,549.7485,187.01262687112126,400,62,0,2,0.05458620795980096,"[""Chongqing"",""Jiujiang"",""Zhangjiagang"",""Shanghai""]","[""water"",""water"",""rail""]",20.629027522034704
d240-c5000,29,combined,feasible-heuristic,4343.107364839757,607.24695,204.9257274020455,400,66,0,2,0.05030808399897069,"[""Chongqing"",""Nantong"",""Shanghai""]","[""water"",""rail""]",26.405996620109896
d240-c5000,29,hybrid-seeded,feasible-heuristic,3435.8396602751145,522.951,174.38966235931636,400,68,176,2,0.06820612499723211,"[""Chongqing"",""Wuhu"",""Maanshan"",""Shanghai""]","[""water"",""water"",""water""]",0.0
d240-c6000,0,fixed,feasible-heuristic,4890.449433618691,154.93919999999997,77.75605224286807,400,21,0,0,0.05908283300232142,"[""Chongqing"",""Shashi"",""Yangluo"",""Shanghai""]","[""water"",""rail"",""rail""]",23.53392369776963
d240-c6000,0,adaptive,feasible-heuristic,4890.449433618691,154.93919999999997,77.75605224286807,400,28,0,0,0.05773699999554083,"[""Chongqing"",""Shashi"",""Yangluo"",""Shanghai""]","[""water"",""rail"",""rail""]",23.53392369776963
d240-c6000,0,catastrophe,feasible-heuristic,4694.498904847085,72.23895,53.26331506058857,400,53,0,2,0.05235633300617337,"[""Chongqing"",""Zhangjiagang"",""Shanghai""]","[""rail"",""rail""]",18.5841664211879
d240-c6000,0,combined,feasible-heuristic,4199.269984160067,554.7180000000001,184.98307628178407,400,76,0,2,0.05905187502503395,"[""Chongqing"",""Jiujiang"",""Nanjing"",""Shanghai""]","[""water"",""water"",""water""]",6.074565303441437
d240-c6000,0,hybrid-seeded,feasible-heuristic,3958.7906602751145,522.951,174.38966235931636,400,69,135,2,0.0657680420554243,"[""Chongqing"",""Wuhu"",""Maanshan"",""Shanghai""]","[""water"",""water"",""water""]",0.0
d240-c6000,1,fixed,feasible-heuristic,5472.270835291656,316.44374999999997,127.1062062128214,400,20,0,0,0.04650612501427531,"[""Chongqing"",""Wuxue"",""Shanghai""]","[""water"",""rail""]",38.230871619550676
d240-c6000,1,adaptive,feasible-heuristic,4539.375528838929,364.8477,134.10845873220399,400,31,0,0,0.050060292007401586,"[""Chongqing"",""Wuhu"",""Zhangjiagang"",""Shanghai""]","[""water"",""rail"",""rail""]",14.665712799359465
d240-c6000,1,catastrophe,feasible-heuristic,4669.3425247565165,226.70595,96.3117313077891,400,61,0,2,0.052604249969590455,"[""Chongqing"",""Nanjing"",""Shanghai""]","[""rail"",""water""]",17.94871023647464
d240-c6000,1,combined,feasible-heuristic,4408.318258441018,582.3330000000001,194.19191329720718,400,81,0,2,0.0554810410249047,"[""Chongqing"",""Jiangyin"",""Shanghai""]","[""water"",""water""]",11.355174767808096
d240-c6000,1,hybrid-seeded,feasible-heuristic,3958.7906602751145,522.951,174.38966235931636,400,60,135,2,0.06576608400791883,"[""Chongqing"",""Wuhu"",""Maanshan"",""Shanghai""]","[""water"",""water"",""water""]",0.0
d240-c6000,2,fixed,feasible-heuristic,4829.376846727034,511.32585000000006,177.19522754480073,400,38,0,0,0.049436333996709436,"[""Chongqing"",""Nanjing"",""Gaogang"",""Shanghai""]","[""water"",""water"",""rail""]",21.99121552922474
d240-c6000,2,adaptive,feasible-heuristic,4621.204572738641,610.455,203.56982075864946,400,36,0,0,0.048131875053513795,"[""Chongqing"",""Nanjing"",""Jiangyin"",""Nantong"",""Shanghai""]","[""water"",""water"",""water"",""water""]",16.732734042003948
d240-c6000,2,catastrophe,feasible-heuristic,4391.156005974936,424.3263,149.67307157218565,400,89,0,2,0.054921708011534065,"[""Chongqing"",""Shashi"",""Zhangjiagang"",""Shanghai""]","[""rail"",""water"",""rail""]",10.92165216106109
d240-c6000,2,combined,feasible-heuristic,4496.865702375991,594.0300000000001,198.0925385577324,400,58,0,1,0.050274709006771445,"[""Chongqing"",""Nanjing"",""Shanghai""]","[""water"",""water""]",13.591904404045518
d240-c6000,2,hybrid-seeded,feasible-heuristic,3958.7906602751145,522.951,174.38966235931636,400,68,135,2,0.07957808399805799,"[""Chongqing"",""Wuhu"",""Maanshan"",""Shanghai""]","[""water"",""water"",""water""]",0.0
d240-c6000,3,fixed,feasible-heuristic,4791.191137974156,632.9100000000001,211.05794080867028,400,19,0,0,0.04663995798910037,"[""Chongqing"",""Nanjing"",""Zhangjiagang"",""Shanghai""]","[""water"",""water"",""water""]",21.026635382664914
d240-c6000,3,adaptive,feasible-heuristic,4496.865702375991,594.0300000000001,198.0925385577324,400,30,0,0,0.04994454199913889,"[""Chongqing"",""Nanjing"",""Shanghai""]","[""water"",""water""]",13.591904404045518
d240-c6000,3,catastrophe,feasible-heuristic,4274.516970419224,476.39894999999996,163.50504286023195,400,59,0,2,0.06115837499964982,"[""Chongqing"",""Wuhu"",""Jiangyin"",""Shanghai""]","[""water"",""water"",""rail""]",7.975322194030032
d240-c6000,3,combined,feasible-heuristic,4392.859757634373,280.11645000000004,109.33401301200946,400,72,0,2,0.058150541968643665,"[""Chongqing"",""Jiujiang"",""Nantong"",""Shanghai""]","[""water"",""rail"",""rail""]",10.964689335937061
d240-c6000,3,hybrid-seeded,feasible-heuristic,3958.7906602751145,522.951,174.38966235931636,400,65,135,2,0.0782606250140816,"[""Chongqing"",""Wuhu"",""Maanshan"",""Shanghai""]","[""water"",""water"",""water""]",0.0
d240-c6000,4,fixed,feasible-heuristic,4634.520350836699,71.316,52.58280438545874,400,23,0,0,0.043921709002461284,"[""Chongqing"",""Nantong"",""Shanghai""]","[""rail"",""rail""]",17.06909378518704
d240-c6000,4,adaptive,feasible-heuristic,4694.498904847085,72.23895,53.26331506058857,400,27,0,0,0.044873834005557,"[""Chongqing"",""Zhangjiagang"",""Shanghai""]","[""rail"",""rail""]",18.5841664211879
d240-c6000,4,catastrophe,feasible-heuristic,4507.638158414222,507.19395000000003,173.77432172642622,400,61,0,2,0.055615915975067765,"[""Chongqing"",""Jiangyin"",""Shanghai""]","[""water"",""rail""]",13.864019223005975
d240-c6000,4,combined,feasible-heuristic,4694.498904847085,72.23895,53.26331506058857,400,61,0,2,0.053377750038634986,"[""Chongqing"",""Zhangjiagang"",""Shanghai""]","[""rail"",""rail""]",18.5841664211879
d240-c6000,4,hybrid-seeded,feasible-heuristic,3958.7906602751145,522.951,174.38966235931636,400,61,135,2,0.06745845900150016,"[""Chongqing"",""Wuhu"",""Maanshan"",""Shanghai""]","[""water"",""water"",""water""]",0.0
d240-c6000,5,fixed,feasible-heuristic,5348.6966140703935,152.0247,80.16254608876031,400,36,0,0,0.05709275003755465,"[""Chongqing"",""Anqing"",""Chizhou"",""Gaogang"",""Zhangjiagang"",""Shanghai""]","[""rail"",""rail"",""rail"",""rail"",""water""]",35.109357201996836
d240-c6000,5,adaptive,feasible-heuristic,4398.098625260525,580.983,193.7417257190496,400,40,0,0,0.05514633300481364,"[""Chongqing"",""Wuhu"",""Nanjing"",""Shanghai""]","[""water"",""water"",""water""]",11.097024386606025
d240-c6000,5,catastrophe,feasible-heuristic,4634.520350836699,71.316,52.58280438545874,400,73,0,2,0.05611908301943913,"[""Chongqing"",""Nantong"",""Shanghai""]","[""rail"",""rail""]",17.06909378518704
d240-c6000,5,combined,feasible-heuristic,4199.269984160067,554.7180000000001,184.98307628178407,400,67,0,1,0.05720633297460154,"[""Chongqing"",""Jiujiang"",""Nanjing"",""Shanghai""]","[""water"",""water"",""water""]",6.074565303441437
d240-c6000,5,hybrid-seeded,feasible-heuristic,3958.7906602751145,522.951,174.38966235931636,400,80,135,2,0.06570025003748015,"[""Chongqing"",""Wuhu"",""Maanshan"",""Shanghai""]","[""water"",""water"",""water""]",0.0
d240-c6000,6,fixed,feasible-heuristic,4553.149280056871,494.6151,170.56951841109023,400,26,0,0,0.06429508299333975,"[""Chongqing"",""Yichang"",""Shashi"",""Zhangjiagang"",""Shanghai""]","[""rail"",""rail"",""water"",""water""]",15.013641053211234
d240-c6000,6,adaptive,feasible-heuristic,4553.149280056871,494.6151,170.56951841109023,400,31,0,0,0.06628095800988376,"[""Chongqing"",""Yichang"",""Shashi"",""Zhangjiagang"",""Shanghai""]","[""rail"",""rail"",""water"",""water""]",15.013641053211234
d240-c6000,6,catastrophe,feasible-heuristic,4496.865702375991,594.0300000000001,198.0925385577324,400,71,0,2,0.05806716700317338,"[""Chongqing"",""Nanjing"",""Shanghai""]","[""water"",""water""]",13.591904404045518
d240-c6000,6,combined,feasible-heuristic,4553.149280056871,494.6151,170.56951841109023,400,75,0,2,0.07028454198734835,"[""Chongqing"",""Yichang"",""Shashi"",""Zhangjiagang"",""Shanghai""]","[""rail"",""rail"",""water"",""water""]",15.013641053211234
d240-c6000,6,hybrid-seeded,feasible-heuristic,3958.7906602751145,522.951,174.38966235931636,400,81,135,2,0.06976033304817975,"[""Chongqing"",""Wuhu"",""Maanshan"",""Shanghai""]","[""water"",""water"",""water""]",0.0
d240-c6000,7,fixed,feasible-heuristic,4929.110765318883,651.129,217.1334722801167,400,18,0,0,0.04203908401541412,"[""Chongqing"",""Nantong"",""Shanghai""]","[""water"",""water""]",24.510518193865206
d240-c6000,7,adaptive,feasible-heuristic,4929.110765318883,651.129,217.1334722801167,400,24,0,0,0.04372800001874566,"[""Chongqing"",""Nantong"",""Shanghai""]","[""water"",""water""]",24.510518193865206
d240-c6000,7,catastrophe,feasible-heuristic,4652.319798886558,482.50874999999996,167.81426714270972,400,59,0,2,0.05507895798655227,"[""Chongqing"",""Shashi"",""Jiangyin"",""Nantong"",""Shanghai""]","[""rail"",""water"",""water"",""rail""]",17.51871210495497
d240-c6000,7,combined,feasible-heuristic,4816.634445200384,548.0119500000002,187.3859932562303,400,61,0,2,0.04907262499909848,"[""Chongqing"",""Yichang"",""Tongling"",""Jiangyin"",""Shanghai""]","[""water"",""water"",""water"",""rail""]",21.669339415528842
d240-c6000,7,hybrid-seeded,feasible-heuristic,3958.7906602751145,522.951,174.38966235931636,400,64,135,2,0.07082104100845754,"[""Chongqing"",""Wuhu"",""Maanshan"",""Shanghai""]","[""water"",""water"",""water""]",0.0
d240-c6000,8,fixed,feasible-heuristic,5253.5501061534105,198.67965,92.44666174740533,400,29,0,0,0.06272845901548862,"[""Chongqing"",""Zhicheng"",""Tongling"",""Nanjing"",""Jiangyin"",""Shanghai""]","[""water"",""rail"",""water"",""rail"",""rail""]",32.70593362944625
d240-c6000,8,adaptive,feasible-heuristic,4963.936284633601,584.8734000000002,198.7516133140684,400,38,0,0,0.05804350000107661,"[""Chongqing"",""Zhicheng"",""Zhangjiagang"",""Shanghai""]","[""rail"",""water"",""water""]",25.390219150629044
d240-c6000,8,catastrophe,feasible-heuristic,4539.375528838929,364.8477,134.10845873220399,400,76,0,2,0.06039999995846301,"[""Chongqing"",""Wuhu"",""Zhangjiagang"",""Shanghai""]","[""water"",""rail"",""rail""]",14.665712799359465
d240-c6000,8,combined,feasible-heuristic,4634.520350836699,71.316,52.58280438545874,400,62,0,1,0.06162987498100847,"[""Chongqing"",""Nantong"",""Shanghai""]","[""rail"",""rail""]",17.06909378518704
d240-c6000,8,hybrid-seeded,feasible-heuristic,3958.7906602751145,522.951,174.38966235931636,400,88,135,2,0.07007529097609222,"[""Chongqing"",""Wuhu"",""Maanshan"",""Shanghai""]","[""water"",""water"",""water""]",0.0
d240-c6000,9,fixed,feasible-heuristic,4906.690220253895,75.50415,55.67081650317369,400,33,0,0,0.06236291601089761,"[""Chongqing"",""Shanghai""]","[""rail""]",23.944169856986242
d240-c6000,9,adaptive,feasible-heuristic,5013.663184939412,77.15025,56.884521061742646,400,46,0,0,0.06851037498563528,"[""Chongqing"",""Zhicheng"",""Anqing"",""Shanghai""]","[""rail"",""rail"",""rail""]",26.64633255932227
d240-c6000,9,catastrophe,feasible-heuristic,4687.780589564079,444.0366,157.34308364925087,400,70,0,2,0.05207837495254353,"[""Chongqing"",""Nanjing"",""Jiangyin"",""Shanghai""]","[""water"",""rail"",""rail""]",18.414460168457182
d240-c6000,9,combined,feasible-heuristic,4579.120015549973,210.64425000000003,91.17622229472897,400,88,0,2,0.05815275001805276,"[""Chongqing"",""Yangluo"",""Maanshan"",""Shanghai""]","[""rail"",""rail"",""water""]",15.669668050387608
d240-c6000,9,hybrid-seeded,feasible-heuristic,3958.7906602751145,522.951,174.38966235931636,400,73,135,2,0.06759812502423301,"[""Chongqing"",""Wuhu"",""Maanshan"",""Shanghai""]","[""water"",""water"",""water""]",0.0
d240-c6000,10,fixed,feasible-heuristic,4208.535784910379,555.942,185.39124635264693,400,27,0,0,0.05082241696072742,"[""Chongqing"",""Honghu"",""Shanghai""]","[""water"",""water""]",6.308621649064627
d240-c6000,10,adaptive,feasible-heuristic,4708.616801315826,118.58805000000001,66.29054926352993,400,28,0,0,0.04963862500153482,"[""Chongqing"",""Nantong"",""Shanghai""]","[""rail"",""water""]",18.940787866479457
d240-c6000,10,catastrophe,feasible-heuristic,4208.535784910379,555.942,185.39124635264693,400,62,0,2,0.05610145797254518,"[""Chongqing"",""Honghu"",""Shanghai""]","[""water"",""water""]",6.308621649064627
d240-c6000,10,combined,feasible-heuristic,4219.2096240100045,557.3520000000001,185.8614422676115,400,73,0,2,0.05479895800817758,"[""Chongqing"",""Anqing"",""Shanghai""]","[""water"",""water""]",6.578245380542347
d240-c6000,10,hybrid-seeded,feasible-heuristic,3958.7906602751145,522.951,174.38966235931636,400,78,135,2,0.06761495798127726,"[""Chongqing"",""Wuhu"",""Maanshan"",""Shanghai""]","[""water"",""water"",""water""]",0.0
d240-c6000,11,fixed,feasible-heuristic,4694.498904847085,72.23895,53.26331506058857,400,21,0,0,0.04336554097244516,"[""Chongqing"",""Zhangjiagang"",""Shanghai""]","[""rail"",""rail""]",18.5841664211879
d240-c6000,11,adaptive,feasible-heuristic,4694.498904847085,72.23895,53.26331506058857,400,24,0,0,0.05728183296741918,"[""Chongqing"",""Zhangjiagang"",""Shanghai""]","[""rail"",""rail""]",18.5841664211879
d240-c6000,11,catastrophe,feasible-heuristic,4694.498904847085,72.23895,53.26331506058857,400,62,0,2,0.05038416699972004,"[""Chongqing"",""Zhangjiagang"",""Shanghai""]","[""rail"",""rail""]",18.5841664211879
d240-c6000,11,combined,feasible-heuristic,4418.274790871436,536.9599499999999,181.48696124948194,400,68,0,2,0.05164283298654482,"[""Chongqing"",""Wuhu"",""Nantong"",""Shanghai""]","[""water"",""water"",""rail""]",11.60667916106457
d240-c6000,11,hybrid-seeded,feasible-heuristic,3958.7906602751145,522.951,174.38966235931636,400,66,135,2,0.0668367919861339,"[""Chongqing"",""Wuhu"",""Maanshan"",""Shanghai""]","[""water"",""water"",""water""]",0.0
d240-c6000,12,fixed,feasible-heuristic,4537.027439816095,294.48494999999997,114.37448237713011,400,33,0,0,0.049172583036124706,"[""Chongqing"",""Anqing"",""Shanghai""]","[""rail"",""water""]",14.60639950839926
d240-c6000,12,adaptive,feasible-heuristic,3958.7906602751145,522.951,174.38966235931636,400,43,0,0,0.06811991694848984,"[""Chongqing"",""Wuhu"",""Maanshan"",""Shanghai""]","[""water"",""water"",""water""]",0.0
d240-c6000,12,catastrophe,feasible-heuristic,4523.141514797833,597.5010000000001,199.25002084201753,400,76,0,2,0.05364599998574704,"[""Chongqing"",""Jiangyin"",""Nantong"",""Shanghai""]","[""water"",""water"",""water""]",14.25563771749172
d240-c6000,12,combined,feasible-heuristic,4208.535784910379,555.942,185.39124635264693,400,80,0,2,0.06635174999246374,"[""Chongqing"",""Honghu"",""Shanghai""]","[""water"",""water""]",6.308621649064627
d240-c6000,12,hybrid-seeded,feasible-heuristic,3958.7906602751145,522.951,174.38966235931636,400,85,135,2,0.11778787500225008,"[""Chongqing"",""Wuhu"",""Maanshan"",""Shanghai""]","[""water"",""water"",""water""]",0.0
d240-c6000,13,fixed,feasible-heuristic,4451.081745727386,587.982,196.07569820758647,400,21,0,0,0.06109249999281019,"[""Chongqing"",""Shashi"",""Jiangyin"",""Shanghai""]","[""water"",""water"",""water""]",12.435390696260251
d240-c6000,13,adaptive,feasible-heuristic,4451.081745727386,587.982,196.07569820758647,400,40,0,0,0.06069066695636138,"[""Chongqing"",""Shashi"",""Jiangyin"",""Shanghai""]","[""water"",""water"",""water""]",12.435390696260251
d240-c6000,13,catastrophe,feasible-heuristic,4451.081745727386,587.982,196.07569820758647,400,58,0,2,0.06069687497802079,"[""Chongqing"",""Shashi"",""Jiangyin"",""Shanghai""]","[""water"",""water"",""water""]",12.435390696260251
d240-c6000,13,combined,feasible-heuristic,4451.081745727386,587.982,196.07569820758647,400,72,0,2,0.06082383298780769,"[""Chongqing"",""Shashi"",""Jiangyin"",""Shanghai""]","[""water"",""water"",""water""]",12.435390696260251
d240-c6000,13,hybrid-seeded,feasible-heuristic,3958.7906602751145,522.951,174.38966235931636,400,72,135,2,0.06664504203945398,"[""Chongqing"",""Wuhu"",""Maanshan"",""Shanghai""]","[""water"",""water"",""water""]",0.0
d240-c6000,14,fixed,feasible-heuristic,5014.887553147145,662.46,220.9120466861192,400,24,0,0,0.055594249977730215,"[""Chongqing"",""Wuhu"",""Shanghai""]","[""water"",""water""]",26.6772603934212
d240-c6000,14,adaptive,feasible-heuristic,5014.887553147145,662.46,220.9120466861192,400,39,0,0,0.052622957970015705,"[""Chongqing"",""Wuhu"",""Shanghai""]","[""water"",""water""]",26.6772603934212
d240-c6000,14,catastrophe,feasible-heuristic,4322.609601500626,571.0110000000001,190.4163401417257,400,71,0,2,0.05375579098472372,"[""Chongqing"",""Jiujiang"",""Shanghai""]","[""water"",""water""]",9.19015357079347
d240-c6000,14,combined,feasible-heuristic,4634.520350836699,71.316,52.58280438545874,400,82,0,2,0.05381008400581777,"[""Chongqing"",""Nantong"",""Shanghai""]","[""rail"",""rail""]",17.06909378518704
d240-c6000,14,hybrid-seeded,feasible-heuristic,3958.7906602751145,522.951,174.38966235931636,400,82,135,2,0.06702670804224908,"[""Chongqing"",""Wuhu"",""Maanshan"",""Shanghai""]","[""water"",""water"",""water""]",0.0
d240-c6000,15,fixed,feasible-heuristic,4759.6033197232355,285.7599,113.49504878812026,400,23,0,0,0.04901587497442961,"[""Chongqing"",""Jiujiang"",""Shanghai""]","[""water"",""rail""]",20.228719530031135
d240-c6000,15,adaptive,feasible-heuristic,4363.30645185494,576.3870000000001,192.20908711963318,400,34,0,0,0.0563401670078747,"[""Chongqing"",""Jiujiang"",""Jiangyin"",""Shanghai""]","[""water"",""water"",""water""]",10.218165755491437
d240-c6000,15,catastrophe,feasible-heuristic,4694.498904847085,72.23895,53.26331506058857,400,76,0,2,0.059372292016632855,"[""Chongqing"",""Zhangjiagang"",""Shanghai""]","[""rail"",""rail""]",18.5841664211879
d240-c6000,15,combined,feasible-heuristic,4216.543842478364,486.6285,165.9638565501542,400,72,0,2,0.060250749986153096,"[""Chongqing"",""Wuhu"",""Zhangjiagang"",""Shanghai""]","[""water"",""water"",""rail""]",6.510907100739116
d240-c6000,15,hybrid-seeded,feasible-heuristic,3958.7906602751145,522.951,174.38966235931636,400,67,135,2,0.06716858298750594,"[""Chongqing"",""Wuhu"",""Maanshan"",""Shanghai""]","[""water"",""water"",""water""]",0.0
d240-c6000,16,fixed,feasible-heuristic,4638.407165284367,293.35665,114.71110342547519,400,24,0,0,0.04927474999567494,"[""Chongqing"",""Jiujiang"",""Jiangyin"",""Shanghai""]","[""rail"",""water"",""rail""]",17.167275648822077
d240-c6000,16,adaptive,feasible-heuristic,4375.050797616288,346.82669999999996,127.90268415840703,400,33,0,0,0.055468165955971926,"[""Chongqing"",""Jiujiang"",""Nanjing"",""Shanghai""]","[""rail"",""water"",""water""]",10.514830741574134
d240-c6000,16,catastrophe,feasible-heuristic,4375.050797616288,346.82669999999996,127.90268415840703,400,62,0,2,0.05718695803079754,"[""Chongqing"",""Jiujiang"",""Nanjing"",""Shanghai""]","[""rail"",""water"",""water""]",10.514830741574134
d240-c6000,16,combined,feasible-heuristic,4375.050797616288,346.82669999999996,127.90268415840703,400,77,0,2,0.05969570798333734,"[""Chongqing"",""Jiujiang"",""Nanjing"",""Shanghai""]","[""rail"",""water"",""water""]",10.514830741574134
d240-c6000,16,hybrid-seeded,feasible-heuristic,3958.7906602751145,522.951,174.38966235931636,400,62,135,2,0.0697625830071047,"[""Chongqing"",""Wuhu"",""Maanshan"",""Shanghai""]","[""water"",""water"",""water""]",0.0
d240-c6000,17,fixed,feasible-heuristic,4470.615760674468,394.392,141.8436101597439,400,24,0,0,0.05407233297592029,"[""Chongqing"",""Chenglingji"",""Zhangjiagang"",""Nantong"",""Shanghai""]","[""rail"",""water"",""rail"",""rail""]",12.928824591189292
d240-c6000,17,adaptive,feasible-heuristic,4462.994355981779,432.14025,152.36803773186895,400,31,0,0,0.057129249966237694,"[""Chongqing"",""Chenglingji"",""Zhangjiagang"",""Nantong"",""Shanghai""]","[""rail"",""water"",""water"",""rail""]",12.736306083727733
d240-c6000,17,catastrophe,feasible-heuristic,4470.615760674468,394.392,141.8436101597439,400,63,0,2,0.05841920798411593,"[""Chongqing"",""Chenglingji"",""Zhangjiagang"",""Nantong"",""Shanghai""]","[""rail"",""water"",""rail"",""rail""]",12.928824591189292
d240-c6000,17,combined,feasible-heuristic,4462.994355981779,432.14025,152.36803773186895,400,71,0,2,0.06038779200753197,"[""Chongqing"",""Chenglingji"",""Zhangjiagang"",""Nantong"",""Shanghai""]","[""rail"",""water"",""water"",""rail""]",12.736306083727733
d240-c6000,17,hybrid-seeded,feasible-heuristic,3958.7906602751145,522.951,174.38966235931636,400,70,135,2,0.06688066700007766,"[""Chongqing"",""Wuhu"",""Maanshan"",""Shanghai""]","[""water"",""water"",""water""]",0.0
d240-c6000,18,fixed,feasible-heuristic,4397.031241350563,580.842,193.69470612755313,400,25,0,0,0.04780745803145692,"[""Chongqing"",""Wuhu"",""Nantong"",""Shanghai""]","[""water"",""water"",""water""]",11.070062013458237
d240-c6000,18,adaptive,feasible-heuristic,4175.197070446019,551.538,183.9226344310129,400,34,0,0,0.05016633402556181,"[""Chongqing"",""Wuhu"",""Jiangyin"",""Shanghai""]","[""water"",""water"",""water""]",5.466477738832132
d240-c6000,18,catastrophe,feasible-heuristic,4397.031241350563,580.842,193.69470612755313,400,43,0,1,0.05608070798916742,"[""Chongqing"",""Wuhu"",""Nantong"",""Shanghai""]","[""water"",""water"",""water""]",11.070062013458237
d240-c6000,18,combined,feasible-heuristic,4175.197070446019,551.538,183.9226344310129,400,60,0,1,0.05565400002524257,"[""Chongqing"",""Wuhu"",""Jiangyin"",""Shanghai""]","[""water"",""water"",""water""]",5.466477738832132
d240-c6000,18,hybrid-seeded,feasible-heuristic,3958.7906602751145,522.951,174.38966235931636,400,72,135,2,0.067136500030756,"[""Chongqing"",""Wuhu"",""Maanshan"",""Shanghai""]","[""water"",""water"",""water""]",0.0
d240-c6000,19,fixed,feasible-heuristic,4219.2096240100045,557.3520000000001,185.8614422676115,400,24,0,0,0.048419333004858345,"[""Chongqing"",""Anqing"",""Shanghai""]","[""water"",""water""]",6.578245380542347
d240-c6000,19,adaptive,feasible-heuristic,4219.2096240100045,557.3520000000001,185.8614422676115,400,42,0,0,0.04984466603491455,"[""Chongqing"",""Anqing"",""Shanghai""]","[""water"",""water""]",6.578245380542347
d240-c6000,19,catastrophe,feasible-heuristic,4219.2096240100045,557.3520000000001,185.8614422676115,400,69,0,2,0.05348995799431577,"[""Chongqing"",""Anqing"",""Shanghai""]","[""water"",""water""]",6.578245380542347
d240-c6000,19,combined,feasible-heuristic,4219.2096240100045,557.3520000000001,185.8614422676115,400,84,0,2,0.05556312500266358,"[""Chongqing"",""Anqing"",""Shanghai""]","[""water"",""water""]",6.578245380542347
d240-c6000,19,hybrid-seeded,feasible-heuristic,3958.7906602751145,522.951,174.38966235931636,400,77,135,2,0.07628749997820705,"[""Chongqing"",""Wuhu"",""Maanshan"",""Shanghai""]","[""water"",""water"",""water""]",0.0
d240-c6000,20,fixed,feasible-heuristic,5174.247903299726,340.5339,131.76065945923324,400,27,0,0,0.06736749998526648,"[""Chongqing"",""Shashi"",""Jiujiang"",""Shanghai""]","[""water"",""water"",""rail""]",30.70274099666952
d240-c6000,20,adaptive,feasible-heuristic,4408.318258441018,582.3330000000001,194.19191329720718,400,44,0,0,0.04655245796311647,"[""Chongqing"",""Jiangyin"",""Shanghai""]","[""water"",""water""]",11.355174767808096
d240-c6000,20,catastrophe,feasible-heuristic,4963.936284633601,584.8734000000002,198.7516133140684,400,66,0,2,0.05654179101111367,"[""Chongqing"",""Zhicheng"",""Zhangjiagang"",""Shanghai""]","[""rail"",""water"",""water""]",25.390219150629044
d240-c6000,20,combined,feasible-heuristic,4392.859757634373,280.11645000000004,109.33401301200946,400,90,0,2,0.05457875004503876,"[""Chongqing"",""Jiujiang"",""Nantong"",""Shanghai""]","[""water"",""rail"",""rail""]",10.964689335937061
d240-c6000,20,hybrid-seeded,feasible-heuristic,3958.7906602751145,522.951,174.38966235931636,400,69,135,2,0.06385658297222108,"[""Chongqing"",""Wuhu"",""Maanshan"",""Shanghai""]","[""water"",""water"",""water""]",0.0
d240-c6000,21,fixed,feasible-heuristic,4780.137808296518,368.55254999999994,136.84012347542384,400,28,0,0,0.0457261250121519,"[""Chongqing"",""Wuhu"",""Nantong"",""Shanghai""]","[""water"",""rail"",""rail""]",20.747425628318638
d240-c6000,21,adaptive,feasible-heuristic,4780.137808296518,368.55254999999994,136.84012347542384,400,32,0,0,0.05425345798721537,"[""Chongqing"",""Wuhu"",""Nantong"",""Shanghai""]","[""water"",""rail"",""rail""]",20.747425628318638
d240-c6000,21,catastrophe,feasible-heuristic,4634.520350836699,71.316,52.58280438545874,400,62,0,2,0.05152679199818522,"[""Chongqing"",""Nantong"",""Shanghai""]","[""rail"",""rail""]",17.06909378518704
d240-c6000,21,combined,feasible-heuristic,4710.109464055422,577.4290500000001,194.8801508887503,400,75,0,2,0.05593716696603224,"[""Chongqing"",""Yichang"",""Tongling"",""Jiangyin"",""Shanghai""]","[""rail"",""water"",""water"",""water""]",18.97849288469562
d240-c6000,21,hybrid-seeded,feasible-heuristic,3958.7906602751145,522.951,174.38966235931636,400,73,135,2,0.06514474999858066,"[""Chongqing"",""Wuhu"",""Maanshan"",""Shanghai""]","[""water"",""water"",""water""]",0.0
d240-c6000,22,fixed,feasible-heuristic,4929.110765318883,651.129,217.1334722801167,400,21,0,0,0.04005533299641684,"[""Chongqing"",""Nantong"",""Shanghai""]","[""water"",""water""]",24.510518193865206
d240-c6000,22,adaptive,feasible-heuristic,4929.110765318883,651.129,217.1334722801167,400,27,0,0,0.04218866705195978,"[""Chongqing"",""Nantong"",""Shanghai""]","[""water"",""water""]",24.510518193865206
d240-c6000,22,catastrophe,feasible-heuristic,4634.520350836699,71.316,52.58280438545874,400,60,0,2,0.04791141697205603,"[""Chongqing"",""Nantong"",""Shanghai""]","[""rail"",""rail""]",17.06909378518704
d240-c6000,22,combined,feasible-heuristic,4496.865702375991,594.0300000000001,198.0925385577324,400,65,0,2,0.05161162500735372,"[""Chongqing"",""Nanjing"",""Shanghai""]","[""water"",""water""]",13.591904404045518
d240-c6000,22,hybrid-seeded,feasible-heuristic,3958.7906602751145,522.951,174.38966235931636,400,70,135,2,0.07437950000166893,"[""Chongqing"",""Wuhu"",""Maanshan"",""Shanghai""]","[""water"",""water"",""water""]",0.0
d240-c6000,23,fixed,feasible-heuristic,4694.498904847085,72.23895,53.26331506058857,400,30,0,0,0.042453625006601214,"[""Chongqing"",""Zhangjiagang"",""Shanghai""]","[""rail"",""rail""]",18.5841664211879
d240-c6000,23,adaptive,feasible-heuristic,4874.315068653582,402.76500000000004,147.08975843945365,400,30,0,0,0.05117950000567362,"[""Chongqing"",""Wuxue"",""Shanghai""]","[""rail"",""water""]",23.12636577542202
d240-c6000,23,catastrophe,feasible-heuristic,4585.0270712797,605.676,201.97615673197166,400,81,0,2,0.05303145898506045,"[""Chongqing"",""Maanshan"",""Shanghai""]","[""water"",""water""]",15.818881692548636
d240-c6000,23,combined,feasible-heuristic,4874.315068653582,402.76500000000004,147.08975843945365,400,72,0,2,0.055244291957933456,"[""Chongqing"",""Wuxue"",""Shanghai""]","[""rail"",""water""]",23.12636577542202
d240-c6000,23,hybrid-seeded,feasible-heuristic,3958.7906602751145,522.951,174.38966235931636,400,70,135,2,0.06606954097514972,"[""Chongqing"",""Wuhu"",""Maanshan"",""Shanghai""]","[""water"",""water"",""water""]",0.0
d240-c6000,24,fixed,feasible-heuristic,4906.690220253895,75.50415,55.67081650317369,400,20,0,0,0.0453171250410378,"[""Chongqing"",""Shanghai""]","[""rail""]",23.944169856986242
d240-c6000,24,adaptive,feasible-heuristic,4997.2283008078475,76.89734999999999,56.698052510098094,400,31,0,0,0.051882540981750935,"[""Chongqing"",""Yangluo"",""Shanghai""]","[""rail"",""rail""]",26.23118345087152
d240-c6000,24,catastrophe,feasible-heuristic,4208.535784910379,555.942,185.39124635264693,400,63,0,2,0.05345058400416747,"[""Chongqing"",""Honghu"",""Shanghai""]","[""water"",""water""]",6.308621649064627
d240-c6000,24,combined,feasible-heuristic,4297.691796290746,354.32475,129.45970491768185,400,76,0,2,0.0593001670204103,"[""Chongqing"",""Yangluo"",""Shanghai""]","[""rail"",""water""]",8.560723844692507
d240-c6000,24,hybrid-seeded,feasible-heuristic,3958.7906602751145,522.951,174.38966235931636,400,69,135,2,0.0684784579789266,"[""Chongqing"",""Wuhu"",""Maanshan"",""Shanghai""]","[""water"",""water"",""water""]",0.0
d240-c6000,25,fixed,feasible-heuristic,4708.616801315826,118.58805000000001,66.29054926352993,400,21,0,0,0.041406874952372164,"[""Chongqing"",""Nantong"",""Shanghai""]","[""rail"",""water""]",18.940787866479457
d240-c6000,25,adaptive,feasible-heuristic,4634.520350836699,71.316,52.58280438545874,400,29,0,0,0.04274658299982548,"[""Chongqing"",""Nantong"",""Shanghai""]","[""rail"",""rail""]",17.06909378518704
d240-c6000,25,catastrophe,feasible-heuristic,4708.616801315826,118.58805000000001,66.29054926352993,400,63,0,2,0.051712291955482215,"[""Chongqing"",""Nantong"",""Shanghai""]","[""rail"",""water""]",18.940787866479457
d240-c6000,25,combined,feasible-heuristic,4219.2096240100045,557.3520000000001,185.8614422676115,400,71,0,2,0.05088204104686156,"[""Chongqing"",""Anqing"",""Shanghai""]","[""water"",""water""]",6.578245380542347
d240-c6000,25,hybrid-seeded,feasible-heuristic,3958.7906602751145,522.951,174.38966235931636,400,72,135,2,0.06481258297571912,"[""Chongqing"",""Wuhu"",""Maanshan"",""Shanghai""]","[""water"",""water"",""water""]",0.0
d240-c6000,26,fixed,feasible-heuristic,4786.584222255595,402.86414999999994,146.44017962740296,400,20,0,0,0.048398790997453034,"[""Chongqing"",""Hankou"",""Nantong"",""Shanghai""]","[""rail"",""water"",""rail""]",20.910263588500854
d240-c6000,26,adaptive,feasible-heuristic,4765.340672734721,446.7462,158.64792450547412,400,29,0,0,0.051525041984859854,"[""Chongqing"",""Hankou"",""Nantong"",""Shanghai""]","[""rail"",""water"",""water""]",20.373646440894543
d240-c6000,26,catastrophe,feasible-heuristic,4408.318258441018,582.3330000000001,194.19191329720718,400,57,0,2,0.0545459589920938,"[""Chongqing"",""Jiangyin"",""Shanghai""]","[""water"",""water""]",11.355174767808096
d240-c6000,26,combined,feasible-heuristic,4694.498904847085,72.23895,53.26331506058857,400,65,0,2,0.05523208301747218,"[""Chongqing"",""Zhangjiagang"",""Shanghai""]","[""rail"",""rail""]",18.5841664211879
d240-c6000,26,hybrid-seeded,feasible-heuristic,3958.7906602751145,522.951,174.38966235931636,400,63,135,2,0.0702426249627024,"[""Chongqing"",""Wuhu"",""Maanshan"",""Shanghai""]","[""water"",""water"",""water""]",0.0
d240-c6000,27,fixed,feasible-heuristic,4466.956208113497,327.38849999999996,123.04175789008065,400,29,0,0,0.050159209000412375,"[""Chongqing"",""Jiujiang"",""Nantong"",""Shanghai""]","[""water"",""rail"",""water""]",12.836383417229435
d240-c6000,27,adaptive,feasible-heuristic,4516.964314297624,596.685,198.97790746144227,400,33,0,0,0.0505968329962343,"[""Chongqing"",""Jiujiang"",""Nantong"",""Shanghai""]","[""water"",""water"",""water""]",14.099600153742898
d240-c6000,27,catastrophe,feasible-heuristic,4466.956208113497,327.38849999999996,123.04175789008065,400,75,0,2,0.05592333298409358,"[""Chongqing"",""Jiujiang"",""Nantong"",""Shanghai""]","[""water"",""rail"",""water""]",12.836383417229435
d240-c6000,27,combined,feasible-heuristic,4400.63113095873,446.5968,156.04077034165275,400,75,0,2,0.058827500033658,"[""Chongqing"",""Honghu"",""Shanghai""]","[""rail"",""water""]",11.160996086944142
d240-c6000,27,hybrid-seeded,feasible-heuristic,3958.7906602751145,522.951,174.38966235931636,400,60,135,2,0.06875454197870567,"[""Chongqing"",""Wuhu"",""Maanshan"",""Shanghai""]","[""water"",""water"",""water""]",0.0
d240-c6000,28,fixed,feasible-heuristic,4906.690220253895,75.50415,55.67081650317369,400,28,0,0,0.04074429103638977,"[""Chongqing"",""Shanghai""]","[""rail""]",23.944169856986242
d240-c6000,28,adaptive,feasible-heuristic,4906.690220253895,75.50415,55.67081650317369,400,29,0,0,0.04181254201103002,"[""Chongqing"",""Shanghai""]","[""rail""]",23.944169856986242
d240-c6000,28,catastrophe,feasible-heuristic,4507.638158414222,507.19395000000003,173.77432172642622,400,64,0,2,0.04737229103920981,"[""Chongqing"",""Jiangyin"",""Shanghai""]","[""water"",""rail""]",13.864019223005975
d240-c6000,28,combined,feasible-heuristic,4332.825446696077,440.2596,153.72770927586436,400,65,0,2,0.05071779200807214,"[""Chongqing"",""Wuhu"",""Jiangyin"",""Shanghai""]","[""water"",""rail"",""water""]",9.448208266586366
d240-c6000,28,hybrid-seeded,feasible-heuristic,3958.7906602751145,522.951,174.38966235931636,400,59,135,2,0.06582291703671217,"[""Chongqing"",""Wuhu"",""Maanshan"",""Shanghai""]","[""water"",""water"",""water""]",0.0
d240-c6000,29,fixed,feasible-heuristic,4694.498904847085,72.23895,53.26331506058857,400,21,0,0,0.04282924998551607,"[""Chongqing"",""Zhangjiagang"",""Shanghai""]","[""rail"",""rail""]",18.5841664211879
d240-c6000,29,adaptive,feasible-heuristic,4694.498904847085,72.23895,53.26331506058857,400,25,0,0,0.04358104197308421,"[""Chongqing"",""Zhangjiagang"",""Shanghai""]","[""rail"",""rail""]",18.5841664211879
d240-c6000,29,catastrophe,feasible-heuristic,4379.516454702828,67.392,49.68955568378534,400,61,0,2,0.0557816670043394,"[""Chongqing"",""Chenglingji"",""Zhangjiagang"",""Shanghai""]","[""rail"",""rail"",""rail""]",10.62763430886935
d240-c6000,29,combined,feasible-heuristic,4634.520350836699,71.316,52.58280438545874,400,71,0,2,0.04996108397608623,"[""Chongqing"",""Nantong"",""Shanghai""]","[""rail"",""rail""]",17.06909378518704
d240-c6000,29,hybrid-seeded,feasible-heuristic,3958.7906602751145,522.951,174.38966235931636,400,72,135,2,0.06571225001243874,"[""Chongqing"",""Wuhu"",""Maanshan"",""Shanghai""]","[""water"",""water"",""water""]",0.0
d276-c97_49,0,fixed,feasible-heuristic,1085.8153315288828,651.129,217.1334722801167,400,21,0,0,0.04026687500299886,"[""Chongqing"",""Nantong"",""Shanghai""]","[""water"",""water""]",24.510518193865206
d276-c97_49,0,adaptive,feasible-heuristic,1085.8153315288828,651.129,217.1334722801167,400,26,0,0,0.04297833301825449,"[""Chongqing"",""Nantong"",""Shanghai""]","[""water"",""water""]",24.510518193865206
d276-c97_49,0,catastrophe,feasible-heuristic,1085.8153315288828,651.129,217.1334722801167,400,54,0,2,0.047688999969977885,"[""Chongqing"",""Nantong"",""Shanghai""]","[""water"",""water""]",24.510518193865206
d276-c97_49,0,combined,feasible-heuristic,1085.8153315288828,651.129,217.1334722801167,400,68,0,2,0.050084249989595264,"[""Chongqing"",""Nantong"",""Shanghai""]","[""water"",""water""]",24.510518193865206
d276-c97_49,0,hybrid-seeded,feasible-heuristic,872.0671532651146,522.951,174.38966235931636,400,67,65,2,0.06200895900838077,"[""Chongqing"",""Wuhu"",""Maanshan"",""Shanghai""]","[""water"",""water"",""water""]",0.0
d276-c97_49,1,fixed,feasible-heuristic,1296.5268308569655,777.486,259.2700291788245,400,26,0,0,0.05011850001756102,"[""Chongqing"",""Tongling"",""Shanghai""]","[""water"",""water""]",48.67282020686452
d276-c97_49,1,adaptive,feasible-heuristic,919.7385100660191,551.538,183.9226344310129,400,31,0,0,0.05131566699128598,"[""Chongqing"",""Wuhu"",""Jiangyin"",""Shanghai""]","[""water"",""water"",""water""]",5.466477738832132
d276-c97_49,1,catastrophe,feasible-heuristic,971.0919026110171,582.3330000000001,194.19191329720718,400,69,0,2,0.0546402910258621,"[""Chongqing"",""Jiangyin"",""Shanghai""]","[""water"",""water""]",11.355174767808073
d276-c97_49,1,combined,feasible-heuristic,919.7385100660191,551.538,183.9226344310129,400,52,0,1,0.055930292000994086,"[""Chongqing"",""Wuhu"",""Jiangyin"",""Shanghai""]","[""water"",""water"",""water""]",5.466477738832132
d276-c97_49,1,hybrid-seeded,feasible-heuristic,872.0671532651146,522.951,174.38966235931636,400,59,65,2,0.0628944169729948,"[""Chongqing"",""Wuhu"",""Maanshan"",""Shanghai""]","[""water"",""water"",""water""]",0.0
d276-c97_49,2,fixed,feasible-heuristic,1508.377362074759,690.2985,232.58762144113228,400,36,0,0,0.047841583960689604,"[""Chongqing"",""Zhenjiang"",""Gaogang"",""Jiangyin"",""Shanghai""]","[""water"",""rail"",""water"",""water""]",72.96573508441749
d276-c97_49,2,adaptive,feasible-heuristic,1189.1424595975031,713.091,237.7960817007086,400,43,0,0,0.045478208048734814,"[""Chongqing"",""Zhenjiang"",""Shanghai""]","[""water"",""water""]",36.3590470235261
d276-c97_49,2,catastrophe,feasible-heuristic,1189.1424595975031,713.091,237.7960817007086,400,79,0,2,0.05793608300155029,"[""Chongqing"",""Zhenjiang"",""Shanghai""]","[""water"",""water""]",36.3590470235261
d276-c97_49,2,combined,feasible-heuristic,1085.8153315288828,651.129,217.1334722801167,400,75,0,2,0.05289441702188924,"[""Chongqing"",""Nantong"",""Shanghai""]","[""water"",""water""]",24.510518193865206
d276-c97_49,2,hybrid-seeded,feasible-heuristic,872.0671532651146,522.951,174.38966235931636,400,67,65,2,0.06422470801044255,"[""Chongqing"",""Wuhu"",""Maanshan"",""Shanghai""]","[""water"",""water"",""water""]",0.0
d276-c97_49,3,fixed,feasible-heuristic,1055.433533874156,632.9100000000001,211.05794080867028,400,17,0,0,0.04573095799423754,"[""Chongqing"",""Nanjing"",""Zhangjiagang"",""Shanghai""]","[""water"",""water"",""water""]",21.026635382664914
d276-c97_49,3,adaptive,feasible-heuristic,1051.4963570662735,630.549,210.27061275531472,400,36,0,0,0.05285387497860938,"[""Chongqing"",""Wuhu"",""Gaogang"",""Zhangjiagang"",""Shanghai""]","[""water"",""water"",""water"",""water""]",20.575159049318216
d276-c97_49,3,catastrophe,feasible-heuristic,1055.433533874156,632.9100000000001,211.05794080867028,400,49,0,2,0.05070091603556648,"[""Chongqing"",""Nanjing"",""Zhangjiagang"",""Shanghai""]","[""water"",""water"",""water""]",21.026635382664914
d276-c97_49,3,combined,feasible-heuristic,1051.4963570662735,630.549,210.27061275531472,400,87,0,2,0.05750012496719137,"[""Chongqing"",""Wuhu"",""Gaogang"",""Zhangjiagang"",""Shanghai""]","[""water"",""water"",""water"",""water""]",20.575159049318216
d276-c97_49,3,hybrid-seeded,feasible-heuristic,872.0671532651146,522.951,174.38966235931636,400,70,65,2,0.06065054202917963,"[""Chongqing"",""Wuhu"",""Maanshan"",""Shanghai""]","[""water"",""water"",""water""]",0.0
d276-c97_49,4,fixed,feasible-heuristic,2187.9224997392494,842.3238,248.1669862885347,400,27,0,0,0.04193100001430139,"[""Chongqing"",""Zhangjiagang"",""Nantong"",""Shanghai""]","[""water"",""road"",""water""]",150.88922241222232
d276-c97_49,4,adaptive,feasible-heuristic,1581.7968203987218,730.83975,246.1478942286253,400,29,0,0,0.04433691600570455,"[""Chongqing"",""Zhangjiagang"",""Nantong"",""Shanghai""]","[""water"",""rail"",""water""]",81.38474938269398
d276-c97_49,4,catastrophe,feasible-heuristic,1010.0184245196999,605.676,201.97615673197166,400,67,0,2,0.05078408302506432,"[""Chongqing"",""Maanshan"",""Shanghai""]","[""water"",""water""]",15.818881692548636
d276-c97_49,4,combined,feasible-heuristic,1581.7968203987218,730.83975,246.1478942286253,400,48,0,1,0.04713533300673589,"[""Chongqing"",""Zhangjiagang"",""Nantong"",""Shanghai""]","[""water"",""rail"",""water""]",81.38474938269398
d276-c97_49,4,hybrid-seeded,feasible-heuristic,872.0671532651146,522.951,174.38966235931636,400,69,65,2,0.060450291028246284,"[""Chongqing"",""Wuhu"",""Maanshan"",""Shanghai""]","[""water"",""water"",""water""]",0.0
d276-c97_49,5,fixed,feasible-heuristic,1249.085601290067,749.0370000000001,249.7830762817841,400,27,0,0,0.0413655829615891,"[""Chongqing"",""Zhangjiagang"",""Shanghai""]","[""water"",""water""]",43.232731173666394
d276-c97_49,5,adaptive,feasible-heuristic,1249.085601290067,749.0370000000001,249.7830762817841,400,28,0,0,0.0441533750272356,"[""Chongqing"",""Zhangjiagang"",""Shanghai""]","[""water"",""water""]",43.232731173666394
d276-c97_49,5,catastrophe,feasible-heuristic,1055.433533874156,632.9100000000001,211.05794080867028,400,66,0,2,0.05304837500443682,"[""Chongqing"",""Nanjing"",""Zhangjiagang"",""Shanghai""]","[""water"",""water"",""water""]",21.026635382664914
d276-c97_49,5,combined,feasible-heuristic,923.9858583632139,554.085,184.77198832847017,400,71,0,2,0.05491791700478643,"[""Chongqing"",""Wuhu"",""Zhangjiagang"",""Shanghai""]","[""water"",""water"",""water""]",5.953521458033362
d276-c97_49,5,hybrid-seeded,feasible-heuristic,872.0671532651146,522.951,174.38966235931636,400,85,65,2,0.06408004194963723,"[""Chongqing"",""Wuhu"",""Maanshan"",""Shanghai""]","[""water"",""water"",""water""]",0.0
d276-c97_49,6,fixed,feasible-heuristic,1633.6787061558712,494.6151,170.56951841109023,400,25,0,0,0.06539816700387746,"[""Chongqing"",""Yichang"",""Shashi"",""Zhangjiagang"",""Shanghai""]","[""rail"",""rail"",""water"",""water""]",87.33404876438699
d276-c97_49,6,adaptive,feasible-heuristic,1318.8641808534016,790.881,263.7368903709879,400,33,0,0,0.048121250001713634,"[""Chongqing"",""Shanghai""]","[""water""]",51.234245655902775
d276-c97_49,6,catastrophe,feasible-heuristic,927.0825704903793,555.942,185.39124635264693,400,65,0,2,0.06017387501196936,"[""Chongqing"",""Honghu"",""Shanghai""]","[""water"",""water""]",6.30862164906465
d276-c97_49,6,combined,feasible-heuristic,996.3858872878325,597.5010000000001,199.25002084201753,400,81,0,2,0.056846666033379734,"[""Chongqing"",""Jiangyin"",""Nantong"",""Shanghai""]","[""water"",""water"",""water""]",14.255637717491698
d276-c97_49,6,hybrid-seeded,feasible-heuristic,872.0671532651146,522.951,174.38966235931636,400,76,65,2,0.06187512504402548,"[""Chongqing"",""Wuhu"",""Maanshan"",""Shanghai""]","[""water"",""water"",""water""]",0.0
d276-c97_49,7,fixed,feasible-heuristic,1085.8153315288828,651.129,217.1334722801167,400,18,0,0,0.04193875001510605,"[""Chongqing"",""Nantong"",""Shanghai""]","[""water"",""water""]",24.510518193865206
d276-c97_49,7,adaptive,feasible-heuristic,1085.8153315288828,651.129,217.1334722801167,400,21,0,0,0.04295258299680427,"[""Chongqing"",""Nantong"",""Shanghai""]","[""water"",""water""]",24.510518193865206
d276-c97_49,7,catastrophe,feasible-heuristic,1085.8153315288828,651.129,217.1334722801167,400,52,0,2,0.04883095802506432,"[""Chongqing"",""Nantong"",""Shanghai""]","[""water"",""water""]",24.510518193865206
d276-c97_49,7,combined,feasible-heuristic,971.0919026110171,582.3330000000001,194.19191329720718,400,58,0,2,0.05100816604681313,"[""Chongqing"",""Jiangyin"",""Shanghai""]","[""water"",""water""]",11.355174767808073
d276-c97_49,7,hybrid-seeded,feasible-heuristic,872.0671532651146,522.951,174.38966235931636,400,67,65,2,0.06162754201795906,"[""Chongqing"",""Wuhu"",""Maanshan"",""Shanghai""]","[""water"",""water"",""water""]",0.0
d276-c97_49,8,fixed,feasible-heuristic,1303.1154736218716,781.4369999999999,260.58757815756564,400,25,0,0,0.05302916595246643,"[""Chongqing"",""Tongling"",""Maanshan"",""Zhenjiang"",""Nantong"",""Shanghai""]","[""water"",""water"",""water"",""water"",""water""]",49.428340322515886
d276-c97_49,8,adaptive,feasible-heuristic,1249.085601290067,749.0370000000001,249.7830762817841,400,30,0,0,0.04294854204636067,"[""Chongqing"",""Zhangjiagang"",""Shanghai""]","[""water"",""water""]",43.232731173666394
d276-c97_49,8,catastrophe,feasible-heuristic,1303.1154736218716,781.4369999999999,260.58757815756564,400,66,0,2,0.05810550000751391,"[""Chongqing"",""Tongling"",""Maanshan"",""Zhenjiang"",""Nantong"",""Shanghai""]","[""water"",""water"",""water"",""water"",""water""]",49.428340322515886
d276-c97_49,8,combined,feasible-heuristic,1010.0184245196999,605.676,201.97615673197166,400,75,0,2,0.050304707954637706,"[""Chongqing"",""Maanshan"",""Shanghai""]","[""water"",""water""]",15.818881692548636
d276-c97_49,8,hybrid-seeded,feasible-heuristic,872.0671532651146,522.951,174.38966235931636,400,74,65,2,0.060469624993856996,"[""Chongqing"",""Wuhu"",""Maanshan"",""Shanghai""]","[""water"",""water"",""water""]",0.0
d276-c97_49,9,fixed,feasible-heuristic,1363.5217093573663,605.71695,204.41551481346696,400,42,0,0,0.058185000030789524,"[""Chongqing"",""Honghu"",""Wuxue"",""Nantong"",""Shanghai""]","[""water"",""water"",""water"",""rail""]",56.35512749817397
d276-c97_49,9,adaptive,feasible-heuristic,2325.515479501781,531.7309500000001,187.31722432793816,400,42,0,0,0.06614200002513826,"[""Chongqing"",""Honghu"",""Jiujiang"",""Nanjing"",""Zhenjiang"",""Shanghai""]","[""water"",""water"",""rail"",""rail"",""water""]",166.66701879491703
d276-c97_49,9,catastrophe,feasible-heuristic,990.59768707599,594.0300000000001,198.0925385577324,400,85,0,2,0.0574132910114713,"[""Chongqing"",""Nanjing"",""Shanghai""]","[""water"",""water""]",13.591904404045518
d276-c97_49,9,combined,feasible-heuristic,1249.085601290067,749.0370000000001,249.7830762817841,400,82,0,2,0.056892250024247915,"[""Chongqing"",""Zhangjiagang"",""Shanghai""]","[""water"",""water""]",43.232731173666394
d276-c97_49,9,hybrid-seeded,feasible-heuristic,872.0671532651146,522.951,174.38966235931636,400,73,65,2,0.06539437500759959,"[""Chongqing"",""Wuhu"",""Maanshan"",""Shanghai""]","[""water"",""water"",""water""]",0.0
d276-c97_49,10,fixed,feasible-heuristic,1136.0831238612882,681.2730000000001,227.18566069195498,400,26,0,0,0.06096808303846046,"[""Chongqing"",""Hankou"",""Huangshi"",""Zhenjiang"",""Shanghai""]","[""water"",""water"",""water"",""water""]",30.274729372350407
d276-c97_49,10,adaptive,feasible-heuristic,1192.0090444906627,714.8100000000001,238.36932055022928,400,34,0,0,0.06528199999593198,"[""Chongqing"",""Hankou"",""Huangshi"",""Wuxue"",""Shanghai""]","[""water"",""water"",""water"",""water""]",36.68775850892341
d276-c97_49,10,catastrophe,feasible-heuristic,1053.3373749383202,631.6530000000001,210.63876615256356,400,71,0,2,0.06435816700104624,"[""Chongqing"",""Wuxue"",""Shanghai""]","[""water"",""water""]",20.78626869439011
d276-c97_49,10,combined,feasible-heuristic,996.3858872878325,597.5010000000001,199.25002084201753,400,66,0,2,0.05782345897750929,"[""Chongqing"",""Jiangyin"",""Nantong"",""Shanghai""]","[""water"",""water"",""water""]",14.255637717491698
d276-c97_49,10,hybrid-seeded,feasible-heuristic,872.0671532651146,522.951,174.38966235931636,400,69,65,2,0.06250850000651553,"[""Chongqing"",""Wuhu"",""Maanshan"",""Shanghai""]","[""water"",""water"",""water""]",0.0
d276-c97_49,11,fixed,feasible-heuristic,1022.6704196240643,613.263,204.5062109212172,400,23,0,0,0.05283549998421222,"[""Chongqing"",""Huangshi"",""Maanshan"",""Shanghai""]","[""water"",""water"",""water""]",17.269686834904242
d276-c97_49,11,adaptive,feasible-heuristic,1120.3344166297584,671.8290000000001,224.03634847853272,400,28,0,0,0.04895466601010412,"[""Chongqing"",""Chizhou"",""Shanghai""]","[""water"",""water""]",28.468824038963515
d276-c97_49,11,catastrophe,feasible-heuristic,1022.6704196240643,613.263,204.5062109212172,400,61,0,2,0.05811074998928234,"[""Chongqing"",""Huangshi"",""Maanshan"",""Shanghai""]","[""water"",""water"",""water""]",17.269686834904242
d276-c97_49,11,combined,feasible-heuristic,1085.8153315288828,651.129,217.1334722801167,400,64,0,2,0.05411954200826585,"[""Chongqing"",""Nantong"",""Shanghai""]","[""water"",""water""]",24.510518193865206
d276-c97_49,11,hybrid-seeded,feasible-heuristic,872.0671532651146,522.951,174.38966235931636,400,71,65,2,0.06317025003954768,"[""Chongqing"",""Wuhu"",""Maanshan"",""Shanghai""]","[""water"",""water"",""water""]",0.0
d276-c97_49,12,fixed,feasible-heuristic,1318.8641808534016,790.881,263.7368903709879,400,23,0,0,0.04080004198476672,"[""Chongqing"",""Shanghai""]","[""water""]",51.234245655902775
d276-c97_49,12,adaptive,feasible-heuristic,1114.3911306732598,668.265,222.84785327219674,400,28,0,0,0.043720625049900264,"[""Chongqing"",""Wuhu"",""Nanjing"",""Nantong"",""Shanghai""]","[""water"",""water"",""water"",""water""]",27.78730703259007
d276-c97_49,12,catastrophe,feasible-heuristic,1269.0016125634847,760.9800000000001,253.765735723218,400,58,0,2,0.05045770894503221,"[""Chongqing"",""Maanshan"",""Nanjing"",""Nantong"",""Shanghai""]","[""water"",""water"",""water"",""water""]",45.51650154603395
d276-c97_49,12,combined,feasible-heuristic,1114.701302162572,668.451,222.90987911629847,400,69,0,2,0.054664916009642184,"[""Chongqing"",""Honghu"",""Huangshi"",""Wuhu"",""Nantong"",""Shanghai""]","[""water"",""water"",""water"",""water"",""water""]",27.822874418444556
d276-c97_49,12,hybrid-seeded,feasible-heuristic,872.0671532651146,522.951,174.38966235931636,400,68,65,2,0.059845416981261224,"[""Chongqing"",""Wuhu"",""Maanshan"",""Shanghai""]","[""water"",""water"",""water""]",0.0
d276-c97_49,13,fixed,feasible-heuristic,980.5121109073864,587.982,196.07569820758647,400,22,0,0,0.05214587500086054,"[""Chongqing"",""Shashi"",""Jiangyin"",""Shanghai""]","[""water"",""water"",""water""]",12.435390696260274
d276-c97_49,13,adaptive,feasible-heuristic,980.5121109073864,587.982,196.07569820758647,400,37,0,0,0.05616704100975767,"[""Chongqing"",""Shashi"",""Jiangyin"",""Shanghai""]","[""water"",""water"",""water""]",12.435390696260274
d276-c97_49,13,catastrophe,feasible-heuristic,980.5121109073864,587.982,196.07569820758647,400,58,0,2,0.05700220802100375,"[""Chongqing"",""Shashi"",""Jiangyin"",""Shanghai""]","[""water"",""water"",""water""]",12.435390696260274
d276-c97_49,13,combined,feasible-heuristic,980.5121109073864,587.982,196.07569820758647,400,77,0,2,0.059655334043782204,"[""Chongqing"",""Shashi"",""Jiangyin"",""Shanghai""]","[""water"",""water"",""water""]",12.435390696260274
d276-c97_49,13,hybrid-seeded,feasible-heuristic,872.0671532651146,522.951,174.38966235931636,400,65,65,2,0.06301604100735858,"[""Chongqing"",""Wuhu"",""Maanshan"",""Shanghai""]","[""water"",""water"",""water""]",0.0
d276-c97_49,14,fixed,feasible-heuristic,1104.7107785471446,662.46,220.9120466861192,400,25,0,0,0.045291832997463644,"[""Chongqing"",""Wuhu"",""Shanghai""]","[""water"",""water""]",26.677260393421175
d276-c97_49,14,adaptive,feasible-heuristic,1104.7107785471446,662.46,220.9120466861192,400,36,0,0,0.04630733298836276,"[""Chongqing"",""Wuhu"",""Shanghai""]","[""water"",""water""]",26.677260393421175
d276-c97_49,14,catastrophe,feasible-heuristic,1104.7107785471446,662.46,220.9120466861192,400,66,0,2,0.05085416598012671,"[""Chongqing"",""Wuhu"",""Shanghai""]","[""water"",""water""]",26.677260393421175
d276-c97_49,14,combined,feasible-heuristic,1104.7107785471446,662.46,220.9120466861192,400,79,0,2,0.05247341701760888,"[""Chongqing"",""Wuhu"",""Shanghai""]","[""water"",""water""]",26.677260393421175
d276-c97_49,14,hybrid-seeded,feasible-heuristic,872.0671532651146,522.951,174.38966235931636,400,76,65,2,0.06332508299965411,"[""Chongqing"",""Wuhu"",""Maanshan"",""Shanghai""]","[""water"",""water"",""water""]",0.0
d276-c97_49,15,fixed,feasible-heuristic,2158.393079953978,431.51295,153.89729935920116,400,29,0,0,0.05856004200177267,"[""Chongqing"",""Jiujiang"",""Nanjing"",""Zhenjiang"",""Nantong"",""Shanghai""]","[""water"",""rail"",""rail"",""water"",""water""]",147.50308182950346
d276-c97_49,15,adaptive,feasible-heuristic,3072.9026523742355,285.7599,113.49504878812026,400,26,0,0,0.06436208303784952,"[""Chongqing"",""Jiujiang"",""Shanghai""]","[""water"",""rail""]",252.36995693152213
d276-c97_49,15,catastrophe,feasible-heuristic,1570.657780900834,620.2194000000001,210.53852452707386,400,69,0,2,0.06341825000708923,"[""Chongqing"",""Zhicheng"",""Shanghai""]","[""rail"",""water""]",80.1074349630209
d276-c97_49,15,combined,feasible-heuristic,1318.8641808534016,790.881,263.7368903709879,400,71,0,2,0.05684541695518419,"[""Chongqing"",""Shanghai""]","[""water""]",51.234245655902775
d276-c97_49,15,hybrid-seeded,feasible-heuristic,872.0671532651146,522.951,174.38966235931636,400,62,65,2,0.2858351250179112,"[""Chongqing"",""Wuhu"",""Maanshan"",""Shanghai""]","[""water"",""water"",""water""]",0.0
d276-c97_49,16,fixed,feasible-heuristic,1318.8641808534016,790.881,263.7368903709879,400,21,0,0,0.0781648340052925,"[""Chongqing"",""Shanghai""]","[""water""]",51.234245655902775
d276-c97_49,16,adaptive,feasible-heuristic,1318.8641808534016,790.881,263.7368903709879,400,22,0,0,0.043811499956063926,"[""Chongqing"",""Shanghai""]","[""water""]",51.234245655902775
d276-c97_49,16,catastrophe,feasible-heuristic,1318.8641808534016,790.881,263.7368903709879,400,60,0,2,0.04825333395274356,"[""Chongqing"",""Shanghai""]","[""water""]",51.234245655902775
d276-c97_49,16,combined,feasible-heuristic,1207.7227323604961,724.233,241.51162984576905,400,67,0,2,0.05381887499243021,"[""Chongqing"",""Zhenjiang"",""Zhangjiagang"",""Shanghai""]","[""water"",""water"",""water""]",38.48964816971381
d276-c97_49,16,hybrid-seeded,feasible-heuristic,872.0671532651146,522.951,174.38966235931636,400,68,65,2,0.06071225000778213,"[""Chongqing"",""Wuhu"",""Maanshan"",""Shanghai""]","[""water"",""water"",""water""]",0.0
d276-c97_49,17,fixed,feasible-heuristic,2091.9515455213573,539.88225,188.29700813620408,400,24,0,0,0.0509049579850398,"[""Chongqing"",""Chenglingji"",""Nantong"",""Shanghai""]","[""rail"",""water"",""rail""]",139.88422654022256
d276-c97_49,17,adaptive,feasible-heuristic,1811.693757054983,583.7643,200.50475301427525,400,29,0,0,0.055035124998539686,"[""Chongqing"",""Chenglingji"",""Nantong"",""Shanghai""]","[""rail"",""water"",""water""]",107.74704680388476
d276-c97_49,17,catastrophe,feasible-heuristic,1085.8153315288828,651.129,217.1334722801167,400,65,0,2,0.05225587502354756,"[""Chongqing"",""Nantong"",""Shanghai""]","[""water"",""water""]",24.510518193865206
d276-c97_49,17,combined,feasible-heuristic,1085.8153315288828,651.129,217.1334722801167,400,74,0,2,0.05375562497647479,"[""Chongqing"",""Nantong"",""Shanghai""]","[""water"",""water""]",24.510518193865206
d276-c97_49,17,hybrid-seeded,feasible-heuristic,872.0671532651146,522.951,174.38966235931636,400,71,65,2,0.061676249955780804,"[""Chongqing"",""Wuhu"",""Maanshan"",""Shanghai""]","[""water"",""water"",""water""]",0.0
d276-c97_49,18,fixed,feasible-heuristic,1201.1591034253731,720.297,240.19908295122968,400,22,0,0,0.052556958980858326,"[""Chongqing"",""Honghu"",""Zhangjiagang"",""Shanghai""]","[""water"",""water"",""water""]",37.73699639163135
d276-c97_49,18,adaptive,feasible-heuristic,927.0825704903793,555.942,185.39124635264693,400,34,0,0,0.05533670797012746,"[""Chongqing"",""Honghu"",""Shanghai""]","[""water"",""water""]",6.30862164906465
d276-c97_49,18,catastrophe,feasible-heuristic,971.0919026110171,582.3330000000001,194.19191329720718,400,60,0,2,0.05386166600510478,"[""Chongqing"",""Jiangyin"",""Shanghai""]","[""water"",""water""]",11.355174767808073
d276-c97_49,18,combined,feasible-heuristic,927.0825704903793,555.942,185.39124635264693,400,53,0,1,0.05637270904844627,"[""Chongqing"",""Honghu"",""Shanghai""]","[""water"",""water""]",6.30862164906465
d276-c97_49,18,hybrid-seeded,feasible-heuristic,872.0671532651146,522.951,174.38966235931636,400,70,65,2,0.06274249998386949,"[""Chongqing"",""Wuhu"",""Maanshan"",""Shanghai""]","[""water"",""water"",""water""]",0.0
d276-c97_49,19,fixed,feasible-heuristic,929.4338704900042,557.3520000000001,185.8614422676115,400,22,0,0,0.049193250015378,"[""Chongqing"",""Anqing"",""Shanghai""]","[""water"",""water""]",6.578245380542347
d276-c97_49,19,adaptive,feasible-heuristic,929.4338704900042,557.3520000000001,185.8614422676115,400,35,0,0,0.05078741698525846,"[""Chongqing"",""Anqing"",""Shanghai""]","[""water"",""water""]",6.578245380542347
d276-c97_49,19,catastrophe,feasible-heuristic,929.4338704900042,557.3520000000001,185.8614422676115,400,69,0,2,0.05278254102449864,"[""Chongqing"",""Anqing"",""Shanghai""]","[""water"",""water""]",6.578245380542347
d276-c97_49,19,combined,feasible-heuristic,929.4338704900042,557.3520000000001,185.8614422676115,400,74,0,2,0.05341962503734976,"[""Chongqing"",""Anqing"",""Shanghai""]","[""water"",""water""]",6.578245380542347
d276-c97_49,19,hybrid-seeded,feasible-heuristic,872.0671532651146,522.951,174.38966235931636,400,65,65,2,0.06318449997343123,"[""Chongqing"",""Wuhu"",""Maanshan"",""Shanghai""]","[""water"",""water"",""water""]",0.0
d276-c97_49,20,fixed,feasible-heuristic,990.59768707599,594.0300000000001,198.0925385577324,400,23,0,0,0.04628250002861023,"[""Chongqing"",""Nanjing"",""Shanghai""]","[""water"",""water""]",13.591904404045518
d276-c97_49,20,adaptive,feasible-heuristic,990.59768707599,594.0300000000001,198.0925385577324,400,33,0,0,0.04857458302285522,"[""Chongqing"",""Nanjing"",""Shanghai""]","[""water"",""water""]",13.591904404045518
d276-c97_49,20,catastrophe,feasible-heuristic,990.59768707599,594.0300000000001,198.0925385577324,400,63,0,2,0.05235104204621166,"[""Chongqing"",""Nanjing"",""Shanghai""]","[""water"",""water""]",13.591904404045518
d276-c97_49,20,combined,feasible-heuristic,979.721673886236,587.508,195.91763234681116,400,68,0,2,0.051976957998704165,"[""Chongqing"",""Yangluo"",""Shanghai""]","[""water"",""water""]",12.34475122908265
d276-c97_49,20,hybrid-seeded,feasible-heuristic,872.0671532651146,522.951,174.38966235931636,400,62,65,2,0.06142474996158853,"[""Chongqing"",""Wuhu"",""Maanshan"",""Shanghai""]","[""water"",""water"",""water""]",0.0
d276-c97_49,21,fixed,feasible-heuristic,2185.9533275025833,433.3737,154.7501184735802,400,28,0,0,0.04703412501839921,"[""Chongqing"",""Wuhu"",""Nanjing"",""Jiangyin"",""Nantong"",""Shanghai""]","[""water"",""water"",""rail"",""rail"",""rail""]",150.66341729741058
d276-c97_49,21,adaptive,feasible-heuristic,1809.0642052675266,503.14814999999993,174.48830652774873,400,41,0,0,0.050463124993257225,"[""Chongqing"",""Wuhu"",""Gaogang"",""Nantong"",""Shanghai""]","[""water"",""rail"",""water"",""water""]",107.44551592090046
d276-c97_49,21,catastrophe,feasible-heuristic,990.59768707599,594.0300000000001,198.0925385577324,400,73,0,2,0.051173833024222404,"[""Chongqing"",""Nanjing"",""Shanghai""]","[""water"",""water""]",13.591904404045518
d276-c97_49,21,combined,feasible-heuristic,1115.982010247474,669.219,223.16598582742813,400,55,0,1,0.05246191599871963,"[""Chongqing"",""Zhicheng"",""Shanghai""]","[""water"",""water""]",27.96973330197283
d276-c97_49,21,hybrid-seeded,feasible-heuristic,872.0671532651146,522.951,174.38966235931636,400,68,65,2,0.063185540959239,"[""Chongqing"",""Wuhu"",""Maanshan"",""Shanghai""]","[""water"",""water"",""water""]",0.0
d276-c97_49,22,fixed,feasible-heuristic,1085.8153315288828,651.129,217.1334722801167,400,22,0,0,0.041726791008841246,"[""Chongqing"",""Nantong"",""Shanghai""]","[""water"",""water""]",24.510518193865206
d276-c97_49,22,adaptive,feasible-heuristic,1085.8153315288828,651.129,217.1334722801167,400,28,0,0,0.04429845797130838,"[""Chongqing"",""Nantong"",""Shanghai""]","[""water"",""water""]",24.510518193865206
d276-c97_49,22,catastrophe,feasible-heuristic,1085.8153315288828,651.129,217.1334722801167,400,65,0,2,0.05075420800130814,"[""Chongqing"",""Nantong"",""Shanghai""]","[""water"",""water""]",24.510518193865206
d276-c97_49,22,combined,feasible-heuristic,990.59768707599,594.0300000000001,198.0925385577324,400,72,0,2,0.052305915975011885,"[""Chongqing"",""Nanjing"",""Shanghai""]","[""water"",""water""]",13.591904404045518
d276-c97_49,22,hybrid-seeded,feasible-heuristic,872.0671532651146,522.951,174.38966235931636,400,72,65,2,0.06150587502634153,"[""Chongqing"",""Wuhu"",""Maanshan"",""Shanghai""]","[""water"",""water"",""water""]",0.0
d276-c97_49,23,fixed,feasible-heuristic,1437.3805710226059,635.484,214.45207346203833,400,29,0,0,0.05299995804671198,"[""Chongqing"",""Huangshi"",""Wuxue"",""Shanghai""]","[""water"",""rail"",""water""]",64.82452820759228
d276-c97_49,23,adaptive,feasible-heuristic,1437.3805710226059,635.484,214.45207346203833,400,34,0,0,0.05401116597931832,"[""Chongqing"",""Huangshi"",""Wuxue"",""Shanghai""]","[""water"",""rail"",""water""]",64.82452820759228
d276-c97_49,23,catastrophe,feasible-heuristic,1318.8641808534016,790.881,263.7368903709879,400,49,0,1,0.051171707978937775,"[""Chongqing"",""Shanghai""]","[""water""]",51.234245655902775
d276-c97_49,23,combined,feasible-heuristic,1053.3373749383202,631.6530000000001,210.63876615256356,400,57,0,1,0.05754462501499802,"[""Chongqing"",""Wuxue"",""Shanghai""]","[""water"",""water""]",20.78626869439011
d276-c97_49,23,hybrid-seeded,feasible-heuristic,872.0671532651146,522.951,174.38966235931636,400,77,65,2,0.0727830000105314,"[""Chongqing"",""Wuhu"",""Maanshan"",""Shanghai""]","[""water"",""water"",""water""]",0.0
d276-c97_49,24,fixed,feasible-heuristic,1152.0969776885202,690.8760000000001,230.3879949979158,400,21,0,0,0.04834345798008144,"[""Chongqing"",""Maanshan"",""Gaogang"",""Shanghai""]","[""water"",""water"",""water""]",32.11103908396771
d276-c97_49,24,adaptive,feasible-heuristic,929.4338704900042,557.3520000000001,185.8614422676115,400,32,0,0,0.04931887501152232,"[""Chongqing"",""Anqing"",""Shanghai""]","[""water"",""water""]",6.578245380542347
d276-c97_49,24,catastrophe,feasible-heuristic,1010.0184245196999,605.676,201.97615673197166,400,68,0,2,0.05509899999015033,"[""Chongqing"",""Maanshan"",""Shanghai""]","[""water"",""water""]",15.818881692548636
d276-c97_49,24,combined,feasible-heuristic,1152.0969776885202,690.8760000000001,230.3879949979158,400,78,0,2,0.057112834008876234,"[""Chongqing"",""Maanshan"",""Gaogang"",""Shanghai""]","[""water"",""water"",""water""]",32.11103908396771
d276-c97_49,24,hybrid-seeded,feasible-heuristic,872.0671532651146,522.951,174.38966235931636,400,80,65,2,0.06611075002001598,"[""Chongqing"",""Wuhu"",""Maanshan"",""Shanghai""]","[""water"",""water"",""water""]",0.0
d276-c97_49,25,fixed,feasible-heuristic,1197.3419930004502,718.008,239.43576490204254,400,21,0,0,0.04769658303121105,"[""Chongqing"",""Maanshan"",""Nantong"",""Shanghai""]","[""water"",""water"",""water""]",37.2992880786154
d276-c97_49,25,adaptive,feasible-heuristic,1197.3419930004502,718.008,239.43576490204254,400,27,0,0,0.049000667000655085,"[""Chongqing"",""Maanshan"",""Nantong"",""Shanghai""]","[""water"",""water"",""water""]",37.2992880786154
d276-c97_49,25,catastrophe,feasible-heuristic,1197.3419930004502,718.008,239.43576490204254,400,61,0,2,0.054641082999296486,"[""Chongqing"",""Maanshan"",""Nantong"",""Shanghai""]","[""water"",""water"",""water""]",37.2992880786154
d276-c97_49,25,combined,feasible-heuristic,1197.3419930004502,718.008,239.43576490204254,400,67,0,2,0.05457091599237174,"[""Chongqing"",""Maanshan"",""Nantong"",""Shanghai""]","[""water"",""water"",""water""]",37.2992880786154
d276-c97_49,25,hybrid-seeded,feasible-heuristic,872.0671532651146,522.951,174.38966235931636,400,81,65,2,0.06348708301084116,"[""Chongqing"",""Wuhu"",""Maanshan"",""Shanghai""]","[""water"",""water"",""water""]",0.0
d276-c97_49,26,fixed,feasible-heuristic,1085.8153315288828,651.129,217.1334722801167,400,20,0,0,0.04343558300752193,"[""Chongqing"",""Nantong"",""Shanghai""]","[""water"",""water""]",24.510518193865206
d276-c97_49,26,adaptive,feasible-heuristic,1085.8153315288828,651.129,217.1334722801167,400,28,0,0,0.04255504201864824,"[""Chongqing"",""Nantong"",""Shanghai""]","[""water"",""water""]",24.510518193865206
d276-c97_49,26,catastrophe,feasible-heuristic,971.0919026110171,582.3330000000001,194.19191329720718,400,55,0,2,0.04761791601777077,"[""Chongqing"",""Jiangyin"",""Shanghai""]","[""water"",""water""]",11.355174767808073
d276-c97_49,26,combined,feasible-heuristic,1077.5707732323258,646.1850000000001,215.48478532721967,400,68,0,2,0.05025387497153133,"[""Chongqing"",""Wuxue"",""Nantong"",""Shanghai""]","[""water"",""water"",""water""]",23.565114131151855
d276-c97_49,26,hybrid-seeded,feasible-heuristic,872.0671532651146,522.951,174.38966235931636,400,61,65,2,0.05944191600428894,"[""Chongqing"",""Wuhu"",""Maanshan"",""Shanghai""]","[""water"",""water"",""water""]",0.0
d276-c97_49,27,fixed,feasible-heuristic,1010.0184245196999,605.676,201.97615673197166,400,23,0,0,0.0433926249970682,"[""Chongqing"",""Maanshan"",""Shanghai""]","[""water"",""water""]",15.818881692548636
d276-c97_49,27,adaptive,feasible-heuristic,1010.0184245196999,605.676,201.97615673197166,400,28,0,0,0.04528554197167978,"[""Chongqing"",""Maanshan"",""Shanghai""]","[""water"",""water""]",15.818881692548636
d276-c97_49,27,catastrophe,feasible-heuristic,1010.0184245196999,605.676,201.97615673197166,400,68,0,2,0.04989758296869695,"[""Chongqing"",""Maanshan"",""Shanghai""]","[""water"",""water""]",15.818881692548636
d276-c97_49,27,combined,feasible-heuristic,1010.0184245196999,605.676,201.97615673197166,400,72,0,2,0.05203529103891924,"[""Chongqing"",""Maanshan"",""Shanghai""]","[""water"",""water""]",15.818881692548636
d276-c97_49,27,hybrid-seeded,feasible-heuristic,872.0671532651146,522.951,174.38966235931636,400,64,65,2,0.060729249962605536,"[""Chongqing"",""Wuhu"",""Maanshan"",""Shanghai""]","[""water"",""water"",""water""]",0.0
d276-c97_49,28,fixed,feasible-heuristic,1055.433533874156,632.9100000000001,211.05794080867028,400,34,0,0,0.04429458302911371,"[""Chongqing"",""Nanjing"",""Zhangjiagang"",""Shanghai""]","[""water"",""water"",""water""]",21.026635382664914
d276-c97_49,28,adaptive,feasible-heuristic,1621.4445679319845,636.5382,216.08592128331986,400,37,0,0,0.05093437497271225,"[""Chongqing"",""Anqing"",""Gaogang"",""Zhangjiagang"",""Shanghai""]","[""water"",""water"",""rail"",""water""]",85.9311592990424
d276-c97_49,28,catastrophe,feasible-heuristic,1055.433533874156,632.9100000000001,211.05794080867028,400,76,0,2,0.05005891702603549,"[""Chongqing"",""Nanjing"",""Zhangjiagang"",""Shanghai""]","[""water"",""water"",""water""]",21.026635382664914
d276-c97_49,28,combined,feasible-heuristic,1120.3344166297584,671.8290000000001,224.03634847853272,400,81,0,2,0.05537799996091053,"[""Chongqing"",""Chizhou"",""Shanghai""]","[""water"",""water""]",28.468824038963515
d276-c97_49,28,hybrid-seeded,feasible-heuristic,872.0671532651146,522.951,174.38966235931636,400,59,65,2,0.05955954099772498,"[""Chongqing"",""Wuhu"",""Maanshan"",""Shanghai""]","[""water"",""water"",""water""]",0.0
d276-c97_49,29,fixed,feasible-heuristic,1085.8153315288828,651.129,217.1334722801167,400,18,0,0,0.03996812499826774,"[""Chongqing"",""Nantong"",""Shanghai""]","[""water"",""water""]",24.510518193865206
d276-c97_49,29,adaptive,feasible-heuristic,1296.5268308569655,777.486,259.2700291788245,400,31,0,0,0.04562216700287536,"[""Chongqing"",""Tongling"",""Shanghai""]","[""water"",""water""]",48.67282020686452
d276-c97_49,29,catastrophe,feasible-heuristic,1029.2440540911005,617.2049999999999,205.82075864943724,400,61,0,2,0.04929341695969924,"[""Chongqing"",""Jiujiang"",""Zhangjiagang"",""Shanghai""]","[""water"",""water"",""water""]",18.02348594801426
d276-c97_49,29,combined,feasible-heuristic,1296.5268308569655,777.486,259.2700291788245,400,67,0,2,0.051982207980472594,"[""Chongqing"",""Tongling"",""Shanghai""]","[""water"",""water""]",48.67282020686452
d276-c97_49,29,hybrid-seeded,feasible-heuristic,872.0671532651146,522.951,174.38966235931636,400,66,65,2,0.060300457989796996,"[""Chongqing"",""Wuhu"",""Maanshan"",""Shanghai""]","[""water"",""water"",""water""]",0.0
d360-c6000,0,fixed,feasible-heuristic,4890.449433618691,154.93919999999997,77.75605224286807,400,21,0,0,0.05787208303809166,"[""Chongqing"",""Shashi"",""Yangluo"",""Shanghai""]","[""water"",""rail"",""rail""]",23.53392369776963
d360-c6000,0,adaptive,feasible-heuristic,4890.449433618691,154.93919999999997,77.75605224286807,400,28,0,0,0.05731733300490305,"[""Chongqing"",""Shashi"",""Yangluo"",""Shanghai""]","[""water"",""rail"",""rail""]",23.53392369776963
d360-c6000,0,catastrophe,feasible-heuristic,4694.498904847085,72.23895,53.26331506058857,400,53,0,2,0.05210283299675211,"[""Chongqing"",""Zhangjiagang"",""Shanghai""]","[""rail"",""rail""]",18.5841664211879
d360-c6000,0,combined,feasible-heuristic,4199.269984160067,554.7180000000001,184.98307628178407,400,72,0,2,0.056555749964900315,"[""Chongqing"",""Jiujiang"",""Nanjing"",""Shanghai""]","[""water"",""water"",""water""]",6.074565303441437
d360-c6000,0,hybrid-seeded,feasible-heuristic,3958.7906602751145,522.951,174.38966235931636,400,68,135,2,0.06380137498490512,"[""Chongqing"",""Wuhu"",""Maanshan"",""Shanghai""]","[""water"",""water"",""water""]",0.0
d360-c6000,1,fixed,feasible-heuristic,5472.270835291656,316.44374999999997,127.1062062128214,400,20,0,0,0.04644262499641627,"[""Chongqing"",""Wuxue"",""Shanghai""]","[""water"",""rail""]",38.230871619550676
d360-c6000,1,adaptive,feasible-heuristic,4539.375528838929,364.8477,134.10845873220399,400,31,0,0,0.0469642499811016,"[""Chongqing"",""Wuhu"",""Zhangjiagang"",""Shanghai""]","[""water"",""rail"",""rail""]",14.665712799359465
d360-c6000,1,catastrophe,feasible-heuristic,4669.3425247565165,226.70595,96.3117313077891,400,61,0,2,0.050807292049285024,"[""Chongqing"",""Nanjing"",""Shanghai""]","[""rail"",""water""]",17.94871023647464
d360-c6000,1,combined,feasible-heuristic,4408.318258441018,582.3330000000001,194.19191329720718,400,84,0,2,0.05325825000181794,"[""Chongqing"",""Jiangyin"",""Shanghai""]","[""water"",""water""]",11.355174767808096
d360-c6000,1,hybrid-seeded,feasible-heuristic,3958.7906602751145,522.951,174.38966235931636,400,60,135,2,0.06586887501180172,"[""Chongqing"",""Wuhu"",""Maanshan"",""Shanghai""]","[""water"",""water"",""water""]",0.0
d360-c6000,2,fixed,feasible-heuristic,4829.376846727034,511.32585000000006,177.19522754480073,400,38,0,0,0.05107200000202283,"[""Chongqing"",""Nanjing"",""Gaogang"",""Shanghai""]","[""water"",""water"",""rail""]",21.99121552922474
d360-c6000,2,adaptive,feasible-heuristic,4621.204572738641,610.455,203.56982075864946,400,34,0,0,0.050598250003531575,"[""Chongqing"",""Nanjing"",""Jiangyin"",""Nantong"",""Shanghai""]","[""water"",""water"",""water"",""water""]",16.732734042003948
d360-c6000,2,catastrophe,feasible-heuristic,4391.156005974936,424.3263,149.67307157218565,400,86,0,2,0.058066291036084294,"[""Chongqing"",""Shashi"",""Zhangjiagang"",""Shanghai""]","[""rail"",""water"",""rail""]",10.92165216106109
d360-c6000,2,combined,feasible-heuristic,4496.865702375991,594.0300000000001,198.0925385577324,400,56,0,1,0.05152383400127292,"[""Chongqing"",""Nanjing"",""Shanghai""]","[""water"",""water""]",13.591904404045518
d360-c6000,2,hybrid-seeded,feasible-heuristic,3958.7906602751145,522.951,174.38966235931636,400,68,135,2,0.0662990840501152,"[""Chongqing"",""Wuhu"",""Maanshan"",""Shanghai""]","[""water"",""water"",""water""]",0.0
d360-c6000,3,fixed,feasible-heuristic,4791.191137974156,632.9100000000001,211.05794080867028,400,19,0,0,0.04577312496257946,"[""Chongqing"",""Nanjing"",""Zhangjiagang"",""Shanghai""]","[""water"",""water"",""water""]",21.026635382664914
d360-c6000,3,adaptive,feasible-heuristic,4496.865702375991,594.0300000000001,198.0925385577324,400,30,0,0,0.05050083401147276,"[""Chongqing"",""Nanjing"",""Shanghai""]","[""water"",""water""]",13.591904404045518
d360-c6000,3,catastrophe,feasible-heuristic,4585.0270712797,605.676,201.97615673197166,400,58,0,2,0.05430266598705202,"[""Chongqing"",""Maanshan"",""Shanghai""]","[""water"",""water""]",15.818881692548636
d360-c6000,3,combined,feasible-heuristic,4392.859757634373,280.11645000000004,109.33401301200946,400,68,0,2,0.05587445799028501,"[""Chongqing"",""Jiujiang"",""Nantong"",""Shanghai""]","[""water"",""rail"",""rail""]",10.964689335937061
d360-c6000,3,hybrid-seeded,feasible-heuristic,3958.7906602751145,522.951,174.38966235931636,400,61,135,2,0.06611283298116177,"[""Chongqing"",""Wuhu"",""Maanshan"",""Shanghai""]","[""water"",""water"",""water""]",0.0
d360-c6000,4,fixed,feasible-heuristic,4634.520350836699,71.316,52.58280438545874,400,23,0,0,0.04174770903773606,"[""Chongqing"",""Nantong"",""Shanghai""]","[""rail"",""rail""]",17.06909378518704
d360-c6000,4,adaptive,feasible-heuristic,4694.498904847085,72.23895,53.26331506058857,400,29,0,0,0.04211366595700383,"[""Chongqing"",""Zhangjiagang"",""Shanghai""]","[""rail"",""rail""]",18.5841664211879
d360-c6000,4,catastrophe,feasible-heuristic,4507.638158414222,507.19395000000003,173.77432172642622,400,61,0,2,0.047490332974120975,"[""Chongqing"",""Jiangyin"",""Shanghai""]","[""water"",""rail""]",13.864019223005975
d360-c6000,4,combined,feasible-heuristic,4694.498904847085,72.23895,53.26331506058857,400,64,0,2,0.04947204201016575,"[""Chongqing"",""Zhangjiagang"",""Shanghai""]","[""rail"",""rail""]",18.5841664211879
d360-c6000,4,hybrid-seeded,feasible-heuristic,3958.7906602751145,522.951,174.38966235931636,400,64,135,2,0.06554766703629866,"[""Chongqing"",""Wuhu"",""Maanshan"",""Shanghai""]","[""water"",""water"",""water""]",0.0
d360-c6000,5,fixed,feasible-heuristic,5199.122896748887,640.1089500000002,215.88429347124102,400,25,0,0,0.04744699998991564,"[""Chongqing"",""Maanshan"",""Zhenjiang"",""Nantong"",""Shanghai""]","[""water"",""water"",""water"",""rail""]",31.331089287443547
d360-c6000,5,adaptive,feasible-heuristic,4732.600459902508,406.31475,147.0877000406738,400,43,0,0,0.05314037500647828,"[""Chongqing"",""Huangshi"",""Zhenjiang"",""Shanghai""]","[""rail"",""water"",""water""]",19.546620825199646
d360-c6000,5,catastrophe,feasible-heuristic,4801.382143505193,589.4860500000002,198.90082617011754,400,65,0,2,0.052471584000159055,"[""Chongqing"",""Yichang"",""Shanghai""]","[""rail"",""water""]",21.28406262258695
d360-c6000,5,combined,feasible-heuristic,4408.318258441018,582.3330000000001,194.19191329720718,400,89,0,2,0.0582484170445241,"[""Chongqing"",""Jiangyin"",""Shanghai""]","[""water"",""water""]",11.355174767808096
d360-c6000,5,hybrid-seeded,feasible-heuristic,3958.7906602751145,522.951,174.38966235931636,400,72,135,2,0.06569041596958414,"[""Chongqing"",""Wuhu"",""Maanshan"",""Shanghai""]","[""water"",""water"",""water""]",0.0
d360-c6000,6,fixed,feasible-heuristic,4553.149280056871,494.6151,170.56951841109023,400,26,0,0,0.06259383301949129,"[""Chongqing"",""Yichang"",""Shashi"",""Zhangjiagang"",""Shanghai""]","[""rail"",""rail"",""water"",""water""]",15.013641053211234
d360-c6000,6,adaptive,feasible-heuristic,4553.149280056871,494.6151,170.56951841109023,400,31,0,0,0.06398504204116762,"[""Chongqing"",""Yichang"",""Shashi"",""Zhangjiagang"",""Shanghai""]","[""rail"",""rail"",""water"",""water""]",15.013641053211234
d360-c6000,6,catastrophe,feasible-heuristic,4496.865702375991,594.0300000000001,198.0925385577324,400,71,0,2,0.056410874996799976,"[""Chongqing"",""Nanjing"",""Shanghai""]","[""water"",""water""]",13.591904404045518
d360-c6000,6,combined,feasible-heuristic,4553.149280056871,494.6151,170.56951841109023,400,76,0,2,0.06589550001081079,"[""Chongqing"",""Yichang"",""Shashi"",""Zhangjiagang"",""Shanghai""]","[""rail"",""rail"",""water"",""water""]",15.013641053211234
d360-c6000,6,hybrid-seeded,feasible-heuristic,3958.7906602751145,522.951,174.38966235931636,400,80,135,2,0.06769279204308987,"[""Chongqing"",""Wuhu"",""Maanshan"",""Shanghai""]","[""water"",""water"",""water""]",0.0
d360-c6000,7,fixed,feasible-heuristic,4929.110765318883,651.129,217.1334722801167,400,17,0,0,0.0407651670393534,"[""Chongqing"",""Nantong"",""Shanghai""]","[""water"",""water""]",24.510518193865206
d360-c6000,7,adaptive,feasible-heuristic,4929.110765318883,651.129,217.1334722801167,400,22,0,0,0.042532082996331155,"[""Chongqing"",""Nantong"",""Shanghai""]","[""water"",""water""]",24.510518193865206
d360-c6000,7,catastrophe,feasible-heuristic,4516.252993008868,511.22279999999995,174.96390447597057,400,59,0,2,0.05600658297771588,"[""Chongqing"",""Shashi"",""Jiangyin"",""Shanghai""]","[""rail"",""water"",""water""]",14.08163200766499
d360-c6000,7,combined,feasible-heuristic,4816.634445200384,548.0119500000002,187.3859932562303,400,59,0,2,0.04889866698067635,"[""Chongqing"",""Yichang"",""Tongling"",""Jiangyin"",""Shanghai""]","[""water"",""water"",""water"",""rail""]",21.669339415528842
d360-c6000,7,hybrid-seeded,feasible-heuristic,3958.7906602751145,522.951,174.38966235931636,400,63,135,2,0.06289145804475993,"[""Chongqing"",""Wuhu"",""Maanshan"",""Shanghai""]","[""water"",""water"",""water""]",0.0
d360-c6000,8,fixed,feasible-heuristic,5253.5501061534105,198.67965,92.44666174740533,400,26,0,0,0.06144104199483991,"[""Chongqing"",""Zhicheng"",""Tongling"",""Nanjing"",""Jiangyin"",""Shanghai""]","[""water"",""rail"",""water"",""rail"",""rail""]",32.70593362944625
d360-c6000,8,adaptive,feasible-heuristic,4639.804305127136,612.912,204.38916215089623,400,39,0,0,0.05717479099985212,"[""Chongqing"",""Zhicheng"",""Maanshan"",""Shanghai""]","[""water"",""water"",""water""]",17.202567735791696
d360-c6000,8,catastrophe,feasible-heuristic,4539.375528838929,364.8477,134.10845873220399,400,74,0,2,0.05769733403576538,"[""Chongqing"",""Wuhu"",""Zhangjiagang"",""Shanghai""]","[""water"",""rail"",""rail""]",14.665712799359465
d360-c6000,8,combined,feasible-heuristic,4363.30645185494,576.3870000000001,192.20908711963318,400,93,0,2,0.06337070901645347,"[""Chongqing"",""Jiujiang"",""Jiangyin"",""Shanghai""]","[""water"",""water"",""water""]",10.218165755491437
d360-c6000,8,hybrid-seeded,feasible-heuristic,3958.7906602751145,522.951,174.38966235931636,400,83,135,2,0.07020945800468326,"[""Chongqing"",""Wuhu"",""Maanshan"",""Shanghai""]","[""water"",""water"",""water""]",0.0
d360-c6000,9,fixed,feasible-heuristic,4906.690220253895,75.50415,55.67081650317369,400,33,0,0,0.044156999967526644,"[""Chongqing"",""Shanghai""]","[""rail""]",23.944169856986242
d360-c6000,9,adaptive,feasible-heuristic,5013.663184939412,77.15025,56.884521061742646,400,46,0,0,0.062334374990314245,"[""Chongqing"",""Zhicheng"",""Anqing"",""Shanghai""]","[""rail"",""rail"",""rail""]",26.64633255932227
d360-c6000,9,catastrophe,feasible-heuristic,4687.780589564079,444.0366,157.34308364925087,400,70,0,2,0.05552987498231232,"[""Chongqing"",""Nanjing"",""Jiangyin"",""Shanghai""]","[""water"",""rail"",""rail""]",18.414460168457182
d360-c6000,9,combined,feasible-heuristic,4579.120015549973,210.64425000000003,91.17622229472897,400,87,0,2,0.05800975003512576,"[""Chongqing"",""Yangluo"",""Maanshan"",""Shanghai""]","[""rail"",""rail"",""water""]",15.669668050387608
d360-c6000,9,hybrid-seeded,feasible-heuristic,3958.7906602751145,522.951,174.38966235931636,400,71,135,2,0.06375333399046212,"[""Chongqing"",""Wuhu"",""Maanshan"",""Shanghai""]","[""water"",""water"",""water""]",0.0
d360-c6000,10,fixed,feasible-heuristic,4208.535784910379,555.942,185.39124635264693,400,27,0,0,0.049663292011246085,"[""Chongqing"",""Honghu"",""Shanghai""]","[""water"",""water""]",6.308621649064627
d360-c6000,10,adaptive,feasible-heuristic,4708.616801315826,118.58805000000001,66.29054926352993,400,28,0,0,0.05170108302263543,"[""Chongqing"",""Nantong"",""Shanghai""]","[""rail"",""water""]",18.940787866479457
d360-c6000,10,catastrophe,feasible-heuristic,4208.535784910379,555.942,185.39124635264693,400,63,0,2,0.05835462501272559,"[""Chongqing"",""Honghu"",""Shanghai""]","[""water"",""water""]",6.308621649064627
d360-c6000,10,combined,feasible-heuristic,4219.2096240100045,557.3520000000001,185.8614422676115,400,73,0,2,0.05516620900016278,"[""Chongqing"",""Anqing"",""Shanghai""]","[""water"",""water""]",6.578245380542347
d360-c6000,10,hybrid-seeded,feasible-heuristic,3958.7906602751145,522.951,174.38966235931636,400,78,135,2,0.06582104100380093,"[""Chongqing"",""Wuhu"",""Maanshan"",""Shanghai""]","[""water"",""water"",""water""]",0.0
d360-c6000,11,fixed,feasible-heuristic,4694.498904847085,72.23895,53.26331506058857,400,21,0,0,0.040686083026230335,"[""Chongqing"",""Zhangjiagang"",""Shanghai""]","[""rail"",""rail""]",18.5841664211879
d360-c6000,11,adaptive,feasible-heuristic,4694.498904847085,72.23895,53.26331506058857,400,24,0,0,0.041954874992370605,"[""Chongqing"",""Zhangjiagang"",""Shanghai""]","[""rail"",""rail""]",18.5841664211879
d360-c6000,11,catastrophe,feasible-heuristic,4694.498904847085,72.23895,53.26331506058857,400,62,0,2,0.04723079199902713,"[""Chongqing"",""Zhangjiagang"",""Shanghai""]","[""rail"",""rail""]",18.5841664211879
d360-c6000,11,combined,feasible-heuristic,4418.274790871436,536.9599499999999,181.48696124948194,400,69,0,2,0.04986266698688269,"[""Chongqing"",""Wuhu"",""Nantong"",""Shanghai""]","[""water"",""water"",""rail""]",11.60667916106457
d360-c6000,11,hybrid-seeded,feasible-heuristic,3958.7906602751145,522.951,174.38966235931636,400,65,135,2,0.06380295800045133,"[""Chongqing"",""Wuhu"",""Maanshan"",""Shanghai""]","[""water"",""water"",""water""]",0.0
d360-c6000,12,fixed,feasible-heuristic,4642.461409754064,613.263,204.5062109212172,400,30,0,0,0.05155237502185628,"[""Chongqing"",""Huangshi"",""Maanshan"",""Shanghai""]","[""water"",""water"",""water""]",17.269686834904242
d360-c6000,12,adaptive,feasible-heuristic,3958.7906602751145,522.951,174.38966235931636,400,42,0,0,0.06636787496972829,"[""Chongqing"",""Wuhu"",""Maanshan"",""Shanghai""]","[""water"",""water"",""water""]",0.0
d360-c6000,12,catastrophe,feasible-heuristic,4507.638158414222,507.19395000000003,173.77432172642622,400,70,0,2,0.054126584029290825,"[""Chongqing"",""Jiangyin"",""Shanghai""]","[""water"",""rail""]",13.864019223005975
d360-c6000,12,combined,feasible-heuristic,4208.535784910379,555.942,185.39124635264693,400,80,0,2,0.06292733398731798,"[""Chongqing"",""Honghu"",""Shanghai""]","[""water"",""water""]",6.308621649064627
d360-c6000,12,hybrid-seeded,feasible-heuristic,3958.7906602751145,522.951,174.38966235931636,400,78,135,2,0.06568491598591208,"[""Chongqing"",""Wuhu"",""Maanshan"",""Shanghai""]","[""water"",""water"",""water""]",0.0
d360-c6000,13,fixed,feasible-heuristic,4451.081745727386,587.982,196.07569820758647,400,22,0,0,0.05182695796247572,"[""Chongqing"",""Shashi"",""Jiangyin"",""Shanghai""]","[""water"",""water"",""water""]",12.435390696260251
d360-c6000,13,adaptive,feasible-heuristic,4451.081745727386,587.982,196.07569820758647,400,37,0,0,0.05423766700550914,"[""Chongqing"",""Shashi"",""Jiangyin"",""Shanghai""]","[""water"",""water"",""water""]",12.435390696260251
d360-c6000,13,catastrophe,feasible-heuristic,4451.081745727386,587.982,196.07569820758647,400,59,0,2,0.057292417041026056,"[""Chongqing"",""Shashi"",""Jiangyin"",""Shanghai""]","[""water"",""water"",""water""]",12.435390696260251
d360-c6000,13,combined,feasible-heuristic,4451.081745727386,587.982,196.07569820758647,400,69,0,2,0.05910354101797566,"[""Chongqing"",""Shashi"",""Jiangyin"",""Shanghai""]","[""water"",""water"",""water""]",12.435390696260251
d360-c6000,13,hybrid-seeded,feasible-heuristic,3958.7906602751145,522.951,174.38966235931636,400,70,135,2,0.06544866703916341,"[""Chongqing"",""Wuhu"",""Maanshan"",""Shanghai""]","[""water"",""water"",""water""]",0.0
d360-c6000,14,fixed,feasible-heuristic,5014.887553147145,662.46,220.9120466861192,400,24,0,0,0.04577879200223833,"[""Chongqing"",""Wuhu"",""Shanghai""]","[""water"",""water""]",26.6772603934212
d360-c6000,14,adaptive,feasible-heuristic,5014.887553147145,662.46,220.9120466861192,400,39,0,0,0.04825091705424711,"[""Chongqing"",""Wuhu"",""Shanghai""]","[""water"",""water""]",26.6772603934212
d360-c6000,14,catastrophe,feasible-heuristic,4322.609601500626,571.0110000000001,190.4163401417257,400,70,0,2,0.053040333034005016,"[""Chongqing"",""Jiujiang"",""Shanghai""]","[""water"",""water""]",9.19015357079347
d360-c6000,14,combined,feasible-heuristic,4644.264945936047,566.81295,191.44210922780624,400,82,0,2,0.053413542045746,"[""Chongqing"",""Wuhu"",""Zhenjiang"",""Nantong"",""Shanghai""]","[""water"",""water"",""water"",""rail""]",17.31524459071285
d360-c6000,14,hybrid-seeded,feasible-heuristic,3958.7906602751145,522.951,174.38966235931636,400,75,135,2,0.06443858396960422,"[""Chongqing"",""Wuhu"",""Maanshan"",""Shanghai""]","[""water"",""water"",""water""]",0.0
d360-c6000,15,fixed,feasible-heuristic,4759.6033197232355,285.7599,113.49504878812026,400,23,0,0,0.04886300000362098,"[""Chongqing"",""Jiujiang"",""Shanghai""]","[""water"",""rail""]",20.228719530031135
d360-c6000,15,adaptive,feasible-heuristic,4363.30645185494,576.3870000000001,192.20908711963318,400,34,0,0,0.05292983300751075,"[""Chongqing"",""Jiujiang"",""Jiangyin"",""Shanghai""]","[""water"",""water"",""water""]",10.218165755491437
d360-c6000,15,catastrophe,feasible-heuristic,4694.498904847085,72.23895,53.26331506058857,400,78,0,2,0.05745279201073572,"[""Chongqing"",""Zhangjiagang"",""Shanghai""]","[""rail"",""rail""]",18.5841664211879
d360-c6000,15,combined,feasible-heuristic,4216.543842478364,486.6285,165.9638565501542,400,72,0,2,0.05909066699678078,"[""Chongqing"",""Wuhu"",""Zhangjiagang"",""Shanghai""]","[""water"",""water"",""rail""]",6.510907100739116
d360-c6000,15,hybrid-seeded,feasible-heuristic,3958.7906602751145,522.951,174.38966235931636,400,72,135,2,0.06742724997457117,"[""Chongqing"",""Wuhu"",""Maanshan"",""Shanghai""]","[""water"",""water"",""water""]",0.0
d360-c6000,16,fixed,feasible-heuristic,4638.407165284367,293.35665,114.71110342547519,400,24,0,0,0.052653249993454665,"[""Chongqing"",""Jiujiang"",""Jiangyin"",""Shanghai""]","[""rail"",""water"",""rail""]",17.167275648822077
d360-c6000,16,adaptive,feasible-heuristic,4473.3005710905945,68.83515,50.75362088863243,400,40,0,0,0.04940083296969533,"[""Chongqing"",""Jiujiang"",""Nantong"",""Shanghai""]","[""rail"",""rail"",""rail""]",12.99664354517105
d360-c6000,16,catastrophe,feasible-heuristic,4375.050797616288,346.82669999999996,127.90268415840703,400,63,0,2,0.05396341695450246,"[""Chongqing"",""Jiujiang"",""Nanjing"",""Shanghai""]","[""rail"",""water"",""water""]",10.514830741574134
d360-c6000,16,combined,feasible-heuristic,4692.745127753846,388.7937,141.89751533806523,400,57,0,1,0.05197920900536701,"[""Chongqing"",""Jiujiang"",""Nantong"",""Shanghai""]","[""rail"",""water"",""water""]",18.539865591875614
d360-c6000,16,hybrid-seeded,feasible-heuristic,3958.7906602751145,522.951,174.38966235931636,400,64,135,2,0.06552829104475677,"[""Chongqing"",""Wuhu"",""Maanshan"",""Shanghai""]","[""water"",""water"",""water""]",0.0
d360-c6000,17,fixed,feasible-heuristic,4470.615760674468,394.392,141.8436101597439,400,24,0,0,0.05391616601264104,"[""Chongqing"",""Chenglingji"",""Zhangjiagang"",""Nantong"",""Shanghai""]","[""rail"",""water"",""rail"",""rail""]",12.928824591189292
d360-c6000,17,adaptive,feasible-heuristic,4462.994355981779,432.14025,152.36803773186895,400,31,0,0,0.05536016699625179,"[""Chongqing"",""Chenglingji"",""Zhangjiagang"",""Nantong"",""Shanghai""]","[""rail"",""water"",""water"",""rail""]",12.736306083727733
d360-c6000,17,catastrophe,feasible-heuristic,4470.615760674468,394.392,141.8436101597439,400,63,0,2,0.057744332996662706,"[""Chongqing"",""Chenglingji"",""Zhangjiagang"",""Nantong"",""Shanghai""]","[""rail"",""water"",""rail"",""rail""]",12.928824591189292
d360-c6000,17,combined,feasible-heuristic,4462.994355981779,432.14025,152.36803773186895,400,71,0,2,0.05957441602367908,"[""Chongqing"",""Chenglingji"",""Zhangjiagang"",""Nantong"",""Shanghai""]","[""rail"",""water"",""water"",""rail""]",12.736306083727733
d360-c6000,17,hybrid-seeded,feasible-heuristic,3958.7906602751145,522.951,174.38966235931636,400,70,135,2,0.06422433303669095,"[""Chongqing"",""Wuhu"",""Maanshan"",""Shanghai""]","[""water"",""water"",""water""]",0.0
d360-c6000,18,fixed,feasible-heuristic,4419.779880724368,535.8877499999999,181.13680627531136,400,27,0,0,0.04569600004469976,"[""Chongqing"",""Wuhu"",""Zhangjiagang"",""Nantong"",""Shanghai""]","[""water"",""water"",""rail"",""water""]",11.644698091139215
d360-c6000,18,adaptive,feasible-heuristic,4419.779880724368,535.8877499999999,181.13680627531136,400,34,0,0,0.046948709001298994,"[""Chongqing"",""Wuhu"",""Zhangjiagang"",""Nantong"",""Shanghai""]","[""water"",""water"",""rail"",""water""]",11.644698091139215
d360-c6000,18,catastrophe,feasible-heuristic,4408.318258441018,582.3330000000001,194.19191329720718,400,60,0,2,0.04944099998101592,"[""Chongqing"",""Jiangyin"",""Shanghai""]","[""water"",""water""]",11.355174767808096
d360-c6000,18,combined,feasible-heuristic,4194.478111713214,554.085,184.77198832847017,400,50,0,1,0.05178958299802616,"[""Chongqing"",""Wuhu"",""Zhangjiagang"",""Shanghai""]","[""water"",""water"",""water""]",5.953521458033362
d360-c6000,18,hybrid-seeded,feasible-heuristic,3958.7906602751145,522.951,174.38966235931636,400,74,135,2,0.06629308400442824,"[""Chongqing"",""Wuhu"",""Maanshan"",""Shanghai""]","[""water"",""water"",""water""]",0.0
d360-c6000,19,fixed,feasible-heuristic,4219.2096240100045,557.3520000000001,185.8614422676115,400,24,0,0,0.04829145799158141,"[""Chongqing"",""Anqing"",""Shanghai""]","[""water"",""water""]",6.578245380542347
d360-c6000,19,adaptive,feasible-heuristic,4219.2096240100045,557.3520000000001,185.8614422676115,400,42,0,0,0.051554417004808784,"[""Chongqing"",""Anqing"",""Shanghai""]","[""water"",""water""]",6.578245380542347
d360-c6000,19,catastrophe,feasible-heuristic,4219.2096240100045,557.3520000000001,185.8614422676115,400,69,0,2,0.05591566697694361,"[""Chongqing"",""Anqing"",""Shanghai""]","[""water"",""water""]",6.578245380542347
d360-c6000,19,combined,feasible-heuristic,4219.2096240100045,557.3520000000001,185.8614422676115,400,82,0,2,0.054828291991725564,"[""Chongqing"",""Anqing"",""Shanghai""]","[""water"",""water""]",6.578245380542347
d360-c6000,19,hybrid-seeded,feasible-heuristic,3958.7906602751145,522.951,174.38966235931636,400,74,135,2,0.06611712498124689,"[""Chongqing"",""Wuhu"",""Maanshan"",""Shanghai""]","[""water"",""water"",""water""]",0.0
d360-c6000,20,fixed,feasible-heuristic,5174.247903299726,340.5339,131.76065945923324,400,27,0,0,0.06189804204041138,"[""Chongqing"",""Shashi"",""Jiujiang"",""Shanghai""]","[""water"",""water"",""rail""]",30.70274099666952
d360-c6000,20,adaptive,feasible-heuristic,4408.318258441018,582.3330000000001,194.19191329720718,400,44,0,0,0.04656012501800433,"[""Chongqing"",""Jiangyin"",""Shanghai""]","[""water"",""water""]",11.355174767808096
d360-c6000,20,catastrophe,feasible-heuristic,4963.936284633601,584.8734000000002,198.7516133140684,400,66,0,2,0.057812292012386024,"[""Chongqing"",""Zhicheng"",""Zhangjiagang"",""Shanghai""]","[""rail"",""water"",""water""]",25.390219150629044
d360-c6000,20,combined,feasible-heuristic,4392.859757634373,280.11645000000004,109.33401301200946,400,90,0,2,0.05419504200108349,"[""Chongqing"",""Jiujiang"",""Nantong"",""Shanghai""]","[""water"",""rail"",""rail""]",10.964689335937061
d360-c6000,20,hybrid-seeded,feasible-heuristic,3958.7906602751145,522.951,174.38966235931636,400,72,135,2,0.08443133399123326,"[""Chongqing"",""Wuhu"",""Maanshan"",""Shanghai""]","[""water"",""water"",""water""]",0.0
d360-c6000,21,fixed,feasible-heuristic,4780.137808296518,368.55254999999994,136.84012347542384,400,28,0,0,0.04892854095669463,"[""Chongqing"",""Wuhu"",""Nantong"",""Shanghai""]","[""water"",""rail"",""rail""]",20.747425628318638
d360-c6000,21,adaptive,feasible-heuristic,4780.137808296518,368.55254999999994,136.84012347542384,400,32,0,0,0.053460665978491306,"[""Chongqing"",""Wuhu"",""Nantong"",""Shanghai""]","[""water"",""rail"",""rail""]",20.747425628318638
d360-c6000,21,catastrophe,feasible-heuristic,4634.520350836699,71.316,52.58280438545874,400,63,0,2,0.05638658400857821,"[""Chongqing"",""Nantong"",""Shanghai""]","[""rail"",""rail""]",17.06909378518704
d360-c6000,21,combined,feasible-heuristic,4710.109464055422,577.4290500000001,194.8801508887503,400,74,0,2,0.05812662502285093,"[""Chongqing"",""Yichang"",""Tongling"",""Jiangyin"",""Shanghai""]","[""rail"",""water"",""water"",""water""]",18.97849288469562
d360-c6000,21,hybrid-seeded,feasible-heuristic,3958.7906602751145,522.951,174.38966235931636,400,72,135,2,0.06740358402021229,"[""Chongqing"",""Wuhu"",""Maanshan"",""Shanghai""]","[""water"",""water"",""water""]",0.0
d360-c6000,22,fixed,feasible-heuristic,4929.110765318883,651.129,217.1334722801167,400,21,0,0,0.04236270900582895,"[""Chongqing"",""Nantong"",""Shanghai""]","[""water"",""water""]",24.510518193865206
d360-c6000,22,adaptive,feasible-heuristic,4929.110765318883,651.129,217.1334722801167,400,27,0,0,0.04341320903040469,"[""Chongqing"",""Nantong"",""Shanghai""]","[""water"",""water""]",24.510518193865206
d360-c6000,22,catastrophe,feasible-heuristic,4634.520350836699,71.316,52.58280438545874,400,60,0,2,0.04821141599677503,"[""Chongqing"",""Nantong"",""Shanghai""]","[""rail"",""rail""]",17.06909378518704
d360-c6000,22,combined,feasible-heuristic,4496.865702375991,594.0300000000001,198.0925385577324,400,65,0,2,0.049945542006753385,"[""Chongqing"",""Nanjing"",""Shanghai""]","[""water"",""water""]",13.591904404045518
d360-c6000,22,hybrid-seeded,feasible-heuristic,3958.7906602751145,522.951,174.38966235931636,400,70,135,2,0.0642050409805961,"[""Chongqing"",""Wuhu"",""Maanshan"",""Shanghai""]","[""water"",""water"",""water""]",0.0
d360-c6000,23,fixed,feasible-heuristic,4694.498904847085,72.23895,53.26331506058857,400,30,0,0,0.04226237494731322,"[""Chongqing"",""Zhangjiagang"",""Shanghai""]","[""rail"",""rail""]",18.5841664211879
d360-c6000,23,adaptive,feasible-heuristic,4874.315068653582,402.76500000000004,147.08975843945365,400,30,0,0,0.05214245896786451,"[""Chongqing"",""Wuxue"",""Shanghai""]","[""rail"",""water""]",23.12636577542202
d360-c6000,23,catastrophe,feasible-heuristic,4585.0270712797,605.676,201.97615673197166,400,81,0,2,0.05309166596271098,"[""Chongqing"",""Maanshan"",""Shanghai""]","[""water"",""water""]",15.818881692548636
d360-c6000,23,combined,feasible-heuristic,4874.315068653582,402.76500000000004,147.08975843945365,400,71,0,2,0.058156541956122965,"[""Chongqing"",""Wuxue"",""Shanghai""]","[""rail"",""water""]",23.12636577542202
d360-c6000,23,hybrid-seeded,feasible-heuristic,3958.7906602751145,522.951,174.38966235931636,400,71,135,2,0.06677158299135044,"[""Chongqing"",""Wuhu"",""Maanshan"",""Shanghai""]","[""water"",""water"",""water""]",0.0
d360-c6000,24,fixed,feasible-heuristic,4906.690220253895,75.50415,55.67081650317369,400,19,0,0,0.04614920902531594,"[""Chongqing"",""Shanghai""]","[""rail""]",23.944169856986242
d360-c6000,24,adaptive,feasible-heuristic,4634.520350836699,71.316,52.58280438545874,400,37,0,0,0.04737433302216232,"[""Chongqing"",""Nantong"",""Shanghai""]","[""rail"",""rail""]",17.06909378518704
d360-c6000,24,catastrophe,feasible-heuristic,4208.535784910379,555.942,185.39124635264693,400,62,0,2,0.0510923329857178,"[""Chongqing"",""Honghu"",""Shanghai""]","[""water"",""water""]",6.308621649064627
d360-c6000,24,combined,feasible-heuristic,4634.520350836699,71.316,52.58280438545874,400,77,0,2,0.05151616700459272,"[""Chongqing"",""Nantong"",""Shanghai""]","[""rail"",""rail""]",17.06909378518704
d360-c6000,24,hybrid-seeded,feasible-heuristic,3958.7906602751145,522.951,174.38966235931636,400,74,135,2,0.0652784169651568,"[""Chongqing"",""Wuhu"",""Maanshan"",""Shanghai""]","[""water"",""water"",""water""]",0.0
d360-c6000,25,fixed,feasible-heuristic,4708.616801315826,118.58805000000001,66.29054926352993,400,21,0,0,0.04127870796946809,"[""Chongqing"",""Nantong"",""Shanghai""]","[""rail"",""water""]",18.940787866479457
d360-c6000,25,adaptive,feasible-heuristic,4634.520350836699,71.316,52.58280438545874,400,29,0,0,0.04408420895924792,"[""Chongqing"",""Nantong"",""Shanghai""]","[""rail"",""rail""]",17.06909378518704
d360-c6000,25,catastrophe,feasible-heuristic,4708.616801315826,118.58805000000001,66.29054926352993,400,60,0,2,0.04822058294666931,"[""Chongqing"",""Nantong"",""Shanghai""]","[""rail"",""water""]",18.940787866479457
d360-c6000,25,combined,feasible-heuristic,4219.2096240100045,557.3520000000001,185.8614422676115,400,71,0,2,0.05013124999823049,"[""Chongqing"",""Anqing"",""Shanghai""]","[""water"",""water""]",6.578245380542347
d360-c6000,25,hybrid-seeded,feasible-heuristic,3958.7906602751145,522.951,174.38966235931636,400,72,135,2,0.06524312502006069,"[""Chongqing"",""Wuhu"",""Maanshan"",""Shanghai""]","[""water"",""water"",""water""]",0.0
d360-c6000,26,fixed,feasible-heuristic,4786.584222255595,402.86414999999994,146.44017962740296,400,20,0,0,0.048534708039369434,"[""Chongqing"",""Hankou"",""Nantong"",""Shanghai""]","[""rail"",""water"",""rail""]",20.910263588500854
d360-c6000,26,adaptive,feasible-heuristic,4765.340672734721,446.7462,158.64792450547412,400,28,0,0,0.05044287501368672,"[""Chongqing"",""Hankou"",""Nantong"",""Shanghai""]","[""rail"",""water"",""water""]",20.373646440894543
d360-c6000,26,catastrophe,feasible-heuristic,4408.318258441018,582.3330000000001,194.19191329720718,400,58,0,2,0.05252370802918449,"[""Chongqing"",""Jiangyin"",""Shanghai""]","[""water"",""water""]",11.355174767808096
d360-c6000,26,combined,feasible-heuristic,4694.498904847085,72.23895,53.26331506058857,400,63,0,2,0.0533621659851633,"[""Chongqing"",""Zhangjiagang"",""Shanghai""]","[""rail"",""rail""]",18.5841664211879
d360-c6000,26,hybrid-seeded,feasible-heuristic,3958.7906602751145,522.951,174.38966235931636,400,61,135,2,0.0641002079937607,"[""Chongqing"",""Wuhu"",""Maanshan"",""Shanghai""]","[""water"",""water"",""water""]",0.0
d360-c6000,27,fixed,feasible-heuristic,4466.956208113497,327.38849999999996,123.04175789008065,400,29,0,0,0.047723083989694715,"[""Chongqing"",""Jiujiang"",""Nantong"",""Shanghai""]","[""water"",""rail"",""water""]",12.836383417229435
d360-c6000,27,adaptive,feasible-heuristic,4516.964314297624,596.685,198.97790746144227,400,33,0,0,0.04830141697311774,"[""Chongqing"",""Jiujiang"",""Nantong"",""Shanghai""]","[""water"",""water"",""water""]",14.099600153742898
d360-c6000,27,catastrophe,feasible-heuristic,4466.956208113497,327.38849999999996,123.04175789008065,400,75,0,2,0.05444208299741149,"[""Chongqing"",""Jiujiang"",""Nantong"",""Shanghai""]","[""water"",""rail"",""water""]",12.836383417229435
d360-c6000,27,combined,feasible-heuristic,4400.63113095873,446.5968,156.04077034165275,400,75,0,2,0.05441720801172778,"[""Chongqing"",""Honghu"",""Shanghai""]","[""rail"",""water""]",11.160996086944142
d360-c6000,27,hybrid-seeded,feasible-heuristic,3958.7906602751145,522.951,174.38966235931636,400,59,135,2,0.06320550001692027,"[""Chongqing"",""Wuhu"",""Maanshan"",""Shanghai""]","[""water"",""water"",""water""]",0.0
d360-c6000,28,fixed,feasible-heuristic,4906.690220253895,75.50415,55.67081650317369,400,28,0,0,0.039399667002726346,"[""Chongqing"",""Shanghai""]","[""rail""]",23.944169856986242
d360-c6000,28,adaptive,feasible-heuristic,4906.690220253895,75.50415,55.67081650317369,400,29,0,0,0.04103045800002292,"[""Chongqing"",""Shanghai""]","[""rail""]",23.944169856986242
d360-c6000,28,catastrophe,feasible-heuristic,4507.638158414222,507.19395000000003,173.77432172642622,400,64,0,2,0.046909250027965754,"[""Chongqing"",""Jiangyin"",""Shanghai""]","[""water"",""rail""]",13.864019223005975
d360-c6000,28,combined,feasible-heuristic,4175.197070446019,551.538,183.9226344310129,400,68,0,2,0.05313741700956598,"[""Chongqing"",""Wuhu"",""Jiangyin"",""Shanghai""]","[""water"",""water"",""water""]",5.466477738832132
d360-c6000,28,hybrid-seeded,feasible-heuristic,3958.7906602751145,522.951,174.38966235931636,400,58,135,2,0.08059970801696181,"[""Chongqing"",""Wuhu"",""Maanshan"",""Shanghai""]","[""water"",""water"",""water""]",0.0
d360-c6000,29,fixed,feasible-heuristic,4694.498904847085,72.23895,53.26331506058857,400,21,0,0,0.04341779201058671,"[""Chongqing"",""Zhangjiagang"",""Shanghai""]","[""rail"",""rail""]",18.5841664211879
d360-c6000,29,adaptive,feasible-heuristic,4447.4935189662365,587.508,195.91763234681116,400,26,0,0,0.051153042004443705,"[""Chongqing"",""Yangluo"",""Shanghai""]","[""water"",""water""]",12.344751229082673
d360-c6000,29,catastrophe,feasible-heuristic,4379.516454702828,67.392,49.68955568378534,400,61,0,2,0.05702316696988419,"[""Chongqing"",""Chenglingji"",""Zhangjiagang"",""Shanghai""]","[""rail"",""rail"",""rail""]",10.62763430886935
d360-c6000,29,combined,feasible-heuristic,4447.4935189662365,587.508,195.91763234681116,400,71,0,2,0.057899707986507565,"[""Chongqing"",""Yangluo"",""Shanghai""]","[""water"",""water""]",12.344751229082673
d360-c6000,29,hybrid-seeded,feasible-heuristic,3958.7906602751145,522.951,174.38966235931636,400,72,135,2,0.06610104202991351,"[""Chongqing"",""Wuhu"",""Maanshan"",""Shanghai""]","[""water"",""water"",""water""]",0.0
