time_case,payload_tonnes,deadline_hours,carbon_price_cny_per_tonne,status,best_service_id,best_mode,arrival_hours,transport_cost_cny,time_cost_cny,carbon_cost_cny,total_cost_cny,emissions_kg
p10,10,48,0,infeasible,,,,,,,,
p10,10,48,50,infeasible,,,,,,,,
p10,10,48,62.36,infeasible,,,,,,,,
p10,10,48,74.63,infeasible,,,,,,,,
p10,10,48,97.49,infeasible,,,,,,,,
p10,10,48,106,infeasible,,,,,,,,
p10,10,48,150,infeasible,,,,,,,,
p10,10,48,300,infeasible,,,,,,,,
p10,10,48,1000,infeasible,,,,,,,,
p10,10,48,5000,infeasible,,,,,,,,
p10,10,48,6000,infeasible,,,,,,,,
p10,10,55,0,optimal,cq-sh-rail,rail,55.0,4600.0,0,0.0,4600.0,51.989999999999995
p10,10,55,50,optimal,cq-sh-rail,rail,55.0,4600.0,0,2.5995,4602.5995,51.989999999999995
p10,10,55,62.36,optimal,cq-sh-rail,rail,55.0,4600.0,0,3.2420963999999994,4603.2420964,51.989999999999995
p10,10,55,74.63,optimal,cq-sh-rail,rail,55.0,4600.0,0,3.8800136999999997,4603.8800137,51.989999999999995
p10,10,55,97.49,optimal,cq-sh-rail,rail,55.0,4600.0,0,5.068505099999999,4605.0685051,51.989999999999995
p10,10,55,106,optimal,cq-sh-rail,rail,55.0,4600.0,0,5.51094,4605.51094,51.989999999999995
p10,10,55,150,optimal,cq-sh-rail,rail,55.0,4600.0,0,7.798499999999999,4607.7985,51.989999999999995
p10,10,55,300,optimal,cq-sh-rail,rail,55.0,4600.0,0,15.596999999999998,4615.597,51.989999999999995
p10,10,55,1000,optimal,cq-sh-rail,rail,55.0,4600.0,0,51.989999999999995,4651.99,51.989999999999995
p10,10,55,5000,optimal,cq-sh-rail,rail,55.0,4600.0,0,259.95,4859.95,51.989999999999995
p10,10,55,6000,optimal,cq-sh-rail,rail,55.0,4600.0,0,311.93999999999994,4911.94,51.989999999999995
p10,10,60,0,optimal,cq-sh-rail,rail,55.0,4600.0,0,0.0,4600.0,51.989999999999995
p10,10,60,50,optimal,cq-sh-rail,rail,55.0,4600.0,0,2.5995,4602.5995,51.989999999999995
p10,10,60,62.36,optimal,cq-sh-rail,rail,55.0,4600.0,0,3.2420963999999994,4603.2420964,51.989999999999995
p10,10,60,74.63,optimal,cq-sh-rail,rail,55.0,4600.0,0,3.8800136999999997,4603.8800137,51.989999999999995
p10,10,60,97.49,optimal,cq-sh-rail,rail,55.0,4600.0,0,5.068505099999999,4605.0685051,51.989999999999995
p10,10,60,106,optimal,cq-sh-rail,rail,55.0,4600.0,0,5.51094,4605.51094,51.989999999999995
p10,10,60,150,optimal,cq-sh-rail,rail,55.0,4600.0,0,7.798499999999999,4607.7985,51.989999999999995
p10,10,60,300,optimal,cq-sh-rail,rail,55.0,4600.0,0,15.596999999999998,4615.597,51.989999999999995
p10,10,60,1000,optimal,cq-sh-rail,rail,55.0,4600.0,0,51.989999999999995,4651.99,51.989999999999995
p10,10,60,5000,optimal,cq-sh-rail,rail,55.0,4600.0,0,259.95,4859.95,51.989999999999995
p10,10,60,6000,optimal,cq-sh-rail,rail,55.0,4600.0,0,311.93999999999994,4911.94,51.989999999999995
p10,10,72,0,optimal,cq-sh-rail,rail,55.0,4600.0,0,0.0,4600.0,51.989999999999995
p10,10,72,50,optimal,cq-sh-rail,rail,55.0,4600.0,0,2.5995,4602.5995,51.989999999999995
p10,10,72,62.36,optimal,cq-sh-rail,rail,55.0,4600.0,0,3.2420963999999994,4603.2420964,51.989999999999995
p10,10,72,74.63,optimal,cq-sh-rail,rail,55.0,4600.0,0,3.8800136999999997,4603.8800137,51.989999999999995
p10,10,72,97.49,optimal,cq-sh-rail,rail,55.0,4600.0,0,5.068505099999999,4605.0685051,51.989999999999995
p10,10,72,106,optimal,cq-sh-rail,rail,55.0,4600.0,0,5.51094,4605.51094,51.989999999999995
p10,10,72,150,optimal,cq-sh-rail,rail,55.0,4600.0,0,7.798499999999999,4607.7985,51.989999999999995
p10,10,72,300,optimal,cq-sh-rail,rail,55.0,4600.0,0,15.596999999999998,4615.597,51.989999999999995
p10,10,72,1000,optimal,cq-sh-rail,rail,55.0,4600.0,0,51.989999999999995,4651.99,51.989999999999995
p10,10,72,5000,optimal,cq-sh-rail,rail,55.0,4600.0,0,259.95,4859.95,51.989999999999995
p10,10,72,6000,optimal,cq-sh-rail,rail,55.0,4600.0,0,311.93999999999994,4911.94,51.989999999999995
p10,10,96,0,optimal,cq-sh-rail,rail,55.0,4600.0,0,0.0,4600.0,51.989999999999995
p10,10,96,50,optimal,cq-sh-rail,rail,55.0,4600.0,0,2.5995,4602.5995,51.989999999999995
p10,10,96,62.36,optimal,cq-sh-rail,rail,55.0,4600.0,0,3.2420963999999994,4603.2420964,51.989999999999995
p10,10,96,74.63,optimal,cq-sh-rail,rail,55.0,4600.0,0,3.8800136999999997,4603.8800137,51.989999999999995
p10,10,96,97.49,optimal,cq-sh-rail,rail,55.0,4600.0,0,5.068505099999999,4605.0685051,51.989999999999995
p10,10,96,106,optimal,cq-sh-rail,rail,55.0,4600.0,0,5.51094,4605.51094,51.989999999999995
p10,10,96,150,optimal,cq-sh-rail,rail,55.0,4600.0,0,7.798499999999999,4607.7985,51.989999999999995
p10,10,96,300,optimal,cq-sh-rail,rail,55.0,4600.0,0,15.596999999999998,4615.597,51.989999999999995
p10,10,96,1000,optimal,cq-sh-rail,rail,55.0,4600.0,0,51.989999999999995,4651.99,51.989999999999995
p10,10,96,5000,optimal,cq-sh-rail,rail,55.0,4600.0,0,259.95,4859.95,51.989999999999995
p10,10,96,6000,optimal,cq-sh-rail,rail,55.0,4600.0,0,311.93999999999994,4911.94,51.989999999999995
p10,10,120,0,optimal,cq-sh-rail,rail,55.0,4600.0,0,0.0,4600.0,51.989999999999995
p10,10,120,50,optimal,cq-sh-rail,rail,55.0,4600.0,0,2.5995,4602.5995,51.989999999999995
p10,10,120,62.36,optimal,cq-sh-rail,rail,55.0,4600.0,0,3.2420963999999994,4603.2420964,51.989999999999995
p10,10,120,74.63,optimal,cq-sh-rail,rail,55.0,4600.0,0,3.8800136999999997,4603.8800137,51.989999999999995
p10,10,120,97.49,optimal,cq-sh-rail,rail,55.0,4600.0,0,5.068505099999999,4605.0685051,51.989999999999995
p10,10,120,106,optimal,cq-sh-rail,rail,55.0,4600.0,0,5.51094,4605.51094,51.989999999999995
p10,10,120,150,optimal,cq-sh-rail,rail,55.0,4600.0,0,7.798499999999999,4607.7985,51.989999999999995
p10,10,120,300,optimal,cq-sh-rail,rail,55.0,4600.0,0,15.596999999999998,4615.597,51.989999999999995
p10,10,120,1000,optimal,cq-sh-rail,rail,55.0,4600.0,0,51.989999999999995,4651.99,51.989999999999995
p10,10,120,5000,optimal,cq-sh-rail,rail,55.0,4600.0,0,259.95,4859.95,51.989999999999995
p10,10,120,6000,optimal,cq-sh-rail,rail,55.0,4600.0,0,311.93999999999994,4911.94,51.989999999999995
p10,10,192,0,optimal,cq-sh-water-express,water,192.0,1400.0,0,0.0,1400.0,479.80000000000007
p10,10,192,50,optimal,cq-sh-water-express,water,192.0,1400.0,0,23.990000000000006,1423.99,479.80000000000007
p10,10,192,62.36,optimal,cq-sh-water-express,water,192.0,1400.0,0,29.920328000000005,1429.920328,479.80000000000007
p10,10,192,74.63,optimal,cq-sh-water-express,water,192.0,1400.0,0,35.807474000000006,1435.807474,479.80000000000007
p10,10,192,97.49,optimal,cq-sh-water-express,water,192.0,1400.0,0,46.775702,1446.775702,479.80000000000007
p10,10,192,106,optimal,cq-sh-water-express,water,192.0,1400.0,0,50.85880000000001,1450.8588,479.80000000000007
p10,10,192,150,optimal,cq-sh-water-express,water,192.0,1400.0,0,71.97000000000001,1471.97,479.80000000000007
p10,10,192,300,optimal,cq-sh-water-express,water,192.0,1400.0,0,143.94000000000003,1543.94,479.80000000000007
p10,10,192,1000,optimal,cq-sh-water-express,water,192.0,1400.0,0,479.80000000000007,1879.8000000000002,479.80000000000007
p10,10,192,5000,optimal,cq-sh-water-express,water,192.0,1400.0,0,2399.0000000000005,3799.0000000000005,479.80000000000007
p10,10,192,6000,optimal,cq-sh-water-express,water,192.0,1400.0,0,2878.8,4278.8,479.80000000000007
p10,10,204,0,optimal,cq-sh-water-express,water,192.0,1400.0,0,0.0,1400.0,479.80000000000007
p10,10,204,50,optimal,cq-sh-water-express,water,192.0,1400.0,0,23.990000000000006,1423.99,479.80000000000007
p10,10,204,62.36,optimal,cq-sh-water-express,water,192.0,1400.0,0,29.920328000000005,1429.920328,479.80000000000007
p10,10,204,74.63,optimal,cq-sh-water-express,water,192.0,1400.0,0,35.807474000000006,1435.807474,479.80000000000007
p10,10,204,97.49,optimal,cq-sh-water-express,water,192.0,1400.0,0,46.775702,1446.775702,479.80000000000007
p10,10,204,106,optimal,cq-sh-water-express,water,192.0,1400.0,0,50.85880000000001,1450.8588,479.80000000000007
p10,10,204,150,optimal,cq-sh-water-express,water,192.0,1400.0,0,71.97000000000001,1471.97,479.80000000000007
p10,10,204,300,optimal,cq-sh-water-express,water,192.0,1400.0,0,143.94000000000003,1543.94,479.80000000000007
p10,10,204,1000,optimal,cq-sh-water-express,water,192.0,1400.0,0,479.80000000000007,1879.8000000000002,479.80000000000007
p10,10,204,5000,optimal,cq-sh-water-express,water,192.0,1400.0,0,2399.0000000000005,3799.0000000000005,479.80000000000007
p10,10,204,6000,optimal,cq-sh-water-express,water,192.0,1400.0,0,2878.8,4278.8,479.80000000000007
p10,10,216,0,optimal,cq-sh-water-express,water,192.0,1400.0,0,0.0,1400.0,479.80000000000007
p10,10,216,50,optimal,cq-sh-water-express,water,192.0,1400.0,0,23.990000000000006,1423.99,479.80000000000007
p10,10,216,62.36,optimal,cq-sh-water-express,water,192.0,1400.0,0,29.920328000000005,1429.920328,479.80000000000007
p10,10,216,74.63,optimal,cq-sh-water-express,water,192.0,1400.0,0,35.807474000000006,1435.807474,479.80000000000007
p10,10,216,97.49,optimal,cq-sh-water-express,water,192.0,1400.0,0,46.775702,1446.775702,479.80000000000007
p10,10,216,106,optimal,cq-sh-water-express,water,192.0,1400.0,0,50.85880000000001,1450.8588,479.80000000000007
p10,10,216,150,optimal,cq-sh-water-express,water,192.0,1400.0,0,71.97000000000001,1471.97,479.80000000000007
p10,10,216,300,optimal,cq-sh-water-express,water,192.0,1400.0,0,143.94000000000003,1543.94,479.80000000000007
p10,10,216,1000,optimal,cq-sh-water-express,water,192.0,1400.0,0,479.80000000000007,1879.8000000000002,479.80000000000007
p10,10,216,5000,optimal,cq-sh-water-express,water,192.0,1400.0,0,2399.0000000000005,3799.0000000000005,479.80000000000007
p10,10,216,6000,optimal,cq-sh-water-express,water,192.0,1400.0,0,2878.8,4278.8,479.80000000000007
p10,10,240,0,optimal,cq-sh-water-regular,water,240.0,1130.0,0,0.0,1130.0,479.80000000000007
p10,10,240,50,optimal,cq-sh-water-regular,water,240.0,1130.0,0,23.990000000000006,1153.99,479.80000000000007
p10,10,240,62.36,optimal,cq-sh-water-regular,water,240.0,1130.0,0,29.920328000000005,1159.920328,479.80000000000007
p10,10,240,74.63,optimal,cq-sh-water-regular,water,240.0,1130.0,0,35.807474000000006,1165.807474,479.80000000000007
p10,10,240,97.49,optimal,cq-sh-water-regular,water,240.0,1130.0,0,46.775702,1176.775702,479.80000000000007
p10,10,240,106,optimal,cq-sh-water-regular,water,240.0,1130.0,0,50.85880000000001,1180.8588,479.80000000000007
p10,10,240,150,optimal,cq-sh-water-regular,water,240.0,1130.0,0,71.97000000000001,1201.97,479.80000000000007
p10,10,240,300,optimal,cq-sh-water-regular,water,240.0,1130.0,0,143.94000000000003,1273.94,479.80000000000007
p10,10,240,1000,optimal,cq-sh-water-regular,water,240.0,1130.0,0,479.80000000000007,1609.8000000000002,479.80000000000007
p10,10,240,5000,optimal,cq-sh-water-regular,water,240.0,1130.0,0,2399.0000000000005,3529.0000000000005,479.80000000000007
p10,10,240,6000,optimal,cq-sh-water-regular,water,240.0,1130.0,0,2878.8,4008.8,479.80000000000007
p10,10,276,0,optimal,cq-sh-water-regular,water,240.0,1130.0,0,0.0,1130.0,479.80000000000007
p10,10,276,50,optimal,cq-sh-water-regular,water,240.0,1130.0,0,23.990000000000006,1153.99,479.80000000000007
p10,10,276,62.36,optimal,cq-sh-water-regular,water,240.0,1130.0,0,29.920328000000005,1159.920328,479.80000000000007
p10,10,276,74.63,optimal,cq-sh-water-regular,water,240.0,1130.0,0,35.807474000000006,1165.807474,479.80000000000007
p10,10,276,97.49,optimal,cq-sh-water-regular,water,240.0,1130.0,0,46.775702,1176.775702,479.80000000000007
p10,10,276,106,optimal,cq-sh-water-regular,water,240.0,1130.0,0,50.85880000000001,1180.8588,479.80000000000007
p10,10,276,150,optimal,cq-sh-water-regular,water,240.0,1130.0,0,71.97000000000001,1201.97,479.80000000000007
p10,10,276,300,optimal,cq-sh-water-regular,water,240.0,1130.0,0,143.94000000000003,1273.94,479.80000000000007
p10,10,276,1000,optimal,cq-sh-water-regular,water,240.0,1130.0,0,479.80000000000007,1609.8000000000002,479.80000000000007
p10,10,276,5000,optimal,cq-sh-water-regular,water,240.0,1130.0,0,2399.0000000000005,3529.0000000000005,479.80000000000007
p10,10,276,6000,optimal,cq-sh-water-regular,water,240.0,1130.0,0,2878.8,4008.8,479.80000000000007
p10,10,360,0,optimal,cq-sh-water-regular,water,240.0,1130.0,0,0.0,1130.0,479.80000000000007
p10,10,360,50,optimal,cq-sh-water-regular,water,240.0,1130.0,0,23.990000000000006,1153.99,479.80000000000007
p10,10,360,62.36,optimal,cq-sh-water-regular,water,240.0,1130.0,0,29.920328000000005,1159.920328,479.80000000000007
p10,10,360,74.63,optimal,cq-sh-water-regular,water,240.0,1130.0,0,35.807474000000006,1165.807474,479.80000000000007
p10,10,360,97.49,optimal,cq-sh-water-regular,water,240.0,1130.0,0,46.775702,1176.775702,479.80000000000007
p10,10,360,106,optimal,cq-sh-water-regular,water,240.0,1130.0,0,50.85880000000001,1180.8588,479.80000000000007
p10,10,360,150,optimal,cq-sh-water-regular,water,240.0,1130.0,0,71.97000000000001,1201.97,479.80000000000007
p10,10,360,300,optimal,cq-sh-water-regular,water,240.0,1130.0,0,143.94000000000003,1273.94,479.80000000000007
p10,10,360,1000,optimal,cq-sh-water-regular,water,240.0,1130.0,0,479.80000000000007,1609.8000000000002,479.80000000000007
p10,10,360,5000,optimal,cq-sh-water-regular,water,240.0,1130.0,0,2399.0000000000005,3529.0000000000005,479.80000000000007
p10,10,360,6000,optimal,cq-sh-water-regular,water,240.0,1130.0,0,2878.8,4008.8,479.80000000000007
p10,15,48,0,infeasible,,,,,,,,
p10,15,48,50,infeasible,,,,,,,,
p10,15,48,62.36,infeasible,,,,,,,,
p10,15,48,74.63,infeasible,,,,,,,,
p10,15,48,97.49,infeasible,,,,,,,,
p10,15,48,106,infeasible,,,,,,,,
p10,15,48,150,infeasible,,,,,,,,
p10,15,48,300,infeasible,,,,,,,,
p10,15,48,1000,infeasible,,,,,,,,
p10,15,48,5000,infeasible,,,,,,,,
p10,15,48,6000,infeasible,,,,,,,,
p10,15,55,0,optimal,cq-sh-rail,rail,55.0,4600.0,0,0.0,4600.0,77.985
p10,15,55,50,optimal,cq-sh-rail,rail,55.0,4600.0,0,3.8992500000000003,4603.89925,77.985
p10,15,55,62.36,optimal,cq-sh-rail,rail,55.0,4600.0,0,4.8631446,4604.8631446,77.985
p10,15,55,74.63,optimal,cq-sh-rail,rail,55.0,4600.0,0,5.82002055,4605.82002055,77.985
p10,15,55,97.49,optimal,cq-sh-rail,rail,55.0,4600.0,0,7.602757649999999,4607.60275765,77.985
p10,15,55,106,optimal,cq-sh-rail,rail,55.0,4600.0,0,8.26641,4608.26641,77.985
p10,15,55,150,optimal,cq-sh-rail,rail,55.0,4600.0,0,11.69775,4611.69775,77.985
p10,15,55,300,optimal,cq-sh-rail,rail,55.0,4600.0,0,23.3955,4623.3955,77.985
p10,15,55,1000,optimal,cq-sh-rail,rail,55.0,4600.0,0,77.985,4677.985,77.985
p10,15,55,5000,optimal,cq-sh-rail,rail,55.0,4600.0,0,389.925,4989.925,77.985
p10,15,55,6000,optimal,cq-sh-rail,rail,55.0,4600.0,0,467.90999999999997,5067.91,77.985
p10,15,60,0,optimal,cq-sh-rail,rail,55.0,4600.0,0,0.0,4600.0,77.985
p10,15,60,50,optimal,cq-sh-rail,rail,55.0,4600.0,0,3.8992500000000003,4603.89925,77.985
p10,15,60,62.36,optimal,cq-sh-rail,rail,55.0,4600.0,0,4.8631446,4604.8631446,77.985
p10,15,60,74.63,optimal,cq-sh-rail,rail,55.0,4600.0,0,5.82002055,4605.82002055,77.985
p10,15,60,97.49,optimal,cq-sh-rail,rail,55.0,4600.0,0,7.602757649999999,4607.60275765,77.985
p10,15,60,106,optimal,cq-sh-rail,rail,55.0,4600.0,0,8.26641,4608.26641,77.985
p10,15,60,150,optimal,cq-sh-rail,rail,55.0,4600.0,0,11.69775,4611.69775,77.985
p10,15,60,300,optimal,cq-sh-rail,rail,55.0,4600.0,0,23.3955,4623.3955,77.985
p10,15,60,1000,optimal,cq-sh-rail,rail,55.0,4600.0,0,77.985,4677.985,77.985
p10,15,60,5000,optimal,cq-sh-rail,rail,55.0,4600.0,0,389.925,4989.925,77.985
p10,15,60,6000,optimal,cq-sh-rail,rail,55.0,4600.0,0,467.90999999999997,5067.91,77.985
p10,15,72,0,optimal,cq-sh-rail,rail,55.0,4600.0,0,0.0,4600.0,77.985
p10,15,72,50,optimal,cq-sh-rail,rail,55.0,4600.0,0,3.8992500000000003,4603.89925,77.985
p10,15,72,62.36,optimal,cq-sh-rail,rail,55.0,4600.0,0,4.8631446,4604.8631446,77.985
p10,15,72,74.63,optimal,cq-sh-rail,rail,55.0,4600.0,0,5.82002055,4605.82002055,77.985
p10,15,72,97.49,optimal,cq-sh-rail,rail,55.0,4600.0,0,7.602757649999999,4607.60275765,77.985
p10,15,72,106,optimal,cq-sh-rail,rail,55.0,4600.0,0,8.26641,4608.26641,77.985
p10,15,72,150,optimal,cq-sh-rail,rail,55.0,4600.0,0,11.69775,4611.69775,77.985
p10,15,72,300,optimal,cq-sh-rail,rail,55.0,4600.0,0,23.3955,4623.3955,77.985
p10,15,72,1000,optimal,cq-sh-rail,rail,55.0,4600.0,0,77.985,4677.985,77.985
p10,15,72,5000,optimal,cq-sh-rail,rail,55.0,4600.0,0,389.925,4989.925,77.985
p10,15,72,6000,optimal,cq-sh-rail,rail,55.0,4600.0,0,467.90999999999997,5067.91,77.985
p10,15,96,0,optimal,cq-sh-rail,rail,55.0,4600.0,0,0.0,4600.0,77.985
p10,15,96,50,optimal,cq-sh-rail,rail,55.0,4600.0,0,3.8992500000000003,4603.89925,77.985
p10,15,96,62.36,optimal,cq-sh-rail,rail,55.0,4600.0,0,4.8631446,4604.8631446,77.985
p10,15,96,74.63,optimal,cq-sh-rail,rail,55.0,4600.0,0,5.82002055,4605.82002055,77.985
p10,15,96,97.49,optimal,cq-sh-rail,rail,55.0,4600.0,0,7.602757649999999,4607.60275765,77.985
p10,15,96,106,optimal,cq-sh-rail,rail,55.0,4600.0,0,8.26641,4608.26641,77.985
p10,15,96,150,optimal,cq-sh-rail,rail,55.0,4600.0,0,11.69775,4611.69775,77.985
p10,15,96,300,optimal,cq-sh-rail,rail,55.0,4600.0,0,23.3955,4623.3955,77.985
p10,15,96,1000,optimal,cq-sh-rail,rail,55.0,4600.0,0,77.985,4677.985,77.985
p10,15,96,5000,optimal,cq-sh-rail,rail,55.0,4600.0,0,389.925,4989.925,77.985
p10,15,96,6000,optimal,cq-sh-rail,rail,55.0,4600.0,0,467.90999999999997,5067.91,77.985
p10,15,120,0,optimal,cq-sh-rail,rail,55.0,4600.0,0,0.0,4600.0,77.985
p10,15,120,50,optimal,cq-sh-rail,rail,55.0,4600.0,0,3.8992500000000003,4603.89925,77.985
p10,15,120,62.36,optimal,cq-sh-rail,rail,55.0,4600.0,0,4.8631446,4604.8631446,77.985
p10,15,120,74.63,optimal,cq-sh-rail,rail,55.0,4600.0,0,5.82002055,4605.82002055,77.985
p10,15,120,97.49,optimal,cq-sh-rail,rail,55.0,4600.0,0,7.602757649999999,4607.60275765,77.985
p10,15,120,106,optimal,cq-sh-rail,rail,55.0,4600.0,0,8.26641,4608.26641,77.985
p10,15,120,150,optimal,cq-sh-rail,rail,55.0,4600.0,0,11.69775,4611.69775,77.985
p10,15,120,300,optimal,cq-sh-rail,rail,55.0,4600.0,0,23.3955,4623.3955,77.985
p10,15,120,1000,optimal,cq-sh-rail,rail,55.0,4600.0,0,77.985,4677.985,77.985
p10,15,120,5000,optimal,cq-sh-rail,rail,55.0,4600.0,0,389.925,4989.925,77.985
p10,15,120,6000,optimal,cq-sh-rail,rail,55.0,4600.0,0,467.90999999999997,5067.91,77.985
p10,15,192,0,optimal,cq-sh-water-express,water,192.0,1400.0,0,0.0,1400.0,719.7
p10,15,192,50,optimal,cq-sh-water-express,water,192.0,1400.0,0,35.98500000000001,1435.985,719.7
p10,15,192,62.36,optimal,cq-sh-water-express,water,192.0,1400.0,0,44.880492000000004,1444.880492,719.7
p10,15,192,74.63,optimal,cq-sh-water-express,water,192.0,1400.0,0,53.711211000000006,1453.711211,719.7
p10,15,192,97.49,optimal,cq-sh-water-express,water,192.0,1400.0,0,70.163553,1470.163553,719.7
p10,15,192,106,optimal,cq-sh-water-express,water,192.0,1400.0,0,76.2882,1476.2882,719.7
p10,15,192,150,optimal,cq-sh-water-express,water,192.0,1400.0,0,107.955,1507.955,719.7
p10,15,192,300,optimal,cq-sh-water-express,water,192.0,1400.0,0,215.91,1615.91,719.7
p10,15,192,1000,optimal,cq-sh-water-express,water,192.0,1400.0,0,719.7,2119.7,719.7
p10,15,192,5000,optimal,cq-sh-rail,rail,55.0,4600.0,0,389.925,4989.925,77.985
p10,15,192,6000,optimal,cq-sh-rail,rail,55.0,4600.0,0,467.90999999999997,5067.91,77.985
p10,15,204,0,optimal,cq-sh-water-express,water,192.0,1400.0,0,0.0,1400.0,719.7
p10,15,204,50,optimal,cq-sh-water-express,water,192.0,1400.0,0,35.98500000000001,1435.985,719.7
p10,15,204,62.36,optimal,cq-sh-water-express,water,192.0,1400.0,0,44.880492000000004,1444.880492,719.7
p10,15,204,74.63,optimal,cq-sh-water-express,water,192.0,1400.0,0,53.711211000000006,1453.711211,719.7
p10,15,204,97.49,optimal,cq-sh-water-express,water,192.0,1400.0,0,70.163553,1470.163553,719.7
p10,15,204,106,optimal,cq-sh-water-express,water,192.0,1400.0,0,76.2882,1476.2882,719.7
p10,15,204,150,optimal,cq-sh-water-express,water,192.0,1400.0,0,107.955,1507.955,719.7
p10,15,204,300,optimal,cq-sh-water-express,water,192.0,1400.0,0,215.91,1615.91,719.7
p10,15,204,1000,optimal,cq-sh-water-express,water,192.0,1400.0,0,719.7,2119.7,719.7
p10,15,204,5000,optimal,cq-sh-rail,rail,55.0,4600.0,0,389.925,4989.925,77.985
p10,15,204,6000,optimal,cq-sh-rail,rail,55.0,4600.0,0,467.90999999999997,5067.91,77.985
p10,15,216,0,optimal,cq-sh-water-express,water,192.0,1400.0,0,0.0,1400.0,719.7
p10,15,216,50,optimal,cq-sh-water-express,water,192.0,1400.0,0,35.98500000000001,1435.985,719.7
p10,15,216,62.36,optimal,cq-sh-water-express,water,192.0,1400.0,0,44.880492000000004,1444.880492,719.7
p10,15,216,74.63,optimal,cq-sh-water-express,water,192.0,1400.0,0,53.711211000000006,1453.711211,719.7
p10,15,216,97.49,optimal,cq-sh-water-express,water,192.0,1400.0,0,70.163553,1470.163553,719.7
p10,15,216,106,optimal,cq-sh-water-express,water,192.0,1400.0,0,76.2882,1476.2882,719.7
p10,15,216,150,optimal,cq-sh-water-express,water,192.0,1400.0,0,107.955,1507.955,719.7
p10,15,216,300,optimal,cq-sh-water-express,water,192.0,1400.0,0,215.91,1615.91,719.7
p10,15,216,1000,optimal,cq-sh-water-express,water,192.0,1400.0,0,719.7,2119.7,719.7
p10,15,216,5000,optimal,cq-sh-rail,rail,55.0,4600.0,0,389.925,4989.925,77.985
p10,15,216,6000,optimal,cq-sh-rail,rail,55.0,4600.0,0,467.90999999999997,5067.91,77.985
p10,15,240,0,optimal,cq-sh-water-regular,water,240.0,1130.0,0,0.0,1130.0,719.7
p10,15,240,50,optimal,cq-sh-water-regular,water,240.0,1130.0,0,35.98500000000001,1165.985,719.7
p10,15,240,62.36,optimal,cq-sh-water-regular,water,240.0,1130.0,0,44.880492000000004,1174.880492,719.7
p10,15,240,74.63,optimal,cq-sh-water-regular,water,240.0,1130.0,0,53.711211000000006,1183.711211,719.7
p10,15,240,97.49,optimal,cq-sh-water-regular,water,240.0,1130.0,0,70.163553,1200.163553,719.7
p10,15,240,106,optimal,cq-sh-water-regular,water,240.0,1130.0,0,76.2882,1206.2882,719.7
p10,15,240,150,optimal,cq-sh-water-regular,water,240.0,1130.0,0,107.955,1237.955,719.7
p10,15,240,300,optimal,cq-sh-water-regular,water,240.0,1130.0,0,215.91,1345.91,719.7
p10,15,240,1000,optimal,cq-sh-water-regular,water,240.0,1130.0,0,719.7,1849.7,719.7
p10,15,240,5000,optimal,cq-sh-water-regular,water,240.0,1130.0,0,3598.5,4728.5,719.7
p10,15,240,6000,optimal,cq-sh-rail,rail,55.0,4600.0,0,467.90999999999997,5067.91,77.985
p10,15,276,0,optimal,cq-sh-water-regular,water,240.0,1130.0,0,0.0,1130.0,719.7
p10,15,276,50,optimal,cq-sh-water-regular,water,240.0,1130.0,0,35.98500000000001,1165.985,719.7
p10,15,276,62.36,optimal,cq-sh-water-regular,water,240.0,1130.0,0,44.880492000000004,1174.880492,719.7
p10,15,276,74.63,optimal,cq-sh-water-regular,water,240.0,1130.0,0,53.711211000000006,1183.711211,719.7
p10,15,276,97.49,optimal,cq-sh-water-regular,water,240.0,1130.0,0,70.163553,1200.163553,719.7
p10,15,276,106,optimal,cq-sh-water-regular,water,240.0,1130.0,0,76.2882,1206.2882,719.7
p10,15,276,150,optimal,cq-sh-water-regular,water,240.0,1130.0,0,107.955,1237.955,719.7
p10,15,276,300,optimal,cq-sh-water-regular,water,240.0,1130.0,0,215.91,1345.91,719.7
p10,15,276,1000,optimal,cq-sh-water-regular,water,240.0,1130.0,0,719.7,1849.7,719.7
p10,15,276,5000,optimal,cq-sh-water-regular,water,240.0,1130.0,0,3598.5,4728.5,719.7
p10,15,276,6000,optimal,cq-sh-rail,rail,55.0,4600.0,0,467.90999999999997,5067.91,77.985
p10,15,360,0,optimal,cq-sh-water-regular,water,240.0,1130.0,0,0.0,1130.0,719.7
p10,15,360,50,optimal,cq-sh-water-regular,water,240.0,1130.0,0,35.98500000000001,1165.985,719.7
p10,15,360,62.36,optimal,cq-sh-water-regular,water,240.0,1130.0,0,44.880492000000004,1174.880492,719.7
p10,15,360,74.63,optimal,cq-sh-water-regular,water,240.0,1130.0,0,53.711211000000006,1183.711211,719.7
p10,15,360,97.49,optimal,cq-sh-water-regular,water,240.0,1130.0,0,70.163553,1200.163553,719.7
p10,15,360,106,optimal,cq-sh-water-regular,water,240.0,1130.0,0,76.2882,1206.2882,719.7
p10,15,360,150,optimal,cq-sh-water-regular,water,240.0,1130.0,0,107.955,1237.955,719.7
p10,15,360,300,optimal,cq-sh-water-regular,water,240.0,1130.0,0,215.91,1345.91,719.7
p10,15,360,1000,optimal,cq-sh-water-regular,water,240.0,1130.0,0,719.7,1849.7,719.7
p10,15,360,5000,optimal,cq-sh-water-regular,water,240.0,1130.0,0,3598.5,4728.5,719.7
p10,15,360,6000,optimal,cq-sh-rail,rail,55.0,4600.0,0,467.90999999999997,5067.91,77.985
p10,20,48,0,infeasible,,,,,,,,
p10,20,48,50,infeasible,,,,,,,,
p10,20,48,62.36,infeasible,,,,,,,,
p10,20,48,74.63,infeasible,,,,,,,,
p10,20,48,97.49,infeasible,,,,,,,,
p10,20,48,106,infeasible,,,,,,,,
p10,20,48,150,infeasible,,,,,,,,
p10,20,48,300,infeasible,,,,,,,,
p10,20,48,1000,infeasible,,,,,,,,
p10,20,48,5000,infeasible,,,,,,,,
p10,20,48,6000,infeasible,,,,,,,,
p10,20,55,0,optimal,cq-sh-rail,rail,55.0,4600.0,0,0.0,4600.0,103.97999999999999
p10,20,55,50,optimal,cq-sh-rail,rail,55.0,4600.0,0,5.199,4605.199,103.97999999999999
p10,20,55,62.36,optimal,cq-sh-rail,rail,55.0,4600.0,0,6.484192799999999,4606.4841928,103.97999999999999
p10,20,55,74.63,optimal,cq-sh-rail,rail,55.0,4600.0,0,7.760027399999999,4607.7600274,103.97999999999999
p10,20,55,97.49,optimal,cq-sh-rail,rail,55.0,4600.0,0,10.137010199999999,4610.1370102,103.97999999999999
p10,20,55,106,optimal,cq-sh-rail,rail,55.0,4600.0,0,11.02188,4611.02188,103.97999999999999
p10,20,55,150,optimal,cq-sh-rail,rail,55.0,4600.0,0,15.596999999999998,4615.597,103.97999999999999
p10,20,55,300,optimal,cq-sh-rail,rail,55.0,4600.0,0,31.193999999999996,4631.194,103.97999999999999
p10,20,55,1000,optimal,cq-sh-rail,rail,55.0,4600.0,0,103.97999999999999,4703.98,103.97999999999999
p10,20,55,5000,optimal,cq-sh-rail,rail,55.0,4600.0,0,519.9,5119.9,103.97999999999999
p10,20,55,6000,optimal,cq-sh-rail,rail,55.0,4600.0,0,623.8799999999999,5223.88,103.97999999999999
p10,20,60,0,optimal,cq-sh-rail,rail,55.0,4600.0,0,0.0,4600.0,103.97999999999999
p10,20,60,50,optimal,cq-sh-rail,rail,55.0,4600.0,0,5.199,4605.199,103.97999999999999
p10,20,60,62.36,optimal,cq-sh-rail,rail,55.0,4600.0,0,6.484192799999999,4606.4841928,103.97999999999999
p10,20,60,74.63,optimal,cq-sh-rail,rail,55.0,4600.0,0,7.760027399999999,4607.7600274,103.97999999999999
p10,20,60,97.49,optimal,cq-sh-rail,rail,55.0,4600.0,0,10.137010199999999,4610.1370102,103.97999999999999
p10,20,60,106,optimal,cq-sh-rail,rail,55.0,4600.0,0,11.02188,4611.02188,103.97999999999999
p10,20,60,150,optimal,cq-sh-rail,rail,55.0,4600.0,0,15.596999999999998,4615.597,103.97999999999999
p10,20,60,300,optimal,cq-sh-rail,rail,55.0,4600.0,0,31.193999999999996,4631.194,103.97999999999999
p10,20,60,1000,optimal,cq-sh-rail,rail,55.0,4600.0,0,103.97999999999999,4703.98,103.97999999999999
p10,20,60,5000,optimal,cq-sh-rail,rail,55.0,4600.0,0,519.9,5119.9,103.97999999999999
p10,20,60,6000,optimal,cq-sh-rail,rail,55.0,4600.0,0,623.8799999999999,5223.88,103.97999999999999
p10,20,72,0,optimal,cq-sh-rail,rail,55.0,4600.0,0,0.0,4600.0,103.97999999999999
p10,20,72,50,optimal,cq-sh-rail,rail,55.0,4600.0,0,5.199,4605.199,103.97999999999999
p10,20,72,62.36,optimal,cq-sh-rail,rail,55.0,4600.0,0,6.484192799999999,4606.4841928,103.97999999999999
p10,20,72,74.63,optimal,cq-sh-rail,rail,55.0,4600.0,0,7.760027399999999,4607.7600274,103.97999999999999
p10,20,72,97.49,optimal,cq-sh-rail,rail,55.0,4600.0,0,10.137010199999999,4610.1370102,103.97999999999999
p10,20,72,106,optimal,cq-sh-rail,rail,55.0,4600.0,0,11.02188,4611.02188,103.97999999999999
p10,20,72,150,optimal,cq-sh-rail,rail,55.0,4600.0,0,15.596999999999998,4615.597,103.97999999999999
p10,20,72,300,optimal,cq-sh-rail,rail,55.0,4600.0,0,31.193999999999996,4631.194,103.97999999999999
p10,20,72,1000,optimal,cq-sh-rail,rail,55.0,4600.0,0,103.97999999999999,4703.98,103.97999999999999
p10,20,72,5000,optimal,cq-sh-rail,rail,55.0,4600.0,0,519.9,5119.9,103.97999999999999
p10,20,72,6000,optimal,cq-sh-rail,rail,55.0,4600.0,0,623.8799999999999,5223.88,103.97999999999999
p10,20,96,0,optimal,cq-sh-rail,rail,55.0,4600.0,0,0.0,4600.0,103.97999999999999
p10,20,96,50,optimal,cq-sh-rail,rail,55.0,4600.0,0,5.199,4605.199,103.97999999999999
p10,20,96,62.36,optimal,cq-sh-rail,rail,55.0,4600.0,0,6.484192799999999,4606.4841928,103.97999999999999
p10,20,96,74.63,optimal,cq-sh-rail,rail,55.0,4600.0,0,7.760027399999999,4607.7600274,103.97999999999999
p10,20,96,97.49,optimal,cq-sh-rail,rail,55.0,4600.0,0,10.137010199999999,4610.1370102,103.97999999999999
p10,20,96,106,optimal,cq-sh-rail,rail,55.0,4600.0,0,11.02188,4611.02188,103.97999999999999
p10,20,96,150,optimal,cq-sh-rail,rail,55.0,4600.0,0,15.596999999999998,4615.597,103.97999999999999
p10,20,96,300,optimal,cq-sh-rail,rail,55.0,4600.0,0,31.193999999999996,4631.194,103.97999999999999
p10,20,96,1000,optimal,cq-sh-rail,rail,55.0,4600.0,0,103.97999999999999,4703.98,103.97999999999999
p10,20,96,5000,optimal,cq-sh-rail,rail,55.0,4600.0,0,519.9,5119.9,103.97999999999999
p10,20,96,6000,optimal,cq-sh-rail,rail,55.0,4600.0,0,623.8799999999999,5223.88,103.97999999999999
p10,20,120,0,optimal,cq-sh-rail,rail,55.0,4600.0,0,0.0,4600.0,103.97999999999999
p10,20,120,50,optimal,cq-sh-rail,rail,55.0,4600.0,0,5.199,4605.199,103.97999999999999
p10,20,120,62.36,optimal,cq-sh-rail,rail,55.0,4600.0,0,6.484192799999999,4606.4841928,103.97999999999999
p10,20,120,74.63,optimal,cq-sh-rail,rail,55.0,4600.0,0,7.760027399999999,4607.7600274,103.97999999999999
p10,20,120,97.49,optimal,cq-sh-rail,rail,55.0,4600.0,0,10.137010199999999,4610.1370102,103.97999999999999
p10,20,120,106,optimal,cq-sh-rail,rail,55.0,4600.0,0,11.02188,4611.02188,103.97999999999999
p10,20,120,150,optimal,cq-sh-rail,rail,55.0,4600.0,0,15.596999999999998,4615.597,103.97999999999999
p10,20,120,300,optimal,cq-sh-rail,rail,55.0,4600.0,0,31.193999999999996,4631.194,103.97999999999999
p10,20,120,1000,optimal,cq-sh-rail,rail,55.0,4600.0,0,103.97999999999999,4703.98,103.97999999999999
p10,20,120,5000,optimal,cq-sh-rail,rail,55.0,4600.0,0,519.9,5119.9,103.97999999999999
p10,20,120,6000,optimal,cq-sh-rail,rail,55.0,4600.0,0,623.8799999999999,5223.88,103.97999999999999
p10,20,192,0,optimal,cq-sh-water-express,water,192.0,1400.0,0,0.0,1400.0,959.6000000000001
p10,20,192,50,optimal,cq-sh-water-express,water,192.0,1400.0,0,47.98000000000001,1447.98,959.6000000000001
p10,20,192,62.36,optimal,cq-sh-water-express,water,192.0,1400.0,0,59.84065600000001,1459.840656,959.6000000000001
p10,20,192,74.63,optimal,cq-sh-water-express,water,192.0,1400.0,0,71.61494800000001,1471.614948,959.6000000000001
p10,20,192,97.49,optimal,cq-sh-water-express,water,192.0,1400.0,0,93.551404,1493.551404,959.6000000000001
p10,20,192,106,optimal,cq-sh-water-express,water,192.0,1400.0,0,101.71760000000002,1501.7176,959.6000000000001
p10,20,192,150,optimal,cq-sh-water-express,water,192.0,1400.0,0,143.94000000000003,1543.94,959.6000000000001
p10,20,192,300,optimal,cq-sh-water-express,water,192.0,1400.0,0,287.88000000000005,1687.88,959.6000000000001
p10,20,192,1000,optimal,cq-sh-water-express,water,192.0,1400.0,0,959.6000000000001,2359.6000000000004,959.6000000000001
p10,20,192,5000,optimal,cq-sh-rail,rail,55.0,4600.0,0,519.9,5119.9,103.97999999999999
p10,20,192,6000,optimal,cq-sh-rail,rail,55.0,4600.0,0,623.8799999999999,5223.88,103.97999999999999
p10,20,204,0,optimal,cq-sh-water-express,water,192.0,1400.0,0,0.0,1400.0,959.6000000000001
p10,20,204,50,optimal,cq-sh-water-express,water,192.0,1400.0,0,47.98000000000001,1447.98,959.6000000000001
p10,20,204,62.36,optimal,cq-sh-water-express,water,192.0,1400.0,0,59.84065600000001,1459.840656,959.6000000000001
p10,20,204,74.63,optimal,cq-sh-water-express,water,192.0,1400.0,0,71.61494800000001,1471.614948,959.6000000000001
p10,20,204,97.49,optimal,cq-sh-water-express,water,192.0,1400.0,0,93.551404,1493.551404,959.6000000000001
p10,20,204,106,optimal,cq-sh-water-express,water,192.0,1400.0,0,101.71760000000002,1501.7176,959.6000000000001
p10,20,204,150,optimal,cq-sh-water-express,water,192.0,1400.0,0,143.94000000000003,1543.94,959.6000000000001
p10,20,204,300,optimal,cq-sh-water-express,water,192.0,1400.0,0,287.88000000000005,1687.88,959.6000000000001
p10,20,204,1000,optimal,cq-sh-water-express,water,192.0,1400.0,0,959.6000000000001,2359.6000000000004,959.6000000000001
p10,20,204,5000,optimal,cq-sh-rail,rail,55.0,4600.0,0,519.9,5119.9,103.97999999999999
p10,20,204,6000,optimal,cq-sh-rail,rail,55.0,4600.0,0,623.8799999999999,5223.88,103.97999999999999
p10,20,216,0,optimal,cq-sh-water-express,water,192.0,1400.0,0,0.0,1400.0,959.6000000000001
p10,20,216,50,optimal,cq-sh-water-express,water,192.0,1400.0,0,47.98000000000001,1447.98,959.6000000000001
p10,20,216,62.36,optimal,cq-sh-water-express,water,192.0,1400.0,0,59.84065600000001,1459.840656,959.6000000000001
p10,20,216,74.63,optimal,cq-sh-water-express,water,192.0,1400.0,0,71.61494800000001,1471.614948,959.6000000000001
p10,20,216,97.49,optimal,cq-sh-water-express,water,192.0,1400.0,0,93.551404,1493.551404,959.6000000000001
p10,20,216,106,optimal,cq-sh-water-express,water,192.0,1400.0,0,101.71760000000002,1501.7176,959.6000000000001
p10,20,216,150,optimal,cq-sh-water-express,water,192.0,1400.0,0,143.94000000000003,1543.94,959.6000000000001
p10,20,216,300,optimal,cq-sh-water-express,water,192.0,1400.0,0,287.88000000000005,1687.88,959.6000000000001
p10,20,216,1000,optimal,cq-sh-water-express,water,192.0,1400.0,0,959.6000000000001,2359.6000000000004,959.6000000000001
p10,20,216,5000,optimal,cq-sh-rail,rail,55.0,4600.0,0,519.9,5119.9,103.97999999999999
p10,20,216,6000,optimal,cq-sh-rail,rail,55.0,4600.0,0,623.8799999999999,5223.88,103.97999999999999
p10,20,240,0,optimal,cq-sh-water-regular,water,240.0,1130.0,0,0.0,1130.0,959.6000000000001
p10,20,240,50,optimal,cq-sh-water-regular,water,240.0,1130.0,0,47.98000000000001,1177.98,959.6000000000001
p10,20,240,62.36,optimal,cq-sh-water-regular,water,240.0,1130.0,0,59.84065600000001,1189.840656,959.6000000000001
p10,20,240,74.63,optimal,cq-sh-water-regular,water,240.0,1130.0,0,71.61494800000001,1201.614948,959.6000000000001
p10,20,240,97.49,optimal,cq-sh-water-regular,water,240.0,1130.0,0,93.551404,1223.551404,959.6000000000001
p10,20,240,106,optimal,cq-sh-water-regular,water,240.0,1130.0,0,101.71760000000002,1231.7176,959.6000000000001
p10,20,240,150,optimal,cq-sh-water-regular,water,240.0,1130.0,0,143.94000000000003,1273.94,959.6000000000001
p10,20,240,300,optimal,cq-sh-water-regular,water,240.0,1130.0,0,287.88000000000005,1417.88,959.6000000000001
p10,20,240,1000,optimal,cq-sh-water-regular,water,240.0,1130.0,0,959.6000000000001,2089.6000000000004,959.6000000000001
p10,20,240,5000,optimal,cq-sh-rail,rail,55.0,4600.0,0,519.9,5119.9,103.97999999999999
p10,20,240,6000,optimal,cq-sh-rail,rail,55.0,4600.0,0,623.8799999999999,5223.88,103.97999999999999
p10,20,276,0,optimal,cq-sh-water-regular,water,240.0,1130.0,0,0.0,1130.0,959.6000000000001
p10,20,276,50,optimal,cq-sh-water-regular,water,240.0,1130.0,0,47.98000000000001,1177.98,959.6000000000001
p10,20,276,62.36,optimal,cq-sh-water-regular,water,240.0,1130.0,0,59.84065600000001,1189.840656,959.6000000000001
p10,20,276,74.63,optimal,cq-sh-water-regular,water,240.0,1130.0,0,71.61494800000001,1201.614948,959.6000000000001
p10,20,276,97.49,optimal,cq-sh-water-regular,water,240.0,1130.0,0,93.551404,1223.551404,959.6000000000001
p10,20,276,106,optimal,cq-sh-water-regular,water,240.0,1130.0,0,101.71760000000002,1231.7176,959.6000000000001
p10,20,276,150,optimal,cq-sh-water-regular,water,240.0,1130.0,0,143.94000000000003,1273.94,959.6000000000001
p10,20,276,300,optimal,cq-sh-water-regular,water,240.0,1130.0,0,287.88000000000005,1417.88,959.6000000000001
p10,20,276,1000,optimal,cq-sh-water-regular,water,240.0,1130.0,0,959.6000000000001,2089.6000000000004,959.6000000000001
p10,20,276,5000,optimal,cq-sh-rail,rail,55.0,4600.0,0,519.9,5119.9,103.97999999999999
p10,20,276,6000,optimal,cq-sh-rail,rail,55.0,4600.0,0,623.8799999999999,5223.88,103.97999999999999
p10,20,360,0,optimal,cq-sh-water-regular,water,240.0,1130.0,0,0.0,1130.0,959.6000000000001
p10,20,360,50,optimal,cq-sh-water-regular,water,240.0,1130.0,0,47.98000000000001,1177.98,959.6000000000001
p10,20,360,62.36,optimal,cq-sh-water-regular,water,240.0,1130.0,0,59.84065600000001,1189.840656,959.6000000000001
p10,20,360,74.63,optimal,cq-sh-water-regular,water,240.0,1130.0,0,71.61494800000001,1201.614948,959.6000000000001
p10,20,360,97.49,optimal,cq-sh-water-regular,water,240.0,1130.0,0,93.551404,1223.551404,959.6000000000001
p10,20,360,106,optimal,cq-sh-water-regular,water,240.0,1130.0,0,101.71760000000002,1231.7176,959.6000000000001
p10,20,360,150,optimal,cq-sh-water-regular,water,240.0,1130.0,0,143.94000000000003,1273.94,959.6000000000001
p10,20,360,300,optimal,cq-sh-water-regular,water,240.0,1130.0,0,287.88000000000005,1417.88,959.6000000000001
p10,20,360,1000,optimal,cq-sh-water-regular,water,240.0,1130.0,0,959.6000000000001,2089.6000000000004,959.6000000000001
p10,20,360,5000,optimal,cq-sh-rail,rail,55.0,4600.0,0,519.9,5119.9,103.97999999999999
p10,20,360,6000,optimal,cq-sh-rail,rail,55.0,4600.0,0,623.8799999999999,5223.88,103.97999999999999
p50,10,48,0,infeasible,,,,,,,,
p50,10,48,50,infeasible,,,,,,,,
p50,10,48,62.36,infeasible,,,,,,,,
p50,10,48,74.63,infeasible,,,,,,,,
p50,10,48,97.49,infeasible,,,,,,,,
p50,10,48,106,infeasible,,,,,,,,
p50,10,48,150,infeasible,,,,,,,,
p50,10,48,300,infeasible,,,,,,,,
p50,10,48,1000,infeasible,,,,,,,,
p50,10,48,5000,infeasible,,,,,,,,
p50,10,48,6000,infeasible,,,,,,,,
p50,10,55,0,infeasible,,,,,,,,
p50,10,55,50,infeasible,,,,,,,,
p50,10,55,62.36,infeasible,,,,,,,,
p50,10,55,74.63,infeasible,,,,,,,,
p50,10,55,97.49,infeasible,,,,,,,,
p50,10,55,106,infeasible,,,,,,,,
p50,10,55,150,infeasible,,,,,,,,
p50,10,55,300,infeasible,,,,,,,,
p50,10,55,1000,infeasible,,,,,,,,
p50,10,55,5000,infeasible,,,,,,,,
p50,10,55,6000,infeasible,,,,,,,,
p50,10,60,0,optimal,cq-sh-rail,rail,57.5,4600.0,0,0.0,4600.0,51.989999999999995
p50,10,60,50,optimal,cq-sh-rail,rail,57.5,4600.0,0,2.5995,4602.5995,51.989999999999995
p50,10,60,62.36,optimal,cq-sh-rail,rail,57.5,4600.0,0,3.2420963999999994,4603.2420964,51.989999999999995
p50,10,60,74.63,optimal,cq-sh-rail,rail,57.5,4600.0,0,3.8800136999999997,4603.8800137,51.989999999999995
p50,10,60,97.49,optimal,cq-sh-rail,rail,57.5,4600.0,0,5.068505099999999,4605.0685051,51.989999999999995
p50,10,60,106,optimal,cq-sh-rail,rail,57.5,4600.0,0,5.51094,4605.51094,51.989999999999995
p50,10,60,150,optimal,cq-sh-rail,rail,57.5,4600.0,0,7.798499999999999,4607.7985,51.989999999999995
p50,10,60,300,optimal,cq-sh-rail,rail,57.5,4600.0,0,15.596999999999998,4615.597,51.989999999999995
p50,10,60,1000,optimal,cq-sh-rail,rail,57.5,4600.0,0,51.989999999999995,4651.99,51.989999999999995
p50,10,60,5000,optimal,cq-sh-rail,rail,57.5,4600.0,0,259.95,4859.95,51.989999999999995
p50,10,60,6000,optimal,cq-sh-rail,rail,57.5,4600.0,0,311.93999999999994,4911.94,51.989999999999995
p50,10,72,0,optimal,cq-sh-rail,rail,57.5,4600.0,0,0.0,4600.0,51.989999999999995
p50,10,72,50,optimal,cq-sh-rail,rail,57.5,4600.0,0,2.5995,4602.5995,51.989999999999995
p50,10,72,62.36,optimal,cq-sh-rail,rail,57.5,4600.0,0,3.2420963999999994,4603.2420964,51.989999999999995
p50,10,72,74.63,optimal,cq-sh-rail,rail,57.5,4600.0,0,3.8800136999999997,4603.8800137,51.989999999999995
p50,10,72,97.49,optimal,cq-sh-rail,rail,57.5,4600.0,0,5.068505099999999,4605.0685051,51.989999999999995
p50,10,72,106,optimal,cq-sh-rail,rail,57.5,4600.0,0,5.51094,4605.51094,51.989999999999995
p50,10,72,150,optimal,cq-sh-rail,rail,57.5,4600.0,0,7.798499999999999,4607.7985,51.989999999999995
p50,10,72,300,optimal,cq-sh-rail,rail,57.5,4600.0,0,15.596999999999998,4615.597,51.989999999999995
p50,10,72,1000,optimal,cq-sh-rail,rail,57.5,4600.0,0,51.989999999999995,4651.99,51.989999999999995
p50,10,72,5000,optimal,cq-sh-rail,rail,57.5,4600.0,0,259.95,4859.95,51.989999999999995
p50,10,72,6000,optimal,cq-sh-rail,rail,57.5,4600.0,0,311.93999999999994,4911.94,51.989999999999995
p50,10,96,0,optimal,cq-sh-rail,rail,57.5,4600.0,0,0.0,4600.0,51.989999999999995
p50,10,96,50,optimal,cq-sh-rail,rail,57.5,4600.0,0,2.5995,4602.5995,51.989999999999995
p50,10,96,62.36,optimal,cq-sh-rail,rail,57.5,4600.0,0,3.2420963999999994,4603.2420964,51.989999999999995
p50,10,96,74.63,optimal,cq-sh-rail,rail,57.5,4600.0,0,3.8800136999999997,4603.8800137,51.989999999999995
p50,10,96,97.49,optimal,cq-sh-rail,rail,57.5,4600.0,0,5.068505099999999,4605.0685051,51.989999999999995
p50,10,96,106,optimal,cq-sh-rail,rail,57.5,4600.0,0,5.51094,4605.51094,51.989999999999995
p50,10,96,150,optimal,cq-sh-rail,rail,57.5,4600.0,0,7.798499999999999,4607.7985,51.989999999999995
p50,10,96,300,optimal,cq-sh-rail,rail,57.5,4600.0,0,15.596999999999998,4615.597,51.989999999999995
p50,10,96,1000,optimal,cq-sh-rail,rail,57.5,4600.0,0,51.989999999999995,4651.99,51.989999999999995
p50,10,96,5000,optimal,cq-sh-rail,rail,57.5,4600.0,0,259.95,4859.95,51.989999999999995
p50,10,96,6000,optimal,cq-sh-rail,rail,57.5,4600.0,0,311.93999999999994,4911.94,51.989999999999995
p50,10,120,0,optimal,cq-sh-rail,rail,57.5,4600.0,0,0.0,4600.0,51.989999999999995
p50,10,120,50,optimal,cq-sh-rail,rail,57.5,4600.0,0,2.5995,4602.5995,51.989999999999995
p50,10,120,62.36,optimal,cq-sh-rail,rail,57.5,4600.0,0,3.2420963999999994,4603.2420964,51.989999999999995
p50,10,120,74.63,optimal,cq-sh-rail,rail,57.5,4600.0,0,3.8800136999999997,4603.8800137,51.989999999999995
p50,10,120,97.49,optimal,cq-sh-rail,rail,57.5,4600.0,0,5.068505099999999,4605.0685051,51.989999999999995
p50,10,120,106,optimal,cq-sh-rail,rail,57.5,4600.0,0,5.51094,4605.51094,51.989999999999995
p50,10,120,150,optimal,cq-sh-rail,rail,57.5,4600.0,0,7.798499999999999,4607.7985,51.989999999999995
p50,10,120,300,optimal,cq-sh-rail,rail,57.5,4600.0,0,15.596999999999998,4615.597,51.989999999999995
p50,10,120,1000,optimal,cq-sh-rail,rail,57.5,4600.0,0,51.989999999999995,4651.99,51.989999999999995
p50,10,120,5000,optimal,cq-sh-rail,rail,57.5,4600.0,0,259.95,4859.95,51.989999999999995
p50,10,120,6000,optimal,cq-sh-rail,rail,57.5,4600.0,0,311.93999999999994,4911.94,51.989999999999995
p50,10,192,0,optimal,cq-sh-rail,rail,57.5,4600.0,0,0.0,4600.0,51.989999999999995
p50,10,192,50,optimal,cq-sh-rail,rail,57.5,4600.0,0,2.5995,4602.5995,51.989999999999995
p50,10,192,62.36,optimal,cq-sh-rail,rail,57.5,4600.0,0,3.2420963999999994,4603.2420964,51.989999999999995
p50,10,192,74.63,optimal,cq-sh-rail,rail,57.5,4600.0,0,3.8800136999999997,4603.8800137,51.989999999999995
p50,10,192,97.49,optimal,cq-sh-rail,rail,57.5,4600.0,0,5.068505099999999,4605.0685051,51.989999999999995
p50,10,192,106,optimal,cq-sh-rail,rail,57.5,4600.0,0,5.51094,4605.51094,51.989999999999995
p50,10,192,150,optimal,cq-sh-rail,rail,57.5,4600.0,0,7.798499999999999,4607.7985,51.989999999999995
p50,10,192,300,optimal,cq-sh-rail,rail,57.5,4600.0,0,15.596999999999998,4615.597,51.989999999999995
p50,10,192,1000,optimal,cq-sh-rail,rail,57.5,4600.0,0,51.989999999999995,4651.99,51.989999999999995
p50,10,192,5000,optimal,cq-sh-rail,rail,57.5,4600.0,0,259.95,4859.95,51.989999999999995
p50,10,192,6000,optimal,cq-sh-rail,rail,57.5,4600.0,0,311.93999999999994,4911.94,51.989999999999995
p50,10,204,0,optimal,cq-sh-water-express,water,204.0,1400.0,0,0.0,1400.0,479.80000000000007
p50,10,204,50,optimal,cq-sh-water-express,water,204.0,1400.0,0,23.990000000000006,1423.99,479.80000000000007
p50,10,204,62.36,optimal,cq-sh-water-express,water,204.0,1400.0,0,29.920328000000005,1429.920328,479.80000000000007
p50,10,204,74.63,optimal,cq-sh-water-express,water,204.0,1400.0,0,35.807474000000006,1435.807474,479.80000000000007
p50,10,204,97.49,optimal,cq-sh-water-express,water,204.0,1400.0,0,46.775702,1446.775702,479.80000000000007
p50,10,204,106,optimal,cq-sh-water-express,water,204.0,1400.0,0,50.85880000000001,1450.8588,479.80000000000007
p50,10,204,150,optimal,cq-sh-water-express,water,204.0,1400.0,0,71.97000000000001,1471.97,479.80000000000007
p50,10,204,300,optimal,cq-sh-water-express,water,204.0,1400.0,0,143.94000000000003,1543.94,479.80000000000007
p50,10,204,1000,optimal,cq-sh-water-express,water,204.0,1400.0,0,479.80000000000007,1879.8000000000002,479.80000000000007
p50,10,204,5000,optimal,cq-sh-water-express,water,204.0,1400.0,0,2399.0000000000005,3799.0000000000005,479.80000000000007
p50,10,204,6000,optimal,cq-sh-water-express,water,204.0,1400.0,0,2878.8,4278.8,479.80000000000007
p50,10,216,0,optimal,cq-sh-water-express,water,204.0,1400.0,0,0.0,1400.0,479.80000000000007
p50,10,216,50,optimal,cq-sh-water-express,water,204.0,1400.0,0,23.990000000000006,1423.99,479.80000000000007
p50,10,216,62.36,optimal,cq-sh-water-express,water,204.0,1400.0,0,29.920328000000005,1429.920328,479.80000000000007
p50,10,216,74.63,optimal,cq-sh-water-express,water,204.0,1400.0,0,35.807474000000006,1435.807474,479.80000000000007
p50,10,216,97.49,optimal,cq-sh-water-express,water,204.0,1400.0,0,46.775702,1446.775702,479.80000000000007
p50,10,216,106,optimal,cq-sh-water-express,water,204.0,1400.0,0,50.85880000000001,1450.8588,479.80000000000007
p50,10,216,150,optimal,cq-sh-water-express,water,204.0,1400.0,0,71.97000000000001,1471.97,479.80000000000007
p50,10,216,300,optimal,cq-sh-water-express,water,204.0,1400.0,0,143.94000000000003,1543.94,479.80000000000007
p50,10,216,1000,optimal,cq-sh-water-express,water,204.0,1400.0,0,479.80000000000007,1879.8000000000002,479.80000000000007
p50,10,216,5000,optimal,cq-sh-water-express,water,204.0,1400.0,0,2399.0000000000005,3799.0000000000005,479.80000000000007
p50,10,216,6000,optimal,cq-sh-water-express,water,204.0,1400.0,0,2878.8,4278.8,479.80000000000007
p50,10,240,0,optimal,cq-sh-water-regular,water,240.0,1130.0,0,0.0,1130.0,479.80000000000007
p50,10,240,50,optimal,cq-sh-water-regular,water,240.0,1130.0,0,23.990000000000006,1153.99,479.80000000000007
p50,10,240,62.36,optimal,cq-sh-water-regular,water,240.0,1130.0,0,29.920328000000005,1159.920328,479.80000000000007
p50,10,240,74.63,optimal,cq-sh-water-regular,water,240.0,1130.0,0,35.807474000000006,1165.807474,479.80000000000007
p50,10,240,97.49,optimal,cq-sh-water-regular,water,240.0,1130.0,0,46.775702,1176.775702,479.80000000000007
p50,10,240,106,optimal,cq-sh-water-regular,water,240.0,1130.0,0,50.85880000000001,1180.8588,479.80000000000007
p50,10,240,150,optimal,cq-sh-water-regular,water,240.0,1130.0,0,71.97000000000001,1201.97,479.80000000000007
p50,10,240,300,optimal,cq-sh-water-regular,water,240.0,1130.0,0,143.94000000000003,1273.94,479.80000000000007
p50,10,240,1000,optimal,cq-sh-water-regular,water,240.0,1130.0,0,479.80000000000007,1609.8000000000002,479.80000000000007
p50,10,240,5000,optimal,cq-sh-water-regular,water,240.0,1130.0,0,2399.0000000000005,3529.0000000000005,479.80000000000007
p50,10,240,6000,optimal,cq-sh-water-regular,water,240.0,1130.0,0,2878.8,4008.8,479.80000000000007
p50,10,276,0,optimal,cq-sh-water-regular,water,240.0,1130.0,0,0.0,1130.0,479.80000000000007
p50,10,276,50,optimal,cq-sh-water-regular,water,240.0,1130.0,0,23.990000000000006,1153.99,479.80000000000007
p50,10,276,62.36,optimal,cq-sh-water-regular,water,240.0,1130.0,0,29.920328000000005,1159.920328,479.80000000000007
p50,10,276,74.63,optimal,cq-sh-water-regular,water,240.0,1130.0,0,35.807474000000006,1165.807474,479.80000000000007
p50,10,276,97.49,optimal,cq-sh-water-regular,water,240.0,1130.0,0,46.775702,1176.775702,479.80000000000007
p50,10,276,106,optimal,cq-sh-water-regular,water,240.0,1130.0,0,50.85880000000001,1180.8588,479.80000000000007
p50,10,276,150,optimal,cq-sh-water-regular,water,240.0,1130.0,0,71.97000000000001,1201.97,479.80000000000007
p50,10,276,300,optimal,cq-sh-water-regular,water,240.0,1130.0,0,143.94000000000003,1273.94,479.80000000000007
p50,10,276,1000,optimal,cq-sh-water-regular,water,240.0,1130.0,0,479.80000000000007,1609.8000000000002,479.80000000000007
p50,10,276,5000,optimal,cq-sh-water-regular,water,240.0,1130.0,0,2399.0000000000005,3529.0000000000005,479.80000000000007
p50,10,276,6000,optimal,cq-sh-water-regular,water,240.0,1130.0,0,2878.8,4008.8,479.80000000000007
p50,10,360,0,optimal,cq-sh-water-regular,water,240.0,1130.0,0,0.0,1130.0,479.80000000000007
p50,10,360,50,optimal,cq-sh-water-regular,water,240.0,1130.0,0,23.990000000000006,1153.99,479.80000000000007
p50,10,360,62.36,optimal,cq-sh-water-regular,water,240.0,1130.0,0,29.920328000000005,1159.920328,479.80000000000007
p50,10,360,74.63,optimal,cq-sh-water-regular,water,240.0,1130.0,0,35.807474000000006,1165.807474,479.80000000000007
p50,10,360,97.49,optimal,cq-sh-water-regular,water,240.0,1130.0,0,46.775702,1176.775702,479.80000000000007
p50,10,360,106,optimal,cq-sh-water-regular,water,240.0,1130.0,0,50.85880000000001,1180.8588,479.80000000000007
p50,10,360,150,optimal,cq-sh-water-regular,water,240.0,1130.0,0,71.97000000000001,1201.97,479.80000000000007
p50,10,360,300,optimal,cq-sh-water-regular,water,240.0,1130.0,0,143.94000000000003,1273.94,479.80000000000007
p50,10,360,1000,optimal,cq-sh-water-regular,water,240.0,1130.0,0,479.80000000000007,1609.8000000000002,479.80000000000007
p50,10,360,5000,optimal,cq-sh-water-regular,water,240.0,1130.0,0,2399.0000000000005,3529.0000000000005,479.80000000000007
p50,10,360,6000,optimal,cq-sh-water-regular,water,240.0,1130.0,0,2878.8,4008.8,479.80000000000007
p50,15,48,0,infeasible,,,,,,,,
p50,15,48,50,infeasible,,,,,,,,
p50,15,48,62.36,infeasible,,,,,,,,
p50,15,48,74.63,infeasible,,,,,,,,
p50,15,48,97.49,infeasible,,,,,,,,
p50,15,48,106,infeasible,,,,,,,,
p50,15,48,150,infeasible,,,,,,,,
p50,15,48,300,infeasible,,,,,,,,
p50,15,48,1000,infeasible,,,,,,,,
p50,15,48,5000,infeasible,,,,,,,,
p50,15,48,6000,infeasible,,,,,,,,
p50,15,55,0,infeasible,,,,,,,,
p50,15,55,50,infeasible,,,,,,,,
p50,15,55,62.36,infeasible,,,,,,,,
p50,15,55,74.63,infeasible,,,,,,,,
p50,15,55,97.49,infeasible,,,,,,,,
p50,15,55,106,infeasible,,,,,,,,
p50,15,55,150,infeasible,,,,,,,,
p50,15,55,300,infeasible,,,,,,,,
p50,15,55,1000,infeasible,,,,,,,,
p50,15,55,5000,infeasible,,,,,,,,
p50,15,55,6000,infeasible,,,,,,,,
p50,15,60,0,optimal,cq-sh-rail,rail,57.5,4600.0,0,0.0,4600.0,77.985
p50,15,60,50,optimal,cq-sh-rail,rail,57.5,4600.0,0,3.8992500000000003,4603.89925,77.985
p50,15,60,62.36,optimal,cq-sh-rail,rail,57.5,4600.0,0,4.8631446,4604.8631446,77.985
p50,15,60,74.63,optimal,cq-sh-rail,rail,57.5,4600.0,0,5.82002055,4605.82002055,77.985
p50,15,60,97.49,optimal,cq-sh-rail,rail,57.5,4600.0,0,7.602757649999999,4607.60275765,77.985
p50,15,60,106,optimal,cq-sh-rail,rail,57.5,4600.0,0,8.26641,4608.26641,77.985
p50,15,60,150,optimal,cq-sh-rail,rail,57.5,4600.0,0,11.69775,4611.69775,77.985
p50,15,60,300,optimal,cq-sh-rail,rail,57.5,4600.0,0,23.3955,4623.3955,77.985
p50,15,60,1000,optimal,cq-sh-rail,rail,57.5,4600.0,0,77.985,4677.985,77.985
p50,15,60,5000,optimal,cq-sh-rail,rail,57.5,4600.0,0,389.925,4989.925,77.985
p50,15,60,6000,optimal,cq-sh-rail,rail,57.5,4600.0,0,467.90999999999997,5067.91,77.985
p50,15,72,0,optimal,cq-sh-rail,rail,57.5,4600.0,0,0.0,4600.0,77.985
p50,15,72,50,optimal,cq-sh-rail,rail,57.5,4600.0,0,3.8992500000000003,4603.89925,77.985
p50,15,72,62.36,optimal,cq-sh-rail,rail,57.5,4600.0,0,4.8631446,4604.8631446,77.985
p50,15,72,74.63,optimal,cq-sh-rail,rail,57.5,4600.0,0,5.82002055,4605.82002055,77.985
p50,15,72,97.49,optimal,cq-sh-rail,rail,57.5,4600.0,0,7.602757649999999,4607.60275765,77.985
p50,15,72,106,optimal,cq-sh-rail,rail,57.5,4600.0,0,8.26641,4608.26641,77.985
p50,15,72,150,optimal,cq-sh-rail,rail,57.5,4600.0,0,11.69775,4611.69775,77.985
p50,15,72,300,optimal,cq-sh-rail,rail,57.5,4600.0,0,23.3955,4623.3955,77.985
p50,15,72,1000,optimal,cq-sh-rail,rail,57.5,4600.0,0,77.985,4677.985,77.985
p50,15,72,5000,optimal,cq-sh-rail,rail,57.5,4600.0,0,389.925,4989.925,77.985
p50,15,72,6000,optimal,cq-sh-rail,rail,57.5,4600.0,0,467.90999999999997,5067.91,77.985
p50,15,96,0,optimal,cq-sh-rail,rail,57.5,4600.0,0,0.0,4600.0,77.985
p50,15,96,50,optimal,cq-sh-rail,rail,57.5,4600.0,0,3.8992500000000003,4603.89925,77.985
p50,15,96,62.36,optimal,cq-sh-rail,rail,57.5,4600.0,0,4.8631446,4604.8631446,77.985
p50,15,96,74.63,optimal,cq-sh-rail,rail,57.5,4600.0,0,5.82002055,4605.82002055,77.985
p50,15,96,97.49,optimal,cq-sh-rail,rail,57.5,4600.0,0,7.602757649999999,4607.60275765,77.985
p50,15,96,106,optimal,cq-sh-rail,rail,57.5,4600.0,0,8.26641,4608.26641,77.985
p50,15,96,150,optimal,cq-sh-rail,rail,57.5,4600.0,0,11.69775,4611.69775,77.985
p50,15,96,300,optimal,cq-sh-rail,rail,57.5,4600.0,0,23.3955,4623.3955,77.985
p50,15,96,1000,optimal,cq-sh-rail,rail,57.5,4600.0,0,77.985,4677.985,77.985
p50,15,96,5000,optimal,cq-sh-rail,rail,57.5,4600.0,0,389.925,4989.925,77.985
p50,15,96,6000,optimal,cq-sh-rail,rail,57.5,4600.0,0,467.90999999999997,5067.91,77.985
p50,15,120,0,optimal,cq-sh-rail,rail,57.5,4600.0,0,0.0,4600.0,77.985
p50,15,120,50,optimal,cq-sh-rail,rail,57.5,4600.0,0,3.8992500000000003,4603.89925,77.985
p50,15,120,62.36,optimal,cq-sh-rail,rail,57.5,4600.0,0,4.8631446,4604.8631446,77.985
p50,15,120,74.63,optimal,cq-sh-rail,rail,57.5,4600.0,0,5.82002055,4605.82002055,77.985
p50,15,120,97.49,optimal,cq-sh-rail,rail,57.5,4600.0,0,7.602757649999999,4607.60275765,77.985
p50,15,120,106,optimal,cq-sh-rail,rail,57.5,4600.0,0,8.26641,4608.26641,77.985
p50,15,120,150,optimal,cq-sh-rail,rail,57.5,4600.0,0,11.69775,4611.69775,77.985
p50,15,120,300,optimal,cq-sh-rail,rail,57.5,4600.0,0,23.3955,4623.3955,77.985
p50,15,120,1000,optimal,cq-sh-rail,rail,57.5,4600.0,0,77.985,4677.985,77.985
p50,15,120,5000,optimal,cq-sh-rail,rail,57.5,4600.0,0,389.925,4989.925,77.985
p50,15,120,6000,optimal,cq-sh-rail,rail,57.5,4600.0,0,467.90999999999997,5067.91,77.985
p50,15,192,0,optimal,cq-sh-rail,rail,57.5,4600.0,0,0.0,4600.0,77.985
p50,15,192,50,optimal,cq-sh-rail,rail,57.5,4600.0,0,3.8992500000000003,4603.89925,77.985
p50,15,192,62.36,optimal,cq-sh-rail,rail,57.5,4600.0,0,4.8631446,4604.8631446,77.985
p50,15,192,74.63,optimal,cq-sh-rail,rail,57.5,4600.0,0,5.82002055,4605.82002055,77.985
p50,15,192,97.49,optimal,cq-sh-rail,rail,57.5,4600.0,0,7.602757649999999,4607.60275765,77.985
p50,15,192,106,optimal,cq-sh-rail,rail,57.5,4600.0,0,8.26641,4608.26641,77.985
p50,15,192,150,optimal,cq-sh-rail,rail,57.5,4600.0,0,11.69775,4611.69775,77.985
p50,15,192,300,optimal,cq-sh-rail,rail,57.5,4600.0,0,23.3955,4623.3955,77.985
p50,15,192,1000,optimal,cq-sh-rail,rail,57.5,4600.0,0,77.985,4677.985,77.985
p50,15,192,5000,optimal,cq-sh-rail,rail,57.5,4600.0,0,389.925,4989.925,77.985
p50,15,192,6000,optimal,cq-sh-rail,rail,57.5,4600.0,0,467.90999999999997,5067.91,77.985
p50,15,204,0,optimal,cq-sh-water-express,water,204.0,1400.0,0,0.0,1400.0,719.7
p50,15,204,50,optimal,cq-sh-water-express,water,204.0,1400.0,0,35.98500000000001,1435.985,719.7
p50,15,204,62.36,optimal,cq-sh-water-express,water,204.0,1400.0,0,44.880492000000004,1444.880492,719.7
p50,15,204,74.63,optimal,cq-sh-water-express,water,204.0,1400.0,0,53.711211000000006,1453.711211,719.7
p50,15,204,97.49,optimal,cq-sh-water-express,water,204.0,1400.0,0,70.163553,1470.163553,719.7
p50,15,204,106,optimal,cq-sh-water-express,water,204.0,1400.0,0,76.2882,1476.2882,719.7
p50,15,204,150,optimal,cq-sh-water-express,water,204.0,1400.0,0,107.955,1507.955,719.7
p50,15,204,300,optimal,cq-sh-water-express,water,204.0,1400.0,0,215.91,1615.91,719.7
p50,15,204,1000,optimal,cq-sh-water-express,water,204.0,1400.0,0,719.7,2119.7,719.7
p50,15,204,5000,optimal,cq-sh-rail,rail,57.5,4600.0,0,389.925,4989.925,77.985
p50,15,204,6000,optimal,cq-sh-rail,rail,57.5,4600.0,0,467.90999999999997,5067.91,77.985
p50,15,216,0,optimal,cq-sh-water-express,water,204.0,1400.0,0,0.0,1400.0,719.7
p50,15,216,50,optimal,cq-sh-water-express,water,204.0,1400.0,0,35.98500000000001,1435.985,719.7
p50,15,216,62.36,optimal,cq-sh-water-express,water,204.0,1400.0,0,44.880492000000004,1444.880492,719.7
p50,15,216,74.63,optimal,cq-sh-water-express,water,204.0,1400.0,0,53.711211000000006,1453.711211,719.7
p50,15,216,97.49,optimal,cq-sh-water-express,water,204.0,1400.0,0,70.163553,1470.163553,719.7
p50,15,216,106,optimal,cq-sh-water-express,water,204.0,1400.0,0,76.2882,1476.2882,719.7
p50,15,216,150,optimal,cq-sh-water-express,water,204.0,1400.0,0,107.955,1507.955,719.7
p50,15,216,300,optimal,cq-sh-water-express,water,204.0,1400.0,0,215.91,1615.91,719.7
p50,15,216,1000,optimal,cq-sh-water-express,water,204.0,1400.0,0,719.7,2119.7,719.7
p50,15,216,5000,optimal,cq-sh-rail,rail,57.5,4600.0,0,389.925,4989.925,77.985
p50,15,216,6000,optimal,cq-sh-rail,rail,57.5,4600.0,0,467.90999999999997,5067.91,77.985
p50,15,240,0,optimal,cq-sh-water-regular,water,240.0,1130.0,0,0.0,1130.0,719.7
p50,15,240,50,optimal,cq-sh-water-regular,water,240.0,1130.0,0,35.98500000000001,1165.985,719.7
p50,15,240,62.36,optimal,cq-sh-water-regular,water,240.0,1130.0,0,44.880492000000004,1174.880492,719.7
p50,15,240,74.63,optimal,cq-sh-water-regular,water,240.0,1130.0,0,53.711211000000006,1183.711211,719.7
p50,15,240,97.49,optimal,cq-sh-water-regular,water,240.0,1130.0,0,70.163553,1200.163553,719.7
p50,15,240,106,optimal,cq-sh-water-regular,water,240.0,1130.0,0,76.2882,1206.2882,719.7
p50,15,240,150,optimal,cq-sh-water-regular,water,240.0,1130.0,0,107.955,1237.955,719.7
p50,15,240,300,optimal,cq-sh-water-regular,water,240.0,1130.0,0,215.91,1345.91,719.7
p50,15,240,1000,optimal,cq-sh-water-regular,water,240.0,1130.0,0,719.7,1849.7,719.7
p50,15,240,5000,optimal,cq-sh-water-regular,water,240.0,1130.0,0,3598.5,4728.5,719.7
p50,15,240,6000,optimal,cq-sh-rail,rail,57.5,4600.0,0,467.90999999999997,5067.91,77.985
p50,15,276,0,optimal,cq-sh-water-regular,water,240.0,1130.0,0,0.0,1130.0,719.7
p50,15,276,50,optimal,cq-sh-water-regular,water,240.0,1130.0,0,35.98500000000001,1165.985,719.7
p50,15,276,62.36,optimal,cq-sh-water-regular,water,240.0,1130.0,0,44.880492000000004,1174.880492,719.7
p50,15,276,74.63,optimal,cq-sh-water-regular,water,240.0,1130.0,0,53.711211000000006,1183.711211,719.7
p50,15,276,97.49,optimal,cq-sh-water-regular,water,240.0,1130.0,0,70.163553,1200.163553,719.7
p50,15,276,106,optimal,cq-sh-water-regular,water,240.0,1130.0,0,76.2882,1206.2882,719.7
p50,15,276,150,optimal,cq-sh-water-regular,water,240.0,1130.0,0,107.955,1237.955,719.7
p50,15,276,300,optimal,cq-sh-water-regular,water,240.0,1130.0,0,215.91,1345.91,719.7
p50,15,276,1000,optimal,cq-sh-water-regular,water,240.0,1130.0,0,719.7,1849.7,719.7
p50,15,276,5000,optimal,cq-sh-water-regular,water,240.0,1130.0,0,3598.5,4728.5,719.7
p50,15,276,6000,optimal,cq-sh-rail,rail,57.5,4600.0,0,467.90999999999997,5067.91,77.985
p50,15,360,0,optimal,cq-sh-water-regular,water,240.0,1130.0,0,0.0,1130.0,719.7
p50,15,360,50,optimal,cq-sh-water-regular,water,240.0,1130.0,0,35.98500000000001,1165.985,719.7
p50,15,360,62.36,optimal,cq-sh-water-regular,water,240.0,1130.0,0,44.880492000000004,1174.880492,719.7
p50,15,360,74.63,optimal,cq-sh-water-regular,water,240.0,1130.0,0,53.711211000000006,1183.711211,719.7
p50,15,360,97.49,optimal,cq-sh-water-regular,water,240.0,1130.0,0,70.163553,1200.163553,719.7
p50,15,360,106,optimal,cq-sh-water-regular,water,240.0,1130.0,0,76.2882,1206.2882,719.7
p50,15,360,150,optimal,cq-sh-water-regular,water,240.0,1130.0,0,107.955,1237.955,719.7
p50,15,360,300,optimal,cq-sh-water-regular,water,240.0,1130.0,0,215.91,1345.91,719.7
p50,15,360,1000,optimal,cq-sh-water-regular,water,240.0,1130.0,0,719.7,1849.7,719.7
p50,15,360,5000,optimal,cq-sh-water-regular,water,240.0,1130.0,0,3598.5,4728.5,719.7
p50,15,360,6000,optimal,cq-sh-rail,rail,57.5,4600.0,0,467.90999999999997,5067.91,77.985
p50,20,48,0,infeasible,,,,,,,,
p50,20,48,50,infeasible,,,,,,,,
p50,20,48,62.36,infeasible,,,,,,,,
p50,20,48,74.63,infeasible,,,,,,,,
p50,20,48,97.49,infeasible,,,,,,,,
p50,20,48,106,infeasible,,,,,,,,
p50,20,48,150,infeasible,,,,,,,,
p50,20,48,300,infeasible,,,,,,,,
p50,20,48,1000,infeasible,,,,,,,,
p50,20,48,5000,infeasible,,,,,,,,
p50,20,48,6000,infeasible,,,,,,,,
p50,20,55,0,infeasible,,,,,,,,
p50,20,55,50,infeasible,,,,,,,,
p50,20,55,62.36,infeasible,,,,,,,,
p50,20,55,74.63,infeasible,,,,,,,,
p50,20,55,97.49,infeasible,,,,,,,,
p50,20,55,106,infeasible,,,,,,,,
p50,20,55,150,infeasible,,,,,,,,
p50,20,55,300,infeasible,,,,,,,,
p50,20,55,1000,infeasible,,,,,,,,
p50,20,55,5000,infeasible,,,,,,,,
p50,20,55,6000,infeasible,,,,,,,,
p50,20,60,0,optimal,cq-sh-rail,rail,57.5,4600.0,0,0.0,4600.0,103.97999999999999
p50,20,60,50,optimal,cq-sh-rail,rail,57.5,4600.0,0,5.199,4605.199,103.97999999999999
p50,20,60,62.36,optimal,cq-sh-rail,rail,57.5,4600.0,0,6.484192799999999,4606.4841928,103.97999999999999
p50,20,60,74.63,optimal,cq-sh-rail,rail,57.5,4600.0,0,7.760027399999999,4607.7600274,103.97999999999999
p50,20,60,97.49,optimal,cq-sh-rail,rail,57.5,4600.0,0,10.137010199999999,4610.1370102,103.97999999999999
p50,20,60,106,optimal,cq-sh-rail,rail,57.5,4600.0,0,11.02188,4611.02188,103.97999999999999
p50,20,60,150,optimal,cq-sh-rail,rail,57.5,4600.0,0,15.596999999999998,4615.597,103.97999999999999
p50,20,60,300,optimal,cq-sh-rail,rail,57.5,4600.0,0,31.193999999999996,4631.194,103.97999999999999
p50,20,60,1000,optimal,cq-sh-rail,rail,57.5,4600.0,0,103.97999999999999,4703.98,103.97999999999999
p50,20,60,5000,optimal,cq-sh-rail,rail,57.5,4600.0,0,519.9,5119.9,103.97999999999999
p50,20,60,6000,optimal,cq-sh-rail,rail,57.5,4600.0,0,623.8799999999999,5223.88,103.97999999999999
p50,20,72,0,optimal,cq-sh-rail,rail,57.5,4600.0,0,0.0,4600.0,103.97999999999999
p50,20,72,50,optimal,cq-sh-rail,rail,57.5,4600.0,0,5.199,4605.199,103.97999999999999
p50,20,72,62.36,optimal,cq-sh-rail,rail,57.5,4600.0,0,6.484192799999999,4606.4841928,103.97999999999999
p50,20,72,74.63,optimal,cq-sh-rail,rail,57.5,4600.0,0,7.760027399999999,4607.7600274,103.97999999999999
p50,20,72,97.49,optimal,cq-sh-rail,rail,57.5,4600.0,0,10.137010199999999,4610.1370102,103.97999999999999
p50,20,72,106,optimal,cq-sh-rail,rail,57.5,4600.0,0,11.02188,4611.02188,103.97999999999999
p50,20,72,150,optimal,cq-sh-rail,rail,57.5,4600.0,0,15.596999999999998,4615.597,103.97999999999999
p50,20,72,300,optimal,cq-sh-rail,rail,57.5,4600.0,0,31.193999999999996,4631.194,103.97999999999999
p50,20,72,1000,optimal,cq-sh-rail,rail,57.5,4600.0,0,103.97999999999999,4703.98,103.97999999999999
p50,20,72,5000,optimal,cq-sh-rail,rail,57.5,4600.0,0,519.9,5119.9,103.97999999999999
p50,20,72,6000,optimal,cq-sh-rail,rail,57.5,4600.0,0,623.8799999999999,5223.88,103.97999999999999
p50,20,96,0,optimal,cq-sh-rail,rail,57.5,4600.0,0,0.0,4600.0,103.97999999999999
p50,20,96,50,optimal,cq-sh-rail,rail,57.5,4600.0,0,5.199,4605.199,103.97999999999999
p50,20,96,62.36,optimal,cq-sh-rail,rail,57.5,4600.0,0,6.484192799999999,4606.4841928,103.97999999999999
p50,20,96,74.63,optimal,cq-sh-rail,rail,57.5,4600.0,0,7.760027399999999,4607.7600274,103.97999999999999
p50,20,96,97.49,optimal,cq-sh-rail,rail,57.5,4600.0,0,10.137010199999999,4610.1370102,103.97999999999999
p50,20,96,106,optimal,cq-sh-rail,rail,57.5,4600.0,0,11.02188,4611.02188,103.97999999999999
p50,20,96,150,optimal,cq-sh-rail,rail,57.5,4600.0,0,15.596999999999998,4615.597,103.97999999999999
p50,20,96,300,optimal,cq-sh-rail,rail,57.5,4600.0,0,31.193999999999996,4631.194,103.97999999999999
p50,20,96,1000,optimal,cq-sh-rail,rail,57.5,4600.0,0,103.97999999999999,4703.98,103.97999999999999
p50,20,96,5000,optimal,cq-sh-rail,rail,57.5,4600.0,0,519.9,5119.9,103.97999999999999
p50,20,96,6000,optimal,cq-sh-rail,rail,57.5,4600.0,0,623.8799999999999,5223.88,103.97999999999999
p50,20,120,0,optimal,cq-sh-rail,rail,57.5,4600.0,0,0.0,4600.0,103.97999999999999
p50,20,120,50,optimal,cq-sh-rail,rail,57.5,4600.0,0,5.199,4605.199,103.97999999999999
p50,20,120,62.36,optimal,cq-sh-rail,rail,57.5,4600.0,0,6.484192799999999,4606.4841928,103.97999999999999
p50,20,120,74.63,optimal,cq-sh-rail,rail,57.5,4600.0,0,7.760027399999999,4607.7600274,103.97999999999999
p50,20,120,97.49,optimal,cq-sh-rail,rail,57.5,4600.0,0,10.137010199999999,4610.1370102,103.97999999999999
p50,20,120,106,optimal,cq-sh-rail,rail,57.5,4600.0,0,11.02188,4611.02188,103.97999999999999
p50,20,120,150,optimal,cq-sh-rail,rail,57.5,4600.0,0,15.596999999999998,4615.597,103.97999999999999
p50,20,120,300,optimal,cq-sh-rail,rail,57.5,4600.0,0,31.193999999999996,4631.194,103.97999999999999
p50,20,120,1000,optimal,cq-sh-rail,rail,57.5,4600.0,0,103.97999999999999,4703.98,103.97999999999999
p50,20,120,5000,optimal,cq-sh-rail,rail,57.5,4600.0,0,519.9,5119.9,103.97999999999999
p50,20,120,6000,optimal,cq-sh-rail,rail,57.5,4600.0,0,623.8799999999999,5223.88,103.97999999999999
p50,20,192,0,optimal,cq-sh-rail,rail,57.5,4600.0,0,0.0,4600.0,103.97999999999999
p50,20,192,50,optimal,cq-sh-rail,rail,57.5,4600.0,0,5.199,4605.199,103.97999999999999
p50,20,192,62.36,optimal,cq-sh-rail,rail,57.5,4600.0,0,6.484192799999999,4606.4841928,103.97999999999999
p50,20,192,74.63,optimal,cq-sh-rail,rail,57.5,4600.0,0,7.760027399999999,4607.7600274,103.97999999999999
p50,20,192,97.49,optimal,cq-sh-rail,rail,57.5,4600.0,0,10.137010199999999,4610.1370102,103.97999999999999
p50,20,192,106,optimal,cq-sh-rail,rail,57.5,4600.0,0,11.02188,4611.02188,103.97999999999999
p50,20,192,150,optimal,cq-sh-rail,rail,57.5,4600.0,0,15.596999999999998,4615.597,103.97999999999999
p50,20,192,300,optimal,cq-sh-rail,rail,57.5,4600.0,0,31.193999999999996,4631.194,103.97999999999999
p50,20,192,1000,optimal,cq-sh-rail,rail,57.5,4600.0,0,103.97999999999999,4703.98,103.97999999999999
p50,20,192,5000,optimal,cq-sh-rail,rail,57.5,4600.0,0,519.9,5119.9,103.97999999999999
p50,20,192,6000,optimal,cq-sh-rail,rail,57.5,4600.0,0,623.8799999999999,5223.88,103.97999999999999
p50,20,204,0,optimal,cq-sh-water-express,water,204.0,1400.0,0,0.0,1400.0,959.6000000000001
p50,20,204,50,optimal,cq-sh-water-express,water,204.0,1400.0,0,47.98000000000001,1447.98,959.6000000000001
p50,20,204,62.36,optimal,cq-sh-water-express,water,204.0,1400.0,0,59.84065600000001,1459.840656,959.6000000000001
p50,20,204,74.63,optimal,cq-sh-water-express,water,204.0,1400.0,0,71.61494800000001,1471.614948,959.6000000000001
p50,20,204,97.49,optimal,cq-sh-water-express,water,204.0,1400.0,0,93.551404,1493.551404,959.6000000000001
p50,20,204,106,optimal,cq-sh-water-express,water,204.0,1400.0,0,101.71760000000002,1501.7176,959.6000000000001
p50,20,204,150,optimal,cq-sh-water-express,water,204.0,1400.0,0,143.94000000000003,1543.94,959.6000000000001
p50,20,204,300,optimal,cq-sh-water-express,water,204.0,1400.0,0,287.88000000000005,1687.88,959.6000000000001
p50,20,204,1000,optimal,cq-sh-water-express,water,204.0,1400.0,0,959.6000000000001,2359.6000000000004,959.6000000000001
p50,20,204,5000,optimal,cq-sh-rail,rail,57.5,4600.0,0,519.9,5119.9,103.97999999999999
p50,20,204,6000,optimal,cq-sh-rail,rail,57.5,4600.0,0,623.8799999999999,5223.88,103.97999999999999
p50,20,216,0,optimal,cq-sh-water-express,water,204.0,1400.0,0,0.0,1400.0,959.6000000000001
p50,20,216,50,optimal,cq-sh-water-express,water,204.0,1400.0,0,47.98000000000001,1447.98,959.6000000000001
p50,20,216,62.36,optimal,cq-sh-water-express,water,204.0,1400.0,0,59.84065600000001,1459.840656,959.6000000000001
p50,20,216,74.63,optimal,cq-sh-water-express,water,204.0,1400.0,0,71.61494800000001,1471.614948,959.6000000000001
p50,20,216,97.49,optimal,cq-sh-water-express,water,204.0,1400.0,0,93.551404,1493.551404,959.6000000000001
p50,20,216,106,optimal,cq-sh-water-express,water,204.0,1400.0,0,101.71760000000002,1501.7176,959.6000000000001
p50,20,216,150,optimal,cq-sh-water-express,water,204.0,1400.0,0,143.94000000000003,1543.94,959.6000000000001
p50,20,216,300,optimal,cq-sh-water-express,water,204.0,1400.0,0,287.88000000000005,1687.88,959.6000000000001
p50,20,216,1000,optimal,cq-sh-water-express,water,204.0,1400.0,0,959.6000000000001,2359.6000000000004,959.6000000000001
p50,20,216,5000,optimal,cq-sh-rail,rail,57.5,4600.0,0,519.9,5119.9,103.97999999999999
p50,20,216,6000,optimal,cq-sh-rail,rail,57.5,4600.0,0,623.8799999999999,5223.88,103.97999999999999
p50,20,240,0,optimal,cq-sh-water-regular,water,240.0,1130.0,0,0.0,1130.0,959.6000000000001
p50,20,240,50,optimal,cq-sh-water-regular,water,240.0,1130.0,0,47.98000000000001,1177.98,959.6000000000001
p50,20,240,62.36,optimal,cq-sh-water-regular,water,240.0,1130.0,0,59.84065600000001,1189.840656,959.6000000000001
p50,20,240,74.63,optimal,cq-sh-water-regular,water,240.0,1130.0,0,71.61494800000001,1201.614948,959.6000000000001
p50,20,240,97.49,optimal,cq-sh-water-regular,water,240.0,1130.0,0,93.551404,1223.551404,959.6000000000001
p50,20,240,106,optimal,cq-sh-water-regular,water,240.0,1130.0,0,101.71760000000002,1231.7176,959.6000000000001
p50,20,240,150,optimal,cq-sh-water-regular,water,240.0,1130.0,0,143.94000000000003,1273.94,959.6000000000001
p50,20,240,300,optimal,cq-sh-water-regular,water,240.0,1130.0,0,287.88000000000005,1417.88,959.6000000000001
p50,20,240,1000,optimal,cq-sh-water-regular,water,240.0,1130.0,0,959.6000000000001,2089.6000000000004,959.6000000000001
p50,20,240,5000,optimal,cq-sh-rail,rail,57.5,4600.0,0,519.9,5119.9,103.97999999999999
p50,20,240,6000,optimal,cq-sh-rail,rail,57.5,4600.0,0,623.8799999999999,5223.88,103.97999999999999
p50,20,276,0,optimal,cq-sh-water-regular,water,240.0,1130.0,0,0.0,1130.0,959.6000000000001
p50,20,276,50,optimal,cq-sh-water-regular,water,240.0,1130.0,0,47.98000000000001,1177.98,959.6000000000001
p50,20,276,62.36,optimal,cq-sh-water-regular,water,240.0,1130.0,0,59.84065600000001,1189.840656,959.6000000000001
p50,20,276,74.63,optimal,cq-sh-water-regular,water,240.0,1130.0,0,71.61494800000001,1201.614948,959.6000000000001
p50,20,276,97.49,optimal,cq-sh-water-regular,water,240.0,1130.0,0,93.551404,1223.551404,959.6000000000001
p50,20,276,106,optimal,cq-sh-water-regular,water,240.0,1130.0,0,101.71760000000002,1231.7176,959.6000000000001
p50,20,276,150,optimal,cq-sh-water-regular,water,240.0,1130.0,0,143.94000000000003,1273.94,959.6000000000001
p50,20,276,300,optimal,cq-sh-water-regular,water,240.0,1130.0,0,287.88000000000005,1417.88,959.6000000000001
p50,20,276,1000,optimal,cq-sh-water-regular,water,240.0,1130.0,0,959.6000000000001,2089.6000000000004,959.6000000000001
p50,20,276,5000,optimal,cq-sh-rail,rail,57.5,4600.0,0,519.9,5119.9,103.97999999999999
p50,20,276,6000,optimal,cq-sh-rail,rail,57.5,4600.0,0,623.8799999999999,5223.88,103.97999999999999
p50,20,360,0,optimal,cq-sh-water-regular,water,240.0,1130.0,0,0.0,1130.0,959.6000000000001
p50,20,360,50,optimal,cq-sh-water-regular,water,240.0,1130.0,0,47.98000000000001,1177.98,959.6000000000001
p50,20,360,62.36,optimal,cq-sh-water-regular,water,240.0,1130.0,0,59.84065600000001,1189.840656,959.6000000000001
p50,20,360,74.63,optimal,cq-sh-water-regular,water,240.0,1130.0,0,71.61494800000001,1201.614948,959.6000000000001
p50,20,360,97.49,optimal,cq-sh-water-regular,water,240.0,1130.0,0,93.551404,1223.551404,959.6000000000001
p50,20,360,106,optimal,cq-sh-water-regular,water,240.0,1130.0,0,101.71760000000002,1231.7176,959.6000000000001
p50,20,360,150,optimal,cq-sh-water-regular,water,240.0,1130.0,0,143.94000000000003,1273.94,959.6000000000001
p50,20,360,300,optimal,cq-sh-water-regular,water,240.0,1130.0,0,287.88000000000005,1417.88,959.6000000000001
p50,20,360,1000,optimal,cq-sh-water-regular,water,240.0,1130.0,0,959.6000000000001,2089.6000000000004,959.6000000000001
p50,20,360,5000,optimal,cq-sh-rail,rail,57.5,4600.0,0,519.9,5119.9,103.97999999999999
p50,20,360,6000,optimal,cq-sh-rail,rail,57.5,4600.0,0,623.8799999999999,5223.88,103.97999999999999
p90,10,48,0,infeasible,,,,,,,,
p90,10,48,50,infeasible,,,,,,,,
p90,10,48,62.36,infeasible,,,,,,,,
p90,10,48,74.63,infeasible,,,,,,,,
p90,10,48,97.49,infeasible,,,,,,,,
p90,10,48,106,infeasible,,,,,,,,
p90,10,48,150,infeasible,,,,,,,,
p90,10,48,300,infeasible,,,,,,,,
p90,10,48,1000,infeasible,,,,,,,,
p90,10,48,5000,infeasible,,,,,,,,
p90,10,48,6000,infeasible,,,,,,,,
p90,10,55,0,infeasible,,,,,,,,
p90,10,55,50,infeasible,,,,,,,,
p90,10,55,62.36,infeasible,,,,,,,,
p90,10,55,74.63,infeasible,,,,,,,,
p90,10,55,97.49,infeasible,,,,,,,,
p90,10,55,106,infeasible,,,,,,,,
p90,10,55,150,infeasible,,,,,,,,
p90,10,55,300,infeasible,,,,,,,,
p90,10,55,1000,infeasible,,,,,,,,
p90,10,55,5000,infeasible,,,,,,,,
p90,10,55,6000,infeasible,,,,,,,,
p90,10,60,0,optimal,cq-sh-rail,rail,60.0,4600.0,0,0.0,4600.0,51.989999999999995
p90,10,60,50,optimal,cq-sh-rail,rail,60.0,4600.0,0,2.5995,4602.5995,51.989999999999995
p90,10,60,62.36,optimal,cq-sh-rail,rail,60.0,4600.0,0,3.2420963999999994,4603.2420964,51.989999999999995
p90,10,60,74.63,optimal,cq-sh-rail,rail,60.0,4600.0,0,3.8800136999999997,4603.8800137,51.989999999999995
p90,10,60,97.49,optimal,cq-sh-rail,rail,60.0,4600.0,0,5.068505099999999,4605.0685051,51.989999999999995
p90,10,60,106,optimal,cq-sh-rail,rail,60.0,4600.0,0,5.51094,4605.51094,51.989999999999995
p90,10,60,150,optimal,cq-sh-rail,rail,60.0,4600.0,0,7.798499999999999,4607.7985,51.989999999999995
p90,10,60,300,optimal,cq-sh-rail,rail,60.0,4600.0,0,15.596999999999998,4615.597,51.989999999999995
p90,10,60,1000,optimal,cq-sh-rail,rail,60.0,4600.0,0,51.989999999999995,4651.99,51.989999999999995
p90,10,60,5000,optimal,cq-sh-rail,rail,60.0,4600.0,0,259.95,4859.95,51.989999999999995
p90,10,60,6000,optimal,cq-sh-rail,rail,60.0,4600.0,0,311.93999999999994,4911.94,51.989999999999995
p90,10,72,0,optimal,cq-sh-rail,rail,60.0,4600.0,0,0.0,4600.0,51.989999999999995
p90,10,72,50,optimal,cq-sh-rail,rail,60.0,4600.0,0,2.5995,4602.5995,51.989999999999995
p90,10,72,62.36,optimal,cq-sh-rail,rail,60.0,4600.0,0,3.2420963999999994,4603.2420964,51.989999999999995
p90,10,72,74.63,optimal,cq-sh-rail,rail,60.0,4600.0,0,3.8800136999999997,4603.8800137,51.989999999999995
p90,10,72,97.49,optimal,cq-sh-rail,rail,60.0,4600.0,0,5.068505099999999,4605.0685051,51.989999999999995
p90,10,72,106,optimal,cq-sh-rail,rail,60.0,4600.0,0,5.51094,4605.51094,51.989999999999995
p90,10,72,150,optimal,cq-sh-rail,rail,60.0,4600.0,0,7.798499999999999,4607.7985,51.989999999999995
p90,10,72,300,optimal,cq-sh-rail,rail,60.0,4600.0,0,15.596999999999998,4615.597,51.989999999999995
p90,10,72,1000,optimal,cq-sh-rail,rail,60.0,4600.0,0,51.989999999999995,4651.99,51.989999999999995
p90,10,72,5000,optimal,cq-sh-rail,rail,60.0,4600.0,0,259.95,4859.95,51.989999999999995
p90,10,72,6000,optimal,cq-sh-rail,rail,60.0,4600.0,0,311.93999999999994,4911.94,51.989999999999995
p90,10,96,0,optimal,cq-sh-rail,rail,60.0,4600.0,0,0.0,4600.0,51.989999999999995
p90,10,96,50,optimal,cq-sh-rail,rail,60.0,4600.0,0,2.5995,4602.5995,51.989999999999995
p90,10,96,62.36,optimal,cq-sh-rail,rail,60.0,4600.0,0,3.2420963999999994,4603.2420964,51.989999999999995
p90,10,96,74.63,optimal,cq-sh-rail,rail,60.0,4600.0,0,3.8800136999999997,4603.8800137,51.989999999999995
p90,10,96,97.49,optimal,cq-sh-rail,rail,60.0,4600.0,0,5.068505099999999,4605.0685051,51.989999999999995
p90,10,96,106,optimal,cq-sh-rail,rail,60.0,4600.0,0,5.51094,4605.51094,51.989999999999995
p90,10,96,150,optimal,cq-sh-rail,rail,60.0,4600.0,0,7.798499999999999,4607.7985,51.989999999999995
p90,10,96,300,optimal,cq-sh-rail,rail,60.0,4600.0,0,15.596999999999998,4615.597,51.989999999999995
p90,10,96,1000,optimal,cq-sh-rail,rail,60.0,4600.0,0,51.989999999999995,4651.99,51.989999999999995
p90,10,96,5000,optimal,cq-sh-rail,rail,60.0,4600.0,0,259.95,4859.95,51.989999999999995
p90,10,96,6000,optimal,cq-sh-rail,rail,60.0,4600.0,0,311.93999999999994,4911.94,51.989999999999995
p90,10,120,0,optimal,cq-sh-rail,rail,60.0,4600.0,0,0.0,4600.0,51.989999999999995
p90,10,120,50,optimal,cq-sh-rail,rail,60.0,4600.0,0,2.5995,4602.5995,51.989999999999995
p90,10,120,62.36,optimal,cq-sh-rail,rail,60.0,4600.0,0,3.2420963999999994,4603.2420964,51.989999999999995
p90,10,120,74.63,optimal,cq-sh-rail,rail,60.0,4600.0,0,3.8800136999999997,4603.8800137,51.989999999999995
p90,10,120,97.49,optimal,cq-sh-rail,rail,60.0,4600.0,0,5.068505099999999,4605.0685051,51.989999999999995
p90,10,120,106,optimal,cq-sh-rail,rail,60.0,4600.0,0,5.51094,4605.51094,51.989999999999995
p90,10,120,150,optimal,cq-sh-rail,rail,60.0,4600.0,0,7.798499999999999,4607.7985,51.989999999999995
p90,10,120,300,optimal,cq-sh-rail,rail,60.0,4600.0,0,15.596999999999998,4615.597,51.989999999999995
p90,10,120,1000,optimal,cq-sh-rail,rail,60.0,4600.0,0,51.989999999999995,4651.99,51.989999999999995
p90,10,120,5000,optimal,cq-sh-rail,rail,60.0,4600.0,0,259.95,4859.95,51.989999999999995
p90,10,120,6000,optimal,cq-sh-rail,rail,60.0,4600.0,0,311.93999999999994,4911.94,51.989999999999995
p90,10,192,0,optimal,cq-sh-rail,rail,60.0,4600.0,0,0.0,4600.0,51.989999999999995
p90,10,192,50,optimal,cq-sh-rail,rail,60.0,4600.0,0,2.5995,4602.5995,51.989999999999995
p90,10,192,62.36,optimal,cq-sh-rail,rail,60.0,4600.0,0,3.2420963999999994,4603.2420964,51.989999999999995
p90,10,192,74.63,optimal,cq-sh-rail,rail,60.0,4600.0,0,3.8800136999999997,4603.8800137,51.989999999999995
p90,10,192,97.49,optimal,cq-sh-rail,rail,60.0,4600.0,0,5.068505099999999,4605.0685051,51.989999999999995
p90,10,192,106,optimal,cq-sh-rail,rail,60.0,4600.0,0,5.51094,4605.51094,51.989999999999995
p90,10,192,150,optimal,cq-sh-rail,rail,60.0,4600.0,0,7.798499999999999,4607.7985,51.989999999999995
p90,10,192,300,optimal,cq-sh-rail,rail,60.0,4600.0,0,15.596999999999998,4615.597,51.989999999999995
p90,10,192,1000,optimal,cq-sh-rail,rail,60.0,4600.0,0,51.989999999999995,4651.99,51.989999999999995
p90,10,192,5000,optimal,cq-sh-rail,rail,60.0,4600.0,0,259.95,4859.95,51.989999999999995
p90,10,192,6000,optimal,cq-sh-rail,rail,60.0,4600.0,0,311.93999999999994,4911.94,51.989999999999995
p90,10,204,0,optimal,cq-sh-rail,rail,60.0,4600.0,0,0.0,4600.0,51.989999999999995
p90,10,204,50,optimal,cq-sh-rail,rail,60.0,4600.0,0,2.5995,4602.5995,51.989999999999995
p90,10,204,62.36,optimal,cq-sh-rail,rail,60.0,4600.0,0,3.2420963999999994,4603.2420964,51.989999999999995
p90,10,204,74.63,optimal,cq-sh-rail,rail,60.0,4600.0,0,3.8800136999999997,4603.8800137,51.989999999999995
p90,10,204,97.49,optimal,cq-sh-rail,rail,60.0,4600.0,0,5.068505099999999,4605.0685051,51.989999999999995
p90,10,204,106,optimal,cq-sh-rail,rail,60.0,4600.0,0,5.51094,4605.51094,51.989999999999995
p90,10,204,150,optimal,cq-sh-rail,rail,60.0,4600.0,0,7.798499999999999,4607.7985,51.989999999999995
p90,10,204,300,optimal,cq-sh-rail,rail,60.0,4600.0,0,15.596999999999998,4615.597,51.989999999999995
p90,10,204,1000,optimal,cq-sh-rail,rail,60.0,4600.0,0,51.989999999999995,4651.99,51.989999999999995
p90,10,204,5000,optimal,cq-sh-rail,rail,60.0,4600.0,0,259.95,4859.95,51.989999999999995
p90,10,204,6000,optimal,cq-sh-rail,rail,60.0,4600.0,0,311.93999999999994,4911.94,51.989999999999995
p90,10,216,0,optimal,cq-sh-water-express,water,216.0,1400.0,0,0.0,1400.0,479.80000000000007
p90,10,216,50,optimal,cq-sh-water-express,water,216.0,1400.0,0,23.990000000000006,1423.99,479.80000000000007
p90,10,216,62.36,optimal,cq-sh-water-express,water,216.0,1400.0,0,29.920328000000005,1429.920328,479.80000000000007
p90,10,216,74.63,optimal,cq-sh-water-express,water,216.0,1400.0,0,35.807474000000006,1435.807474,479.80000000000007
p90,10,216,97.49,optimal,cq-sh-water-express,water,216.0,1400.0,0,46.775702,1446.775702,479.80000000000007
p90,10,216,106,optimal,cq-sh-water-express,water,216.0,1400.0,0,50.85880000000001,1450.8588,479.80000000000007
p90,10,216,150,optimal,cq-sh-water-express,water,216.0,1400.0,0,71.97000000000001,1471.97,479.80000000000007
p90,10,216,300,optimal,cq-sh-water-express,water,216.0,1400.0,0,143.94000000000003,1543.94,479.80000000000007
p90,10,216,1000,optimal,cq-sh-water-express,water,216.0,1400.0,0,479.80000000000007,1879.8000000000002,479.80000000000007
p90,10,216,5000,optimal,cq-sh-water-express,water,216.0,1400.0,0,2399.0000000000005,3799.0000000000005,479.80000000000007
p90,10,216,6000,optimal,cq-sh-water-express,water,216.0,1400.0,0,2878.8,4278.8,479.80000000000007
p90,10,240,0,optimal,cq-sh-water-regular,water,240.0,1130.0,0,0.0,1130.0,479.80000000000007
p90,10,240,50,optimal,cq-sh-water-regular,water,240.0,1130.0,0,23.990000000000006,1153.99,479.80000000000007
p90,10,240,62.36,optimal,cq-sh-water-regular,water,240.0,1130.0,0,29.920328000000005,1159.920328,479.80000000000007
p90,10,240,74.63,optimal,cq-sh-water-regular,water,240.0,1130.0,0,35.807474000000006,1165.807474,479.80000000000007
p90,10,240,97.49,optimal,cq-sh-water-regular,water,240.0,1130.0,0,46.775702,1176.775702,479.80000000000007
p90,10,240,106,optimal,cq-sh-water-regular,water,240.0,1130.0,0,50.85880000000001,1180.8588,479.80000000000007
p90,10,240,150,optimal,cq-sh-water-regular,water,240.0,1130.0,0,71.97000000000001,1201.97,479.80000000000007
p90,10,240,300,optimal,cq-sh-water-regular,water,240.0,1130.0,0,143.94000000000003,1273.94,479.80000000000007
p90,10,240,1000,optimal,cq-sh-water-regular,water,240.0,1130.0,0,479.80000000000007,1609.8000000000002,479.80000000000007
p90,10,240,5000,optimal,cq-sh-water-regular,water,240.0,1130.0,0,2399.0000000000005,3529.0000000000005,479.80000000000007
p90,10,240,6000,optimal,cq-sh-water-regular,water,240.0,1130.0,0,2878.8,4008.8,479.80000000000007
p90,10,276,0,optimal,cq-sh-water-regular,water,240.0,1130.0,0,0.0,1130.0,479.80000000000007
p90,10,276,50,optimal,cq-sh-water-regular,water,240.0,1130.0,0,23.990000000000006,1153.99,479.80000000000007
p90,10,276,62.36,optimal,cq-sh-water-regular,water,240.0,1130.0,0,29.920328000000005,1159.920328,479.80000000000007
p90,10,276,74.63,optimal,cq-sh-water-regular,water,240.0,1130.0,0,35.807474000000006,1165.807474,479.80000000000007
p90,10,276,97.49,optimal,cq-sh-water-regular,water,240.0,1130.0,0,46.775702,1176.775702,479.80000000000007
p90,10,276,106,optimal,cq-sh-water-regular,water,240.0,1130.0,0,50.85880000000001,1180.8588,479.80000000000007
p90,10,276,150,optimal,cq-sh-water-regular,water,240.0,1130.0,0,71.97000000000001,1201.97,479.80000000000007
p90,10,276,300,optimal,cq-sh-water-regular,water,240.0,1130.0,0,143.94000000000003,1273.94,479.80000000000007
p90,10,276,1000,optimal,cq-sh-water-regular,water,240.0,1130.0,0,479.80000000000007,1609.8000000000002,479.80000000000007
p90,10,276,5000,optimal,cq-sh-water-regular,water,240.0,1130.0,0,2399.0000000000005,3529.0000000000005,479.80000000000007
p90,10,276,6000,optimal,cq-sh-water-regular,water,240.0,1130.0,0,2878.8,4008.8,479.80000000000007
p90,10,360,0,optimal,cq-sh-water-regular,water,240.0,1130.0,0,0.0,1130.0,479.80000000000007
p90,10,360,50,optimal,cq-sh-water-regular,water,240.0,1130.0,0,23.990000000000006,1153.99,479.80000000000007
p90,10,360,62.36,optimal,cq-sh-water-regular,water,240.0,1130.0,0,29.920328000000005,1159.920328,479.80000000000007
p90,10,360,74.63,optimal,cq-sh-water-regular,water,240.0,1130.0,0,35.807474000000006,1165.807474,479.80000000000007
p90,10,360,97.49,optimal,cq-sh-water-regular,water,240.0,1130.0,0,46.775702,1176.775702,479.80000000000007
p90,10,360,106,optimal,cq-sh-water-regular,water,240.0,1130.0,0,50.85880000000001,1180.8588,479.80000000000007
p90,10,360,150,optimal,cq-sh-water-regular,water,240.0,1130.0,0,71.97000000000001,1201.97,479.80000000000007
p90,10,360,300,optimal,cq-sh-water-regular,water,240.0,1130.0,0,143.94000000000003,1273.94,479.80000000000007
p90,10,360,1000,optimal,cq-sh-water-regular,water,240.0,1130.0,0,479.80000000000007,1609.8000000000002,479.80000000000007
p90,10,360,5000,optimal,cq-sh-water-regular,water,240.0,1130.0,0,2399.0000000000005,3529.0000000000005,479.80000000000007
p90,10,360,6000,optimal,cq-sh-water-regular,water,240.0,1130.0,0,2878.8,4008.8,479.80000000000007
p90,15,48,0,infeasible,,,,,,,,
p90,15,48,50,infeasible,,,,,,,,
p90,15,48,62.36,infeasible,,,,,,,,
p90,15,48,74.63,infeasible,,,,,,,,
p90,15,48,97.49,infeasible,,,,,,,,
p90,15,48,106,infeasible,,,,,,,,
p90,15,48,150,infeasible,,,,,,,,
p90,15,48,300,infeasible,,,,,,,,
p90,15,48,1000,infeasible,,,,,,,,
p90,15,48,5000,infeasible,,,,,,,,
p90,15,48,6000,infeasible,,,,,,,,
p90,15,55,0,infeasible,,,,,,,,
p90,15,55,50,infeasible,,,,,,,,
p90,15,55,62.36,infeasible,,,,,,,,
p90,15,55,74.63,infeasible,,,,,,,,
p90,15,55,97.49,infeasible,,,,,,,,
p90,15,55,106,infeasible,,,,,,,,
p90,15,55,150,infeasible,,,,,,,,
p90,15,55,300,infeasible,,,,,,,,
p90,15,55,1000,infeasible,,,,,,,,
p90,15,55,5000,infeasible,,,,,,,,
p90,15,55,6000,infeasible,,,,,,,,
p90,15,60,0,optimal,cq-sh-rail,rail,60.0,4600.0,0,0.0,4600.0,77.985
p90,15,60,50,optimal,cq-sh-rail,rail,60.0,4600.0,0,3.8992500000000003,4603.89925,77.985
p90,15,60,62.36,optimal,cq-sh-rail,rail,60.0,4600.0,0,4.8631446,4604.8631446,77.985
p90,15,60,74.63,optimal,cq-sh-rail,rail,60.0,4600.0,0,5.82002055,4605.82002055,77.985
p90,15,60,97.49,optimal,cq-sh-rail,rail,60.0,4600.0,0,7.602757649999999,4607.60275765,77.985
p90,15,60,106,optimal,cq-sh-rail,rail,60.0,4600.0,0,8.26641,4608.26641,77.985
p90,15,60,150,optimal,cq-sh-rail,rail,60.0,4600.0,0,11.69775,4611.69775,77.985
p90,15,60,300,optimal,cq-sh-rail,rail,60.0,4600.0,0,23.3955,4623.3955,77.985
p90,15,60,1000,optimal,cq-sh-rail,rail,60.0,4600.0,0,77.985,4677.985,77.985
p90,15,60,5000,optimal,cq-sh-rail,rail,60.0,4600.0,0,389.925,4989.925,77.985
p90,15,60,6000,optimal,cq-sh-rail,rail,60.0,4600.0,0,467.90999999999997,5067.91,77.985
p90,15,72,0,optimal,cq-sh-rail,rail,60.0,4600.0,0,0.0,4600.0,77.985
p90,15,72,50,optimal,cq-sh-rail,rail,60.0,4600.0,0,3.8992500000000003,4603.89925,77.985
p90,15,72,62.36,optimal,cq-sh-rail,rail,60.0,4600.0,0,4.8631446,4604.8631446,77.985
p90,15,72,74.63,optimal,cq-sh-rail,rail,60.0,4600.0,0,5.82002055,4605.82002055,77.985
p90,15,72,97.49,optimal,cq-sh-rail,rail,60.0,4600.0,0,7.602757649999999,4607.60275765,77.985
p90,15,72,106,optimal,cq-sh-rail,rail,60.0,4600.0,0,8.26641,4608.26641,77.985
p90,15,72,150,optimal,cq-sh-rail,rail,60.0,4600.0,0,11.69775,4611.69775,77.985
p90,15,72,300,optimal,cq-sh-rail,rail,60.0,4600.0,0,23.3955,4623.3955,77.985
p90,15,72,1000,optimal,cq-sh-rail,rail,60.0,4600.0,0,77.985,4677.985,77.985
p90,15,72,5000,optimal,cq-sh-rail,rail,60.0,4600.0,0,389.925,4989.925,77.985
p90,15,72,6000,optimal,cq-sh-rail,rail,60.0,4600.0,0,467.90999999999997,5067.91,77.985
p90,15,96,0,optimal,cq-sh-rail,rail,60.0,4600.0,0,0.0,4600.0,77.985
p90,15,96,50,optimal,cq-sh-rail,rail,60.0,4600.0,0,3.8992500000000003,4603.89925,77.985
p90,15,96,62.36,optimal,cq-sh-rail,rail,60.0,4600.0,0,4.8631446,4604.8631446,77.985
p90,15,96,74.63,optimal,cq-sh-rail,rail,60.0,4600.0,0,5.82002055,4605.82002055,77.985
p90,15,96,97.49,optimal,cq-sh-rail,rail,60.0,4600.0,0,7.602757649999999,4607.60275765,77.985
p90,15,96,106,optimal,cq-sh-rail,rail,60.0,4600.0,0,8.26641,4608.26641,77.985
p90,15,96,150,optimal,cq-sh-rail,rail,60.0,4600.0,0,11.69775,4611.69775,77.985
p90,15,96,300,optimal,cq-sh-rail,rail,60.0,4600.0,0,23.3955,4623.3955,77.985
p90,15,96,1000,optimal,cq-sh-rail,rail,60.0,4600.0,0,77.985,4677.985,77.985
p90,15,96,5000,optimal,cq-sh-rail,rail,60.0,4600.0,0,389.925,4989.925,77.985
p90,15,96,6000,optimal,cq-sh-rail,rail,60.0,4600.0,0,467.90999999999997,5067.91,77.985
p90,15,120,0,optimal,cq-sh-rail,rail,60.0,4600.0,0,0.0,4600.0,77.985
p90,15,120,50,optimal,cq-sh-rail,rail,60.0,4600.0,0,3.8992500000000003,4603.89925,77.985
p90,15,120,62.36,optimal,cq-sh-rail,rail,60.0,4600.0,0,4.8631446,4604.8631446,77.985
p90,15,120,74.63,optimal,cq-sh-rail,rail,60.0,4600.0,0,5.82002055,4605.82002055,77.985
p90,15,120,97.49,optimal,cq-sh-rail,rail,60.0,4600.0,0,7.602757649999999,4607.60275765,77.985
p90,15,120,106,optimal,cq-sh-rail,rail,60.0,4600.0,0,8.26641,4608.26641,77.985
p90,15,120,150,optimal,cq-sh-rail,rail,60.0,4600.0,0,11.69775,4611.69775,77.985
p90,15,120,300,optimal,cq-sh-rail,rail,60.0,4600.0,0,23.3955,4623.3955,77.985
p90,15,120,1000,optimal,cq-sh-rail,rail,60.0,4600.0,0,77.985,4677.985,77.985
p90,15,120,5000,optimal,cq-sh-rail,rail,60.0,4600.0,0,389.925,4989.925,77.985
p90,15,120,6000,optimal,cq-sh-rail,rail,60.0,4600.0,0,467.90999999999997,5067.91,77.985
p90,15,192,0,optimal,cq-sh-rail,rail,60.0,4600.0,0,0.0,4600.0,77.985
p90,15,192,50,optimal,cq-sh-rail,rail,60.0,4600.0,0,3.8992500000000003,4603.89925,77.985
p90,15,192,62.36,optimal,cq-sh-rail,rail,60.0,4600.0,0,4.8631446,4604.8631446,77.985
p90,15,192,74.63,optimal,cq-sh-rail,rail,60.0,4600.0,0,5.82002055,4605.82002055,77.985
p90,15,192,97.49,optimal,cq-sh-rail,rail,60.0,4600.0,0,7.602757649999999,4607.60275765,77.985
p90,15,192,106,optimal,cq-sh-rail,rail,60.0,4600.0,0,8.26641,4608.26641,77.985
p90,15,192,150,optimal,cq-sh-rail,rail,60.0,4600.0,0,11.69775,4611.69775,77.985
p90,15,192,300,optimal,cq-sh-rail,rail,60.0,4600.0,0,23.3955,4623.3955,77.985
p90,15,192,1000,optimal,cq-sh-rail,rail,60.0,4600.0,0,77.985,4677.985,77.985
p90,15,192,5000,optimal,cq-sh-rail,rail,60.0,4600.0,0,389.925,4989.925,77.985
p90,15,192,6000,optimal,cq-sh-rail,rail,60.0,4600.0,0,467.90999999999997,5067.91,77.985
p90,15,204,0,optimal,cq-sh-rail,rail,60.0,4600.0,0,0.0,4600.0,77.985
p90,15,204,50,optimal,cq-sh-rail,rail,60.0,4600.0,0,3.8992500000000003,4603.89925,77.985
p90,15,204,62.36,optimal,cq-sh-rail,rail,60.0,4600.0,0,4.8631446,4604.8631446,77.985
p90,15,204,74.63,optimal,cq-sh-rail,rail,60.0,4600.0,0,5.82002055,4605.82002055,77.985
p90,15,204,97.49,optimal,cq-sh-rail,rail,60.0,4600.0,0,7.602757649999999,4607.60275765,77.985
p90,15,204,106,optimal,cq-sh-rail,rail,60.0,4600.0,0,8.26641,4608.26641,77.985
p90,15,204,150,optimal,cq-sh-rail,rail,60.0,4600.0,0,11.69775,4611.69775,77.985
p90,15,204,300,optimal,cq-sh-rail,rail,60.0,4600.0,0,23.3955,4623.3955,77.985
p90,15,204,1000,optimal,cq-sh-rail,rail,60.0,4600.0,0,77.985,4677.985,77.985
p90,15,204,5000,optimal,cq-sh-rail,rail,60.0,4600.0,0,389.925,4989.925,77.985
p90,15,204,6000,optimal,cq-sh-rail,rail,60.0,4600.0,0,467.90999999999997,5067.91,77.985
p90,15,216,0,optimal,cq-sh-water-express,water,216.0,1400.0,0,0.0,1400.0,719.7
p90,15,216,50,optimal,cq-sh-water-express,water,216.0,1400.0,0,35.98500000000001,1435.985,719.7
p90,15,216,62.36,optimal,cq-sh-water-express,water,216.0,1400.0,0,44.880492000000004,1444.880492,719.7
p90,15,216,74.63,optimal,cq-sh-water-express,water,216.0,1400.0,0,53.711211000000006,1453.711211,719.7
p90,15,216,97.49,optimal,cq-sh-water-express,water,216.0,1400.0,0,70.163553,1470.163553,719.7
p90,15,216,106,optimal,cq-sh-water-express,water,216.0,1400.0,0,76.2882,1476.2882,719.7
p90,15,216,150,optimal,cq-sh-water-express,water,216.0,1400.0,0,107.955,1507.955,719.7
p90,15,216,300,optimal,cq-sh-water-express,water,216.0,1400.0,0,215.91,1615.91,719.7
p90,15,216,1000,optimal,cq-sh-water-express,water,216.0,1400.0,0,719.7,2119.7,719.7
p90,15,216,5000,optimal,cq-sh-rail,rail,60.0,4600.0,0,389.925,4989.925,77.985
p90,15,216,6000,optimal,cq-sh-rail,rail,60.0,4600.0,0,467.90999999999997,5067.91,77.985
p90,15,240,0,optimal,cq-sh-water-regular,water,240.0,1130.0,0,0.0,1130.0,719.7
p90,15,240,50,optimal,cq-sh-water-regular,water,240.0,1130.0,0,35.98500000000001,1165.985,719.7
p90,15,240,62.36,optimal,cq-sh-water-regular,water,240.0,1130.0,0,44.880492000000004,1174.880492,719.7
p90,15,240,74.63,optimal,cq-sh-water-regular,water,240.0,1130.0,0,53.711211000000006,1183.711211,719.7
p90,15,240,97.49,optimal,cq-sh-water-regular,water,240.0,1130.0,0,70.163553,1200.163553,719.7
p90,15,240,106,optimal,cq-sh-water-regular,water,240.0,1130.0,0,76.2882,1206.2882,719.7
p90,15,240,150,optimal,cq-sh-water-regular,water,240.0,1130.0,0,107.955,1237.955,719.7
p90,15,240,300,optimal,cq-sh-water-regular,water,240.0,1130.0,0,215.91,1345.91,719.7
p90,15,240,1000,optimal,cq-sh-water-regular,water,240.0,1130.0,0,719.7,1849.7,719.7
p90,15,240,5000,optimal,cq-sh-water-regular,water,240.0,1130.0,0,3598.5,4728.5,719.7
p90,15,240,6000,optimal,cq-sh-rail,rail,60.0,4600.0,0,467.90999999999997,5067.91,77.985
p90,15,276,0,optimal,cq-sh-water-regular,water,240.0,1130.0,0,0.0,1130.0,719.7
p90,15,276,50,optimal,cq-sh-water-regular,water,240.0,1130.0,0,35.98500000000001,1165.985,719.7
p90,15,276,62.36,optimal,cq-sh-water-regular,water,240.0,1130.0,0,44.880492000000004,1174.880492,719.7
p90,15,276,74.63,optimal,cq-sh-water-regular,water,240.0,1130.0,0,53.711211000000006,1183.711211,719.7
p90,15,276,97.49,optimal,cq-sh-water-regular,water,240.0,1130.0,0,70.163553,1200.163553,719.7
p90,15,276,106,optimal,cq-sh-water-regular,water,240.0,1130.0,0,76.2882,1206.2882,719.7
p90,15,276,150,optimal,cq-sh-water-regular,water,240.0,1130.0,0,107.955,1237.955,719.7
p90,15,276,300,optimal,cq-sh-water-regular,water,240.0,1130.0,0,215.91,1345.91,719.7
p90,15,276,1000,optimal,cq-sh-water-regular,water,240.0,1130.0,0,719.7,1849.7,719.7
p90,15,276,5000,optimal,cq-sh-water-regular,water,240.0,1130.0,0,3598.5,4728.5,719.7
p90,15,276,6000,optimal,cq-sh-rail,rail,60.0,4600.0,0,467.90999999999997,5067.91,77.985
p90,15,360,0,optimal,cq-sh-water-regular,water,240.0,1130.0,0,0.0,1130.0,719.7
p90,15,360,50,optimal,cq-sh-water-regular,water,240.0,1130.0,0,35.98500000000001,1165.985,719.7
p90,15,360,62.36,optimal,cq-sh-water-regular,water,240.0,1130.0,0,44.880492000000004,1174.880492,719.7
p90,15,360,74.63,optimal,cq-sh-water-regular,water,240.0,1130.0,0,53.711211000000006,1183.711211,719.7
p90,15,360,97.49,optimal,cq-sh-water-regular,water,240.0,1130.0,0,70.163553,1200.163553,719.7
p90,15,360,106,optimal,cq-sh-water-regular,water,240.0,1130.0,0,76.2882,1206.2882,719.7
p90,15,360,150,optimal,cq-sh-water-regular,water,240.0,1130.0,0,107.955,1237.955,719.7
p90,15,360,300,optimal,cq-sh-water-regular,water,240.0,1130.0,0,215.91,1345.91,719.7
p90,15,360,1000,optimal,cq-sh-water-regular,water,240.0,1130.0,0,719.7,1849.7,719.7
p90,15,360,5000,optimal,cq-sh-water-regular,water,240.0,1130.0,0,3598.5,4728.5,719.7
p90,15,360,6000,optimal,cq-sh-rail,rail,60.0,4600.0,0,467.90999999999997,5067.91,77.985
p90,20,48,0,infeasible,,,,,,,,
p90,20,48,50,infeasible,,,,,,,,
p90,20,48,62.36,infeasible,,,,,,,,
p90,20,48,74.63,infeasible,,,,,,,,
p90,20,48,97.49,infeasible,,,,,,,,
p90,20,48,106,infeasible,,,,,,,,
p90,20,48,150,infeasible,,,,,,,,
p90,20,48,300,infeasible,,,,,,,,
p90,20,48,1000,infeasible,,,,,,,,
p90,20,48,5000,infeasible,,,,,,,,
p90,20,48,6000,infeasible,,,,,,,,
p90,20,55,0,infeasible,,,,,,,,
p90,20,55,50,infeasible,,,,,,,,
p90,20,55,62.36,infeasible,,,,,,,,
p90,20,55,74.63,infeasible,,,,,,,,
p90,20,55,97.49,infeasible,,,,,,,,
p90,20,55,106,infeasible,,,,,,,,
p90,20,55,150,infeasible,,,,,,,,
p90,20,55,300,infeasible,,,,,,,,
p90,20,55,1000,infeasible,,,,,,,,
p90,20,55,5000,infeasible,,,,,,,,
p90,20,55,6000,infeasible,,,,,,,,
p90,20,60,0,optimal,cq-sh-rail,rail,60.0,4600.0,0,0.0,4600.0,103.97999999999999
p90,20,60,50,optimal,cq-sh-rail,rail,60.0,4600.0,0,5.199,4605.199,103.97999999999999
p90,20,60,62.36,optimal,cq-sh-rail,rail,60.0,4600.0,0,6.484192799999999,4606.4841928,103.97999999999999
p90,20,60,74.63,optimal,cq-sh-rail,rail,60.0,4600.0,0,7.760027399999999,4607.7600274,103.97999999999999
p90,20,60,97.49,optimal,cq-sh-rail,rail,60.0,4600.0,0,10.137010199999999,4610.1370102,103.97999999999999
p90,20,60,106,optimal,cq-sh-rail,rail,60.0,4600.0,0,11.02188,4611.02188,103.97999999999999
p90,20,60,150,optimal,cq-sh-rail,rail,60.0,4600.0,0,15.596999999999998,4615.597,103.97999999999999
p90,20,60,300,optimal,cq-sh-rail,rail,60.0,4600.0,0,31.193999999999996,4631.194,103.97999999999999
p90,20,60,1000,optimal,cq-sh-rail,rail,60.0,4600.0,0,103.97999999999999,4703.98,103.97999999999999
p90,20,60,5000,optimal,cq-sh-rail,rail,60.0,4600.0,0,519.9,5119.9,103.97999999999999
p90,20,60,6000,optimal,cq-sh-rail,rail,60.0,4600.0,0,623.8799999999999,5223.88,103.97999999999999
p90,20,72,0,optimal,cq-sh-rail,rail,60.0,4600.0,0,0.0,4600.0,103.97999999999999
p90,20,72,50,optimal,cq-sh-rail,rail,60.0,4600.0,0,5.199,4605.199,103.97999999999999
p90,20,72,62.36,optimal,cq-sh-rail,rail,60.0,4600.0,0,6.484192799999999,4606.4841928,103.97999999999999
p90,20,72,74.63,optimal,cq-sh-rail,rail,60.0,4600.0,0,7.760027399999999,4607.7600274,103.97999999999999
p90,20,72,97.49,optimal,cq-sh-rail,rail,60.0,4600.0,0,10.137010199999999,4610.1370102,103.97999999999999
p90,20,72,106,optimal,cq-sh-rail,rail,60.0,4600.0,0,11.02188,4611.02188,103.97999999999999
p90,20,72,150,optimal,cq-sh-rail,rail,60.0,4600.0,0,15.596999999999998,4615.597,103.97999999999999
p90,20,72,300,optimal,cq-sh-rail,rail,60.0,4600.0,0,31.193999999999996,4631.194,103.97999999999999
p90,20,72,1000,optimal,cq-sh-rail,rail,60.0,4600.0,0,103.97999999999999,4703.98,103.97999999999999
p90,20,72,5000,optimal,cq-sh-rail,rail,60.0,4600.0,0,519.9,5119.9,103.97999999999999
p90,20,72,6000,optimal,cq-sh-rail,rail,60.0,4600.0,0,623.8799999999999,5223.88,103.97999999999999
p90,20,96,0,optimal,cq-sh-rail,rail,60.0,4600.0,0,0.0,4600.0,103.97999999999999
p90,20,96,50,optimal,cq-sh-rail,rail,60.0,4600.0,0,5.199,4605.199,103.97999999999999
p90,20,96,62.36,optimal,cq-sh-rail,rail,60.0,4600.0,0,6.484192799999999,4606.4841928,103.97999999999999
p90,20,96,74.63,optimal,cq-sh-rail,rail,60.0,4600.0,0,7.760027399999999,4607.7600274,103.97999999999999
p90,20,96,97.49,optimal,cq-sh-rail,rail,60.0,4600.0,0,10.137010199999999,4610.1370102,103.97999999999999
p90,20,96,106,optimal,cq-sh-rail,rail,60.0,4600.0,0,11.02188,4611.02188,103.97999999999999
p90,20,96,150,optimal,cq-sh-rail,rail,60.0,4600.0,0,15.596999999999998,4615.597,103.97999999999999
p90,20,96,300,optimal,cq-sh-rail,rail,60.0,4600.0,0,31.193999999999996,4631.194,103.97999999999999
p90,20,96,1000,optimal,cq-sh-rail,rail,60.0,4600.0,0,103.97999999999999,4703.98,103.97999999999999
p90,20,96,5000,optimal,cq-sh-rail,rail,60.0,4600.0,0,519.9,5119.9,103.97999999999999
p90,20,96,6000,optimal,cq-sh-rail,rail,60.0,4600.0,0,623.8799999999999,5223.88,103.97999999999999
p90,20,120,0,optimal,cq-sh-rail,rail,60.0,4600.0,0,0.0,4600.0,103.97999999999999
p90,20,120,50,optimal,cq-sh-rail,rail,60.0,4600.0,0,5.199,4605.199,103.97999999999999
p90,20,120,62.36,optimal,cq-sh-rail,rail,60.0,4600.0,0,6.484192799999999,4606.4841928,103.97999999999999
p90,20,120,74.63,optimal,cq-sh-rail,rail,60.0,4600.0,0,7.760027399999999,4607.7600274,103.97999999999999
p90,20,120,97.49,optimal,cq-sh-rail,rail,60.0,4600.0,0,10.137010199999999,4610.1370102,103.97999999999999
p90,20,120,106,optimal,cq-sh-rail,rail,60.0,4600.0,0,11.02188,4611.02188,103.97999999999999
p90,20,120,150,optimal,cq-sh-rail,rail,60.0,4600.0,0,15.596999999999998,4615.597,103.97999999999999
p90,20,120,300,optimal,cq-sh-rail,rail,60.0,4600.0,0,31.193999999999996,4631.194,103.97999999999999
p90,20,120,1000,optimal,cq-sh-rail,rail,60.0,4600.0,0,103.97999999999999,4703.98,103.97999999999999
p90,20,120,5000,optimal,cq-sh-rail,rail,60.0,4600.0,0,519.9,5119.9,103.97999999999999
p90,20,120,6000,optimal,cq-sh-rail,rail,60.0,4600.0,0,623.8799999999999,5223.88,103.97999999999999
p90,20,192,0,optimal,cq-sh-rail,rail,60.0,4600.0,0,0.0,4600.0,103.97999999999999
p90,20,192,50,optimal,cq-sh-rail,rail,60.0,4600.0,0,5.199,4605.199,103.97999999999999
p90,20,192,62.36,optimal,cq-sh-rail,rail,60.0,4600.0,0,6.484192799999999,4606.4841928,103.97999999999999
p90,20,192,74.63,optimal,cq-sh-rail,rail,60.0,4600.0,0,7.760027399999999,4607.7600274,103.97999999999999
p90,20,192,97.49,optimal,cq-sh-rail,rail,60.0,4600.0,0,10.137010199999999,4610.1370102,103.97999999999999
p90,20,192,106,optimal,cq-sh-rail,rail,60.0,4600.0,0,11.02188,4611.02188,103.97999999999999
p90,20,192,150,optimal,cq-sh-rail,rail,60.0,4600.0,0,15.596999999999998,4615.597,103.97999999999999
p90,20,192,300,optimal,cq-sh-rail,rail,60.0,4600.0,0,31.193999999999996,4631.194,103.97999999999999
p90,20,192,1000,optimal,cq-sh-rail,rail,60.0,4600.0,0,103.97999999999999,4703.98,103.97999999999999
p90,20,192,5000,optimal,cq-sh-rail,rail,60.0,4600.0,0,519.9,5119.9,103.97999999999999
p90,20,192,6000,optimal,cq-sh-rail,rail,60.0,4600.0,0,623.8799999999999,5223.88,103.97999999999999
p90,20,204,0,optimal,cq-sh-rail,rail,60.0,4600.0,0,0.0,4600.0,103.97999999999999
p90,20,204,50,optimal,cq-sh-rail,rail,60.0,4600.0,0,5.199,4605.199,103.97999999999999
p90,20,204,62.36,optimal,cq-sh-rail,rail,60.0,4600.0,0,6.484192799999999,4606.4841928,103.97999999999999
p90,20,204,74.63,optimal,cq-sh-rail,rail,60.0,4600.0,0,7.760027399999999,4607.7600274,103.97999999999999
p90,20,204,97.49,optimal,cq-sh-rail,rail,60.0,4600.0,0,10.137010199999999,4610.1370102,103.97999999999999
p90,20,204,106,optimal,cq-sh-rail,rail,60.0,4600.0,0,11.02188,4611.02188,103.97999999999999
p90,20,204,150,optimal,cq-sh-rail,rail,60.0,4600.0,0,15.596999999999998,4615.597,103.97999999999999
p90,20,204,300,optimal,cq-sh-rail,rail,60.0,4600.0,0,31.193999999999996,4631.194,103.97999999999999
p90,20,204,1000,optimal,cq-sh-rail,rail,60.0,4600.0,0,103.97999999999999,4703.98,103.97999999999999
p90,20,204,5000,optimal,cq-sh-rail,rail,60.0,4600.0,0,519.9,5119.9,103.97999999999999
p90,20,204,6000,optimal,cq-sh-rail,rail,60.0,4600.0,0,623.8799999999999,5223.88,103.97999999999999
p90,20,216,0,optimal,cq-sh-water-express,water,216.0,1400.0,0,0.0,1400.0,959.6000000000001
p90,20,216,50,optimal,cq-sh-water-express,water,216.0,1400.0,0,47.98000000000001,1447.98,959.6000000000001
p90,20,216,62.36,optimal,cq-sh-water-express,water,216.0,1400.0,0,59.84065600000001,1459.840656,959.6000000000001
p90,20,216,74.63,optimal,cq-sh-water-express,water,216.0,1400.0,0,71.61494800000001,1471.614948,959.6000000000001
p90,20,216,97.49,optimal,cq-sh-water-express,water,216.0,1400.0,0,93.551404,1493.551404,959.6000000000001
p90,20,216,106,optimal,cq-sh-water-express,water,216.0,1400.0,0,101.71760000000002,1501.7176,959.6000000000001
p90,20,216,150,optimal,cq-sh-water-express,water,216.0,1400.0,0,143.94000000000003,1543.94,959.6000000000001
p90,20,216,300,optimal,cq-sh-water-express,water,216.0,1400.0,0,287.88000000000005,1687.88,959.6000000000001
p90,20,216,1000,optimal,cq-sh-water-express,water,216.0,1400.0,0,959.6000000000001,2359.6000000000004,959.6000000000001
p90,20,216,5000,optimal,cq-sh-rail,rail,60.0,4600.0,0,519.9,5119.9,103.97999999999999
p90,20,216,6000,optimal,cq-sh-rail,rail,60.0,4600.0,0,623.8799999999999,5223.88,103.97999999999999
p90,20,240,0,optimal,cq-sh-water-regular,water,240.0,1130.0,0,0.0,1130.0,959.6000000000001
p90,20,240,50,optimal,cq-sh-water-regular,water,240.0,1130.0,0,47.98000000000001,1177.98,959.6000000000001
p90,20,240,62.36,optimal,cq-sh-water-regular,water,240.0,1130.0,0,59.84065600000001,1189.840656,959.6000000000001
p90,20,240,74.63,optimal,cq-sh-water-regular,water,240.0,1130.0,0,71.61494800000001,1201.614948,959.6000000000001
p90,20,240,97.49,optimal,cq-sh-water-regular,water,240.0,1130.0,0,93.551404,1223.551404,959.6000000000001
p90,20,240,106,optimal,cq-sh-water-regular,water,240.0,1130.0,0,101.71760000000002,1231.7176,959.6000000000001
p90,20,240,150,optimal,cq-sh-water-regular,water,240.0,1130.0,0,143.94000000000003,1273.94,959.6000000000001
p90,20,240,300,optimal,cq-sh-water-regular,water,240.0,1130.0,0,287.88000000000005,1417.88,959.6000000000001
p90,20,240,1000,optimal,cq-sh-water-regular,water,240.0,1130.0,0,959.6000000000001,2089.6000000000004,959.6000000000001
p90,20,240,5000,optimal,cq-sh-rail,rail,60.0,4600.0,0,519.9,5119.9,103.97999999999999
p90,20,240,6000,optimal,cq-sh-rail,rail,60.0,4600.0,0,623.8799999999999,5223.88,103.97999999999999
p90,20,276,0,optimal,cq-sh-water-regular,water,240.0,1130.0,0,0.0,1130.0,959.6000000000001
p90,20,276,50,optimal,cq-sh-water-regular,water,240.0,1130.0,0,47.98000000000001,1177.98,959.6000000000001
p90,20,276,62.36,optimal,cq-sh-water-regular,water,240.0,1130.0,0,59.84065600000001,1189.840656,959.6000000000001
p90,20,276,74.63,optimal,cq-sh-water-regular,water,240.0,1130.0,0,71.61494800000001,1201.614948,959.6000000000001
p90,20,276,97.49,optimal,cq-sh-water-regular,water,240.0,1130.0,0,93.551404,1223.551404,959.6000000000001
p90,20,276,106,optimal,cq-sh-water-regular,water,240.0,1130.0,0,101.71760000000002,1231.7176,959.6000000000001
p90,20,276,150,optimal,cq-sh-water-regular,water,240.0,1130.0,0,143.94000000000003,1273.94,959.6000000000001
p90,20,276,300,optimal,cq-sh-water-regular,water,240.0,1130.0,0,287.88000000000005,1417.88,959.6000000000001
p90,20,276,1000,optimal,cq-sh-water-regular,water,240.0,1130.0,0,959.6000000000001,2089.6000000000004,959.6000000000001
p90,20,276,5000,optimal,cq-sh-rail,rail,60.0,4600.0,0,519.9,5119.9,103.97999999999999
p90,20,276,6000,optimal,cq-sh-rail,rail,60.0,4600.0,0,623.8799999999999,5223.88,103.97999999999999
p90,20,360,0,optimal,cq-sh-water-regular,water,240.0,1130.0,0,0.0,1130.0,959.6000000000001
p90,20,360,50,optimal,cq-sh-water-regular,water,240.0,1130.0,0,47.98000000000001,1177.98,959.6000000000001
p90,20,360,62.36,optimal,cq-sh-water-regular,water,240.0,1130.0,0,59.84065600000001,1189.840656,959.6000000000001
p90,20,360,74.63,optimal,cq-sh-water-regular,water,240.0,1130.0,0,71.61494800000001,1201.614948,959.6000000000001
p90,20,360,97.49,optimal,cq-sh-water-regular,water,240.0,1130.0,0,93.551404,1223.551404,959.6000000000001
p90,20,360,106,optimal,cq-sh-water-regular,water,240.0,1130.0,0,101.71760000000002,1231.7176,959.6000000000001
p90,20,360,150,optimal,cq-sh-water-regular,water,240.0,1130.0,0,143.94000000000003,1273.94,959.6000000000001
p90,20,360,300,optimal,cq-sh-water-regular,water,240.0,1130.0,0,287.88000000000005,1417.88,959.6000000000001
p90,20,360,1000,optimal,cq-sh-water-regular,water,240.0,1130.0,0,959.6000000000001,2089.6000000000004,959.6000000000001
p90,20,360,5000,optimal,cq-sh-rail,rail,60.0,4600.0,0,519.9,5119.9,103.97999999999999
p90,20,360,6000,optimal,cq-sh-rail,rail,60.0,4600.0,0,623.8799999999999,5223.88,103.97999999999999
