scenario,transport_scope,reduction_target,emission_cap_kg,method,seed,status,feasible,total_cost_cny,noncarbon_cost_cny,carbon_cost_cny,emissions_kg,constraint_violation,emission_violation,capacity_violation,deadline_violation,restarts,candidate_evaluations,tonne_weighted_transit_hours,road_only_tonnes,rail_only_tonnes,water_only_tonnes,multimodal_tonnes
road-cost,road-only,0.0,,greedy-reference,,feasible-heuristic,True,618893.0887099998,604620.9930249999,14272.095685,217720.95685,0.0,0.0,0.0,0.0,0,86,18.652629866180042,2055.0,0.0,0.0,0.0
road-cost,road-only,0.0,,fixed,0,feasible-heuristic,True,618893.0887099998,604620.9930249999,14272.095685,217720.95685,0.0,0.0,0.0,0.0,0,15000,18.652629866180042,2055.0,0.0,0.0,0.0
road-cost,road-only,0.0,,fixed,1,feasible-heuristic,True,618893.0887099998,604620.9930249999,14272.095685,217720.95685,0.0,0.0,0.0,0.0,0,15000,18.652629866180042,2055.0,0.0,0.0,0.0
road-cost,road-only,0.0,,fixed,2,feasible-heuristic,True,618893.0887099998,604620.9930249999,14272.095685,217720.95685,0.0,0.0,0.0,0.0,0,15000,18.652629866180042,2055.0,0.0,0.0,0.0
road-cost,road-only,0.0,,fixed,3,feasible-heuristic,True,618893.0887099998,604620.9930249999,14272.095685,217720.95685,0.0,0.0,0.0,0.0,0,15000,18.652629866180042,2055.0,0.0,0.0,0.0
road-cost,road-only,0.0,,fixed,4,feasible-heuristic,True,618893.0887099998,604620.9930249999,14272.095685,217720.95685,0.0,0.0,0.0,0.0,0,15000,18.652629866180042,2055.0,0.0,0.0,0.0
road-cost,road-only,0.0,,fixed,5,feasible-heuristic,True,618893.0887099998,604620.9930249999,14272.095685,217720.95685,0.0,0.0,0.0,0.0,0,15000,18.652629866180042,2055.0,0.0,0.0,0.0
road-cost,road-only,0.0,,fixed,6,feasible-heuristic,True,618893.0887099998,604620.9930249999,14272.095685,217720.95685,0.0,0.0,0.0,0.0,0,15000,18.652629866180042,2055.0,0.0,0.0,0.0
road-cost,road-only,0.0,,fixed,7,feasible-heuristic,True,618893.0887099998,604620.9930249999,14272.095685,217720.95685,0.0,0.0,0.0,0.0,0,15000,18.652629866180042,2055.0,0.0,0.0,0.0
road-cost,road-only,0.0,,fixed,8,feasible-heuristic,True,618893.0887099998,604620.9930249999,14272.095685,217720.95685,0.0,0.0,0.0,0.0,0,15000,18.652629866180042,2055.0,0.0,0.0,0.0
road-cost,road-only,0.0,,fixed,9,feasible-heuristic,True,618893.0887099998,604620.9930249999,14272.095685,217720.95685,0.0,0.0,0.0,0.0,0,15000,18.652629866180042,2055.0,0.0,0.0,0.0
road-cost,road-only,0.0,,fixed,10,feasible-heuristic,True,618893.0887099998,604620.9930249999,14272.095685,217720.95685,0.0,0.0,0.0,0.0,0,15000,18.652629866180042,2055.0,0.0,0.0,0.0
road-cost,road-only,0.0,,fixed,11,feasible-heuristic,True,618893.0887099998,604620.9930249999,14272.095685,217720.95685,0.0,0.0,0.0,0.0,0,15000,18.652629866180042,2055.0,0.0,0.0,0.0
road-cost,road-only,0.0,,fixed,12,feasible-heuristic,True,618893.0887099998,604620.9930249999,14272.095685,217720.95685,0.0,0.0,0.0,0.0,0,15000,18.652629866180042,2055.0,0.0,0.0,0.0
road-cost,road-only,0.0,,fixed,13,feasible-heuristic,True,618893.0887099998,604620.9930249999,14272.095685,217720.95685,0.0,0.0,0.0,0.0,0,15000,18.652629866180042,2055.0,0.0,0.0,0.0
road-cost,road-only,0.0,,fixed,14,feasible-heuristic,True,618893.0887099998,604620.9930249999,14272.095685,217720.95685,0.0,0.0,0.0,0.0,0,15000,18.652629866180042,2055.0,0.0,0.0,0.0
road-cost,road-only,0.0,,fixed,15,feasible-heuristic,True,618893.0887099998,604620.9930249999,14272.095685,217720.95685,0.0,0.0,0.0,0.0,0,15000,18.652629866180042,2055.0,0.0,0.0,0.0
road-cost,road-only,0.0,,fixed,16,feasible-heuristic,True,618893.0887099998,604620.9930249999,14272.095685,217720.95685,0.0,0.0,0.0,0.0,0,15000,18.652629866180042,2055.0,0.0,0.0,0.0
road-cost,road-only,0.0,,fixed,17,feasible-heuristic,True,618893.0887099998,604620.9930249999,14272.095685,217720.95685,0.0,0.0,0.0,0.0,0,15000,18.652629866180042,2055.0,0.0,0.0,0.0
road-cost,road-only,0.0,,fixed,18,feasible-heuristic,True,618893.0887099998,604620.9930249999,14272.095685,217720.95685,0.0,0.0,0.0,0.0,0,15000,18.652629866180042,2055.0,0.0,0.0,0.0
road-cost,road-only,0.0,,fixed,19,feasible-heuristic,True,618893.0887099998,604620.9930249999,14272.095685,217720.95685,0.0,0.0,0.0,0.0,0,15000,18.652629866180042,2055.0,0.0,0.0,0.0
road-cost,road-only,0.0,,fixed,20,feasible-heuristic,True,618893.0887099998,604620.9930249999,14272.095685,217720.95685,0.0,0.0,0.0,0.0,0,15000,18.652629866180042,2055.0,0.0,0.0,0.0
road-cost,road-only,0.0,,fixed,21,feasible-heuristic,True,618893.0887099998,604620.9930249999,14272.095685,217720.95685,0.0,0.0,0.0,0.0,0,15000,18.652629866180042,2055.0,0.0,0.0,0.0
road-cost,road-only,0.0,,fixed,22,feasible-heuristic,True,618893.0887099998,604620.9930249999,14272.095685,217720.95685,0.0,0.0,0.0,0.0,0,15000,18.652629866180042,2055.0,0.0,0.0,0.0
road-cost,road-only,0.0,,fixed,23,feasible-heuristic,True,618893.0887099998,604620.9930249999,14272.095685,217720.95685,0.0,0.0,0.0,0.0,0,15000,18.652629866180042,2055.0,0.0,0.0,0.0
road-cost,road-only,0.0,,fixed,24,feasible-heuristic,True,618893.0887099998,604620.9930249999,14272.095685,217720.95685,0.0,0.0,0.0,0.0,0,15000,18.652629866180042,2055.0,0.0,0.0,0.0
road-cost,road-only,0.0,,fixed,25,feasible-heuristic,True,618893.0887099998,604620.9930249999,14272.095685,217720.95685,0.0,0.0,0.0,0.0,0,15000,18.652629866180042,2055.0,0.0,0.0,0.0
road-cost,road-only,0.0,,fixed,26,feasible-heuristic,True,618893.0887099998,604620.9930249999,14272.095685,217720.95685,0.0,0.0,0.0,0.0,0,15000,18.652629866180042,2055.0,0.0,0.0,0.0
road-cost,road-only,0.0,,fixed,27,feasible-heuristic,True,618893.0887099998,604620.9930249999,14272.095685,217720.95685,0.0,0.0,0.0,0.0,0,15000,18.652629866180042,2055.0,0.0,0.0,0.0
road-cost,road-only,0.0,,fixed,28,feasible-heuristic,True,618893.0887099998,604620.9930249999,14272.095685,217720.95685,0.0,0.0,0.0,0.0,0,15000,18.652629866180042,2055.0,0.0,0.0,0.0
road-cost,road-only,0.0,,fixed,29,feasible-heuristic,True,618893.0887099998,604620.9930249999,14272.095685,217720.95685,0.0,0.0,0.0,0.0,0,15000,18.652629866180042,2055.0,0.0,0.0,0.0
road-cost,road-only,0.0,,adaptive,0,feasible-heuristic,True,618893.0887099998,604620.9930249999,14272.095685,217720.95685,0.0,0.0,0.0,0.0,0,15000,18.652629866180042,2055.0,0.0,0.0,0.0
road-cost,road-only,0.0,,adaptive,1,feasible-heuristic,True,618893.0887099998,604620.9930249999,14272.095685,217720.95685,0.0,0.0,0.0,0.0,0,15000,18.652629866180042,2055.0,0.0,0.0,0.0
road-cost,road-only,0.0,,adaptive,2,feasible-heuristic,True,618893.0887099998,604620.9930249999,14272.095685,217720.95685,0.0,0.0,0.0,0.0,0,15000,18.652629866180042,2055.0,0.0,0.0,0.0
road-cost,road-only,0.0,,adaptive,3,feasible-heuristic,True,618893.0887099998,604620.9930249999,14272.095685,217720.95685,0.0,0.0,0.0,0.0,0,15000,18.652629866180042,2055.0,0.0,0.0,0.0
road-cost,road-only,0.0,,adaptive,4,feasible-heuristic,True,618893.0887099998,604620.9930249999,14272.095685,217720.95685,0.0,0.0,0.0,0.0,0,15000,18.652629866180042,2055.0,0.0,0.0,0.0
road-cost,road-only,0.0,,adaptive,5,feasible-heuristic,True,618893.0887099998,604620.9930249999,14272.095685,217720.95685,0.0,0.0,0.0,0.0,0,15000,18.652629866180042,2055.0,0.0,0.0,0.0
road-cost,road-only,0.0,,adaptive,6,feasible-heuristic,True,618893.0887099998,604620.9930249999,14272.095685,217720.95685,0.0,0.0,0.0,0.0,0,15000,18.652629866180042,2055.0,0.0,0.0,0.0
road-cost,road-only,0.0,,adaptive,7,feasible-heuristic,True,618893.0887099998,604620.9930249999,14272.095685,217720.95685,0.0,0.0,0.0,0.0,0,15000,18.652629866180042,2055.0,0.0,0.0,0.0
road-cost,road-only,0.0,,adaptive,8,feasible-heuristic,True,618893.0887099998,604620.9930249999,14272.095685,217720.95685,0.0,0.0,0.0,0.0,0,15000,18.652629866180042,2055.0,0.0,0.0,0.0
road-cost,road-only,0.0,,adaptive,9,feasible-heuristic,True,618893.0887099998,604620.9930249999,14272.095685,217720.95685,0.0,0.0,0.0,0.0,0,15000,18.652629866180042,2055.0,0.0,0.0,0.0
road-cost,road-only,0.0,,adaptive,10,feasible-heuristic,True,618893.0887099998,604620.9930249999,14272.095685,217720.95685,0.0,0.0,0.0,0.0,0,15000,18.652629866180042,2055.0,0.0,0.0,0.0
road-cost,road-only,0.0,,adaptive,11,feasible-heuristic,True,618893.0887099998,604620.9930249999,14272.095685,217720.95685,0.0,0.0,0.0,0.0,0,15000,18.652629866180042,2055.0,0.0,0.0,0.0
road-cost,road-only,0.0,,adaptive,12,feasible-heuristic,True,618893.0887099998,604620.9930249999,14272.095685,217720.95685,0.0,0.0,0.0,0.0,0,15000,18.652629866180042,2055.0,0.0,0.0,0.0
road-cost,road-only,0.0,,adaptive,13,feasible-heuristic,True,618893.0887099998,604620.9930249999,14272.095685,217720.95685,0.0,0.0,0.0,0.0,0,15000,18.652629866180042,2055.0,0.0,0.0,0.0
road-cost,road-only,0.0,,adaptive,14,feasible-heuristic,True,618893.0887099998,604620.9930249999,14272.095685,217720.95685,0.0,0.0,0.0,0.0,0,15000,18.652629866180042,2055.0,0.0,0.0,0.0
road-cost,road-only,0.0,,adaptive,15,feasible-heuristic,True,618893.0887099998,604620.9930249999,14272.095685,217720.95685,0.0,0.0,0.0,0.0,0,15000,18.652629866180042,2055.0,0.0,0.0,0.0
road-cost,road-only,0.0,,adaptive,16,feasible-heuristic,True,618893.0887099998,604620.9930249999,14272.095685,217720.95685,0.0,0.0,0.0,0.0,0,15000,18.652629866180042,2055.0,0.0,0.0,0.0
road-cost,road-only,0.0,,adaptive,17,feasible-heuristic,True,618893.0887099998,604620.9930249999,14272.095685,217720.95685,0.0,0.0,0.0,0.0,0,15000,18.652629866180042,2055.0,0.0,0.0,0.0
road-cost,road-only,0.0,,adaptive,18,feasible-heuristic,True,618893.0887099998,604620.9930249999,14272.095685,217720.95685,0.0,0.0,0.0,0.0,0,15000,18.652629866180042,2055.0,0.0,0.0,0.0
road-cost,road-only,0.0,,adaptive,19,feasible-heuristic,True,618893.0887099998,604620.9930249999,14272.095685,217720.95685,0.0,0.0,0.0,0.0,0,15000,18.652629866180042,2055.0,0.0,0.0,0.0
road-cost,road-only,0.0,,adaptive,20,feasible-heuristic,True,618893.0887099998,604620.9930249999,14272.095685,217720.95685,0.0,0.0,0.0,0.0,0,15000,18.652629866180042,2055.0,0.0,0.0,0.0
road-cost,road-only,0.0,,adaptive,21,feasible-heuristic,True,618893.0887099998,604620.9930249999,14272.095685,217720.95685,0.0,0.0,0.0,0.0,0,15000,18.652629866180042,2055.0,0.0,0.0,0.0
road-cost,road-only,0.0,,adaptive,22,feasible-heuristic,True,618893.0887099998,604620.9930249999,14272.095685,217720.95685,0.0,0.0,0.0,0.0,0,15000,18.652629866180042,2055.0,0.0,0.0,0.0
road-cost,road-only,0.0,,adaptive,23,feasible-heuristic,True,618893.0887099998,604620.9930249999,14272.095685,217720.95685,0.0,0.0,0.0,0.0,0,15000,18.652629866180042,2055.0,0.0,0.0,0.0
road-cost,road-only,0.0,,adaptive,24,feasible-heuristic,True,618893.0887099998,604620.9930249999,14272.095685,217720.95685,0.0,0.0,0.0,0.0,0,15000,18.652629866180042,2055.0,0.0,0.0,0.0
road-cost,road-only,0.0,,adaptive,25,feasible-heuristic,True,618893.0887099998,604620.9930249999,14272.095685,217720.95685,0.0,0.0,0.0,0.0,0,15000,18.652629866180042,2055.0,0.0,0.0,0.0
road-cost,road-only,0.0,,adaptive,26,feasible-heuristic,True,618893.0887099998,604620.9930249999,14272.095685,217720.95685,0.0,0.0,0.0,0.0,0,15000,18.652629866180042,2055.0,0.0,0.0,0.0
road-cost,road-only,0.0,,adaptive,27,feasible-heuristic,True,618893.0887099998,604620.9930249999,14272.095685,217720.95685,0.0,0.0,0.0,0.0,0,15000,18.652629866180042,2055.0,0.0,0.0,0.0
road-cost,road-only,0.0,,adaptive,28,feasible-heuristic,True,618893.0887099998,604620.9930249999,14272.095685,217720.95685,0.0,0.0,0.0,0.0,0,15000,18.652629866180042,2055.0,0.0,0.0,0.0
road-cost,road-only,0.0,,adaptive,29,feasible-heuristic,True,618893.0887099998,604620.9930249999,14272.095685,217720.95685,0.0,0.0,0.0,0.0,0,15000,18.652629866180042,2055.0,0.0,0.0,0.0
road-cost,road-only,0.0,,catastrophe,0,feasible-heuristic,True,618893.0887099998,604620.9930249999,14272.095685,217720.95685,0.0,0.0,0.0,0.0,4,15000,18.652629866180042,2055.0,0.0,0.0,0.0
road-cost,road-only,0.0,,catastrophe,1,feasible-heuristic,True,618893.0887099998,604620.9930249999,14272.095685,217720.95685,0.0,0.0,0.0,0.0,4,15000,18.652629866180042,2055.0,0.0,0.0,0.0
road-cost,road-only,0.0,,catastrophe,2,feasible-heuristic,True,618893.0887099998,604620.9930249999,14272.095685,217720.95685,0.0,0.0,0.0,0.0,4,15000,18.652629866180042,2055.0,0.0,0.0,0.0
road-cost,road-only,0.0,,catastrophe,3,feasible-heuristic,True,618893.0887099998,604620.9930249999,14272.095685,217720.95685,0.0,0.0,0.0,0.0,4,15000,18.652629866180042,2055.0,0.0,0.0,0.0
road-cost,road-only,0.0,,catastrophe,4,feasible-heuristic,True,618893.0887099998,604620.9930249999,14272.095685,217720.95685,0.0,0.0,0.0,0.0,4,15000,18.652629866180042,2055.0,0.0,0.0,0.0
road-cost,road-only,0.0,,catastrophe,5,feasible-heuristic,True,618893.0887099998,604620.9930249999,14272.095685,217720.95685,0.0,0.0,0.0,0.0,4,15000,18.652629866180042,2055.0,0.0,0.0,0.0
road-cost,road-only,0.0,,catastrophe,6,feasible-heuristic,True,618893.0887099998,604620.9930249999,14272.095685,217720.95685,0.0,0.0,0.0,0.0,4,15000,18.652629866180042,2055.0,0.0,0.0,0.0
road-cost,road-only,0.0,,catastrophe,7,feasible-heuristic,True,618893.0887099998,604620.9930249999,14272.095685,217720.95685,0.0,0.0,0.0,0.0,4,15000,18.652629866180042,2055.0,0.0,0.0,0.0
road-cost,road-only,0.0,,catastrophe,8,feasible-heuristic,True,618893.0887099998,604620.9930249999,14272.095685,217720.95685,0.0,0.0,0.0,0.0,4,15000,18.652629866180042,2055.0,0.0,0.0,0.0
road-cost,road-only,0.0,,catastrophe,9,feasible-heuristic,True,618893.0887099998,604620.9930249999,14272.095685,217720.95685,0.0,0.0,0.0,0.0,4,15000,18.652629866180042,2055.0,0.0,0.0,0.0
road-cost,road-only,0.0,,catastrophe,10,feasible-heuristic,True,618893.0887099998,604620.9930249999,14272.095685,217720.95685,0.0,0.0,0.0,0.0,4,15000,18.652629866180042,2055.0,0.0,0.0,0.0
road-cost,road-only,0.0,,catastrophe,11,feasible-heuristic,True,618893.0887099998,604620.9930249999,14272.095685,217720.95685,0.0,0.0,0.0,0.0,4,15000,18.652629866180042,2055.0,0.0,0.0,0.0
road-cost,road-only,0.0,,catastrophe,12,feasible-heuristic,True,618893.0887099998,604620.9930249999,14272.095685,217720.95685,0.0,0.0,0.0,0.0,4,15000,18.652629866180042,2055.0,0.0,0.0,0.0
road-cost,road-only,0.0,,catastrophe,13,feasible-heuristic,True,618893.0887099998,604620.9930249999,14272.095685,217720.95685,0.0,0.0,0.0,0.0,4,15000,18.652629866180042,2055.0,0.0,0.0,0.0
road-cost,road-only,0.0,,catastrophe,14,feasible-heuristic,True,618893.0887099998,604620.9930249999,14272.095685,217720.95685,0.0,0.0,0.0,0.0,4,15000,18.652629866180042,2055.0,0.0,0.0,0.0
road-cost,road-only,0.0,,catastrophe,15,feasible-heuristic,True,618893.0887099998,604620.9930249999,14272.095685,217720.95685,0.0,0.0,0.0,0.0,4,15000,18.652629866180042,2055.0,0.0,0.0,0.0
road-cost,road-only,0.0,,catastrophe,16,feasible-heuristic,True,618893.0887099998,604620.9930249999,14272.095685,217720.95685,0.0,0.0,0.0,0.0,4,15000,18.652629866180042,2055.0,0.0,0.0,0.0
road-cost,road-only,0.0,,catastrophe,17,feasible-heuristic,True,618893.0887099998,604620.9930249999,14272.095685,217720.95685,0.0,0.0,0.0,0.0,4,15000,18.652629866180042,2055.0,0.0,0.0,0.0
road-cost,road-only,0.0,,catastrophe,18,feasible-heuristic,True,618893.0887099998,604620.9930249999,14272.095685,217720.95685,0.0,0.0,0.0,0.0,4,15000,18.652629866180042,2055.0,0.0,0.0,0.0
road-cost,road-only,0.0,,catastrophe,19,feasible-heuristic,True,618893.0887099998,604620.9930249999,14272.095685,217720.95685,0.0,0.0,0.0,0.0,4,15000,18.652629866180042,2055.0,0.0,0.0,0.0
road-cost,road-only,0.0,,catastrophe,20,feasible-heuristic,True,618893.0887099998,604620.9930249999,14272.095685,217720.95685,0.0,0.0,0.0,0.0,4,15000,18.652629866180042,2055.0,0.0,0.0,0.0
road-cost,road-only,0.0,,catastrophe,21,feasible-heuristic,True,618893.0887099998,604620.9930249999,14272.095685,217720.95685,0.0,0.0,0.0,0.0,4,15000,18.652629866180042,2055.0,0.0,0.0,0.0
road-cost,road-only,0.0,,catastrophe,22,feasible-heuristic,True,618893.0887099998,604620.9930249999,14272.095685,217720.95685,0.0,0.0,0.0,0.0,4,15000,18.652629866180042,2055.0,0.0,0.0,0.0
road-cost,road-only,0.0,,catastrophe,23,feasible-heuristic,True,618893.0887099998,604620.9930249999,14272.095685,217720.95685,0.0,0.0,0.0,0.0,4,15000,18.652629866180042,2055.0,0.0,0.0,0.0
road-cost,road-only,0.0,,catastrophe,24,feasible-heuristic,True,618893.0887099998,604620.9930249999,14272.095685,217720.95685,0.0,0.0,0.0,0.0,4,15000,18.652629866180042,2055.0,0.0,0.0,0.0
road-cost,road-only,0.0,,catastrophe,25,feasible-heuristic,True,618893.0887099998,604620.9930249999,14272.095685,217720.95685,0.0,0.0,0.0,0.0,4,15000,18.652629866180042,2055.0,0.0,0.0,0.0
road-cost,road-only,0.0,,catastrophe,26,feasible-heuristic,True,618893.0887099998,604620.9930249999,14272.095685,217720.95685,0.0,0.0,0.0,0.0,4,15000,18.652629866180042,2055.0,0.0,0.0,0.0
road-cost,road-only,0.0,,catastrophe,27,feasible-heuristic,True,618893.0887099998,604620.9930249999,14272.095685,217720.95685,0.0,0.0,0.0,0.0,4,15000,18.652629866180042,2055.0,0.0,0.0,0.0
road-cost,road-only,0.0,,catastrophe,28,feasible-heuristic,True,618893.0887099998,604620.9930249999,14272.095685,217720.95685,0.0,0.0,0.0,0.0,4,15000,18.652629866180042,2055.0,0.0,0.0,0.0
road-cost,road-only,0.0,,catastrophe,29,feasible-heuristic,True,618893.0887099998,604620.9930249999,14272.095685,217720.95685,0.0,0.0,0.0,0.0,4,15000,18.652629866180042,2055.0,0.0,0.0,0.0
road-cost,road-only,0.0,,combined,0,feasible-heuristic,True,618893.0887099998,604620.9930249999,14272.095685,217720.95685,0.0,0.0,0.0,0.0,4,15000,18.652629866180042,2055.0,0.0,0.0,0.0
road-cost,road-only,0.0,,combined,1,feasible-heuristic,True,618893.0887099998,604620.9930249999,14272.095685,217720.95685,0.0,0.0,0.0,0.0,4,15000,18.652629866180042,2055.0,0.0,0.0,0.0
road-cost,road-only,0.0,,combined,2,feasible-heuristic,True,618893.0887099998,604620.9930249999,14272.095685,217720.95685,0.0,0.0,0.0,0.0,4,15000,18.652629866180042,2055.0,0.0,0.0,0.0
road-cost,road-only,0.0,,combined,3,feasible-heuristic,True,618893.0887099998,604620.9930249999,14272.095685,217720.95685,0.0,0.0,0.0,0.0,4,15000,18.652629866180042,2055.0,0.0,0.0,0.0
road-cost,road-only,0.0,,combined,4,feasible-heuristic,True,618893.0887099998,604620.9930249999,14272.095685,217720.95685,0.0,0.0,0.0,0.0,4,15000,18.652629866180042,2055.0,0.0,0.0,0.0
road-cost,road-only,0.0,,combined,5,feasible-heuristic,True,618893.0887099998,604620.9930249999,14272.095685,217720.95685,0.0,0.0,0.0,0.0,4,15000,18.652629866180042,2055.0,0.0,0.0,0.0
road-cost,road-only,0.0,,combined,6,feasible-heuristic,True,618893.0887099998,604620.9930249999,14272.095685,217720.95685,0.0,0.0,0.0,0.0,4,15000,18.652629866180042,2055.0,0.0,0.0,0.0
road-cost,road-only,0.0,,combined,7,feasible-heuristic,True,618893.0887099998,604620.9930249999,14272.095685,217720.95685,0.0,0.0,0.0,0.0,4,15000,18.652629866180042,2055.0,0.0,0.0,0.0
road-cost,road-only,0.0,,combined,8,feasible-heuristic,True,618893.0887099998,604620.9930249999,14272.095685,217720.95685,0.0,0.0,0.0,0.0,4,15000,18.652629866180042,2055.0,0.0,0.0,0.0
road-cost,road-only,0.0,,combined,9,feasible-heuristic,True,618893.0887099998,604620.9930249999,14272.095685,217720.95685,0.0,0.0,0.0,0.0,4,15000,18.652629866180042,2055.0,0.0,0.0,0.0
road-cost,road-only,0.0,,combined,10,feasible-heuristic,True,618893.0887099998,604620.9930249999,14272.095685,217720.95685,0.0,0.0,0.0,0.0,4,15000,18.652629866180042,2055.0,0.0,0.0,0.0
road-cost,road-only,0.0,,combined,11,feasible-heuristic,True,618893.0887099998,604620.9930249999,14272.095685,217720.95685,0.0,0.0,0.0,0.0,4,15000,18.652629866180042,2055.0,0.0,0.0,0.0
road-cost,road-only,0.0,,combined,12,feasible-heuristic,True,618893.0887099998,604620.9930249999,14272.095685,217720.95685,0.0,0.0,0.0,0.0,4,15000,18.652629866180042,2055.0,0.0,0.0,0.0
road-cost,road-only,0.0,,combined,13,feasible-heuristic,True,618893.0887099998,604620.9930249999,14272.095685,217720.95685,0.0,0.0,0.0,0.0,4,15000,18.652629866180042,2055.0,0.0,0.0,0.0
road-cost,road-only,0.0,,combined,14,feasible-heuristic,True,618893.0887099998,604620.9930249999,14272.095685,217720.95685,0.0,0.0,0.0,0.0,4,15000,18.652629866180042,2055.0,0.0,0.0,0.0
road-cost,road-only,0.0,,combined,15,feasible-heuristic,True,618893.0887099998,604620.9930249999,14272.095685,217720.95685,0.0,0.0,0.0,0.0,4,15000,18.652629866180042,2055.0,0.0,0.0,0.0
road-cost,road-only,0.0,,combined,16,feasible-heuristic,True,618893.0887099998,604620.9930249999,14272.095685,217720.95685,0.0,0.0,0.0,0.0,4,15000,18.652629866180042,2055.0,0.0,0.0,0.0
road-cost,road-only,0.0,,combined,17,feasible-heuristic,True,618893.0887099998,604620.9930249999,14272.095685,217720.95685,0.0,0.0,0.0,0.0,4,15000,18.652629866180042,2055.0,0.0,0.0,0.0
road-cost,road-only,0.0,,combined,18,feasible-heuristic,True,618893.0887099998,604620.9930249999,14272.095685,217720.95685,0.0,0.0,0.0,0.0,4,15000,18.652629866180042,2055.0,0.0,0.0,0.0
road-cost,road-only,0.0,,combined,19,feasible-heuristic,True,618893.0887099998,604620.9930249999,14272.095685,217720.95685,0.0,0.0,0.0,0.0,4,15000,18.652629866180042,2055.0,0.0,0.0,0.0
road-cost,road-only,0.0,,combined,20,feasible-heuristic,True,618893.0887099998,604620.9930249999,14272.095685,217720.95685,0.0,0.0,0.0,0.0,4,15000,18.652629866180042,2055.0,0.0,0.0,0.0
road-cost,road-only,0.0,,combined,21,feasible-heuristic,True,618893.0887099998,604620.9930249999,14272.095685,217720.95685,0.0,0.0,0.0,0.0,4,15000,18.652629866180042,2055.0,0.0,0.0,0.0
road-cost,road-only,0.0,,combined,22,feasible-heuristic,True,618893.0887099998,604620.9930249999,14272.095685,217720.95685,0.0,0.0,0.0,0.0,4,15000,18.652629866180042,2055.0,0.0,0.0,0.0
road-cost,road-only,0.0,,combined,23,feasible-heuristic,True,618893.0887099998,604620.9930249999,14272.095685,217720.95685,0.0,0.0,0.0,0.0,4,15000,18.652629866180042,2055.0,0.0,0.0,0.0
road-cost,road-only,0.0,,combined,24,feasible-heuristic,True,618893.0887099998,604620.9930249999,14272.095685,217720.95685,0.0,0.0,0.0,0.0,4,15000,18.652629866180042,2055.0,0.0,0.0,0.0
road-cost,road-only,0.0,,combined,25,feasible-heuristic,True,618893.0887099998,604620.9930249999,14272.095685,217720.95685,0.0,0.0,0.0,0.0,4,15000,18.652629866180042,2055.0,0.0,0.0,0.0
road-cost,road-only,0.0,,combined,26,feasible-heuristic,True,618893.0887099998,604620.9930249999,14272.095685,217720.95685,0.0,0.0,0.0,0.0,4,15000,18.652629866180042,2055.0,0.0,0.0,0.0
road-cost,road-only,0.0,,combined,27,feasible-heuristic,True,618893.0887099998,604620.9930249999,14272.095685,217720.95685,0.0,0.0,0.0,0.0,4,15000,18.652629866180042,2055.0,0.0,0.0,0.0
road-cost,road-only,0.0,,combined,28,feasible-heuristic,True,618893.0887099998,604620.9930249999,14272.095685,217720.95685,0.0,0.0,0.0,0.0,4,15000,18.652629866180042,2055.0,0.0,0.0,0.0
road-cost,road-only,0.0,,combined,29,feasible-heuristic,True,618893.0887099998,604620.9930249999,14272.095685,217720.95685,0.0,0.0,0.0,0.0,4,15000,18.652629866180042,2055.0,0.0,0.0,0.0
road-cost,road-only,0.0,,hybrid-seeded,0,feasible-heuristic,True,618893.0887099998,604620.9930249999,14272.095685,217720.95685,0.0,0.0,0.0,0.0,4,15000,18.652629866180042,2055.0,0.0,0.0,0.0
road-cost,road-only,0.0,,hybrid-seeded,1,feasible-heuristic,True,618893.0887099998,604620.9930249999,14272.095685,217720.95685,0.0,0.0,0.0,0.0,4,15000,18.652629866180042,2055.0,0.0,0.0,0.0
road-cost,road-only,0.0,,hybrid-seeded,2,feasible-heuristic,True,618893.0887099998,604620.9930249999,14272.095685,217720.95685,0.0,0.0,0.0,0.0,4,15000,18.652629866180042,2055.0,0.0,0.0,0.0
road-cost,road-only,0.0,,hybrid-seeded,3,feasible-heuristic,True,618893.0887099998,604620.9930249999,14272.095685,217720.95685,0.0,0.0,0.0,0.0,4,15000,18.652629866180042,2055.0,0.0,0.0,0.0
road-cost,road-only,0.0,,hybrid-seeded,4,feasible-heuristic,True,618893.0887099998,604620.9930249999,14272.095685,217720.95685,0.0,0.0,0.0,0.0,4,15000,18.652629866180042,2055.0,0.0,0.0,0.0
road-cost,road-only,0.0,,hybrid-seeded,5,feasible-heuristic,True,618893.0887099998,604620.9930249999,14272.095685,217720.95685,0.0,0.0,0.0,0.0,4,15000,18.652629866180042,2055.0,0.0,0.0,0.0
road-cost,road-only,0.0,,hybrid-seeded,6,feasible-heuristic,True,618893.0887099998,604620.9930249999,14272.095685,217720.95685,0.0,0.0,0.0,0.0,4,15000,18.652629866180042,2055.0,0.0,0.0,0.0
road-cost,road-only,0.0,,hybrid-seeded,7,feasible-heuristic,True,618893.0887099998,604620.9930249999,14272.095685,217720.95685,0.0,0.0,0.0,0.0,4,15000,18.652629866180042,2055.0,0.0,0.0,0.0
road-cost,road-only,0.0,,hybrid-seeded,8,feasible-heuristic,True,618893.0887099998,604620.9930249999,14272.095685,217720.95685,0.0,0.0,0.0,0.0,4,15000,18.652629866180042,2055.0,0.0,0.0,0.0
road-cost,road-only,0.0,,hybrid-seeded,9,feasible-heuristic,True,618893.0887099998,604620.9930249999,14272.095685,217720.95685,0.0,0.0,0.0,0.0,4,15000,18.652629866180042,2055.0,0.0,0.0,0.0
road-cost,road-only,0.0,,hybrid-seeded,10,feasible-heuristic,True,618893.0887099998,604620.9930249999,14272.095685,217720.95685,0.0,0.0,0.0,0.0,4,15000,18.652629866180042,2055.0,0.0,0.0,0.0
road-cost,road-only,0.0,,hybrid-seeded,11,feasible-heuristic,True,618893.0887099998,604620.9930249999,14272.095685,217720.95685,0.0,0.0,0.0,0.0,4,15000,18.652629866180042,2055.0,0.0,0.0,0.0
road-cost,road-only,0.0,,hybrid-seeded,12,feasible-heuristic,True,618893.0887099998,604620.9930249999,14272.095685,217720.95685,0.0,0.0,0.0,0.0,4,15000,18.652629866180042,2055.0,0.0,0.0,0.0
road-cost,road-only,0.0,,hybrid-seeded,13,feasible-heuristic,True,618893.0887099998,604620.9930249999,14272.095685,217720.95685,0.0,0.0,0.0,0.0,4,15000,18.652629866180042,2055.0,0.0,0.0,0.0
road-cost,road-only,0.0,,hybrid-seeded,14,feasible-heuristic,True,618893.0887099998,604620.9930249999,14272.095685,217720.95685,0.0,0.0,0.0,0.0,4,15000,18.652629866180042,2055.0,0.0,0.0,0.0
road-cost,road-only,0.0,,hybrid-seeded,15,feasible-heuristic,True,618893.0887099998,604620.9930249999,14272.095685,217720.95685,0.0,0.0,0.0,0.0,4,15000,18.652629866180042,2055.0,0.0,0.0,0.0
road-cost,road-only,0.0,,hybrid-seeded,16,feasible-heuristic,True,618893.0887099998,604620.9930249999,14272.095685,217720.95685,0.0,0.0,0.0,0.0,4,15000,18.652629866180042,2055.0,0.0,0.0,0.0
road-cost,road-only,0.0,,hybrid-seeded,17,feasible-heuristic,True,618893.0887099998,604620.9930249999,14272.095685,217720.95685,0.0,0.0,0.0,0.0,4,15000,18.652629866180042,2055.0,0.0,0.0,0.0
road-cost,road-only,0.0,,hybrid-seeded,18,feasible-heuristic,True,618893.0887099998,604620.9930249999,14272.095685,217720.95685,0.0,0.0,0.0,0.0,4,15000,18.652629866180042,2055.0,0.0,0.0,0.0
road-cost,road-only,0.0,,hybrid-seeded,19,feasible-heuristic,True,618893.0887099998,604620.9930249999,14272.095685,217720.95685,0.0,0.0,0.0,0.0,4,15000,18.652629866180042,2055.0,0.0,0.0,0.0
road-cost,road-only,0.0,,hybrid-seeded,20,feasible-heuristic,True,618893.0887099998,604620.9930249999,14272.095685,217720.95685,0.0,0.0,0.0,0.0,4,15000,18.652629866180042,2055.0,0.0,0.0,0.0
road-cost,road-only,0.0,,hybrid-seeded,21,feasible-heuristic,True,618893.0887099998,604620.9930249999,14272.095685,217720.95685,0.0,0.0,0.0,0.0,4,15000,18.652629866180042,2055.0,0.0,0.0,0.0
road-cost,road-only,0.0,,hybrid-seeded,22,feasible-heuristic,True,618893.0887099998,604620.9930249999,14272.095685,217720.95685,0.0,0.0,0.0,0.0,4,15000,18.652629866180042,2055.0,0.0,0.0,0.0
road-cost,road-only,0.0,,hybrid-seeded,23,feasible-heuristic,True,618893.0887099998,604620.9930249999,14272.095685,217720.95685,0.0,0.0,0.0,0.0,4,15000,18.652629866180042,2055.0,0.0,0.0,0.0
road-cost,road-only,0.0,,hybrid-seeded,24,feasible-heuristic,True,618893.0887099998,604620.9930249999,14272.095685,217720.95685,0.0,0.0,0.0,0.0,4,15000,18.652629866180042,2055.0,0.0,0.0,0.0
road-cost,road-only,0.0,,hybrid-seeded,25,feasible-heuristic,True,618893.0887099998,604620.9930249999,14272.095685,217720.95685,0.0,0.0,0.0,0.0,4,15000,18.652629866180042,2055.0,0.0,0.0,0.0
road-cost,road-only,0.0,,hybrid-seeded,26,feasible-heuristic,True,618893.0887099998,604620.9930249999,14272.095685,217720.95685,0.0,0.0,0.0,0.0,4,15000,18.652629866180042,2055.0,0.0,0.0,0.0
road-cost,road-only,0.0,,hybrid-seeded,27,feasible-heuristic,True,618893.0887099998,604620.9930249999,14272.095685,217720.95685,0.0,0.0,0.0,0.0,4,15000,18.652629866180042,2055.0,0.0,0.0,0.0
road-cost,road-only,0.0,,hybrid-seeded,28,feasible-heuristic,True,618893.0887099998,604620.9930249999,14272.095685,217720.95685,0.0,0.0,0.0,0.0,4,15000,18.652629866180042,2055.0,0.0,0.0,0.0
road-cost,road-only,0.0,,hybrid-seeded,29,feasible-heuristic,True,618893.0887099998,604620.9930249999,14272.095685,217720.95685,0.0,0.0,0.0,0.0,4,15000,18.652629866180042,2055.0,0.0,0.0,0.0
single-mode-cost,single-mode-per-order,0.0,,greedy-reference,,feasible-heuristic,True,398224.2158875001,391793.5782500001,6430.637637499999,128612.75274999997,0.0,0.0,0.0,0.0,0,269,35.82366615977292,580.0,825.0,650.0,0.0
single-mode-cost,single-mode-per-order,0.0,,fixed,0,feasible-heuristic,True,354908.1740900001,349347.0827000001,5561.0913900000005,111221.8278,0.0,0.0,0.0,0.0,0,15000,40.286751419302504,305.0,930.0,820.0,0.0
single-mode-cost,single-mode-per-order,0.0,,fixed,1,feasible-heuristic,True,355844.9626950001,350211.27147500013,5633.691219999999,112673.82439999997,0.0,0.0,0.0,0.0,0,15000,39.92395214922952,365.0,870.0,820.0,0.0
single-mode-cost,single-mode-per-order,0.0,,fixed,2,feasible-heuristic,True,356258.97876,350663.507875,5595.470884999999,111909.41769999996,0.0,0.0,0.0,0.0,0,15000,40.12894647201946,325.0,910.0,820.0,0.0
single-mode-cost,single-mode-per-order,0.0,,fixed,3,feasible-heuristic,True,333460.345205,328260.08347500005,5200.261729999998,104005.23459999997,0.0,0.0,0.0,0.0,0,15000,41.85684549878345,220.0,930.0,905.0,0.0
single-mode-cost,single-mode-per-order,0.0,,fixed,4,feasible-heuristic,True,343922.44062000007,338531.50487500004,5390.935744999999,107818.71489999996,0.0,0.0,0.0,0.0,0,15000,40.93872668288726,260.0,930.0,865.0,0.0
single-mode-cost,single-mode-per-order,0.0,,fixed,5,feasible-heuristic,True,353008.65053000004,347402.45850000007,5606.192029999999,112123.84059999998,0.0,0.0,0.0,0.0,0,15000,40.140356650446066,370.0,845.0,840.0,0.0
single-mode-cost,single-mode-per-order,0.0,,fixed,6,feasible-heuristic,True,339810.63054000004,334407.81190000003,5402.81864,108056.3728,0.0,0.0,0.0,0.0,0,15000,41.38787368207623,325.0,825.0,905.0,0.0
single-mode-cost,single-mode-per-order,0.0,,fixed,7,feasible-heuristic,True,334857.30429,329561.3167,5295.98759,105919.75179999998,0.0,0.0,0.0,0.0,0,15000,41.425395579886455,285.0,865.0,905.0,0.0
single-mode-cost,single-mode-per-order,0.0,,fixed,8,feasible-heuristic,True,336583.8380900001,331379.8013500001,5204.0367400000005,104080.7348,0.0,0.0,0.0,0.0,0,15000,41.82657137064071,200.0,950.0,905.0,0.0
single-mode-cost,single-mode-per-order,0.0,,fixed,9,feasible-heuristic,True,336910.4112900002,331633.41187500017,5276.999415,105539.9883,0.0,0.0,0.0,0.0,0,15000,41.4749201135442,240.0,910.0,905.0,0.0
single-mode-cost,single-mode-per-order,0.0,,fixed,10,feasible-heuristic,True,355932.62721500004,350312.20940000005,5620.417815,112408.35629999998,0.0,0.0,0.0,0.0,0,15000,39.86148824006487,345.0,890.0,820.0,0.0
single-mode-cost,single-mode-per-order,0.0,,fixed,11,feasible-heuristic,True,344162.5414000001,338747.8096750001,5414.731725,108294.63449999999,0.0,0.0,0.0,0.0,0,15000,41.02496269261963,280.0,890.0,885.0,0.0
single-mode-cost,single-mode-per-order,0.0,,fixed,12,feasible-heuristic,True,339180.92760500003,333896.03865000006,5284.888954999999,105697.77909999999,0.0,0.0,0.0,0.0,0,15000,41.795300081103,240.0,910.0,905.0,0.0
single-mode-cost,single-mode-per-order,0.0,,fixed,13,feasible-heuristic,True,355022.440105,349474.591,5547.849104999999,110956.98209999998,0.0,0.0,0.0,0.0,0,15000,39.94979278183292,305.0,930.0,820.0,0.0
single-mode-cost,single-mode-per-order,0.0,,fixed,14,feasible-heuristic,True,341569.3695425,336156.78815,5412.5813925,108251.62784999999,0.0,0.0,0.0,0.0,0,15000,41.64382268856448,285.0,885.0,885.0,0.0
single-mode-cost,single-mode-per-order,0.0,,fixed,15,feasible-heuristic,True,347536.1954100001,342087.8602000001,5448.33521,108966.7042,0.0,0.0,0.0,0.0,0,15000,40.794024736415246,285.0,930.0,840.0,0.0
single-mode-cost,single-mode-per-order,0.0,,fixed,16,feasible-heuristic,True,335957.7923250001,330713.4816750001,5244.310649999999,104886.21299999999,0.0,0.0,0.0,0.0,0,15000,42.04140510948905,220.0,930.0,905.0,0.0
single-mode-cost,single-mode-per-order,0.0,,fixed,17,feasible-heuristic,True,340572.7525250001,335235.5640500001,5337.188475,106743.7695,0.0,0.0,0.0,0.0,0,15000,41.458742903487426,260.0,910.0,885.0,0.0
single-mode-cost,single-mode-per-order,0.0,,fixed,18,feasible-heuristic,True,342695.00549000007,337367.63925000007,5327.366239999999,106547.32479999997,0.0,0.0,0.0,0.0,0,15000,41.63901094890511,240.0,930.0,885.0,0.0
single-mode-cost,single-mode-per-order,0.0,,fixed,19,feasible-heuristic,True,336118.77860000014,330885.3838750001,5233.394724999998,104667.89449999997,0.0,0.0,0.0,0.0,0,15000,42.13236820762368,220.0,930.0,905.0,0.0
single-mode-cost,single-mode-per-order,0.0,,fixed,20,feasible-heuristic,True,351931.09705750004,346312.42807500006,5618.668982499999,112373.37964999999,0.0,0.0,0.0,0.0,0,15000,39.94967264801297,350.0,865.0,840.0,0.0
single-mode-cost,single-mode-per-order,0.0,,fixed,21,feasible-heuristic,True,356247.7899050002,350684.5421750002,5563.24773,111264.9546,0.0,0.0,0.0,0.0,0,15000,39.9153795620438,305.0,930.0,820.0,0.0
single-mode-cost,single-mode-per-order,0.0,,fixed,22,feasible-heuristic,True,350072.178985,344580.5275,5491.651484999999,109833.02969999998,0.0,0.0,0.0,0.0,0,15000,40.242671127331704,305.0,910.0,840.0,0.0
single-mode-cost,single-mode-per-order,0.0,,fixed,23,feasible-heuristic,True,352081.6980300001,346528.1998500001,5553.49818,111069.96359999999,0.0,0.0,0.0,0.0,0,15000,40.43112327656123,325.0,890.0,840.0,0.0
single-mode-cost,single-mode-per-order,0.0,,fixed,24,feasible-heuristic,True,351542.056565,346049.1483,5492.908264999999,109858.16529999998,0.0,0.0,0.0,0.0,0,15000,39.98224614760745,285.0,950.0,820.0,0.0
single-mode-cost,single-mode-per-order,0.0,,fixed,25,feasible-heuristic,True,360039.02677500003,354376.01637500006,5663.010399999999,113260.20799999997,0.0,0.0,0.0,0.0,0,15000,39.68360827250608,345.0,910.0,800.0,0.0
single-mode-cost,single-mode-per-order,0.0,,fixed,26,feasible-heuristic,True,355069.1406050001,349561.3980750001,5507.742529999999,110154.85059999996,0.0,0.0,0.0,0.0,0,15000,40.24365815085158,285.0,950.0,820.0,0.0
single-mode-cost,single-mode-per-order,0.0,,fixed,27,feasible-heuristic,True,344177.71457,338676.7472,5500.96737,110019.3474,0.0,0.0,0.0,0.0,0,15000,40.77660442011354,345.0,825.0,885.0,0.0
single-mode-cost,single-mode-per-order,0.0,,fixed,28,feasible-heuristic,True,334542.1867100001,329308.5388750001,5233.647835,104672.95669999998,0.0,0.0,0.0,0.0,0,15000,42.046375912408756,220.0,930.0,905.0,0.0
single-mode-cost,single-mode-per-order,0.0,,fixed,29,feasible-heuristic,True,335557.8217600001,330335.9737750001,5221.847984999999,104436.95969999998,0.0,0.0,0.0,0.0,0,15000,42.20635766423358,220.0,930.0,905.0,0.0
single-mode-cost,single-mode-per-order,0.0,,adaptive,0,feasible-heuristic,True,346650.145285,341232.2102,5417.935084999998,108358.70169999996,0.0,0.0,0.0,0.0,0,15000,40.19151784266017,285.0,930.0,840.0,0.0
single-mode-cost,single-mode-per-order,0.0,,adaptive,1,feasible-heuristic,True,333766.926905,328551.876475,5215.050429999998,104301.00859999996,0.0,0.0,0.0,0.0,0,15000,42.17895579886456,220.0,930.0,905.0,0.0
single-mode-cost,single-mode-per-order,0.0,,adaptive,2,feasible-heuristic,True,349031.5029850001,343578.2822000001,5453.220784999998,109064.41569999995,0.0,0.0,0.0,0.0,0,15000,40.33011841038118,285.0,930.0,840.0,0.0
single-mode-cost,single-mode-per-order,0.0,,adaptive,3,feasible-heuristic,True,336580.4895500001,331330.8922750001,5249.597274999999,104991.94549999997,0.0,0.0,0.0,0.0,0,15000,41.6064505271695,240.0,910.0,905.0,0.0
single-mode-cost,single-mode-per-order,0.0,,adaptive,4,feasible-heuristic,True,337393.9495050001,332106.9890750001,5286.960429999999,105739.20859999997,0.0,0.0,0.0,0.0,0,15000,42.16306609894567,240.0,910.0,905.0,0.0
single-mode-cost,single-mode-per-order,0.0,,adaptive,5,feasible-heuristic,True,334496.1392150001,329277.2533750001,5218.88584,104377.7168,0.0,0.0,0.0,0.0,0,15000,41.93689983779399,220.0,930.0,905.0,0.0
single-mode-cost,single-mode-per-order,0.0,,adaptive,6,feasible-heuristic,True,339704.6109825,334266.39162500005,5438.219357499998,108764.38714999997,0.0,0.0,0.0,0.0,0,15000,41.39257208029197,325.0,825.0,905.0,0.0
single-mode-cost,single-mode-per-order,0.0,,adaptive,7,feasible-heuristic,True,334243.0659100001,329055.1450750001,5187.920834999999,103758.41669999997,0.0,0.0,0.0,0.0,0,15000,41.74225344687754,200.0,950.0,905.0,0.0
single-mode-cost,single-mode-per-order,0.0,,adaptive,8,feasible-heuristic,True,337235.1586100001,331996.0173000001,5239.141309999999,104782.82619999997,0.0,0.0,0.0,0.0,0,15000,42.0136690997567,220.0,930.0,905.0,0.0
single-mode-cost,single-mode-per-order,0.0,,adaptive,9,feasible-heuristic,True,335219.9005100001,329997.3543750001,5222.5461350000005,104450.9227,0.0,0.0,0.0,0.0,0,15000,41.61617639902676,220.0,930.0,905.0,0.0
single-mode-cost,single-mode-per-order,0.0,,adaptive,10,feasible-heuristic,True,336690.6614600001,331413.7521750001,5276.909285000001,105538.1857,0.0,0.0,0.0,0.0,0,15000,41.7054209245742,240.0,910.0,905.0,0.0
single-mode-cost,single-mode-per-order,0.0,,adaptive,11,feasible-heuristic,True,348081.88369000005,342644.66440000007,5437.21929,108744.38579999999,0.0,0.0,0.0,0.0,0,15000,40.44133617193835,285.0,930.0,840.0,0.0
single-mode-cost,single-mode-per-order,0.0,,adaptive,12,feasible-heuristic,True,351215.71723750007,345597.17947500007,5618.5377625,112370.75524999999,0.0,0.0,0.0,0.0,0,15000,39.70812439172749,370.0,845.0,840.0,0.0
single-mode-cost,single-mode-per-order,0.0,,adaptive,13,feasible-heuristic,True,350598.556635,345188.709875,5409.84676,108196.9352,0.0,0.0,0.0,0.0,0,15000,40.36590308191402,265.0,950.0,840.0,0.0
single-mode-cost,single-mode-per-order,0.0,,adaptive,14,feasible-heuristic,True,352573.6716725001,346872.5673500001,5701.104322499999,114022.08644999999,0.0,0.0,0.0,0.0,0,15000,39.695481042173554,415.0,800.0,840.0,0.0
single-mode-cost,single-mode-per-order,0.0,,adaptive,15,feasible-heuristic,True,333474.4068900001,328291.5883750001,5182.818514999999,103656.37029999998,0.0,0.0,0.0,0.0,0,15000,41.77549432278994,200.0,950.0,905.0,0.0
single-mode-cost,single-mode-per-order,0.0,,adaptive,16,feasible-heuristic,True,336894.77541000006,331529.74980000005,5365.02561,107300.51219999998,0.0,0.0,0.0,0.0,0,15000,41.73240733982156,305.0,845.0,905.0,0.0
single-mode-cost,single-mode-per-order,0.0,,adaptive,17,feasible-heuristic,True,341274.46395,335928.701075,5345.7628749999985,106915.25749999996,0.0,0.0,0.0,0.0,0,15000,41.37905231143551,260.0,910.0,885.0,0.0
single-mode-cost,single-mode-per-order,0.0,,adaptive,18,feasible-heuristic,True,334448.04633000004,329290.93777500006,5157.108554999999,103142.17109999998,0.0,0.0,0.0,0.0,0,15000,42.30202798053528,180.0,970.0,905.0,0.0
single-mode-cost,single-mode-per-order,0.0,,adaptive,19,feasible-heuristic,True,338953.0747250001,333643.8939750001,5309.1807499999995,106183.61499999998,0.0,0.0,0.0,0.0,0,15000,41.56745701540957,260.0,890.0,905.0,0.0
single-mode-cost,single-mode-per-order,0.0,,adaptive,20,feasible-heuristic,True,341092.0961675,335655.008525,5437.087642500001,108741.75285,0.0,0.0,0.0,0.0,0,15000,41.828278892944034,305.0,845.0,905.0,0.0
single-mode-cost,single-mode-per-order,0.0,,adaptive,21,feasible-heuristic,True,353273.65573750006,347595.08797500003,5678.567762500001,113571.35525000001,0.0,0.0,0.0,0.0,0,15000,39.98301449716139,390.0,825.0,840.0,0.0
single-mode-cost,single-mode-per-order,0.0,,adaptive,22,feasible-heuristic,True,354846.7651000001,349224.0182500001,5622.7468499999995,112454.93699999998,0.0,0.0,0.0,0.0,0,15000,39.86641220600161,370.0,845.0,840.0,0.0
single-mode-cost,single-mode-per-order,0.0,,adaptive,23,feasible-heuristic,True,360144.0320450001,354456.6429000001,5687.389145,113747.78289999999,0.0,0.0,0.0,0.0,0,15000,39.11610827250608,365.0,890.0,800.0,0.0
single-mode-cost,single-mode-per-order,0.0,,adaptive,24,feasible-heuristic,True,351725.5737575001,346034.4662750001,5691.1074825,113822.14964999999,0.0,0.0,0.0,0.0,0,15000,39.736885137875106,410.0,805.0,840.0,0.0
single-mode-cost,single-mode-per-order,0.0,,adaptive,25,feasible-heuristic,True,348086.4132950001,342651.4488000001,5434.964494999999,108699.28989999997,0.0,0.0,0.0,0.0,0,15000,40.081788321167885,285.0,930.0,840.0,0.0
single-mode-cost,single-mode-per-order,0.0,,adaptive,26,feasible-heuristic,True,348785.82184500014,343378.3203750001,5407.50147,108150.0294,0.0,0.0,0.0,0.0,0,15000,40.490979318734794,265.0,950.0,840.0,0.0
single-mode-cost,single-mode-per-order,0.0,,adaptive,27,feasible-heuristic,True,340381.37847000005,334946.87057500007,5434.507894999999,108690.15789999996,0.0,0.0,0.0,0.0,0,15000,41.77325729927007,325.0,825.0,905.0,0.0
single-mode-cost,single-mode-per-order,0.0,,adaptive,28,feasible-heuristic,True,335982.58372000005,330720.278425,5262.305295,105246.1059,0.0,0.0,0.0,0.0,0,15000,42.06071897810218,240.0,910.0,905.0,0.0
single-mode-cost,single-mode-per-order,0.0,,adaptive,29,feasible-heuristic,True,334711.73547000013,329509.2477750001,5202.487695,104049.75389999998,0.0,0.0,0.0,0.0,0,15000,41.8901407137064,200.0,950.0,905.0,0.0
single-mode-cost,single-mode-per-order,0.0,,catastrophe,0,feasible-heuristic,True,354908.1740900001,349347.0827000001,5561.0913900000005,111221.8278,0.0,0.0,0.0,0.0,2,15000,40.286751419302504,305.0,930.0,820.0,0.0
single-mode-cost,single-mode-per-order,0.0,,catastrophe,1,feasible-heuristic,True,355844.9626950001,350211.27147500013,5633.691219999999,112673.82439999997,0.0,0.0,0.0,0.0,1,15000,39.92395214922952,365.0,870.0,820.0,0.0
single-mode-cost,single-mode-per-order,0.0,,catastrophe,2,feasible-heuristic,True,356258.97876,350663.507875,5595.470884999999,111909.41769999996,0.0,0.0,0.0,0.0,2,15000,40.12894647201946,325.0,910.0,820.0,0.0
single-mode-cost,single-mode-per-order,0.0,,catastrophe,3,feasible-heuristic,True,333460.345205,328260.08347500005,5200.261729999998,104005.23459999997,0.0,0.0,0.0,0.0,1,15000,41.85684549878345,220.0,930.0,905.0,0.0
single-mode-cost,single-mode-per-order,0.0,,catastrophe,4,feasible-heuristic,True,338647.0277100001,333342.6639750001,5304.363734999999,106087.27469999998,0.0,0.0,0.0,0.0,1,15000,41.44375141930251,240.0,930.0,885.0,0.0
single-mode-cost,single-mode-per-order,0.0,,catastrophe,5,feasible-heuristic,True,353008.65053000004,347402.45850000007,5606.192029999999,112123.84059999998,0.0,0.0,0.0,0.0,1,15000,40.140356650446066,370.0,845.0,840.0,0.0
single-mode-cost,single-mode-per-order,0.0,,catastrophe,6,feasible-heuristic,True,339810.63054000004,334407.81190000003,5402.81864,108056.3728,0.0,0.0,0.0,0.0,1,15000,41.38787368207623,325.0,825.0,905.0,0.0
single-mode-cost,single-mode-per-order,0.0,,catastrophe,7,feasible-heuristic,True,334857.30429,329561.3167,5295.98759,105919.75179999998,0.0,0.0,0.0,0.0,0,15000,41.425395579886455,285.0,865.0,905.0,0.0
single-mode-cost,single-mode-per-order,0.0,,catastrophe,8,feasible-heuristic,True,338802.4461250001,333574.3725750001,5228.07355,104561.47099999999,0.0,0.0,0.0,0.0,1,15000,41.919402676399024,200.0,950.0,905.0,0.0
single-mode-cost,single-mode-per-order,0.0,,catastrophe,9,feasible-heuristic,True,336910.4112900002,331633.41187500017,5276.999415,105539.9883,0.0,0.0,0.0,0.0,2,15000,41.4749201135442,240.0,910.0,905.0,0.0
single-mode-cost,single-mode-per-order,0.0,,catastrophe,10,feasible-heuristic,True,361546.42962500005,355847.30400000006,5699.125625,113982.51249999998,0.0,0.0,0.0,0.0,1,15000,39.41089497161394,345.0,910.0,800.0,0.0
single-mode-cost,single-mode-per-order,0.0,,catastrophe,11,feasible-heuristic,True,344162.5414000001,338747.8096750001,5414.731725,108294.63449999999,0.0,0.0,0.0,0.0,0,15000,41.02496269261963,280.0,890.0,885.0,0.0
single-mode-cost,single-mode-per-order,0.0,,catastrophe,12,feasible-heuristic,True,339180.92760500003,333896.03865000006,5284.888954999999,105697.77909999999,0.0,0.0,0.0,0.0,1,15000,41.795300081103,240.0,910.0,905.0,0.0
single-mode-cost,single-mode-per-order,0.0,,catastrophe,13,feasible-heuristic,True,355022.440105,349474.591,5547.849104999999,110956.98209999998,0.0,0.0,0.0,0.0,2,15000,39.94979278183292,305.0,930.0,820.0,0.0
single-mode-cost,single-mode-per-order,0.0,,catastrophe,14,feasible-heuristic,True,341569.3695425,336156.78815,5412.5813925,108251.62784999999,0.0,0.0,0.0,0.0,1,15000,41.64382268856448,285.0,885.0,885.0,0.0
single-mode-cost,single-mode-per-order,0.0,,catastrophe,15,feasible-heuristic,True,347536.1954100001,342087.8602000001,5448.33521,108966.7042,0.0,0.0,0.0,0.0,0,15000,40.794024736415246,285.0,930.0,840.0,0.0
single-mode-cost,single-mode-per-order,0.0,,catastrophe,16,feasible-heuristic,True,335957.7923250001,330713.4816750001,5244.310649999999,104886.21299999999,0.0,0.0,0.0,0.0,0,15000,42.04140510948905,220.0,930.0,905.0,0.0
single-mode-cost,single-mode-per-order,0.0,,catastrophe,17,feasible-heuristic,True,341897.8158900001,336540.8559500001,5356.95994,107139.19879999998,0.0,0.0,0.0,0.0,1,15000,41.61132197891322,260.0,910.0,885.0,0.0
single-mode-cost,single-mode-per-order,0.0,,catastrophe,18,feasible-heuristic,True,342695.00549,337367.63925,5327.366239999999,106547.32479999997,0.0,0.0,0.0,0.0,1,15000,41.63901094890511,240.0,930.0,885.0,0.0
single-mode-cost,single-mode-per-order,0.0,,catastrophe,19,feasible-heuristic,True,336118.7786000001,330885.38387500006,5233.394724999999,104667.89449999998,0.0,0.0,0.0,0.0,2,15000,42.13236820762368,220.0,930.0,905.0,0.0
single-mode-cost,single-mode-per-order,0.0,,catastrophe,20,feasible-heuristic,True,351109.10134750005,345503.48787500005,5605.613472500001,112112.26945,0.0,0.0,0.0,0.0,1,15000,39.90783201540957,350.0,865.0,840.0,0.0
single-mode-cost,single-mode-per-order,0.0,,catastrophe,21,feasible-heuristic,True,356247.7899050002,350684.5421750002,5563.24773,111264.9546,0.0,0.0,0.0,0.0,0,15000,39.9153795620438,305.0,930.0,820.0,0.0
single-mode-cost,single-mode-per-order,0.0,,catastrophe,22,feasible-heuristic,True,349371.48297500005,343921.31930000003,5450.163675,109003.27349999998,0.0,0.0,0.0,0.0,1,15000,40.37730656934306,285.0,930.0,840.0,0.0
single-mode-cost,single-mode-per-order,0.0,,catastrophe,23,feasible-heuristic,True,352081.6980300001,346528.1998500001,5553.49818,111069.96359999999,0.0,0.0,0.0,0.0,1,15000,40.43112327656123,325.0,890.0,840.0,0.0
single-mode-cost,single-mode-per-order,0.0,,catastrophe,24,feasible-heuristic,True,352258.467125,346701.498,5556.969125,111139.38249999999,0.0,0.0,0.0,0.0,2,15000,39.853900648823995,325.0,910.0,820.0,0.0
single-mode-cost,single-mode-per-order,0.0,,catastrophe,25,feasible-heuristic,True,359602.08220500004,353944.90717500006,5657.1750299999985,113143.50059999997,0.0,0.0,0.0,0.0,1,15000,39.70683576642335,345.0,910.0,800.0,0.0
single-mode-cost,single-mode-per-order,0.0,,catastrophe,26,feasible-heuristic,True,352314.2399650001,346855.8928750001,5458.347089999999,109166.94179999997,0.0,0.0,0.0,0.0,2,15000,40.48066869424168,285.0,930.0,840.0,0.0
single-mode-cost,single-mode-per-order,0.0,,catastrophe,27,feasible-heuristic,True,344177.71457,338676.7472,5500.96737,110019.3474,0.0,0.0,0.0,0.0,1,15000,40.77660442011354,345.0,825.0,885.0,0.0
single-mode-cost,single-mode-per-order,0.0,,catastrophe,28,feasible-heuristic,True,334542.1867100001,329308.5388750001,5233.647835,104672.95669999998,0.0,0.0,0.0,0.0,2,15000,42.046375912408756,220.0,930.0,905.0,0.0
single-mode-cost,single-mode-per-order,0.0,,catastrophe,29,feasible-heuristic,True,335557.8217600001,330335.9737750001,5221.847984999999,104436.95969999998,0.0,0.0,0.0,0.0,0,15000,42.20635766423358,220.0,930.0,905.0,0.0
single-mode-cost,single-mode-per-order,0.0,,combined,0,feasible-heuristic,True,346650.145285,341232.2102,5417.935084999998,108358.70169999996,0.0,0.0,0.0,0.0,0,15000,40.19151784266017,285.0,930.0,840.0,0.0
single-mode-cost,single-mode-per-order,0.0,,combined,1,feasible-heuristic,True,333766.926905,328551.876475,5215.050429999998,104301.00859999996,0.0,0.0,0.0,0.0,1,15000,42.17895579886456,220.0,930.0,905.0,0.0
single-mode-cost,single-mode-per-order,0.0,,combined,2,feasible-heuristic,True,349031.5029850001,343578.2822000001,5453.220784999998,109064.41569999995,0.0,0.0,0.0,0.0,1,15000,40.33011841038118,285.0,930.0,840.0,0.0
single-mode-cost,single-mode-per-order,0.0,,combined,3,feasible-heuristic,True,336580.4895500001,331330.8922750001,5249.597274999999,104991.94549999997,0.0,0.0,0.0,0.0,0,15000,41.6064505271695,240.0,910.0,905.0,0.0
single-mode-cost,single-mode-per-order,0.0,,combined,4,feasible-heuristic,True,337393.9495050001,332106.9890750001,5286.960429999999,105739.20859999997,0.0,0.0,0.0,0.0,0,15000,42.16306609894567,240.0,910.0,905.0,0.0
single-mode-cost,single-mode-per-order,0.0,,combined,5,feasible-heuristic,True,334496.1392150001,329277.2533750001,5218.88584,104377.7168,0.0,0.0,0.0,0.0,0,15000,41.93689983779399,220.0,930.0,905.0,0.0
single-mode-cost,single-mode-per-order,0.0,,combined,6,feasible-heuristic,True,339704.6109825,334266.39162500005,5438.219357499998,108764.38714999997,0.0,0.0,0.0,0.0,0,15000,41.39257208029197,325.0,825.0,905.0,0.0
single-mode-cost,single-mode-per-order,0.0,,combined,7,feasible-heuristic,True,334243.0659100001,329055.1450750001,5187.920834999999,103758.41669999997,0.0,0.0,0.0,0.0,0,15000,41.74225344687754,200.0,950.0,905.0,0.0
single-mode-cost,single-mode-per-order,0.0,,combined,8,feasible-heuristic,True,342503.7090800001,337176.61700000014,5327.0920799999985,106541.84159999997,0.0,0.0,0.0,0.0,1,15000,41.76179602595296,240.0,930.0,885.0,0.0
single-mode-cost,single-mode-per-order,0.0,,combined,9,feasible-heuristic,True,335219.9005100001,329997.3543750001,5222.5461350000005,104450.9227,0.0,0.0,0.0,0.0,1,15000,41.61617639902676,220.0,930.0,905.0,0.0
single-mode-cost,single-mode-per-order,0.0,,combined,10,feasible-heuristic,True,336690.6614600001,331413.7521750001,5276.909285000001,105538.1857,0.0,0.0,0.0,0.0,0,15000,41.7054209245742,240.0,910.0,905.0,0.0
single-mode-cost,single-mode-per-order,0.0,,combined,11,feasible-heuristic,True,348081.88369000005,342644.66440000007,5437.21929,108744.38579999999,0.0,0.0,0.0,0.0,1,15000,40.44133617193835,285.0,930.0,840.0,0.0
single-mode-cost,single-mode-per-order,0.0,,combined,12,feasible-heuristic,True,351215.71723750007,345597.17947500007,5618.5377625,112370.75524999999,0.0,0.0,0.0,0.0,0,15000,39.70812439172749,370.0,845.0,840.0,0.0
single-mode-cost,single-mode-per-order,0.0,,combined,13,feasible-heuristic,True,350598.556635,345188.709875,5409.84676,108196.9352,0.0,0.0,0.0,0.0,0,15000,40.36590308191402,265.0,950.0,840.0,0.0
single-mode-cost,single-mode-per-order,0.0,,combined,14,feasible-heuristic,True,352573.6716725001,346872.5673500001,5701.104322499999,114022.08644999999,0.0,0.0,0.0,0.0,1,15000,39.695481042173554,415.0,800.0,840.0,0.0
single-mode-cost,single-mode-per-order,0.0,,combined,15,feasible-heuristic,True,333474.4068900001,328291.5883750001,5182.818514999999,103656.37029999998,0.0,0.0,0.0,0.0,0,15000,41.77549432278994,200.0,950.0,905.0,0.0
single-mode-cost,single-mode-per-order,0.0,,combined,16,feasible-heuristic,True,336894.77541000006,331529.74980000005,5365.02561,107300.51219999998,0.0,0.0,0.0,0.0,1,15000,41.73240733982156,305.0,845.0,905.0,0.0
single-mode-cost,single-mode-per-order,0.0,,combined,17,feasible-heuristic,True,341274.46395,335928.701075,5345.7628749999985,106915.25749999996,0.0,0.0,0.0,0.0,0,15000,41.37905231143551,260.0,910.0,885.0,0.0
single-mode-cost,single-mode-per-order,0.0,,combined,18,feasible-heuristic,True,334448.04633000004,329290.93777500006,5157.108554999999,103142.17109999998,0.0,0.0,0.0,0.0,0,15000,42.30202798053528,180.0,970.0,905.0,0.0
single-mode-cost,single-mode-per-order,0.0,,combined,19,feasible-heuristic,True,339317.34201500006,334003.28217500006,5314.059839999999,106281.19679999998,0.0,0.0,0.0,0.0,2,15000,41.51837712895377,260.0,890.0,905.0,0.0
single-mode-cost,single-mode-per-order,0.0,,combined,20,feasible-heuristic,True,341092.0961675,335655.008525,5437.087642500001,108741.75285,0.0,0.0,0.0,0.0,0,15000,41.828278892944034,305.0,845.0,905.0,0.0
single-mode-cost,single-mode-per-order,0.0,,combined,21,feasible-heuristic,True,353273.65573750006,347595.08797500003,5678.567762500001,113571.35525000001,0.0,0.0,0.0,0.0,1,15000,39.98301449716139,390.0,825.0,840.0,0.0
single-mode-cost,single-mode-per-order,0.0,,combined,22,feasible-heuristic,True,354846.7651000001,349224.0182500001,5622.7468499999995,112454.93699999998,0.0,0.0,0.0,0.0,0,15000,39.86641220600161,370.0,845.0,840.0,0.0
single-mode-cost,single-mode-per-order,0.0,,combined,23,feasible-heuristic,True,358952.8569950001,353303.3476000001,5649.509395,112990.18789999999,0.0,0.0,0.0,0.0,1,15000,39.17577534468775,345.0,910.0,800.0,0.0
single-mode-cost,single-mode-per-order,0.0,,combined,24,feasible-heuristic,True,351725.5737575001,346034.4662750001,5691.1074825,113822.14964999999,0.0,0.0,0.0,0.0,1,15000,39.736885137875106,410.0,805.0,840.0,0.0
single-mode-cost,single-mode-per-order,0.0,,combined,25,feasible-heuristic,True,348086.4132950001,342651.4488000001,5434.964494999999,108699.28989999997,0.0,0.0,0.0,0.0,1,15000,40.081788321167885,285.0,930.0,840.0,0.0
single-mode-cost,single-mode-per-order,0.0,,combined,26,feasible-heuristic,True,348785.82184500014,343378.3203750001,5407.50147,108150.0294,0.0,0.0,0.0,0.0,0,15000,40.490979318734794,265.0,950.0,840.0,0.0
single-mode-cost,single-mode-per-order,0.0,,combined,27,feasible-heuristic,True,340381.37847000005,334946.87057500007,5434.507894999999,108690.15789999996,0.0,0.0,0.0,0.0,0,15000,41.77325729927007,325.0,825.0,905.0,0.0
single-mode-cost,single-mode-per-order,0.0,,combined,28,feasible-heuristic,True,337642.61304,332308.273025,5334.340015000001,106686.8003,0.0,0.0,0.0,0.0,1,15000,41.58105636658555,280.0,870.0,905.0,0.0
single-mode-cost,single-mode-per-order,0.0,,combined,29,feasible-heuristic,True,334711.73547000013,329509.2477750001,5202.487695,104049.75389999998,0.0,0.0,0.0,0.0,1,15000,41.8901407137064,200.0,950.0,905.0,0.0
single-mode-cost,single-mode-per-order,0.0,,hybrid-seeded,0,feasible-heuristic,True,338366.66284,332987.248075,5379.4147649999995,107588.29529999998,0.0,0.0,0.0,0.0,4,15000,41.35292051905921,300.0,850.0,905.0,0.0
single-mode-cost,single-mode-per-order,0.0,,hybrid-seeded,1,feasible-heuristic,True,336292.51981000014,330934.40840000013,5358.11141,107162.2282,0.0,0.0,0.0,0.0,2,15000,41.7467605433901,305.0,845.0,905.0,0.0
single-mode-cost,single-mode-per-order,0.0,,hybrid-seeded,2,feasible-heuristic,True,338366.66284,332987.248075,5379.4147649999995,107588.29529999998,0.0,0.0,0.0,0.0,4,15000,41.35292051905921,300.0,850.0,905.0,0.0
single-mode-cost,single-mode-per-order,0.0,,hybrid-seeded,3,feasible-heuristic,True,337188.55053,331902.630675,5285.919854999998,105718.39709999996,0.0,0.0,0.0,0.0,4,15000,41.53441889699919,260.0,890.0,905.0,0.0
single-mode-cost,single-mode-per-order,0.0,,hybrid-seeded,4,feasible-heuristic,True,332592.91312000004,327425.26887500007,5167.6442449999995,103352.88489999998,0.0,0.0,0.0,0.0,2,15000,41.78309083536091,200.0,950.0,905.0,0.0
single-mode-cost,single-mode-per-order,0.0,,hybrid-seeded,5,feasible-heuristic,True,338366.66284,332987.248075,5379.4147649999995,107588.29529999998,0.0,0.0,0.0,0.0,4,15000,41.35292051905921,300.0,850.0,905.0,0.0
single-mode-cost,single-mode-per-order,0.0,,hybrid-seeded,6,feasible-heuristic,True,338366.66284,332987.248075,5379.4147649999995,107588.29529999998,0.0,0.0,0.0,0.0,4,15000,41.35292051905921,300.0,850.0,905.0,0.0
single-mode-cost,single-mode-per-order,0.0,,hybrid-seeded,7,feasible-heuristic,True,336829.38147000014,331595.31097500015,5234.070495,104681.40989999998,0.0,0.0,0.0,0.0,4,15000,41.8823414436334,220.0,930.0,905.0,0.0
single-mode-cost,single-mode-per-order,0.0,,hybrid-seeded,8,feasible-heuristic,True,336873.07351000013,331669.8801000001,5203.193409999999,104063.86819999997,0.0,0.0,0.0,0.0,3,15000,42.13498215733982,200.0,950.0,905.0,0.0
single-mode-cost,single-mode-per-order,0.0,,hybrid-seeded,9,feasible-heuristic,True,338366.66284,332987.248075,5379.4147649999995,107588.29529999998,0.0,0.0,0.0,0.0,4,15000,41.35292051905921,300.0,850.0,905.0,0.0
single-mode-cost,single-mode-per-order,0.0,,hybrid-seeded,10,feasible-heuristic,True,334437.2528200001,329213.55717500014,5223.695644999999,104473.91289999997,0.0,0.0,0.0,0.0,3,15000,42.09931630170316,220.0,930.0,905.0,0.0
single-mode-cost,single-mode-per-order,0.0,,hybrid-seeded,11,feasible-heuristic,True,335829.77935000014,330624.6817750001,5205.097575,104101.9515,0.0,0.0,0.0,0.0,4,15000,41.85845863746959,200.0,950.0,905.0,0.0
single-mode-cost,single-mode-per-order,0.0,,hybrid-seeded,12,feasible-heuristic,True,333805.38030500006,328642.18667500006,5163.193629999999,103263.87259999997,0.0,0.0,0.0,0.0,3,15000,41.94201743714516,180.0,970.0,905.0,0.0
single-mode-cost,single-mode-per-order,0.0,,hybrid-seeded,13,feasible-heuristic,True,338366.66284,332987.248075,5379.4147649999995,107588.29529999998,0.0,0.0,0.0,0.0,4,15000,41.35292051905921,300.0,850.0,905.0,0.0
single-mode-cost,single-mode-per-order,0.0,,hybrid-seeded,14,feasible-heuristic,True,338366.66284,332987.248075,5379.4147649999995,107588.29529999998,0.0,0.0,0.0,0.0,4,15000,41.35292051905921,300.0,850.0,905.0,0.0
single-mode-cost,single-mode-per-order,0.0,,hybrid-seeded,15,feasible-heuristic,True,334233.30488500005,329051.3216750001,5181.9832099999985,103639.66419999997,0.0,0.0,0.0,0.0,2,15000,41.810641119221415,200.0,950.0,905.0,0.0
single-mode-cost,single-mode-per-order,0.0,,hybrid-seeded,16,feasible-heuristic,True,338366.66284,332987.248075,5379.4147649999995,107588.29529999998,0.0,0.0,0.0,0.0,4,15000,41.35292051905921,300.0,850.0,905.0,0.0
single-mode-cost,single-mode-per-order,0.0,,hybrid-seeded,17,feasible-heuristic,True,338366.66284,332987.248075,5379.4147649999995,107588.29529999998,0.0,0.0,0.0,0.0,4,15000,41.35292051905921,300.0,850.0,905.0,0.0
single-mode-cost,single-mode-per-order,0.0,,hybrid-seeded,18,feasible-heuristic,True,332353.0316400001,327151.7515750001,5201.280064999999,104025.60129999998,0.0,0.0,0.0,0.0,1,15000,42.040614760746145,220.0,930.0,905.0,0.0
single-mode-cost,single-mode-per-order,0.0,,hybrid-seeded,19,feasible-heuristic,True,337163.26195000013,331893.9145750001,5269.347374999999,105386.94749999998,0.0,0.0,0.0,0.0,3,15000,41.927301297648015,240.0,910.0,905.0,0.0
single-mode-cost,single-mode-per-order,0.0,,hybrid-seeded,20,feasible-heuristic,True,338366.66284,332987.248075,5379.4147649999995,107588.29529999998,0.0,0.0,0.0,0.0,4,15000,41.35292051905921,300.0,850.0,905.0,0.0
single-mode-cost,single-mode-per-order,0.0,,hybrid-seeded,21,feasible-heuristic,True,338366.66284,332987.248075,5379.4147649999995,107588.29529999998,0.0,0.0,0.0,0.0,4,15000,41.35292051905921,300.0,850.0,905.0,0.0
single-mode-cost,single-mode-per-order,0.0,,hybrid-seeded,22,feasible-heuristic,True,338366.66284,332987.248075,5379.4147649999995,107588.29529999998,0.0,0.0,0.0,0.0,4,15000,41.35292051905921,300.0,850.0,905.0,0.0
single-mode-cost,single-mode-per-order,0.0,,hybrid-seeded,23,feasible-heuristic,True,338366.66284,332987.248075,5379.4147649999995,107588.29529999998,0.0,0.0,0.0,0.0,4,15000,41.35292051905921,300.0,850.0,905.0,0.0
single-mode-cost,single-mode-per-order,0.0,,hybrid-seeded,24,feasible-heuristic,True,338366.66284,332987.248075,5379.4147649999995,107588.29529999998,0.0,0.0,0.0,0.0,4,15000,41.35292051905921,300.0,850.0,905.0,0.0
single-mode-cost,single-mode-per-order,0.0,,hybrid-seeded,25,feasible-heuristic,True,338366.66284,332987.248075,5379.4147649999995,107588.29529999998,0.0,0.0,0.0,0.0,4,15000,41.35292051905921,300.0,850.0,905.0,0.0
single-mode-cost,single-mode-per-order,0.0,,hybrid-seeded,26,feasible-heuristic,True,338366.66284,332987.248075,5379.4147649999995,107588.29529999998,0.0,0.0,0.0,0.0,4,15000,41.35292051905921,300.0,850.0,905.0,0.0
single-mode-cost,single-mode-per-order,0.0,,hybrid-seeded,27,feasible-heuristic,True,338366.66284,332987.248075,5379.4147649999995,107588.29529999998,0.0,0.0,0.0,0.0,4,15000,41.35292051905921,300.0,850.0,905.0,0.0
single-mode-cost,single-mode-per-order,0.0,,hybrid-seeded,28,feasible-heuristic,True,334557.6020800001,329343.5191750001,5214.082904999999,104281.65809999999,0.0,0.0,0.0,0.0,3,15000,41.75038848337389,220.0,930.0,905.0,0.0
single-mode-cost,single-mode-per-order,0.0,,hybrid-seeded,29,feasible-heuristic,True,332925.1895100001,327719.9902750001,5205.199235,104103.98469999999,0.0,0.0,0.0,0.0,3,15000,41.7668211678832,220.0,930.0,905.0,0.0
multimodal-cost,multimodal-enabled,0.0,,greedy-reference,,feasible-heuristic,True,398224.2158875001,391793.5782500001,6430.637637499999,128612.75274999997,0.0,0.0,0.0,0.0,0,288,35.82366615977292,580.0,825.0,650.0,0.0
multimodal-cost,multimodal-enabled,0.0,,fixed,0,feasible-heuristic,True,340271.74997500004,335005.83317500004,5265.916799999999,105318.33599999998,0.0,0.0,0.0,0.0,0,15000,41.54055839416058,225.0,930.0,840.0,60.0
multimodal-cost,multimodal-enabled,0.0,,fixed,1,feasible-heuristic,True,341877.0485650001,336574.8543000001,5302.194265000001,106043.88530000001,0.0,0.0,0.0,0.0,0,15000,40.88588523925385,245.0,930.0,800.0,80.0
multimodal-cost,multimodal-enabled,0.0,,fixed,2,feasible-heuristic,True,349196.0565775001,343632.7756750001,5563.2809025,111265.61804999999,0.0,0.0,0.0,0.0,0,15000,40.37731782238443,350.0,845.0,780.0,80.0
multimodal-cost,multimodal-enabled,0.0,,fixed,3,feasible-heuristic,True,345099.43511,339739.04417500005,5360.390935,107207.8187,0.0,0.0,0.0,0.0,0,15000,40.603860502838614,245.0,950.0,760.0,100.0
multimodal-cost,multimodal-enabled,0.0,,fixed,4,feasible-heuristic,True,346601.949295,341084.394225,5517.5550699999985,110351.10139999997,0.0,0.0,0.0,0.0,0,15000,40.97986516626115,370.0,785.0,740.0,160.0
multimodal-cost,multimodal-enabled,0.0,,fixed,5,feasible-heuristic,True,344818.9245650001,339448.1425750001,5370.7819899999995,107415.63979999999,0.0,0.0,0.0,0.0,0,15000,41.34184955393349,265.0,910.0,780.0,100.0
multimodal-cost,multimodal-enabled,0.0,,fixed,6,feasible-heuristic,True,340480.47572500014,335215.9230000001,5264.552725,105291.05449999998,0.0,0.0,0.0,0.0,0,15000,41.36327534468775,225.0,930.0,780.0,120.0
multimodal-cost,multimodal-enabled,0.0,,fixed,7,feasible-heuristic,True,353668.27641000005,348163.3395250001,5504.936884999999,110098.73769999998,0.0,0.0,0.0,0.0,0,15000,40.29079359286294,310.0,910.0,755.0,80.0
multimodal-cost,multimodal-enabled,0.0,,fixed,8,feasible-heuristic,True,349092.23018500005,343672.2062000001,5420.023985,108400.47969999998,0.0,0.0,0.0,0.0,0,15000,40.617990267639904,265.0,930.0,760.0,100.0
multimodal-cost,multimodal-enabled,0.0,,fixed,9,feasible-heuristic,True,343275.948685,337866.04092500004,5409.907759999999,108198.15519999998,0.0,0.0,0.0,0.0,0,15000,41.048443836171934,310.0,845.0,780.0,120.0
multimodal-cost,multimodal-enabled,0.0,,fixed,10,feasible-heuristic,True,343889.936225,338501.07532500004,5388.860899999999,107777.21799999996,0.0,0.0,0.0,0.0,0,15000,40.78382583130576,290.0,885.0,820.0,60.0
multimodal-cost,multimodal-enabled,0.0,,fixed,11,feasible-heuristic,True,335059.7288500001,329757.56480000005,5302.164049999999,106043.28099999999,0.0,0.0,0.0,0.0,0,15000,42.112356650446074,285.0,825.0,905.0,40.0
multimodal-cost,multimodal-enabled,0.0,,fixed,12,feasible-heuristic,True,333037.95882750006,327749.45737500006,5288.5014525,105770.02904999998,0.0,0.0,0.0,0.0,0,15000,42.307944748580695,265.0,845.0,865.0,80.0
multimodal-cost,multimodal-enabled,0.0,,fixed,13,feasible-heuristic,True,345711.7789850001,340342.4529750001,5369.326010000001,107386.5202,0.0,0.0,0.0,0.0,0,15000,41.29143187347932,265.0,890.0,740.0,160.0
multimodal-cost,multimodal-enabled,0.0,,fixed,14,feasible-heuristic,True,328144.07230000006,323104.52717500005,5039.545125000001,100790.90250000001,0.0,0.0,0.0,0.0,0,15000,42.45599594484995,160.0,950.0,825.0,120.0
multimodal-cost,multimodal-enabled,0.0,,fixed,15,feasible-heuristic,True,344596.5583200001,339248.50567500014,5348.052645,106961.05289999998,0.0,0.0,0.0,0.0,0,15000,41.79956285482562,245.0,930.0,840.0,40.0
multimodal-cost,multimodal-enabled,0.0,,fixed,16,feasible-heuristic,True,349472.2350450001,344012.6964750001,5459.53857,109190.77139999998,0.0,0.0,0.0,0.0,0,15000,41.34776480129766,305.0,850.0,740.0,160.0
multimodal-cost,multimodal-enabled,0.0,,fixed,17,feasible-heuristic,True,350080.2433650001,344601.9892750001,5478.254089999999,109565.08179999999,0.0,0.0,0.0,0.0,0,15000,40.57503527980535,305.0,890.0,780.0,80.0
multimodal-cost,multimodal-enabled,0.0,,fixed,18,feasible-heuristic,True,338895.2826475001,333540.2633500001,5355.0192975,107100.38595,0.0,0.0,0.0,0.0,0,15000,41.445865673154906,290.0,845.0,760.0,160.0
multimodal-cost,multimodal-enabled,0.0,,fixed,19,feasible-heuristic,True,350231.6926950001,344833.9792000001,5397.713495,107954.2699,0.0,0.0,0.0,0.0,0,15000,40.38201743714517,245.0,970.0,760.0,80.0
multimodal-cost,multimodal-enabled,0.0,,fixed,20,feasible-heuristic,True,345133.129845,339754.031275,5379.09857,107581.9714,0.0,0.0,0.0,0.0,0,15000,41.24182441200324,265.0,910.0,780.0,100.0
multimodal-cost,multimodal-enabled,0.0,,fixed,21,feasible-heuristic,True,339380.46492500004,334111.45705,5269.007874999999,105380.15749999999,0.0,0.0,0.0,0.0,0,15000,41.747451743714514,245.0,910.0,780.0,120.0
multimodal-cost,multimodal-enabled,0.0,,fixed,22,feasible-heuristic,True,328209.51686000003,323129.43977500004,5080.077085,101601.54169999999,0.0,0.0,0.0,0.0,0,15000,42.58679359286293,180.0,930.0,865.0,80.0
multimodal-cost,multimodal-enabled,0.0,,fixed,23,feasible-heuristic,True,354927.7825100001,349372.89212500013,5554.890385000001,111097.8077,0.0,0.0,0.0,0.0,0,15000,39.85087631792376,330.0,890.0,715.0,120.0
multimodal-cost,multimodal-enabled,0.0,,fixed,24,feasible-heuristic,True,354158.65529500006,348673.37627500005,5485.279019999999,109705.58039999998,0.0,0.0,0.0,0.0,0,15000,39.90523154906731,290.0,930.0,715.0,120.0
multimodal-cost,multimodal-enabled,0.0,,fixed,25,feasible-heuristic,True,339481.2824550001,334235.5377000001,5245.744754999999,104914.89509999997,0.0,0.0,0.0,0.0,0,15000,41.62156893755069,225.0,930.0,780.0,120.0
multimodal-cost,multimodal-enabled,0.0,,fixed,26,feasible-heuristic,True,342892.085745,337578.2501,5313.835644999999,106276.71289999998,0.0,0.0,0.0,0.0,0,15000,40.95349432278995,245.0,930.0,800.0,80.0
multimodal-cost,multimodal-enabled,0.0,,fixed,27,feasible-heuristic,True,344946.9938750001,339538.1956000001,5408.798274999999,108175.96549999998,0.0,0.0,0.0,0.0,0,15000,41.43361780210867,290.0,885.0,780.0,100.0
multimodal-cost,multimodal-enabled,0.0,,fixed,28,feasible-heuristic,True,328646.21107500006,323569.2981000001,5076.912974999999,101538.25949999999,0.0,0.0,0.0,0.0,0,15000,43.10949270072993,180.0,910.0,845.0,120.0
multimodal-cost,multimodal-enabled,0.0,,fixed,29,feasible-heuristic,True,361749.831355,356021.154125,5728.677229999999,114573.54459999998,0.0,0.0,0.0,0.0,0,15000,39.293245742092445,390.0,870.0,735.0,60.0
multimodal-cost,multimodal-enabled,0.0,,adaptive,0,feasible-heuristic,True,343285.1857950001,337976.4553500001,5308.730444999998,106174.60889999996,0.0,0.0,0.0,0.0,0,15000,41.53139659367396,245.0,910.0,800.0,100.0
multimodal-cost,multimodal-enabled,0.0,,adaptive,1,feasible-heuristic,True,355890.78803500003,350384.43785000005,5506.350185,110127.0037,0.0,0.0,0.0,0.0,0,15000,40.04211394971613,290.0,950.0,735.0,80.0
multimodal-cost,multimodal-enabled,0.0,,adaptive,2,feasible-heuristic,True,328662.6940000001,323486.99297500006,5175.701024999999,103514.02049999998,0.0,0.0,0.0,0.0,0,15000,42.85692639902676,265.0,805.0,865.0,120.0
multimodal-cost,multimodal-enabled,0.0,,adaptive,3,feasible-heuristic,True,331219.80374,326086.45105000003,5133.35269,102667.05379999998,0.0,0.0,0.0,0.0,0,15000,42.66256528791565,200.0,910.0,845.0,100.0
multimodal-cost,multimodal-enabled,0.0,,adaptive,4,feasible-heuristic,True,339929.02770000015,334682.86062500015,5246.167074999999,104923.34149999998,0.0,0.0,0.0,0.0,0,15000,41.464932278994326,225.0,930.0,800.0,100.0
multimodal-cost,multimodal-enabled,0.0,,adaptive,5,feasible-heuristic,True,329662.7128200001,324497.0940750001,5165.618744999999,103312.37489999997,0.0,0.0,0.0,0.0,0,15000,42.37521451743714,220.0,890.0,845.0,100.0
multimodal-cost,multimodal-enabled,0.0,,adaptive,6,feasible-heuristic,True,336547.6437600001,331200.3239750001,5347.319784999998,106946.39569999995,0.0,0.0,0.0,0.0,0,15000,41.789124290348745,305.0,825.0,845.0,80.0
multimodal-cost,multimodal-enabled,0.0,,adaptive,7,feasible-heuristic,True,338069.1941050001,332806.0745000001,5263.119605,105262.39209999998,0.0,0.0,0.0,0.0,0,15000,41.45996107055961,245.0,910.0,800.0,100.0
multimodal-cost,multimodal-enabled,0.0,,adaptive,8,feasible-heuristic,True,338434.47047500004,333221.593875,5212.8766,104257.53199999998,0.0,0.0,0.0,0.0,0,15000,41.377699918897,205.0,950.0,840.0,60.0
multimodal-cost,multimodal-enabled,0.0,,adaptive,9,feasible-heuristic,True,331100.95642000006,325929.96302500006,5170.9933949999995,103419.86789999998,0.0,0.0,0.0,0.0,0,15000,42.75538564476886,220.0,870.0,845.0,120.0
multimodal-cost,multimodal-enabled,0.0,,adaptive,10,feasible-heuristic,True,342623.10736500006,337256.0797250001,5367.02764,107340.55279999999,0.0,0.0,0.0,0.0,0,15000,41.34279257907543,290.0,885.0,800.0,80.0
multimodal-cost,multimodal-enabled,0.0,,adaptive,11,feasible-heuristic,True,334146.28835000005,328879.73945000005,5266.548899999999,105330.97799999997,0.0,0.0,0.0,0.0,0,15000,42.31373540145986,265.0,845.0,905.0,40.0
multimodal-cost,multimodal-enabled,0.0,,adaptive,12,feasible-heuristic,True,331583.5006250001,326444.7950250001,5138.705599999999,102774.11199999998,0.0,0.0,0.0,0.0,0,15000,43.13582157339821,200.0,910.0,865.0,80.0
multimodal-cost,multimodal-enabled,0.0,,adaptive,13,feasible-heuristic,True,325602.84345000016,320616.16195000015,4986.681499999999,99733.62999999998,0.0,0.0,0.0,0.0,0,15000,43.40978507704785,140.0,950.0,865.0,100.0
multimodal-cost,multimodal-enabled,0.0,,adaptive,14,feasible-heuristic,True,326684.00918250007,321544.83347500005,5139.1757075,102783.51414999999,0.0,0.0,0.0,0.0,0,15000,42.88223509732361,225.0,845.0,845.0,140.0
multimodal-cost,multimodal-enabled,0.0,,adaptive,15,feasible-heuristic,True,324593.3054400001,319561.1850250001,5032.120415,100642.4083,0.0,0.0,0.0,0.0,0,15000,43.13944647201946,180.0,910.0,865.0,100.0
multimodal-cost,multimodal-enabled,0.0,,adaptive,16,feasible-heuristic,True,342010.58917500003,336717.28077500005,5293.3084,105866.16799999999,0.0,0.0,0.0,0.0,0,15000,41.2682907542579,245.0,910.0,780.0,120.0
multimodal-cost,multimodal-enabled,0.0,,adaptive,17,feasible-heuristic,True,326913.2884950001,321899.5680750001,5013.720419999999,100274.40839999997,0.0,0.0,0.0,0.0,0,15000,42.817766423357654,140.0,970.0,865.0,80.0
multimodal-cost,multimodal-enabled,0.0,,adaptive,18,feasible-heuristic,True,342944.9385050001,337584.8839000001,5360.054605,107201.0921,0.0,0.0,0.0,0.0,0,15000,40.86735320356853,265.0,910.0,780.0,100.0
multimodal-cost,multimodal-enabled,0.0,,adaptive,19,feasible-heuristic,True,342668.2260050001,337361.7486750001,5306.477329999999,106129.54659999997,0.0,0.0,0.0,0.0,0,15000,41.29556488240065,245.0,910.0,760.0,140.0
multimodal-cost,multimodal-enabled,0.0,,adaptive,20,feasible-heuristic,True,346980.16532000003,341584.079075,5396.086245,107921.7249,0.0,0.0,0.0,0.0,0,15000,40.90472789943228,285.0,890.0,740.0,140.0
multimodal-cost,multimodal-enabled,0.0,,adaptive,21,feasible-heuristic,True,355325.61787500005,349819.92130000005,5505.696575,110113.93149999999,0.0,0.0,0.0,0.0,0,15000,39.75047931873479,290.0,950.0,755.0,60.0
multimodal-cost,multimodal-enabled,0.0,,adaptive,22,feasible-heuristic,True,357304.42154999997,351722.855025,5581.566525,111631.3305,0.0,0.0,0.0,0.0,0,15000,39.50353974047039,330.0,910.0,735.0,80.0
multimodal-cost,multimodal-enabled,0.0,,adaptive,23,feasible-heuristic,True,327904.73601000005,322888.9837500001,5015.752259999998,100315.04519999996,0.0,0.0,0.0,0.0,0,15000,42.88007137064072,140.0,950.0,905.0,60.0
multimodal-cost,multimodal-enabled,0.0,,adaptive,24,feasible-heuristic,True,336660.021935,331506.7463,5153.275635,103065.51269999999,0.0,0.0,0.0,0.0,0,15000,41.784067315490674,185.0,950.0,740.0,180.0
multimodal-cost,multimodal-enabled,0.0,,adaptive,25,feasible-heuristic,True,346688.7054975001,341198.7301500001,5489.9753475,109799.50695,0.0,0.0,0.0,0.0,0,15000,40.88791271289537,330.0,825.0,780.0,120.0
multimodal-cost,multimodal-enabled,0.0,,adaptive,26,feasible-heuristic,True,343703.67239500006,338412.51832500007,5291.154069999999,105823.08139999997,0.0,0.0,0.0,0.0,0,15000,41.75162895377128,245.0,890.0,800.0,120.0
multimodal-cost,multimodal-enabled,0.0,,adaptive,27,feasible-heuristic,True,338629.287015,333376.20285,5253.084164999999,105061.68329999998,0.0,0.0,0.0,0.0,0,15000,42.25706082725061,240.0,890.0,845.0,80.0
multimodal-cost,multimodal-enabled,0.0,,adaptive,28,feasible-heuristic,True,329470.2698750001,324416.1960000001,5054.073875000001,101081.47750000001,0.0,0.0,0.0,0.0,0,15000,43.08277696674778,160.0,930.0,845.0,120.0
multimodal-cost,multimodal-enabled,0.0,,adaptive,29,feasible-heuristic,True,352934.8308700002,347432.48990000016,5502.340969999999,110046.81939999998,0.0,0.0,0.0,0.0,0,15000,40.07216180048662,310.0,910.0,695.0,140.0
multimodal-cost,multimodal-enabled,0.0,,catastrophe,0,feasible-heuristic,True,340271.74997500004,335005.83317500004,5265.916799999999,105318.33599999998,0.0,0.0,0.0,0.0,1,15000,41.54055839416058,225.0,930.0,840.0,60.0
multimodal-cost,multimodal-enabled,0.0,,catastrophe,1,feasible-heuristic,True,345006.35250750004,339520.58497500006,5485.7675325,109715.35065,0.0,0.0,0.0,0.0,2,15000,40.51222130981346,330.0,845.0,800.0,80.0
multimodal-cost,multimodal-enabled,0.0,,catastrophe,2,feasible-heuristic,True,349196.0565775001,343632.7756750001,5563.2809025,111265.61804999999,0.0,0.0,0.0,0.0,1,15000,40.37731782238443,350.0,845.0,780.0,80.0
multimodal-cost,multimodal-enabled,0.0,,catastrophe,3,feasible-heuristic,True,344448.38490000006,339096.17787500005,5352.207025,107044.14049999998,0.0,0.0,0.0,0.0,2,15000,40.827396999188984,265.0,910.0,780.0,100.0
multimodal-cost,multimodal-enabled,0.0,,catastrophe,4,feasible-heuristic,True,346601.949295,341084.394225,5517.5550699999985,110351.10139999997,0.0,0.0,0.0,0.0,0,15000,40.97986516626115,370.0,785.0,740.0,160.0
multimodal-cost,multimodal-enabled,0.0,,catastrophe,5,feasible-heuristic,True,344818.9245650001,339448.1425750001,5370.7819899999995,107415.63979999999,0.0,0.0,0.0,0.0,1,15000,41.34184955393349,265.0,910.0,780.0,100.0
multimodal-cost,multimodal-enabled,0.0,,catastrophe,6,feasible-heuristic,True,340480.47572500014,335215.9230000001,5264.552725,105291.05449999998,0.0,0.0,0.0,0.0,1,15000,41.36327534468775,225.0,930.0,780.0,120.0
multimodal-cost,multimodal-enabled,0.0,,catastrophe,7,feasible-heuristic,True,350730.46516,345283.97102500004,5446.494135000001,108929.8827,0.0,0.0,0.0,0.0,1,15000,40.67001946472019,290.0,910.0,755.0,100.0
multimodal-cost,multimodal-enabled,0.0,,catastrophe,8,feasible-heuristic,True,349092.23018500005,343672.2062000001,5420.023985,108400.47969999998,0.0,0.0,0.0,0.0,0,15000,40.617990267639904,265.0,930.0,760.0,100.0
multimodal-cost,multimodal-enabled,0.0,,catastrophe,9,feasible-heuristic,True,346668.22974499996,341157.87882499996,5510.350919999999,110207.01839999997,0.0,0.0,0.0,0.0,2,15000,40.940765004055145,350.0,805.0,780.0,120.0
multimodal-cost,multimodal-enabled,0.0,,catastrophe,10,feasible-heuristic,True,343889.936225,338501.07532500004,5388.860899999999,107777.21799999996,0.0,0.0,0.0,0.0,2,15000,40.78382583130576,290.0,885.0,820.0,60.0
multimodal-cost,multimodal-enabled,0.0,,catastrophe,11,feasible-heuristic,True,335059.7288500001,329757.56480000005,5302.164049999999,106043.28099999999,0.0,0.0,0.0,0.0,1,15000,42.112356650446074,285.0,825.0,905.0,40.0
multimodal-cost,multimodal-enabled,0.0,,catastrophe,12,feasible-heuristic,True,333037.95882750006,327749.45737500006,5288.5014525,105770.02904999998,0.0,0.0,0.0,0.0,2,15000,42.307944748580695,265.0,845.0,865.0,80.0
multimodal-cost,multimodal-enabled,0.0,,catastrophe,13,feasible-heuristic,True,345711.7789850001,340342.4529750001,5369.326010000001,107386.5202,0.0,0.0,0.0,0.0,1,15000,41.29143187347932,265.0,890.0,740.0,160.0
multimodal-cost,multimodal-enabled,0.0,,catastrophe,14,feasible-heuristic,True,328144.07230000006,323104.52717500005,5039.545125000001,100790.90250000001,0.0,0.0,0.0,0.0,1,15000,42.45599594484995,160.0,950.0,825.0,120.0
multimodal-cost,multimodal-enabled,0.0,,catastrophe,15,feasible-heuristic,True,344596.5583200001,339248.50567500014,5348.052645,106961.05289999998,0.0,0.0,0.0,0.0,2,15000,41.79956285482562,245.0,930.0,840.0,40.0
multimodal-cost,multimodal-enabled,0.0,,catastrophe,16,feasible-heuristic,True,349472.2350450001,344012.6964750001,5459.53857,109190.77139999998,0.0,0.0,0.0,0.0,2,15000,41.34776480129766,305.0,850.0,740.0,160.0
multimodal-cost,multimodal-enabled,0.0,,catastrophe,17,feasible-heuristic,True,350080.2433650001,344601.9892750001,5478.254089999999,109565.08179999999,0.0,0.0,0.0,0.0,1,15000,40.57503527980535,305.0,890.0,780.0,80.0
multimodal-cost,multimodal-enabled,0.0,,catastrophe,18,feasible-heuristic,True,339834.17909750005,334503.54665000003,5330.6324475,106612.64895,0.0,0.0,0.0,0.0,1,15000,41.588357562854824,270.0,865.0,760.0,160.0
multimodal-cost,multimodal-enabled,0.0,,catastrophe,19,feasible-heuristic,True,350231.6926950001,344833.9792000001,5397.713495,107954.2699,0.0,0.0,0.0,0.0,1,15000,40.38201743714517,245.0,970.0,760.0,80.0
multimodal-cost,multimodal-enabled,0.0,,catastrophe,20,feasible-heuristic,True,345133.129845,339754.031275,5379.09857,107581.9714,0.0,0.0,0.0,0.0,1,15000,41.24182441200324,265.0,910.0,780.0,100.0
multimodal-cost,multimodal-enabled,0.0,,catastrophe,21,feasible-heuristic,True,339380.46492500004,334111.45705,5269.007874999999,105380.15749999999,0.0,0.0,0.0,0.0,1,15000,41.747451743714514,245.0,910.0,780.0,120.0
multimodal-cost,multimodal-enabled,0.0,,catastrophe,22,feasible-heuristic,True,328209.51686000003,323129.43977500004,5080.077085,101601.54169999999,0.0,0.0,0.0,0.0,0,15000,42.58679359286293,180.0,930.0,865.0,80.0
multimodal-cost,multimodal-enabled,0.0,,catastrophe,23,feasible-heuristic,True,354927.7825100001,349372.89212500013,5554.890385000001,111097.8077,0.0,0.0,0.0,0.0,1,15000,39.85087631792376,330.0,890.0,715.0,120.0
multimodal-cost,multimodal-enabled,0.0,,catastrophe,24,feasible-heuristic,True,354158.65529500006,348673.37627500005,5485.279019999999,109705.58039999998,0.0,0.0,0.0,0.0,0,15000,39.90523154906731,290.0,930.0,715.0,120.0
multimodal-cost,multimodal-enabled,0.0,,catastrophe,25,feasible-heuristic,True,339209.9037950001,333966.78950000013,5243.1142949999985,104862.28589999996,0.0,0.0,0.0,0.0,2,15000,41.621317518248176,225.0,930.0,800.0,100.0
multimodal-cost,multimodal-enabled,0.0,,catastrophe,26,feasible-heuristic,True,342892.085745,337578.2501,5313.835644999999,106276.71289999998,0.0,0.0,0.0,0.0,0,15000,40.95349432278995,245.0,930.0,800.0,80.0
multimodal-cost,multimodal-enabled,0.0,,catastrophe,27,feasible-heuristic,True,344946.9938750001,339538.1956000001,5408.798274999999,108175.96549999998,0.0,0.0,0.0,0.0,1,15000,41.43361780210867,290.0,885.0,780.0,100.0
multimodal-cost,multimodal-enabled,0.0,,catastrophe,28,feasible-heuristic,True,328646.21107500006,323569.2981000001,5076.912974999999,101538.25949999999,0.0,0.0,0.0,0.0,1,15000,43.10949270072993,180.0,910.0,845.0,120.0
multimodal-cost,multimodal-enabled,0.0,,catastrophe,29,feasible-heuristic,True,361749.831355,356021.154125,5728.677229999999,114573.54459999998,0.0,0.0,0.0,0.0,1,15000,39.293245742092445,390.0,870.0,735.0,60.0
multimodal-cost,multimodal-enabled,0.0,,combined,0,feasible-heuristic,True,343285.1857950001,337976.4553500001,5308.730444999998,106174.60889999996,0.0,0.0,0.0,0.0,0,15000,41.53139659367396,245.0,910.0,800.0,100.0
multimodal-cost,multimodal-enabled,0.0,,combined,1,feasible-heuristic,True,355890.78803500003,350384.43785000005,5506.350185,110127.0037,0.0,0.0,0.0,0.0,2,15000,40.04211394971613,290.0,950.0,735.0,80.0
multimodal-cost,multimodal-enabled,0.0,,combined,2,feasible-heuristic,True,328662.6940000001,323486.99297500006,5175.701024999999,103514.02049999998,0.0,0.0,0.0,0.0,0,15000,42.85692639902676,265.0,805.0,865.0,120.0
multimodal-cost,multimodal-enabled,0.0,,combined,3,feasible-heuristic,True,331471.5096,326335.48865,5136.020949999999,102720.41899999998,0.0,0.0,0.0,0.0,1,15000,42.672870235198694,200.0,910.0,845.0,100.0
multimodal-cost,multimodal-enabled,0.0,,combined,4,feasible-heuristic,True,339929.02770000015,334682.86062500015,5246.167074999999,104923.34149999998,0.0,0.0,0.0,0.0,0,15000,41.464932278994326,225.0,930.0,800.0,100.0
multimodal-cost,multimodal-enabled,0.0,,combined,5,feasible-heuristic,True,329662.7128200001,324497.0940750001,5165.618744999999,103312.37489999997,0.0,0.0,0.0,0.0,0,15000,42.37521451743714,220.0,890.0,845.0,100.0
multimodal-cost,multimodal-enabled,0.0,,combined,6,feasible-heuristic,True,336547.6437600001,331200.3239750001,5347.319784999998,106946.39569999995,0.0,0.0,0.0,0.0,0,15000,41.789124290348745,305.0,825.0,845.0,80.0
multimodal-cost,multimodal-enabled,0.0,,combined,7,feasible-heuristic,True,338069.1941050001,332806.0745000001,5263.119605,105262.39209999998,0.0,0.0,0.0,0.0,0,15000,41.45996107055961,245.0,910.0,800.0,100.0
multimodal-cost,multimodal-enabled,0.0,,combined,8,feasible-heuristic,True,338434.47047500004,333221.593875,5212.8766,104257.53199999998,0.0,0.0,0.0,0.0,0,15000,41.377699918897,205.0,950.0,840.0,60.0
multimodal-cost,multimodal-enabled,0.0,,combined,9,feasible-heuristic,True,330211.1993800001,325050.7740250001,5160.425354999999,103208.50709999999,0.0,0.0,0.0,0.0,1,15000,42.73174249797243,220.0,870.0,845.0,120.0
multimodal-cost,multimodal-enabled,0.0,,combined,10,feasible-heuristic,True,342356.188535,336965.63552500005,5390.55301,107811.06019999999,0.0,0.0,0.0,0.0,1,15000,41.59286922141119,310.0,845.0,800.0,100.0
multimodal-cost,multimodal-enabled,0.0,,combined,11,feasible-heuristic,True,334146.28835000005,328879.73945000005,5266.548899999999,105330.97799999997,0.0,0.0,0.0,0.0,1,15000,42.31373540145986,265.0,845.0,905.0,40.0
multimodal-cost,multimodal-enabled,0.0,,combined,12,feasible-heuristic,True,331583.5006250001,326444.7950250001,5138.705599999999,102774.11199999998,0.0,0.0,0.0,0.0,0,15000,43.13582157339821,200.0,910.0,865.0,80.0
multimodal-cost,multimodal-enabled,0.0,,combined,13,feasible-heuristic,True,325602.84345000016,320616.16195000015,4986.681499999999,99733.62999999998,0.0,0.0,0.0,0.0,2,15000,43.40978507704785,140.0,950.0,865.0,100.0
multimodal-cost,multimodal-enabled,0.0,,combined,14,feasible-heuristic,True,326684.00918250007,321544.83347500005,5139.1757075,102783.51414999999,0.0,0.0,0.0,0.0,0,15000,42.88223509732361,225.0,845.0,845.0,140.0
multimodal-cost,multimodal-enabled,0.0,,combined,15,feasible-heuristic,True,324593.3054400001,319561.1850250001,5032.120415,100642.4083,0.0,0.0,0.0,0.0,0,15000,43.13944647201946,180.0,910.0,865.0,100.0
multimodal-cost,multimodal-enabled,0.0,,combined,16,feasible-heuristic,True,342010.58917500003,336717.28077500005,5293.3084,105866.16799999999,0.0,0.0,0.0,0.0,0,15000,41.2682907542579,245.0,910.0,780.0,120.0
multimodal-cost,multimodal-enabled,0.0,,combined,17,feasible-heuristic,True,326913.2884950001,321899.5680750001,5013.720419999999,100274.40839999997,0.0,0.0,0.0,0.0,0,15000,42.817766423357654,140.0,970.0,865.0,80.0
multimodal-cost,multimodal-enabled,0.0,,combined,18,feasible-heuristic,True,342944.9385050001,337584.8839000001,5360.054605,107201.0921,0.0,0.0,0.0,0.0,0,15000,40.86735320356853,265.0,910.0,780.0,100.0
multimodal-cost,multimodal-enabled,0.0,,combined,19,feasible-heuristic,True,342668.2260050001,337361.7486750001,5306.477329999999,106129.54659999997,0.0,0.0,0.0,0.0,0,15000,41.29556488240065,245.0,910.0,760.0,140.0
multimodal-cost,multimodal-enabled,0.0,,combined,20,feasible-heuristic,True,345503.3467300001,340120.9431750001,5382.403554999999,107648.07109999997,0.0,0.0,0.0,0.0,1,15000,41.31050527169504,305.0,850.0,760.0,140.0
multimodal-cost,multimodal-enabled,0.0,,combined,21,feasible-heuristic,True,355325.61787500005,349819.92130000005,5505.696575,110113.93149999999,0.0,0.0,0.0,0.0,0,15000,39.75047931873479,290.0,950.0,755.0,60.0
multimodal-cost,multimodal-enabled,0.0,,combined,22,feasible-heuristic,True,357304.42154999997,351722.855025,5581.566525,111631.3305,0.0,0.0,0.0,0.0,0,15000,39.50353974047039,330.0,910.0,735.0,80.0
multimodal-cost,multimodal-enabled,0.0,,combined,23,feasible-heuristic,True,327904.73601000005,322888.9837500001,5015.752259999998,100315.04519999996,0.0,0.0,0.0,0.0,1,15000,42.88007137064072,140.0,950.0,905.0,60.0
multimodal-cost,multimodal-enabled,0.0,,combined,24,feasible-heuristic,True,336660.021935,331506.7463,5153.275635,103065.51269999999,0.0,0.0,0.0,0.0,0,15000,41.784067315490674,185.0,950.0,740.0,180.0
multimodal-cost,multimodal-enabled,0.0,,combined,25,feasible-heuristic,True,346688.7054975001,341198.7301500001,5489.9753475,109799.50695,0.0,0.0,0.0,0.0,0,15000,40.88791271289537,330.0,825.0,780.0,120.0
multimodal-cost,multimodal-enabled,0.0,,combined,26,feasible-heuristic,True,349252.0445650001,343868.4049250001,5383.6396399999985,107672.79279999997,0.0,0.0,0.0,0.0,1,15000,41.29680859691808,265.0,890.0,780.0,120.0
multimodal-cost,multimodal-enabled,0.0,,combined,27,feasible-heuristic,True,338629.287015,333376.20285,5253.084164999999,105061.68329999998,0.0,0.0,0.0,0.0,1,15000,42.25706082725061,240.0,890.0,845.0,80.0
multimodal-cost,multimodal-enabled,0.0,,combined,28,feasible-heuristic,True,329470.2698750001,324416.1960000001,5054.073875000001,101081.47750000001,0.0,0.0,0.0,0.0,1,15000,43.08277696674778,160.0,930.0,845.0,120.0
multimodal-cost,multimodal-enabled,0.0,,combined,29,feasible-heuristic,True,352934.8308700002,347432.48990000016,5502.340969999999,110046.81939999998,0.0,0.0,0.0,0.0,1,15000,40.07216180048662,310.0,910.0,695.0,140.0
multimodal-cost,multimodal-enabled,0.0,,hybrid-seeded,0,feasible-heuristic,True,337472.10421,332104.23627500003,5367.867934999998,107357.35869999997,0.0,0.0,0.0,0.0,4,15000,41.656166666666664,300.0,830.0,905.0,20.0
multimodal-cost,multimodal-enabled,0.0,,hybrid-seeded,1,feasible-heuristic,True,334264.68459,329075.08372500003,5189.600865,103792.0173,0.0,0.0,0.0,0.0,3,15000,42.84287185725872,200.0,910.0,845.0,100.0
multimodal-cost,multimodal-enabled,0.0,,hybrid-seeded,2,feasible-heuristic,True,337472.10421,332104.23627500003,5367.867934999998,107357.35869999997,0.0,0.0,0.0,0.0,4,15000,41.656166666666664,300.0,830.0,905.0,20.0
multimodal-cost,multimodal-enabled,0.0,,hybrid-seeded,3,feasible-heuristic,True,334637.26367000013,329461.5252500001,5175.738419999999,103514.76839999997,0.0,0.0,0.0,0.0,3,15000,42.17066666666666,200.0,910.0,885.0,60.0
multimodal-cost,multimodal-enabled,0.0,,hybrid-seeded,4,feasible-heuristic,True,337472.10421,332104.23627500003,5367.867934999998,107357.35869999997,0.0,0.0,0.0,0.0,4,15000,41.656166666666664,300.0,830.0,905.0,20.0
multimodal-cost,multimodal-enabled,0.0,,hybrid-seeded,5,feasible-heuristic,True,324902.4941400001,319913.81842500006,4988.675715000001,99773.51430000001,0.0,0.0,0.0,0.0,1,15000,43.020174776966755,140.0,950.0,805.0,160.0
multimodal-cost,multimodal-enabled,0.0,,hybrid-seeded,6,feasible-heuristic,True,324942.48257000005,319984.78805000003,4957.694520000001,99153.89040000002,0.0,0.0,0.0,0.0,2,15000,43.10373154906732,120.0,970.0,805.0,160.0
multimodal-cost,multimodal-enabled,0.0,,hybrid-seeded,7,feasible-heuristic,True,337472.10421,332104.23627500003,5367.867934999998,107357.35869999997,0.0,0.0,0.0,0.0,4,15000,41.656166666666664,300.0,830.0,905.0,20.0
multimodal-cost,multimodal-enabled,0.0,,hybrid-seeded,8,feasible-heuristic,True,325719.7601700001,320696.9811750001,5022.778995,100455.57989999998,0.0,0.0,0.0,0.0,2,15000,42.73863422546634,160.0,930.0,845.0,120.0
multimodal-cost,multimodal-enabled,0.0,,hybrid-seeded,9,feasible-heuristic,True,333275.74528750015,327942.85885000014,5332.886437499999,106657.72874999998,0.0,0.0,0.0,0.0,2,15000,41.82506072587186,285.0,845.0,865.0,60.0
multimodal-cost,multimodal-enabled,0.0,,hybrid-seeded,10,feasible-heuristic,True,337472.10421,332104.23627500003,5367.867934999998,107357.35869999997,0.0,0.0,0.0,0.0,4,15000,41.656166666666664,300.0,830.0,905.0,20.0
multimodal-cost,multimodal-enabled,0.0,,hybrid-seeded,11,feasible-heuristic,True,330032.21299,324934.35740000004,5097.855589999999,101957.11179999998,0.0,0.0,0.0,0.0,2,15000,42.634148824006495,180.0,930.0,905.0,40.0
multimodal-cost,multimodal-enabled,0.0,,hybrid-seeded,12,feasible-heuristic,True,337472.10421,332104.23627500003,5367.867934999998,107357.35869999997,0.0,0.0,0.0,0.0,4,15000,41.656166666666664,300.0,830.0,905.0,20.0
multimodal-cost,multimodal-enabled,0.0,,hybrid-seeded,13,feasible-heuristic,True,325957.3957900001,320928.4963750001,5028.899415,100577.98829999998,0.0,0.0,0.0,0.0,1,15000,42.5762895377129,160.0,950.0,845.0,100.0
multimodal-cost,multimodal-enabled,0.0,,hybrid-seeded,14,feasible-heuristic,True,330551.89777,325482.525875,5069.371895,101387.4379,0.0,0.0,0.0,0.0,2,15000,42.637235198702356,160.0,950.0,845.0,100.0
multimodal-cost,multimodal-enabled,0.0,,hybrid-seeded,15,feasible-heuristic,True,326130.69856250007,321078.34310000006,5052.355462500001,101047.10925000001,0.0,0.0,0.0,0.0,3,15000,43.06386709245743,205.0,865.0,805.0,180.0
multimodal-cost,multimodal-enabled,0.0,,hybrid-seeded,16,feasible-heuristic,True,330476.7278650001,325348.6366750001,5128.09119,102561.8238,0.0,0.0,0.0,0.0,3,15000,43.05923073803731,220.0,850.0,825.0,160.0
multimodal-cost,multimodal-enabled,0.0,,hybrid-seeded,17,feasible-heuristic,True,337472.10421,332104.23627500003,5367.867934999998,107357.35869999997,0.0,0.0,0.0,0.0,4,15000,41.656166666666664,300.0,830.0,905.0,20.0
multimodal-cost,multimodal-enabled,0.0,,hybrid-seeded,18,feasible-heuristic,True,337472.10421,332104.23627500003,5367.867934999998,107357.35869999997,0.0,0.0,0.0,0.0,4,15000,41.656166666666664,300.0,830.0,905.0,20.0
multimodal-cost,multimodal-enabled,0.0,,hybrid-seeded,19,feasible-heuristic,True,337472.10421,332104.23627500003,5367.867934999998,107357.35869999997,0.0,0.0,0.0,0.0,4,15000,41.656166666666664,300.0,830.0,905.0,20.0
multimodal-cost,multimodal-enabled,0.0,,hybrid-seeded,20,feasible-heuristic,True,337472.10421,332104.23627500003,5367.867934999998,107357.35869999997,0.0,0.0,0.0,0.0,4,15000,41.656166666666664,300.0,830.0,905.0,20.0
multimodal-cost,multimodal-enabled,0.0,,hybrid-seeded,21,feasible-heuristic,True,337472.10421,332104.23627500003,5367.867934999998,107357.35869999997,0.0,0.0,0.0,0.0,4,15000,41.656166666666664,300.0,830.0,905.0,20.0
multimodal-cost,multimodal-enabled,0.0,,hybrid-seeded,22,feasible-heuristic,True,324802.1879700001,319731.0316500001,5071.15632,101423.1264,0.0,0.0,0.0,0.0,3,15000,43.12474776966748,200.0,870.0,845.0,140.0
multimodal-cost,multimodal-enabled,0.0,,hybrid-seeded,23,feasible-heuristic,True,337472.10421,332104.23627500003,5367.867934999998,107357.35869999997,0.0,0.0,0.0,0.0,4,15000,41.656166666666664,300.0,830.0,905.0,20.0
multimodal-cost,multimodal-enabled,0.0,,hybrid-seeded,24,feasible-heuristic,True,337472.10421,332104.23627500003,5367.867934999998,107357.35869999997,0.0,0.0,0.0,0.0,4,15000,41.656166666666664,300.0,830.0,905.0,20.0
multimodal-cost,multimodal-enabled,0.0,,hybrid-seeded,25,feasible-heuristic,True,337472.10421,332104.23627500003,5367.867934999998,107357.35869999997,0.0,0.0,0.0,0.0,4,15000,41.656166666666664,300.0,830.0,905.0,20.0
multimodal-cost,multimodal-enabled,0.0,,hybrid-seeded,26,feasible-heuristic,True,337472.10421,332104.23627500003,5367.867934999998,107357.35869999997,0.0,0.0,0.0,0.0,4,15000,41.656166666666664,300.0,830.0,905.0,20.0
multimodal-cost,multimodal-enabled,0.0,,hybrid-seeded,27,feasible-heuristic,True,337472.10421,332104.23627500003,5367.867934999998,107357.35869999997,0.0,0.0,0.0,0.0,4,15000,41.656166666666664,300.0,830.0,905.0,20.0
multimodal-cost,multimodal-enabled,0.0,,hybrid-seeded,28,feasible-heuristic,True,324492.3596200001,319491.31197500014,5001.047644999999,100020.95289999997,0.0,0.0,0.0,0.0,2,15000,42.95814274128143,160.0,930.0,845.0,120.0
multimodal-cost,multimodal-enabled,0.0,,hybrid-seeded,29,feasible-heuristic,True,331550.55166500015,326460.8150000002,5089.736664999999,101794.73329999998,0.0,0.0,0.0,0.0,3,15000,43.04318126520681,180.0,910.0,865.0,100.0
multimodal-reduction-20,multimodal-enabled,0.2,174176.76548,greedy-reference,,feasible-heuristic,True,398224.2158875001,391793.5782500001,6430.637637499999,128612.75274999997,0.0,0.0,0.0,0.0,0,288,35.82366615977292,580.0,825.0,650.0,0.0
multimodal-reduction-20,multimodal-enabled,0.2,174176.76548,fixed,0,feasible-heuristic,True,324997.4268100001,320014.8718500001,4982.55496,99651.0992,0.0,0.0,0.0,0.0,0,15000,43.274743309002424,140.0,950.0,845.0,120.0
multimodal-reduction-20,multimodal-enabled,0.2,174176.76548,fixed,1,feasible-heuristic,True,359305.18745,353685.91520000005,5619.27225,112385.44499999999,0.0,0.0,0.0,0.0,0,15000,39.96395721816707,355.0,865.0,735.0,100.0
multimodal-reduction-20,multimodal-enabled,0.2,174176.76548,fixed,2,feasible-heuristic,True,346056.6357775001,340525.3737750001,5531.262002500001,110625.24005000001,0.0,0.0,0.0,0.0,0,15000,40.6696957623682,350.0,825.0,800.0,80.0
multimodal-reduction-20,multimodal-enabled,0.2,174176.76548,fixed,3,feasible-heuristic,True,327655.77522000007,322614.2268250001,5041.548395,100830.96789999999,0.0,0.0,0.0,0.0,0,15000,42.77415206812652,160.0,950.0,845.0,100.0
multimodal-reduction-20,multimodal-enabled,0.2,174176.76548,fixed,4,feasible-heuristic,True,333112.22141500004,327952.64890000003,5159.572515,103191.45029999998,0.0,0.0,0.0,0.0,0,15000,42.519452149229515,200.0,910.0,865.0,80.0
multimodal-reduction-20,multimodal-enabled,0.2,174176.76548,fixed,5,feasible-heuristic,True,339735.23101500014,334418.87120000017,5316.359815,106327.19629999998,0.0,0.0,0.0,0.0,0,15000,41.78136861313868,265.0,890.0,800.0,100.0
multimodal-reduction-20,multimodal-enabled,0.2,174176.76548,fixed,6,feasible-heuristic,True,339449.07606500003,334209.58837500005,5239.48769,104789.75379999999,0.0,0.0,0.0,0.0,0,15000,41.27074249797242,225.0,930.0,760.0,140.0
multimodal-reduction-20,multimodal-enabled,0.2,174176.76548,fixed,7,feasible-heuristic,True,350903.63857,345437.149075,5466.489495,109329.78989999999,0.0,0.0,0.0,0.0,0,15000,40.73675101378751,305.0,870.0,700.0,180.0
multimodal-reduction-20,multimodal-enabled,0.2,174176.76548,fixed,8,feasible-heuristic,True,329879.58926000015,324731.1279750001,5148.461284999999,102969.22569999998,0.0,0.0,0.0,0.0,0,15000,42.63419059205191,220.0,890.0,865.0,80.0
multimodal-reduction-20,multimodal-enabled,0.2,174176.76548,fixed,9,feasible-heuristic,True,341440.5024900001,336161.5621000001,5278.94039,105578.80779999998,0.0,0.0,0.0,0.0,0,15000,41.669800486618016,245.0,890.0,800.0,120.0
multimodal-reduction-20,multimodal-enabled,0.2,174176.76548,fixed,10,feasible-heuristic,True,335670.85596,330528.490225,5142.365735,102847.3147,0.0,0.0,0.0,0.0,0,15000,42.439357258718566,200.0,930.0,845.0,80.0
multimodal-reduction-20,multimodal-enabled,0.2,174176.76548,fixed,11,feasible-heuristic,True,331594.0670000001,326405.9748750001,5188.092124999999,103761.84249999997,0.0,0.0,0.0,0.0,0,15000,42.04340308191403,220.0,910.0,905.0,20.0
multimodal-reduction-20,multimodal-enabled,0.2,174176.76548,fixed,12,feasible-heuristic,True,333511.56684999994,328350.15325,5161.4136,103228.27199999998,0.0,0.0,0.0,0.0,0,15000,42.313889294403886,200.0,930.0,865.0,60.0
multimodal-reduction-20,multimodal-enabled,0.2,174176.76548,fixed,13,feasible-heuristic,True,341738.01415500004,336422.3753,5315.638855000001,106312.77710000002,0.0,0.0,0.0,0.0,0,15000,41.01182968369829,245.0,930.0,760.0,120.0
multimodal-reduction-20,multimodal-enabled,0.2,174176.76548,fixed,14,feasible-heuristic,True,334368.59482000006,329141.78167500003,5226.813145000001,104536.26290000002,0.0,0.0,0.0,0.0,0,15000,42.05611435523114,220.0,910.0,865.0,60.0
multimodal-reduction-20,multimodal-enabled,0.2,174176.76548,fixed,15,feasible-heuristic,True,341970.08081499994,336649.85587499995,5320.22494,106404.49879999999,0.0,0.0,0.0,0.0,0,15000,41.17239537712894,245.0,930.0,780.0,100.0
multimodal-reduction-20,multimodal-enabled,0.2,174176.76548,fixed,16,feasible-heuristic,True,341323.1945050001,336046.0546250001,5277.139880000001,105542.7976,0.0,0.0,0.0,0.0,0,15000,41.91918288726682,225.0,930.0,840.0,60.0
multimodal-reduction-20,multimodal-enabled,0.2,174176.76548,fixed,17,feasible-heuristic,True,331193.5738350001,325999.8067750001,5193.767059999999,103875.34119999998,0.0,0.0,0.0,0.0,0,15000,42.367682684509326,245.0,865.0,865.0,80.0
multimodal-reduction-20,multimodal-enabled,0.2,174176.76548,fixed,18,feasible-heuristic,True,345447.88297750015,339950.06967500015,5497.8133025,109956.26604999999,0.0,0.0,0.0,0.0,0,15000,40.74836283454987,330.0,845.0,800.0,80.0
multimodal-reduction-20,multimodal-enabled,0.2,174176.76548,fixed,19,feasible-heuristic,True,343675.15015000006,338363.7971750001,5311.352974999999,106227.05949999997,0.0,0.0,0.0,0.0,0,15000,41.382497972424986,245.0,910.0,800.0,100.0
multimodal-reduction-20,multimodal-enabled,0.2,174176.76548,fixed,20,feasible-heuristic,True,341098.4707650002,335823.7429000002,5274.727865000001,105494.5573,0.0,0.0,0.0,0.0,0,15000,41.576467153284675,225.0,950.0,840.0,40.0
multimodal-reduction-20,multimodal-enabled,0.2,174176.76548,fixed,21,feasible-heuristic,True,358429.85881,352901.93357500003,5527.925234999999,110558.50469999996,0.0,0.0,0.0,0.0,0,15000,40.13310421735604,290.0,930.0,715.0,120.0
multimodal-reduction-20,multimodal-enabled,0.2,174176.76548,fixed,22,feasible-heuristic,True,348172.282145,342772.8039,5399.478244999999,107989.56489999998,0.0,0.0,0.0,0.0,0,15000,40.34668694241685,265.0,930.0,780.0,80.0
multimodal-reduction-20,multimodal-enabled,0.2,174176.76548,fixed,23,feasible-heuristic,True,349192.8216300001,343741.9042500001,5450.91738,109018.3476,0.0,0.0,0.0,0.0,0,15000,40.9104107866991,285.0,910.0,840.0,20.0
multimodal-reduction-20,multimodal-enabled,0.2,174176.76548,fixed,24,feasible-heuristic,True,345990.90694,340593.835075,5397.071865000001,107941.4373,0.0,0.0,0.0,0.0,0,15000,41.56561111111111,285.0,870.0,820.0,80.0
multimodal-reduction-20,multimodal-enabled,0.2,174176.76548,fixed,25,feasible-heuristic,True,341648.29061500006,336338.56740000006,5309.723215,106194.46429999999,0.0,0.0,0.0,0.0,0,15000,41.430674371451744,245.0,910.0,840.0,60.0
multimodal-reduction-20,multimodal-enabled,0.2,174176.76548,fixed,26,feasible-heuristic,True,335735.286155,330450.4398,5284.846355,105696.92709999999,0.0,0.0,0.0,0.0,0,15000,42.05666200324412,265.0,865.0,885.0,40.0
multimodal-reduction-20,multimodal-enabled,0.2,174176.76548,fixed,27,feasible-heuristic,True,341423.71245000005,336148.31815000006,5275.3943,105507.88599999998,0.0,0.0,0.0,0.0,0,15000,41.5038787510138,225.0,930.0,780.0,120.0
multimodal-reduction-20,multimodal-enabled,0.2,174176.76548,fixed,28,feasible-heuristic,True,335182.84761,329986.25,5196.597610000001,103931.95220000001,0.0,0.0,0.0,0.0,0,15000,42.389395377128956,220.0,890.0,825.0,120.0
multimodal-reduction-20,multimodal-enabled,0.2,174176.76548,fixed,29,feasible-heuristic,True,348321.24669000006,342854.72170000005,5466.524990000001,109330.4998,0.0,0.0,0.0,0.0,0,15000,40.70819626926196,305.0,890.0,800.0,60.0
multimodal-reduction-20,multimodal-enabled,0.2,174176.76548,adaptive,0,feasible-heuristic,True,341368.0751550001,335992.5950000001,5375.480154999999,107509.60309999998,0.0,0.0,0.0,0.0,0,15000,41.439081305758314,310.0,825.0,780.0,140.0
multimodal-reduction-20,multimodal-enabled,0.2,174176.76548,adaptive,1,feasible-heuristic,True,348729.2363050001,343352.5258500001,5376.710455,107534.2091,0.0,0.0,0.0,0.0,0,15000,41.010923357664225,245.0,930.0,760.0,120.0
multimodal-reduction-20,multimodal-enabled,0.2,174176.76548,adaptive,2,feasible-heuristic,True,341028.57467500004,335729.78940000007,5298.785275,105975.7055,0.0,0.0,0.0,0.0,0,15000,41.54452757502027,245.0,910.0,800.0,100.0
multimodal-reduction-20,multimodal-enabled,0.2,174176.76548,adaptive,3,feasible-heuristic,True,325390.38345,320387.699825,5002.683625000001,100053.6725,0.0,0.0,0.0,0.0,0,15000,43.02980535279805,140.0,970.0,885.0,60.0
multimodal-reduction-20,multimodal-enabled,0.2,174176.76548,adaptive,4,feasible-heuristic,True,325108.27146,320098.72897500003,5009.542484999998,100190.84969999996,0.0,0.0,0.0,0.0,0,15000,42.71314882400649,160.0,930.0,865.0,100.0
multimodal-reduction-20,multimodal-enabled,0.2,174176.76548,adaptive,5,feasible-heuristic,True,325670.49431000004,320646.01042500004,5024.483885,100489.67769999999,0.0,0.0,0.0,0.0,0,15000,42.464658150851584,160.0,950.0,865.0,80.0
multimodal-reduction-20,multimodal-enabled,0.2,174176.76548,adaptive,6,feasible-heuristic,True,330934.06535000005,325732.96987500007,5201.095474999999,104021.90949999998,0.0,0.0,0.0,0.0,0,15000,42.482850162206,245.0,865.0,905.0,40.0
multimodal-reduction-20,multimodal-enabled,0.2,174176.76548,adaptive,7,feasible-heuristic,True,347605.0504100001,342203.7083500001,5401.34206,108026.8412,0.0,0.0,0.0,0.0,0,15000,41.5344403892944,265.0,910.0,840.0,40.0
multimodal-reduction-20,multimodal-enabled,0.2,174176.76548,adaptive,8,feasible-heuristic,True,330791.93086000014,325664.9253000001,5127.005559999999,102540.11119999997,0.0,0.0,0.0,0.0,0,15000,42.51075304136252,200.0,910.0,845.0,100.0
multimodal-reduction-20,multimodal-enabled,0.2,174176.76548,adaptive,9,feasible-heuristic,True,339310.4362900001,334078.9539000001,5231.482389999998,104629.64779999996,0.0,0.0,0.0,0.0,0,15000,41.346201135442016,225.0,930.0,740.0,160.0
multimodal-reduction-20,multimodal-enabled,0.2,174176.76548,adaptive,10,feasible-heuristic,True,326721.33845,321643.41835,5077.920099999999,101558.40199999999,0.0,0.0,0.0,0.0,0,15000,42.96246390916464,200.0,890.0,845.0,120.0
multimodal-reduction-20,multimodal-enabled,0.2,174176.76548,adaptive,11,feasible-heuristic,True,327133.04581000004,321967.72365000006,5165.32216,103306.4432,0.0,0.0,0.0,0.0,0,15000,42.47836232765612,265.0,825.0,885.0,80.0
multimodal-reduction-20,multimodal-enabled,0.2,174176.76548,adaptive,12,feasible-heuristic,True,338919.3157650001,333713.5280750001,5205.787689999999,104115.75379999998,0.0,0.0,0.0,0.0,0,15000,41.54552595296026,205.0,950.0,800.0,100.0
multimodal-reduction-20,multimodal-enabled,0.2,174176.76548,adaptive,13,feasible-heuristic,True,343289.0959250001,337824.9936000001,5464.102325000001,109282.04650000001,0.0,0.0,0.0,0.0,0,15000,41.284313665855635,350.0,785.0,780.0,140.0
multimodal-reduction-20,multimodal-enabled,0.2,174176.76548,adaptive,14,feasible-heuristic,True,324521.60440000007,319552.8363750001,4968.768025,99375.3605,0.0,0.0,0.0,0.0,0,15000,42.72783576642336,140.0,950.0,845.0,120.0
multimodal-reduction-20,multimodal-enabled,0.2,174176.76548,adaptive,15,feasible-heuristic,True,339575.39635500015,334323.25197500014,5252.14438,105042.88759999999,0.0,0.0,0.0,0.0,0,15000,41.399759935117594,225.0,930.0,800.0,100.0
multimodal-reduction-20,multimodal-enabled,0.2,174176.76548,adaptive,16,feasible-heuristic,True,342383.40407000005,337158.72640000004,5224.677669999999,104493.55339999998,0.0,0.0,0.0,0.0,0,15000,41.922999594485,205.0,930.0,780.0,140.0
multimodal-reduction-20,multimodal-enabled,0.2,174176.76548,adaptive,17,feasible-heuristic,True,346779.3159350001,341432.3637750001,5346.952160000001,106939.0432,0.0,0.0,0.0,0.0,0,15000,41.02852392538524,245.0,930.0,780.0,100.0
multimodal-reduction-20,multimodal-enabled,0.2,174176.76548,adaptive,18,feasible-heuristic,True,337615.55203500006,332448.7067750001,5166.84526,103336.9052,0.0,0.0,0.0,0.0,0,15000,41.88037469586375,185.0,950.0,740.0,180.0
multimodal-reduction-20,multimodal-enabled,0.2,174176.76548,adaptive,19,feasible-heuristic,True,343207.19530500006,337898.8379500001,5308.357354999999,106167.14709999997,0.0,0.0,0.0,0.0,0,15000,41.68425790754257,245.0,890.0,780.0,140.0
multimodal-reduction-20,multimodal-enabled,0.2,174176.76548,adaptive,20,feasible-heuristic,True,340180.425845,334968.77752500004,5211.648319999999,104232.96639999998,0.0,0.0,0.0,0.0,0,15000,41.80797120843471,205.0,950.0,760.0,140.0
multimodal-reduction-20,multimodal-enabled,0.2,174176.76548,adaptive,21,feasible-heuristic,True,338697.534705,333458.168575,5239.36613,104787.3226,0.0,0.0,0.0,0.0,0,15000,41.34858434712084,225.0,930.0,800.0,100.0
multimodal-reduction-20,multimodal-enabled,0.2,174176.76548,adaptive,22,feasible-heuristic,True,338450.70733500004,333245.25380000006,5205.453535000001,104109.0707,0.0,0.0,0.0,0.0,0,15000,41.379985401459855,205.0,950.0,800.0,100.0
multimodal-reduction-20,multimodal-enabled,0.2,174176.76548,adaptive,23,feasible-heuristic,True,358484.81008000014,352880.2668250001,5604.5432550000005,112090.86510000001,0.0,0.0,0.0,0.0,0,15000,39.19747526358476,330.0,930.0,695.0,100.0
multimodal-reduction-20,multimodal-enabled,0.2,174176.76548,adaptive,24,feasible-heuristic,True,343256.4980250001,337916.5690000001,5339.9290249999995,106798.58049999998,0.0,0.0,0.0,0.0,0,15000,40.90353568532035,265.0,910.0,800.0,80.0
multimodal-reduction-20,multimodal-enabled,0.2,174176.76548,adaptive,25,feasible-heuristic,True,342807.97944000014,337457.0735000001,5350.905939999999,107018.11879999997,0.0,0.0,0.0,0.0,0,15000,41.46223114355231,265.0,890.0,800.0,100.0
multimodal-reduction-20,multimodal-enabled,0.2,174176.76548,adaptive,26,feasible-heuristic,True,337392.300885,332203.051,5189.249885,103784.99769999999,0.0,0.0,0.0,0.0,0,15000,41.433498377939976,205.0,950.0,800.0,100.0
multimodal-reduction-20,multimodal-enabled,0.2,174176.76548,adaptive,27,feasible-heuristic,True,331358.3063550001,326242.50622500014,5115.80013,102316.00259999998,0.0,0.0,0.0,0.0,0,15000,42.745668288726684,180.0,930.0,865.0,80.0
multimodal-reduction-20,multimodal-enabled,0.2,174176.76548,adaptive,28,feasible-heuristic,True,328134.4518200001,322996.7269500001,5137.724870000001,102754.49740000001,0.0,0.0,0.0,0.0,0,15000,42.71217862935929,225.0,865.0,865.0,100.0
multimodal-reduction-20,multimodal-enabled,0.2,174176.76548,adaptive,29,feasible-heuristic,True,342871.43754500005,337521.97880000004,5349.458745,106989.1749,0.0,0.0,0.0,0.0,0,15000,41.15956731549067,265.0,910.0,820.0,60.0
multimodal-reduction-20,multimodal-enabled,0.2,174176.76548,catastrophe,0,feasible-heuristic,True,324997.4268100001,320014.8718500001,4982.55496,99651.0992,0.0,0.0,0.0,0.0,0,15000,43.274743309002424,140.0,950.0,845.0,120.0
multimodal-reduction-20,multimodal-enabled,0.2,174176.76548,catastrophe,1,feasible-heuristic,True,359305.18745,353685.91520000005,5619.27225,112385.44499999999,0.0,0.0,0.0,0.0,3,15000,39.96395721816707,355.0,865.0,735.0,100.0
multimodal-reduction-20,multimodal-enabled,0.2,174176.76548,catastrophe,2,feasible-heuristic,True,346996.80318750005,341474.43677500007,5522.3664125000005,110447.32825,0.0,0.0,0.0,0.0,1,15000,40.65445366991079,350.0,825.0,800.0,80.0
multimodal-reduction-20,multimodal-enabled,0.2,174176.76548,catastrophe,3,feasible-heuristic,True,327655.77522000007,322614.2268250001,5041.548395,100830.96789999999,0.0,0.0,0.0,0.0,1,15000,42.77415206812652,160.0,950.0,845.0,100.0
multimodal-reduction-20,multimodal-enabled,0.2,174176.76548,catastrophe,4,feasible-heuristic,True,333112.22141500004,327952.64890000003,5159.572515,103191.45029999998,0.0,0.0,0.0,0.0,1,15000,42.519452149229515,200.0,910.0,865.0,80.0
multimodal-reduction-20,multimodal-enabled,0.2,174176.76548,catastrophe,5,feasible-heuristic,True,339735.23101500014,334418.87120000017,5316.359815,106327.19629999998,0.0,0.0,0.0,0.0,0,15000,41.78136861313868,265.0,890.0,800.0,100.0
multimodal-reduction-20,multimodal-enabled,0.2,174176.76548,catastrophe,6,feasible-heuristic,True,336414.097675,331239.328875,5174.768799999999,103495.37599999997,0.0,0.0,0.0,0.0,1,15000,41.62409732360097,205.0,930.0,760.0,160.0
multimodal-reduction-20,multimodal-enabled,0.2,174176.76548,catastrophe,7,feasible-heuristic,True,351544.54174,346038.889875,5505.651865,110113.03729999998,0.0,0.0,0.0,0.0,2,15000,40.666164233576644,325.0,850.0,700.0,180.0
multimodal-reduction-20,multimodal-enabled,0.2,174176.76548,catastrophe,8,feasible-heuristic,True,329879.58926000015,324731.1279750001,5148.461284999999,102969.22569999998,0.0,0.0,0.0,0.0,1,15000,42.63419059205191,220.0,890.0,865.0,80.0
multimodal-reduction-20,multimodal-enabled,0.2,174176.76548,catastrophe,9,feasible-heuristic,True,341440.5024900001,336161.5621000001,5278.94039,105578.80779999998,0.0,0.0,0.0,0.0,0,15000,41.669800486618016,245.0,890.0,800.0,120.0
multimodal-reduction-20,multimodal-enabled,0.2,174176.76548,catastrophe,10,feasible-heuristic,True,335670.85596,330528.490225,5142.365735,102847.3147,0.0,0.0,0.0,0.0,0,15000,42.439357258718566,200.0,930.0,845.0,80.0
multimodal-reduction-20,multimodal-enabled,0.2,174176.76548,catastrophe,11,feasible-heuristic,True,331594.0670000001,326405.9748750001,5188.092124999999,103761.84249999997,0.0,0.0,0.0,0.0,1,15000,42.04340308191403,220.0,910.0,905.0,20.0
multimodal-reduction-20,multimodal-enabled,0.2,174176.76548,catastrophe,12,feasible-heuristic,True,333511.56684999994,328350.15325,5161.4136,103228.27199999998,0.0,0.0,0.0,0.0,1,15000,42.313889294403886,200.0,930.0,865.0,60.0
multimodal-reduction-20,multimodal-enabled,0.2,174176.76548,catastrophe,13,feasible-heuristic,True,343184.17431500007,337829.96040000004,5354.213915000001,107084.27830000002,0.0,0.0,0.0,0.0,2,15000,40.974293592862935,265.0,910.0,760.0,120.0
multimodal-reduction-20,multimodal-enabled,0.2,174176.76548,catastrophe,14,feasible-heuristic,True,338187.63117000007,332889.15437500004,5298.4767950000005,105969.5359,0.0,0.0,0.0,0.0,1,15000,41.90684306569342,240.0,910.0,885.0,20.0
multimodal-reduction-20,multimodal-enabled,0.2,174176.76548,catastrophe,15,feasible-heuristic,True,341970.08081499994,336649.85587499995,5320.22494,106404.49879999999,0.0,0.0,0.0,0.0,2,15000,41.17239537712894,245.0,930.0,780.0,100.0
multimodal-reduction-20,multimodal-enabled,0.2,174176.76548,catastrophe,16,feasible-heuristic,True,341323.1945050001,336046.0546250001,5277.139880000001,105542.7976,0.0,0.0,0.0,0.0,2,15000,41.91918288726682,225.0,930.0,840.0,60.0
multimodal-reduction-20,multimodal-enabled,0.2,174176.76548,catastrophe,17,feasible-heuristic,True,331193.5738350001,325999.8067750001,5193.767059999999,103875.34119999998,0.0,0.0,0.0,0.0,1,15000,42.367682684509326,245.0,865.0,865.0,80.0
multimodal-reduction-20,multimodal-enabled,0.2,174176.76548,catastrophe,18,feasible-heuristic,True,345447.88297750015,339950.06967500015,5497.8133025,109956.26604999999,0.0,0.0,0.0,0.0,1,15000,40.74836283454987,330.0,845.0,800.0,80.0
multimodal-reduction-20,multimodal-enabled,0.2,174176.76548,catastrophe,19,feasible-heuristic,True,343675.15015000006,338363.7971750001,5311.352974999999,106227.05949999997,0.0,0.0,0.0,0.0,0,15000,41.382497972424986,245.0,910.0,800.0,100.0
multimodal-reduction-20,multimodal-enabled,0.2,174176.76548,catastrophe,20,feasible-heuristic,True,341098.4707650002,335823.7429000002,5274.727865000001,105494.5573,0.0,0.0,0.0,0.0,1,15000,41.576467153284675,225.0,950.0,840.0,40.0
multimodal-reduction-20,multimodal-enabled,0.2,174176.76548,catastrophe,21,feasible-heuristic,True,358429.85881,352901.93357500003,5527.925234999999,110558.50469999996,0.0,0.0,0.0,0.0,1,15000,40.13310421735604,290.0,930.0,715.0,120.0
multimodal-reduction-20,multimodal-enabled,0.2,174176.76548,catastrophe,22,feasible-heuristic,True,348172.282145,342772.8039,5399.478244999999,107989.56489999998,0.0,0.0,0.0,0.0,1,15000,40.34668694241685,265.0,930.0,780.0,80.0
multimodal-reduction-20,multimodal-enabled,0.2,174176.76548,catastrophe,23,feasible-heuristic,True,349192.8216300001,343741.9042500001,5450.91738,109018.3476,0.0,0.0,0.0,0.0,1,15000,40.9104107866991,285.0,910.0,840.0,20.0
multimodal-reduction-20,multimodal-enabled,0.2,174176.76548,catastrophe,24,feasible-heuristic,True,345990.90694,340593.835075,5397.071865000001,107941.4373,0.0,0.0,0.0,0.0,0,15000,41.56561111111111,285.0,870.0,820.0,80.0
multimodal-reduction-20,multimodal-enabled,0.2,174176.76548,catastrophe,25,feasible-heuristic,True,342124.5877150001,336810.53820000007,5314.049515000001,106280.9903,0.0,0.0,0.0,0.0,1,15000,41.51171330089213,245.0,910.0,840.0,60.0
multimodal-reduction-20,multimodal-enabled,0.2,174176.76548,catastrophe,26,feasible-heuristic,True,328077.1318750001,322942.61400000006,5134.517875,102690.35749999998,0.0,0.0,0.0,0.0,2,15000,42.75054197080292,225.0,865.0,845.0,120.0
multimodal-reduction-20,multimodal-enabled,0.2,174176.76548,catastrophe,27,feasible-heuristic,True,341423.71245000005,336148.31815000006,5275.3943,105507.88599999998,0.0,0.0,0.0,0.0,2,15000,41.5038787510138,225.0,930.0,780.0,120.0
multimodal-reduction-20,multimodal-enabled,0.2,174176.76548,catastrophe,28,feasible-heuristic,True,335182.84761,329986.25,5196.597610000001,103931.95220000001,0.0,0.0,0.0,0.0,0,15000,42.389395377128956,220.0,890.0,825.0,120.0
multimodal-reduction-20,multimodal-enabled,0.2,174176.76548,catastrophe,29,feasible-heuristic,True,344582.22336,339225.030825,5357.192535,107143.8507,0.0,0.0,0.0,0.0,1,15000,41.243667477696675,265.0,910.0,800.0,80.0
multimodal-reduction-20,multimodal-enabled,0.2,174176.76548,combined,0,feasible-heuristic,True,341368.0751550001,335992.5950000001,5375.480154999999,107509.60309999998,0.0,0.0,0.0,0.0,0,15000,41.439081305758314,310.0,825.0,780.0,140.0
multimodal-reduction-20,multimodal-enabled,0.2,174176.76548,combined,1,feasible-heuristic,True,348729.2363050001,343352.5258500001,5376.710455,107534.2091,0.0,0.0,0.0,0.0,0,15000,41.010923357664225,245.0,930.0,760.0,120.0
multimodal-reduction-20,multimodal-enabled,0.2,174176.76548,combined,2,feasible-heuristic,True,344157.8786175001,338675.52007500007,5482.358542500002,109647.17085000002,0.0,0.0,0.0,0.0,1,15000,41.170863645579885,330.0,825.0,800.0,100.0
multimodal-reduction-20,multimodal-enabled,0.2,174176.76548,combined,3,feasible-heuristic,True,325827.32802,320818.809025,5008.518994999999,100170.37989999999,0.0,0.0,0.0,0.0,2,15000,43.006577858880775,140.0,970.0,885.0,60.0
multimodal-reduction-20,multimodal-enabled,0.2,174176.76548,combined,4,feasible-heuristic,True,325108.27146,320098.72897500003,5009.542484999998,100190.84969999996,0.0,0.0,0.0,0.0,0,15000,42.71314882400649,160.0,930.0,865.0,100.0
multimodal-reduction-20,multimodal-enabled,0.2,174176.76548,combined,5,feasible-heuristic,True,325670.49431000004,320646.01042500004,5024.483885,100489.67769999999,0.0,0.0,0.0,0.0,0,15000,42.464658150851584,160.0,950.0,865.0,80.0
multimodal-reduction-20,multimodal-enabled,0.2,174176.76548,combined,6,feasible-heuristic,True,331295.2715100001,326088.9801750001,5206.291334999999,104125.82669999998,0.0,0.0,0.0,0.0,1,15000,42.35080879967558,245.0,865.0,905.0,40.0
multimodal-reduction-20,multimodal-enabled,0.2,174176.76548,combined,7,feasible-heuristic,True,347605.0504100001,342203.7083500001,5401.34206,108026.8412,0.0,0.0,0.0,0.0,0,15000,41.5344403892944,265.0,910.0,840.0,40.0
multimodal-reduction-20,multimodal-enabled,0.2,174176.76548,combined,8,feasible-heuristic,True,330791.93086000014,325664.9253000001,5127.005559999999,102540.11119999997,0.0,0.0,0.0,0.0,2,15000,42.51075304136252,200.0,910.0,845.0,100.0
multimodal-reduction-20,multimodal-enabled,0.2,174176.76548,combined,9,feasible-heuristic,True,339310.4362900001,334078.9539000001,5231.482389999998,104629.64779999996,0.0,0.0,0.0,0.0,0,15000,41.346201135442016,225.0,930.0,740.0,160.0
multimodal-reduction-20,multimodal-enabled,0.2,174176.76548,combined,10,feasible-heuristic,True,326721.33845,321643.41835,5077.920099999999,101558.40199999999,0.0,0.0,0.0,0.0,1,15000,42.96246390916464,200.0,890.0,845.0,120.0
multimodal-reduction-20,multimodal-enabled,0.2,174176.76548,combined,11,feasible-heuristic,True,327390.05032000004,322279.3127,5110.73762,102214.75239999998,0.0,0.0,0.0,0.0,1,15000,42.74040855636658,225.0,865.0,885.0,80.0
multimodal-reduction-20,multimodal-enabled,0.2,174176.76548,combined,12,feasible-heuristic,True,338919.3157650001,333713.5280750001,5205.787689999999,104115.75379999998,0.0,0.0,0.0,0.0,1,15000,41.54552595296026,205.0,950.0,800.0,100.0
multimodal-reduction-20,multimodal-enabled,0.2,174176.76548,combined,13,feasible-heuristic,True,342853.1291150001,337395.87260000006,5457.256515000001,109145.1303,0.0,0.0,0.0,0.0,1,15000,41.28360442011354,350.0,785.0,780.0,140.0
multimodal-reduction-20,multimodal-enabled,0.2,174176.76548,combined,14,feasible-heuristic,True,324521.60440000007,319552.8363750001,4968.768025,99375.3605,0.0,0.0,0.0,0.0,0,15000,42.72783576642336,140.0,950.0,845.0,120.0
multimodal-reduction-20,multimodal-enabled,0.2,174176.76548,combined,15,feasible-heuristic,True,339575.39635500015,334323.25197500014,5252.14438,105042.88759999999,0.0,0.0,0.0,0.0,0,15000,41.399759935117594,225.0,930.0,800.0,100.0
multimodal-reduction-20,multimodal-enabled,0.2,174176.76548,combined,16,feasible-heuristic,True,342383.40407000005,337158.72640000004,5224.677669999999,104493.55339999998,0.0,0.0,0.0,0.0,0,15000,41.922999594485,205.0,930.0,780.0,140.0
multimodal-reduction-20,multimodal-enabled,0.2,174176.76548,combined,17,feasible-heuristic,True,346779.3159350001,341432.3637750001,5346.952160000001,106939.0432,0.0,0.0,0.0,0.0,0,15000,41.02852392538524,245.0,930.0,780.0,100.0
multimodal-reduction-20,multimodal-enabled,0.2,174176.76548,combined,18,feasible-heuristic,True,337615.55203500006,332448.7067750001,5166.84526,103336.9052,0.0,0.0,0.0,0.0,0,15000,41.88037469586375,185.0,950.0,740.0,180.0
multimodal-reduction-20,multimodal-enabled,0.2,174176.76548,combined,19,feasible-heuristic,True,343207.19530500006,337898.8379500001,5308.357354999999,106167.14709999997,0.0,0.0,0.0,0.0,1,15000,41.68425790754257,245.0,890.0,780.0,140.0
multimodal-reduction-20,multimodal-enabled,0.2,174176.76548,combined,20,feasible-heuristic,True,340432.70444500004,335158.78952500003,5273.914919999999,105478.29839999997,0.0,0.0,0.0,0.0,1,15000,41.605812246553114,245.0,910.0,760.0,140.0
multimodal-reduction-20,multimodal-enabled,0.2,174176.76548,combined,21,feasible-heuristic,True,338697.534705,333458.168575,5239.36613,104787.3226,0.0,0.0,0.0,0.0,0,15000,41.34858434712084,225.0,930.0,800.0,100.0
multimodal-reduction-20,multimodal-enabled,0.2,174176.76548,combined,22,feasible-heuristic,True,338450.70733500004,333245.25380000006,5205.453535000001,104109.0707,0.0,0.0,0.0,0.0,1,15000,41.379985401459855,205.0,950.0,800.0,100.0
multimodal-reduction-20,multimodal-enabled,0.2,174176.76548,combined,23,feasible-heuristic,True,358484.81008000014,352880.2668250001,5604.5432550000005,112090.86510000001,0.0,0.0,0.0,0.0,0,15000,39.19747526358476,330.0,930.0,695.0,100.0
multimodal-reduction-20,multimodal-enabled,0.2,174176.76548,combined,24,feasible-heuristic,True,343256.4980250001,337916.5690000001,5339.9290249999995,106798.58049999998,0.0,0.0,0.0,0.0,0,15000,40.90353568532035,265.0,910.0,800.0,80.0
multimodal-reduction-20,multimodal-enabled,0.2,174176.76548,combined,25,feasible-heuristic,True,342807.97944000014,337457.0735000001,5350.905939999999,107018.11879999997,0.0,0.0,0.0,0.0,1,15000,41.46223114355231,265.0,890.0,800.0,100.0
multimodal-reduction-20,multimodal-enabled,0.2,174176.76548,combined,26,feasible-heuristic,True,337392.300885,332203.051,5189.249885,103784.99769999999,0.0,0.0,0.0,0.0,2,15000,41.433498377939976,205.0,950.0,800.0,100.0
multimodal-reduction-20,multimodal-enabled,0.2,174176.76548,combined,27,feasible-heuristic,True,331358.3063550001,326242.50622500014,5115.80013,102316.00259999998,0.0,0.0,0.0,0.0,1,15000,42.745668288726684,180.0,930.0,865.0,80.0
multimodal-reduction-20,multimodal-enabled,0.2,174176.76548,combined,28,feasible-heuristic,True,328134.4518200001,322996.7269500001,5137.724870000001,102754.49740000001,0.0,0.0,0.0,0.0,0,15000,42.71217862935929,225.0,865.0,865.0,100.0
multimodal-reduction-20,multimodal-enabled,0.2,174176.76548,combined,29,feasible-heuristic,True,342871.43754500005,337521.97880000004,5349.458745,106989.1749,0.0,0.0,0.0,0.0,0,15000,41.15956731549067,265.0,910.0,820.0,60.0
multimodal-reduction-20,multimodal-enabled,0.2,174176.76548,hybrid-seeded,0,feasible-heuristic,True,324286.6390000001,319282.9670250001,5003.671974999999,100073.43949999998,0.0,0.0,0.0,0.0,4,15000,42.86449837793998,160.0,930.0,845.0,120.0
multimodal-reduction-20,multimodal-enabled,0.2,174176.76548,hybrid-seeded,1,feasible-heuristic,True,337472.10421,332104.23627500003,5367.867934999998,107357.35869999997,0.0,0.0,0.0,0.0,4,15000,41.656166666666664,300.0,830.0,905.0,20.0
multimodal-reduction-20,multimodal-enabled,0.2,174176.76548,hybrid-seeded,2,feasible-heuristic,True,337472.10421,332104.23627500003,5367.867934999998,107357.35869999997,0.0,0.0,0.0,0.0,4,15000,41.656166666666664,300.0,830.0,905.0,20.0
multimodal-reduction-20,multimodal-enabled,0.2,174176.76548,hybrid-seeded,3,feasible-heuristic,True,326795.5511700001,321737.8607750001,5057.690395000001,101153.80790000001,0.0,0.0,0.0,0.0,2,15000,42.686948905109496,180.0,910.0,845.0,120.0
multimodal-reduction-20,multimodal-enabled,0.2,174176.76548,hybrid-seeded,4,feasible-heuristic,True,337472.10421,332104.23627500003,5367.867934999998,107357.35869999997,0.0,0.0,0.0,0.0,4,15000,41.656166666666664,300.0,830.0,905.0,20.0
multimodal-reduction-20,multimodal-enabled,0.2,174176.76548,hybrid-seeded,5,feasible-heuristic,True,337472.10421,332104.23627500003,5367.867934999998,107357.35869999997,0.0,0.0,0.0,0.0,4,15000,41.656166666666664,300.0,830.0,905.0,20.0
multimodal-reduction-20,multimodal-enabled,0.2,174176.76548,hybrid-seeded,6,feasible-heuristic,True,337472.10421,332104.23627500003,5367.867934999998,107357.35869999997,0.0,0.0,0.0,0.0,4,15000,41.656166666666664,300.0,830.0,905.0,20.0
multimodal-reduction-20,multimodal-enabled,0.2,174176.76548,hybrid-seeded,7,feasible-heuristic,True,336667.840145,331477.43125,5190.4088950000005,103808.1779,0.0,0.0,0.0,0.0,3,15000,41.668995133819955,205.0,950.0,820.0,80.0
multimodal-reduction-20,multimodal-enabled,0.2,174176.76548,hybrid-seeded,8,feasible-heuristic,True,329854.25886,324772.586275,5081.672585,101633.45169999999,0.0,0.0,0.0,0.0,2,15000,42.401041362530414,180.0,930.0,845.0,100.0
multimodal-reduction-20,multimodal-enabled,0.2,174176.76548,hybrid-seeded,9,feasible-heuristic,True,326870.48448500014,321873.1042000001,4997.380284999999,99947.60569999999,0.0,0.0,0.0,0.0,2,15000,43.22649635036496,140.0,950.0,865.0,100.0
multimodal-reduction-20,multimodal-enabled,0.2,174176.76548,hybrid-seeded,10,feasible-heuristic,True,337472.10421,332104.23627500003,5367.867934999998,107357.35869999997,0.0,0.0,0.0,0.0,4,15000,41.656166666666664,300.0,830.0,905.0,20.0
multimodal-reduction-20,multimodal-enabled,0.2,174176.76548,hybrid-seeded,11,feasible-heuristic,True,327546.51304000005,322499.35277500004,5047.160265,100943.2053,0.0,0.0,0.0,0.0,2,15000,42.76119870235199,160.0,950.0,905.0,40.0
multimodal-reduction-20,multimodal-enabled,0.2,174176.76548,hybrid-seeded,12,feasible-heuristic,True,337472.10421,332104.23627500003,5367.867934999998,107357.35869999997,0.0,0.0,0.0,0.0,4,15000,41.656166666666664,300.0,830.0,905.0,20.0
multimodal-reduction-20,multimodal-enabled,0.2,174176.76548,hybrid-seeded,13,feasible-heuristic,True,337472.10421,332104.23627500003,5367.867934999998,107357.35869999997,0.0,0.0,0.0,0.0,4,15000,41.656166666666664,300.0,830.0,905.0,20.0
multimodal-reduction-20,multimodal-enabled,0.2,174176.76548,hybrid-seeded,14,feasible-heuristic,True,329093.26386500004,324001.19477500004,5092.069090000001,101841.3818,0.0,0.0,0.0,0.0,2,15000,42.45962570965125,180.0,930.0,865.0,80.0
multimodal-reduction-20,multimodal-enabled,0.2,174176.76548,hybrid-seeded,15,feasible-heuristic,True,328107.73232000007,322971.6377000001,5136.09462,102721.89239999998,0.0,0.0,0.0,0.0,2,15000,42.683066707218174,225.0,865.0,865.0,100.0
multimodal-reduction-20,multimodal-enabled,0.2,174176.76548,hybrid-seeded,16,feasible-heuristic,True,337472.10421,332104.23627500003,5367.867934999998,107357.35869999997,0.0,0.0,0.0,0.0,4,15000,41.656166666666664,300.0,830.0,905.0,20.0
multimodal-reduction-20,multimodal-enabled,0.2,174176.76548,hybrid-seeded,17,feasible-heuristic,True,337472.10421,332104.23627500003,5367.867934999998,107357.35869999997,0.0,0.0,0.0,0.0,4,15000,41.656166666666664,300.0,830.0,905.0,20.0
multimodal-reduction-20,multimodal-enabled,0.2,174176.76548,hybrid-seeded,18,feasible-heuristic,True,337472.10421,332104.23627500003,5367.867934999998,107357.35869999997,0.0,0.0,0.0,0.0,4,15000,41.656166666666664,300.0,830.0,905.0,20.0
multimodal-reduction-20,multimodal-enabled,0.2,174176.76548,hybrid-seeded,19,feasible-heuristic,True,337472.10421,332104.23627500003,5367.867934999998,107357.35869999997,0.0,0.0,0.0,0.0,4,15000,41.656166666666664,300.0,830.0,905.0,20.0
multimodal-reduction-20,multimodal-enabled,0.2,174176.76548,hybrid-seeded,20,feasible-heuristic,True,337472.10421,332104.23627500003,5367.867934999998,107357.35869999997,0.0,0.0,0.0,0.0,4,15000,41.656166666666664,300.0,830.0,905.0,20.0
multimodal-reduction-20,multimodal-enabled,0.2,174176.76548,hybrid-seeded,21,feasible-heuristic,True,337472.10421,332104.23627500003,5367.867934999998,107357.35869999997,0.0,0.0,0.0,0.0,4,15000,41.656166666666664,300.0,830.0,905.0,20.0
multimodal-reduction-20,multimodal-enabled,0.2,174176.76548,hybrid-seeded,22,feasible-heuristic,True,337472.10421,332104.23627500003,5367.867934999998,107357.35869999997,0.0,0.0,0.0,0.0,4,15000,41.656166666666664,300.0,830.0,905.0,20.0
multimodal-reduction-20,multimodal-enabled,0.2,174176.76548,hybrid-seeded,23,feasible-heuristic,True,337472.10421,332104.23627500003,5367.867934999998,107357.35869999997,0.0,0.0,0.0,0.0,4,15000,41.656166666666664,300.0,830.0,905.0,20.0
multimodal-reduction-20,multimodal-enabled,0.2,174176.76548,hybrid-seeded,24,feasible-heuristic,True,337472.10421,332104.23627500003,5367.867934999998,107357.35869999997,0.0,0.0,0.0,0.0,4,15000,41.656166666666664,300.0,830.0,905.0,20.0
multimodal-reduction-20,multimodal-enabled,0.2,174176.76548,hybrid-seeded,25,feasible-heuristic,True,325590.12127,320605.3072,4984.81407,99696.2814,0.0,0.0,0.0,0.0,2,15000,42.97007218167072,140.0,950.0,805.0,160.0
multimodal-reduction-20,multimodal-enabled,0.2,174176.76548,hybrid-seeded,26,feasible-heuristic,True,326334.9450500001,321338.2495250001,4996.695524999999,99933.91049999997,0.0,0.0,0.0,0.0,2,15000,42.64618248175182,140.0,970.0,885.0,60.0
multimodal-reduction-20,multimodal-enabled,0.2,174176.76548,hybrid-seeded,27,feasible-heuristic,True,337472.10421,332104.23627500003,5367.867934999998,107357.35869999997,0.0,0.0,0.0,0.0,4,15000,41.656166666666664,300.0,830.0,905.0,20.0
multimodal-reduction-20,multimodal-enabled,0.2,174176.76548,hybrid-seeded,28,feasible-heuristic,True,327992.98349,322929.7686,5063.21489,101264.2978,0.0,0.0,0.0,0.0,3,15000,43.01215125709651,180.0,910.0,845.0,120.0
multimodal-reduction-20,multimodal-enabled,0.2,174176.76548,hybrid-seeded,29,feasible-heuristic,True,337472.10421,332104.23627500003,5367.867934999998,107357.35869999997,0.0,0.0,0.0,0.0,4,15000,41.656166666666664,300.0,830.0,905.0,20.0
multimodal-reduction-40,multimodal-enabled,0.4,130632.57410999999,greedy-reference,,feasible-heuristic,True,398224.2158875001,391793.5782500001,6430.637637499999,128612.75274999997,0.0,0.0,0.0,0.0,0,288,35.82366615977292,580.0,825.0,650.0,0.0
multimodal-reduction-40,multimodal-enabled,0.4,130632.57410999999,fixed,0,feasible-heuristic,True,341916.2194650001,336496.9088250001,5419.31064,108386.2128,0.0,0.0,0.0,0.0,0,15000,41.127777169505286,330.0,825.0,800.0,100.0
multimodal-reduction-40,multimodal-enabled,0.4,130632.57410999999,fixed,1,feasible-heuristic,True,350912.5506450001,345457.69187500014,5454.858769999999,109097.17539999998,0.0,0.0,0.0,0.0,0,15000,40.646270072992706,265.0,930.0,820.0,40.0
multimodal-reduction-40,multimodal-enabled,0.4,130632.57410999999,fixed,2,feasible-heuristic,True,336072.2096025001,330745.3014500001,5326.908152499999,106538.16304999997,0.0,0.0,0.0,0.0,0,15000,41.83732309407948,265.0,865.0,885.0,40.0
multimodal-reduction-40,multimodal-enabled,0.4,130632.57410999999,fixed,3,feasible-heuristic,True,357137.80145500007,351582.15597500006,5555.645479999999,111112.90959999998,0.0,0.0,0.0,0.0,0,15000,39.494453771289535,310.0,930.0,775.0,40.0
multimodal-reduction-40,multimodal-enabled,0.4,130632.57410999999,fixed,4,feasible-heuristic,True,338857.1013750001,333615.4869000001,5241.6144749999985,104832.28949999997,0.0,0.0,0.0,0.0,0,15000,41.23478751013788,225.0,930.0,800.0,100.0
multimodal-reduction-40,multimodal-enabled,0.4,130632.57410999999,fixed,5,feasible-heuristic,True,352396.9351650001,346881.1110000001,5515.824165,110316.48329999999,0.0,0.0,0.0,0.0,0,15000,39.858849148418486,305.0,930.0,800.0,20.0
multimodal-reduction-40,multimodal-enabled,0.4,130632.57410999999,fixed,6,feasible-heuristic,True,343872.0151750002,338545.0658250002,5326.94935,106538.987,0.0,0.0,0.0,0.0,0,15000,41.162622871046224,245.0,930.0,780.0,100.0
multimodal-reduction-40,multimodal-enabled,0.4,130632.57410999999,fixed,7,feasible-heuristic,True,341655.2473450001,336379.6449000001,5275.602445,105512.0489,0.0,0.0,0.0,0.0,0,15000,40.893249391727494,225.0,950.0,840.0,40.0
multimodal-reduction-40,multimodal-enabled,0.4,130632.57410999999,fixed,8,feasible-heuristic,True,337920.5157300001,332686.1056250001,5234.410104999999,104688.20209999997,0.0,0.0,0.0,0.0,0,15000,41.44992619626926,220.0,930.0,805.0,100.0
multimodal-reduction-40,multimodal-enabled,0.4,130632.57410999999,fixed,9,feasible-heuristic,True,330621.17543500004,325529.11372500006,5092.06171,101841.23419999999,0.0,0.0,0.0,0.0,0,15000,42.67301581508515,180.0,910.0,785.0,180.0
multimodal-reduction-40,multimodal-enabled,0.4,130632.57410999999,fixed,10,feasible-heuristic,True,335411.25959250005,330150.29980000004,5260.9597925,105219.19584999999,0.0,0.0,0.0,0.0,0,15000,41.84509519464721,265.0,845.0,845.0,100.0
multimodal-reduction-40,multimodal-enabled,0.4,130632.57410999999,fixed,11,feasible-heuristic,True,331815.18931000005,326579.20895000006,5235.980359999999,104719.60719999997,0.0,0.0,0.0,0.0,0,15000,42.430876115166264,265.0,825.0,905.0,60.0
multimodal-reduction-40,multimodal-enabled,0.4,130632.57410999999,fixed,12,feasible-heuristic,True,332723.9411500001,327530.2473750001,5193.693775,103873.8755,0.0,0.0,0.0,0.0,0,15000,42.4596905920519,220.0,910.0,905.0,20.0
multimodal-reduction-40,multimodal-enabled,0.4,130632.57410999999,fixed,13,feasible-heuristic,True,344713.2600900001,339361.8072250001,5351.452864999999,107029.05729999997,0.0,0.0,0.0,0.0,0,15000,41.2946707218167,240.0,930.0,805.0,80.0
multimodal-reduction-40,multimodal-enabled,0.4,130632.57410999999,fixed,14,feasible-heuristic,True,347379.6300500001,341937.0071750001,5442.622875000001,108852.45750000002,0.0,0.0,0.0,0.0,0,15000,41.32743633414437,285.0,890.0,780.0,100.0
multimodal-reduction-40,multimodal-enabled,0.4,130632.57410999999,fixed,15,feasible-heuristic,True,348390.0275250001,342967.9239750001,5422.103549999999,108442.07099999997,0.0,0.0,0.0,0.0,0,15000,40.886180859691805,265.0,930.0,820.0,40.0
multimodal-reduction-40,multimodal-enabled,0.4,130632.57410999999,fixed,16,feasible-heuristic,True,350923.87258500006,345333.3126250001,5590.559959999999,111811.19919999997,0.0,0.0,0.0,0.0,0,15000,40.06959266017842,370.0,825.0,840.0,20.0
multimodal-reduction-40,multimodal-enabled,0.4,130632.57410999999,fixed,17,feasible-heuristic,True,364737.6624300001,358953.2400500001,5784.422379999999,115688.44759999997,0.0,0.0,0.0,0.0,0,15000,38.86351926196268,415.0,845.0,715.0,80.0
multimodal-reduction-40,multimodal-enabled,0.4,130632.57410999999,fixed,18,feasible-heuristic,True,348382.67400500004,342965.7014,5416.972605,108339.4521,0.0,0.0,0.0,0.0,0,15000,40.78115044606651,265.0,930.0,820.0,40.0
multimodal-reduction-40,multimodal-enabled,0.4,130632.57410999999,fixed,19,feasible-heuristic,True,353691.3003775001,348145.7711000001,5545.5292775,110910.58554999999,0.0,0.0,0.0,0.0,0,15000,40.40789020681266,310.0,910.0,715.0,120.0
multimodal-reduction-40,multimodal-enabled,0.4,130632.57410999999,fixed,20,feasible-heuristic,True,331943.9924400001,326748.3503750001,5195.642064999999,103912.84129999997,0.0,0.0,0.0,0.0,0,15000,42.04132278994322,220.0,910.0,905.0,20.0
multimodal-reduction-40,multimodal-enabled,0.4,130632.57410999999,fixed,21,feasible-heuristic,True,363265.63539500005,357542.37547500007,5723.2599199999995,114465.19839999998,0.0,0.0,0.0,0.0,0,15000,39.51314760746147,370.0,870.0,735.0,80.0
multimodal-reduction-40,multimodal-enabled,0.4,130632.57410999999,fixed,22,feasible-heuristic,True,349149.72759,343704.148425,5445.579165,108911.5833,0.0,0.0,0.0,0.0,0,15000,41.11620762368207,285.0,890.0,760.0,120.0
multimodal-reduction-40,multimodal-enabled,0.4,130632.57410999999,fixed,23,feasible-heuristic,True,355567.33240000013,350031.4911250001,5535.841275000001,110716.8255,0.0,0.0,0.0,0.0,0,15000,39.60065369018654,310.0,930.0,715.0,100.0
multimodal-reduction-40,multimodal-enabled,0.4,130632.57410999999,fixed,24,feasible-heuristic,True,361050.41026000003,355383.11932500004,5667.290934999999,113345.81869999997,0.0,0.0,0.0,0.0,0,15000,39.34173844282238,370.0,870.0,715.0,100.0
multimodal-reduction-40,multimodal-enabled,0.4,130632.57410999999,fixed,25,feasible-heuristic,True,340394.19729500014,335134.4488750001,5259.748419999999,105194.96839999997,0.0,0.0,0.0,0.0,0,15000,41.45329115977291,225.0,930.0,800.0,100.0
multimodal-reduction-40,multimodal-enabled,0.4,130632.57410999999,fixed,26,feasible-heuristic,True,349096.4246,343580.712775,5515.711824999999,110314.23649999998,0.0,0.0,0.0,0.0,0,15000,40.53156873479318,330.0,865.0,820.0,40.0
multimodal-reduction-40,multimodal-enabled,0.4,130632.57410999999,fixed,27,feasible-heuristic,True,332670.44847000006,327539.7373750001,5130.711095,102614.22189999999,0.0,0.0,0.0,0.0,0,15000,43.01718937550689,180.0,930.0,905.0,40.0
multimodal-reduction-40,multimodal-enabled,0.4,130632.57410999999,fixed,28,feasible-heuristic,True,339918.1345550002,334672.28832500015,5245.846230000001,104916.92460000001,0.0,0.0,0.0,0.0,0,15000,42.014626115166266,225.0,930.0,800.0,100.0
multimodal-reduction-40,multimodal-enabled,0.4,130632.57410999999,fixed,29,feasible-heuristic,True,347351.4714425001,341932.9070250001,5418.564417499998,108371.28834999996,0.0,0.0,0.0,0.0,0,15000,41.32135006082725,265.0,910.0,840.0,40.0
multimodal-reduction-40,multimodal-enabled,0.4,130632.57410999999,adaptive,0,feasible-heuristic,True,340243.94322500005,334981.5985000001,5262.344725,105246.8945,0.0,0.0,0.0,0.0,0,15000,41.0902607461476,225.0,950.0,800.0,80.0
multimodal-reduction-40,multimodal-enabled,0.4,130632.57410999999,adaptive,1,feasible-heuristic,True,338225.234815,333015.399475,5209.83534,104196.70679999999,0.0,0.0,0.0,0.0,0,15000,41.62747607461476,205.0,950.0,800.0,100.0
multimodal-reduction-40,multimodal-enabled,0.4,130632.57410999999,adaptive,2,feasible-heuristic,True,332820.1276050001,327677.6074000001,5142.520205,102850.40409999999,0.0,0.0,0.0,0.0,0,15000,42.48846958637469,200.0,910.0,865.0,80.0
multimodal-reduction-40,multimodal-enabled,0.4,130632.57410999999,adaptive,3,feasible-heuristic,True,322104.18306,317127.003775,4977.179285000001,99543.58570000001,0.0,0.0,0.0,0.0,0,15000,43.2291301703163,160.0,910.0,825.0,160.0
multimodal-reduction-40,multimodal-enabled,0.4,130632.57410999999,adaptive,4,feasible-heuristic,True,328161.6169900001,323091.1126250001,5070.504364999998,101410.08729999996,0.0,0.0,0.0,0.0,0,15000,42.43148824006489,180.0,930.0,865.0,80.0
multimodal-reduction-40,multimodal-enabled,0.4,130632.57410999999,adaptive,5,feasible-heuristic,True,330366.34059000004,325326.89792500006,5039.4426650000005,100788.8533,0.0,0.0,0.0,0.0,0,15000,42.355523925385235,160.0,950.0,845.0,100.0
multimodal-reduction-40,multimodal-enabled,0.4,130632.57410999999,adaptive,6,feasible-heuristic,True,326341.9605900001,321356.6860500001,4985.2745399999985,99705.49079999997,0.0,0.0,0.0,0.0,0,15000,42.924767639902676,140.0,950.0,865.0,100.0
multimodal-reduction-40,multimodal-enabled,0.4,130632.57410999999,adaptive,7,feasible-heuristic,True,323514.0456100001,318557.0242750001,4957.021334999999,99140.42669999998,0.0,0.0,0.0,0.0,0,15000,42.942560016220604,140.0,950.0,865.0,100.0
multimodal-reduction-40,multimodal-enabled,0.4,130632.57410999999,adaptive,8,feasible-heuristic,True,327694.0483100001,322593.9810250001,5100.067285,102001.34569999999,0.0,0.0,0.0,0.0,0,15000,42.684467153284665,200.0,890.0,865.0,100.0
multimodal-reduction-40,multimodal-enabled,0.4,130632.57410999999,adaptive,9,feasible-heuristic,True,331433.7864050001,326315.84460000007,5117.9418049999995,102358.83609999999,0.0,0.0,0.0,0.0,0,15000,42.6661496350365,180.0,930.0,845.0,100.0
multimodal-reduction-40,multimodal-enabled,0.4,130632.57410999999,adaptive,10,feasible-heuristic,True,341792.7506900001,336525.7587250001,5266.991965000001,105339.8393,0.0,0.0,0.0,0.0,0,15000,41.899741686942406,225.0,930.0,800.0,100.0
multimodal-reduction-40,multimodal-enabled,0.4,130632.57410999999,adaptive,11,feasible-heuristic,True,331999.20145000005,326789.43925000005,5209.762199999999,104195.24399999998,0.0,0.0,0.0,0.0,0,15000,42.384436942416876,245.0,865.0,905.0,40.0
multimodal-reduction-40,multimodal-enabled,0.4,130632.57410999999,adaptive,12,feasible-heuristic,True,339529.9943850001,334307.2377750001,5222.75661,104455.13220000001,0.0,0.0,0.0,0.0,0,15000,41.74194484995944,205.0,950.0,800.0,100.0
multimodal-reduction-40,multimodal-enabled,0.4,130632.57410999999,adaptive,13,feasible-heuristic,True,348774.76086000004,343336.81855,5437.942309999999,108758.84619999999,0.0,0.0,0.0,0.0,0,15000,40.501233576642335,285.0,910.0,760.0,100.0
multimodal-reduction-40,multimodal-enabled,0.4,130632.57410999999,adaptive,14,feasible-heuristic,True,327860.19787000003,322837.26692500006,5022.930945,100458.6189,0.0,0.0,0.0,0.0,0,15000,42.94127291159774,160.0,930.0,865.0,100.0
multimodal-reduction-40,multimodal-enabled,0.4,130632.57410999999,adaptive,15,feasible-heuristic,True,348192.48829500016,342793.40990000014,5399.078395,107981.56789999998,0.0,0.0,0.0,0.0,0,15000,40.732591646390915,265.0,930.0,760.0,100.0
multimodal-reduction-40,multimodal-enabled,0.4,130632.57410999999,adaptive,16,feasible-heuristic,True,341473.2272650001,336166.6052000001,5306.6220650000005,106132.4413,0.0,0.0,0.0,0.0,0,15000,41.39663544201135,245.0,910.0,840.0,60.0
multimodal-reduction-40,multimodal-enabled,0.4,130632.57410999999,adaptive,17,feasible-heuristic,True,332278.30355000007,327082.47237500007,5195.831174999999,103916.62349999997,0.0,0.0,0.0,0.0,0,15000,42.10252047850771,245.0,865.0,845.0,100.0
multimodal-reduction-40,multimodal-enabled,0.4,130632.57410999999,adaptive,18,feasible-heuristic,True,346658.21749500005,341290.72450000007,5367.492995,107349.85989999998,0.0,0.0,0.0,0.0,0,15000,40.38522789943228,245.0,950.0,820.0,40.0
multimodal-reduction-40,multimodal-enabled,0.4,130632.57410999999,adaptive,19,feasible-heuristic,True,338845.67970499996,333625.0915,5220.588204999999,104411.76409999997,0.0,0.0,0.0,0.0,0,15000,41.70919302514193,220.0,930.0,885.0,20.0
multimodal-reduction-40,multimodal-enabled,0.4,130632.57410999999,adaptive,20,feasible-heuristic,True,346363.74417500006,340980.5910000001,5383.1531749999995,107663.06349999997,0.0,0.0,0.0,0.0,0,15000,41.123686536901864,265.0,910.0,760.0,120.0
multimodal-reduction-40,multimodal-enabled,0.4,130632.57410999999,adaptive,21,feasible-heuristic,True,347079.91498,341716.966575,5362.948404999999,107258.96809999998,0.0,0.0,0.0,0.0,0,15000,41.38806366585564,245.0,930.0,840.0,40.0
multimodal-reduction-40,multimodal-enabled,0.4,130632.57410999999,adaptive,22,feasible-heuristic,True,354235.15260000003,348677.38350000005,5557.7690999999995,111155.38199999998,0.0,0.0,0.0,0.0,0,15000,39.76773479318734,330.0,890.0,735.0,100.0
multimodal-reduction-40,multimodal-enabled,0.4,130632.57410999999,adaptive,23,feasible-heuristic,True,352928.1506500001,347455.4303250001,5472.720324999999,109454.40649999998,0.0,0.0,0.0,0.0,0,15000,39.94304501216545,290.0,930.0,735.0,100.0
multimodal-reduction-40,multimodal-enabled,0.4,130632.57410999999,adaptive,24,feasible-heuristic,True,331856.9741225001,326583.8839500001,5273.090172499999,105461.80344999998,0.0,0.0,0.0,0.0,0,15000,41.98176916058394,265.0,845.0,905.0,40.0
multimodal-reduction-40,multimodal-enabled,0.4,130632.57410999999,adaptive,25,feasible-heuristic,True,340358.07871000003,335090.43045000004,5267.648259999999,105352.96519999998,0.0,0.0,0.0,0.0,0,15000,41.40638442822385,225.0,930.0,840.0,60.0
multimodal-reduction-40,multimodal-enabled,0.4,130632.57410999999,adaptive,26,feasible-heuristic,True,328146.9230200001,323103.2947750001,5043.628245,100872.56489999998,0.0,0.0,0.0,0.0,0,15000,42.3197295214923,160.0,950.0,905.0,40.0
multimodal-reduction-40,multimodal-enabled,0.4,130632.57410999999,adaptive,27,feasible-heuristic,True,332075.00993000006,326894.4224750001,5180.587455,103611.74909999999,0.0,0.0,0.0,0.0,0,15000,42.73650729927007,220.0,890.0,905.0,40.0
multimodal-reduction-40,multimodal-enabled,0.4,130632.57410999999,adaptive,28,feasible-heuristic,True,331547.2504725001,326268.4317500001,5278.8187225,105576.37444999999,0.0,0.0,0.0,0.0,0,15000,42.19517913625304,265.0,845.0,865.0,80.0
multimodal-reduction-40,multimodal-enabled,0.4,130632.57410999999,adaptive,29,feasible-heuristic,True,340761.8211750001,335482.3181000001,5279.503075,105590.06149999998,0.0,0.0,0.0,0.0,0,15000,41.60819343065694,245.0,910.0,780.0,120.0
multimodal-reduction-40,multimodal-enabled,0.4,130632.57410999999,catastrophe,0,feasible-heuristic,True,342009.7000950001,336647.1256250001,5362.5744700000005,107251.4894,0.0,0.0,0.0,0.0,1,15000,41.331655515004066,290.0,865.0,800.0,100.0
multimodal-reduction-40,multimodal-enabled,0.4,130632.57410999999,catastrophe,1,feasible-heuristic,True,350912.5506450001,345457.69187500014,5454.858769999999,109097.17539999998,0.0,0.0,0.0,0.0,1,15000,40.646270072992706,265.0,930.0,820.0,40.0
multimodal-reduction-40,multimodal-enabled,0.4,130632.57410999999,catastrophe,2,feasible-heuristic,True,336072.2096025001,330745.3014500001,5326.908152499999,106538.16304999997,0.0,0.0,0.0,0.0,0,15000,41.83732309407948,265.0,865.0,885.0,40.0
multimodal-reduction-40,multimodal-enabled,0.4,130632.57410999999,catastrophe,3,feasible-heuristic,True,357137.80145500007,351582.15597500006,5555.645479999999,111112.90959999998,0.0,0.0,0.0,0.0,0,15000,39.494453771289535,310.0,930.0,775.0,40.0
multimodal-reduction-40,multimodal-enabled,0.4,130632.57410999999,catastrophe,4,feasible-heuristic,True,338857.1013750001,333615.4869000001,5241.6144749999985,104832.28949999997,0.0,0.0,0.0,0.0,1,15000,41.23478751013788,225.0,930.0,800.0,100.0
multimodal-reduction-40,multimodal-enabled,0.4,130632.57410999999,catastrophe,5,feasible-heuristic,True,352396.9351650001,346881.1110000001,5515.824165,110316.48329999999,0.0,0.0,0.0,0.0,0,15000,39.858849148418486,305.0,930.0,800.0,20.0
multimodal-reduction-40,multimodal-enabled,0.4,130632.57410999999,catastrophe,6,feasible-heuristic,True,340699.2312050001,335431.93092500005,5267.30028,105346.0056,0.0,0.0,0.0,0.0,1,15000,41.53555758313057,225.0,930.0,780.0,120.0
multimodal-reduction-40,multimodal-enabled,0.4,130632.57410999999,catastrophe,7,feasible-heuristic,True,341655.2473450001,336379.6449000001,5275.602445,105512.0489,0.0,0.0,0.0,0.0,1,15000,40.893249391727494,225.0,950.0,840.0,40.0
multimodal-reduction-40,multimodal-enabled,0.4,130632.57410999999,catastrophe,8,feasible-heuristic,True,337920.5157300001,332686.1056250001,5234.410104999999,104688.20209999997,0.0,0.0,0.0,0.0,0,15000,41.44992619626926,220.0,930.0,805.0,100.0
multimodal-reduction-40,multimodal-enabled,0.4,130632.57410999999,catastrophe,9,feasible-heuristic,True,330621.17543500004,325529.11372500006,5092.06171,101841.23419999999,0.0,0.0,0.0,0.0,0,15000,42.67301581508515,180.0,910.0,785.0,180.0
multimodal-reduction-40,multimodal-enabled,0.4,130632.57410999999,catastrophe,10,feasible-heuristic,True,335411.25959250005,330150.29980000004,5260.9597925,105219.19584999999,0.0,0.0,0.0,0.0,1,15000,41.84509519464721,265.0,845.0,845.0,100.0
multimodal-reduction-40,multimodal-enabled,0.4,130632.57410999999,catastrophe,11,feasible-heuristic,True,331815.18931000005,326579.20895000006,5235.980359999999,104719.60719999997,0.0,0.0,0.0,0.0,1,15000,42.430876115166264,265.0,825.0,905.0,60.0
multimodal-reduction-40,multimodal-enabled,0.4,130632.57410999999,catastrophe,12,feasible-heuristic,True,332723.9411500001,327530.2473750001,5193.693775,103873.8755,0.0,0.0,0.0,0.0,1,15000,42.4596905920519,220.0,910.0,905.0,20.0
multimodal-reduction-40,multimodal-enabled,0.4,130632.57410999999,catastrophe,13,feasible-heuristic,True,344713.2600900001,339361.8072250001,5351.452864999999,107029.05729999997,0.0,0.0,0.0,0.0,0,15000,41.2946707218167,240.0,930.0,805.0,80.0
multimodal-reduction-40,multimodal-enabled,0.4,130632.57410999999,catastrophe,14,feasible-heuristic,True,347379.6300500001,341937.0071750001,5442.622875000001,108852.45750000002,0.0,0.0,0.0,0.0,2,15000,41.32743633414437,285.0,890.0,780.0,100.0
multimodal-reduction-40,multimodal-enabled,0.4,130632.57410999999,catastrophe,15,feasible-heuristic,True,348390.0275250001,342967.9239750001,5422.103549999999,108442.07099999997,0.0,0.0,0.0,0.0,2,15000,40.886180859691805,265.0,930.0,820.0,40.0
multimodal-reduction-40,multimodal-enabled,0.4,130632.57410999999,catastrophe,16,feasible-heuristic,True,350923.87258500006,345333.3126250001,5590.559959999999,111811.19919999997,0.0,0.0,0.0,0.0,1,15000,40.06959266017842,370.0,825.0,840.0,20.0
multimodal-reduction-40,multimodal-enabled,0.4,130632.57410999999,catastrophe,17,feasible-heuristic,True,364737.6624300001,358953.2400500001,5784.422379999999,115688.44759999997,0.0,0.0,0.0,0.0,1,15000,38.86351926196268,415.0,845.0,715.0,80.0
multimodal-reduction-40,multimodal-enabled,0.4,130632.57410999999,catastrophe,18,feasible-heuristic,True,346658.2244750001,341296.8561000001,5361.368375,107227.3675,0.0,0.0,0.0,0.0,1,15000,40.63624412003244,245.0,950.0,820.0,40.0
multimodal-reduction-40,multimodal-enabled,0.4,130632.57410999999,catastrophe,19,feasible-heuristic,True,347651.7636650001,342233.4802000001,5418.2834649999995,108365.66929999998,0.0,0.0,0.0,0.0,1,15000,40.91438118410381,285.0,890.0,780.0,100.0
multimodal-reduction-40,multimodal-enabled,0.4,130632.57410999999,catastrophe,20,feasible-heuristic,True,331943.9924400001,326748.3503750001,5195.642064999999,103912.84129999997,0.0,0.0,0.0,0.0,0,15000,42.04132278994322,220.0,910.0,905.0,20.0
multimodal-reduction-40,multimodal-enabled,0.4,130632.57410999999,catastrophe,21,feasible-heuristic,True,359344.45398500003,353682.97937500005,5661.47461,113229.4922,0.0,0.0,0.0,0.0,1,15000,39.49766139497161,350.0,890.0,735.0,80.0
multimodal-reduction-40,multimodal-enabled,0.4,130632.57410999999,catastrophe,22,feasible-heuristic,True,349149.72759,343704.148425,5445.579165,108911.5833,0.0,0.0,0.0,0.0,1,15000,41.11620762368207,285.0,890.0,760.0,120.0
multimodal-reduction-40,multimodal-enabled,0.4,130632.57410999999,catastrophe,23,feasible-heuristic,True,355567.33240000013,350031.4911250001,5535.841275000001,110716.8255,0.0,0.0,0.0,0.0,2,15000,39.60065369018654,310.0,930.0,715.0,100.0
multimodal-reduction-40,multimodal-enabled,0.4,130632.57410999999,catastrophe,24,feasible-heuristic,True,361050.41026000003,355383.11932500004,5667.290934999999,113345.81869999997,0.0,0.0,0.0,0.0,0,15000,39.34173844282238,370.0,870.0,715.0,100.0
multimodal-reduction-40,multimodal-enabled,0.4,130632.57410999999,catastrophe,25,feasible-heuristic,True,340394.19729500014,335134.4488750001,5259.748419999999,105194.96839999997,0.0,0.0,0.0,0.0,2,15000,41.45329115977291,225.0,930.0,800.0,100.0
multimodal-reduction-40,multimodal-enabled,0.4,130632.57410999999,catastrophe,26,feasible-heuristic,True,341438.27032,336072.88697500003,5365.383344999999,107307.66689999998,0.0,0.0,0.0,0.0,2,15000,41.22544870235198,290.0,865.0,780.0,120.0
multimodal-reduction-40,multimodal-enabled,0.4,130632.57410999999,catastrophe,27,feasible-heuristic,True,332670.44847000006,327539.7373750001,5130.711095,102614.22189999999,0.0,0.0,0.0,0.0,2,15000,43.01718937550689,180.0,930.0,905.0,40.0
multimodal-reduction-40,multimodal-enabled,0.4,130632.57410999999,catastrophe,28,feasible-heuristic,True,339918.1345550002,334672.28832500015,5245.846230000001,104916.92460000001,0.0,0.0,0.0,0.0,1,15000,42.014626115166266,225.0,930.0,800.0,100.0
multimodal-reduction-40,multimodal-enabled,0.4,130632.57410999999,catastrophe,29,feasible-heuristic,True,346584.8487625001,341203.8785250001,5380.9702375,107619.40474999999,0.0,0.0,0.0,0.0,1,15000,41.40218298864558,245.0,930.0,840.0,40.0
multimodal-reduction-40,multimodal-enabled,0.4,130632.57410999999,combined,0,feasible-heuristic,True,340243.94322500005,334981.5985000001,5262.344725,105246.8945,0.0,0.0,0.0,0.0,0,15000,41.0902607461476,225.0,950.0,800.0,80.0
multimodal-reduction-40,multimodal-enabled,0.4,130632.57410999999,combined,1,feasible-heuristic,True,338225.234815,333015.399475,5209.83534,104196.70679999999,0.0,0.0,0.0,0.0,0,15000,41.62747607461476,205.0,950.0,800.0,100.0
multimodal-reduction-40,multimodal-enabled,0.4,130632.57410999999,combined,2,feasible-heuristic,True,332820.1276050001,327677.6074000001,5142.520205,102850.40409999999,0.0,0.0,0.0,0.0,0,15000,42.48846958637469,200.0,910.0,865.0,80.0
multimodal-reduction-40,multimodal-enabled,0.4,130632.57410999999,combined,3,feasible-heuristic,True,322104.18306,317127.003775,4977.179285000001,99543.58570000001,0.0,0.0,0.0,0.0,0,15000,43.2291301703163,160.0,910.0,825.0,160.0
multimodal-reduction-40,multimodal-enabled,0.4,130632.57410999999,combined,4,feasible-heuristic,True,328161.6169900001,323091.1126250001,5070.504364999998,101410.08729999996,0.0,0.0,0.0,0.0,1,15000,42.43148824006489,180.0,930.0,865.0,80.0
multimodal-reduction-40,multimodal-enabled,0.4,130632.57410999999,combined,5,feasible-heuristic,True,330366.34059000004,325326.89792500006,5039.4426650000005,100788.8533,0.0,0.0,0.0,0.0,0,15000,42.355523925385235,160.0,950.0,845.0,100.0
multimodal-reduction-40,multimodal-enabled,0.4,130632.57410999999,combined,6,feasible-heuristic,True,326341.9605900001,321356.6860500001,4985.2745399999985,99705.49079999997,0.0,0.0,0.0,0.0,0,15000,42.924767639902676,140.0,950.0,865.0,100.0
multimodal-reduction-40,multimodal-enabled,0.4,130632.57410999999,combined,7,feasible-heuristic,True,323514.0456100001,318557.0242750001,4957.021334999999,99140.42669999998,0.0,0.0,0.0,0.0,1,15000,42.942560016220604,140.0,950.0,865.0,100.0
multimodal-reduction-40,multimodal-enabled,0.4,130632.57410999999,combined,8,feasible-heuristic,True,327694.0483100001,322593.9810250001,5100.067285,102001.34569999999,0.0,0.0,0.0,0.0,0,15000,42.684467153284665,200.0,890.0,865.0,100.0
multimodal-reduction-40,multimodal-enabled,0.4,130632.57410999999,combined,9,feasible-heuristic,True,331433.7864050001,326315.84460000007,5117.9418049999995,102358.83609999999,0.0,0.0,0.0,0.0,0,15000,42.6661496350365,180.0,930.0,845.0,100.0
multimodal-reduction-40,multimodal-enabled,0.4,130632.57410999999,combined,10,feasible-heuristic,True,341792.7506900001,336525.7587250001,5266.991965000001,105339.8393,0.0,0.0,0.0,0.0,0,15000,41.899741686942406,225.0,930.0,800.0,100.0
multimodal-reduction-40,multimodal-enabled,0.4,130632.57410999999,combined,11,feasible-heuristic,True,331999.20145000005,326789.43925000005,5209.762199999999,104195.24399999998,0.0,0.0,0.0,0.0,0,15000,42.384436942416876,245.0,865.0,905.0,40.0
multimodal-reduction-40,multimodal-enabled,0.4,130632.57410999999,combined,12,feasible-heuristic,True,339529.9943850001,334307.2377750001,5222.75661,104455.13220000001,0.0,0.0,0.0,0.0,0,15000,41.74194484995944,205.0,950.0,800.0,100.0
multimodal-reduction-40,multimodal-enabled,0.4,130632.57410999999,combined,13,feasible-heuristic,True,348774.76086000004,343336.81855,5437.942309999999,108758.84619999999,0.0,0.0,0.0,0.0,0,15000,40.501233576642335,285.0,910.0,760.0,100.0
multimodal-reduction-40,multimodal-enabled,0.4,130632.57410999999,combined,14,feasible-heuristic,True,327860.19787000003,322837.26692500006,5022.930945,100458.6189,0.0,0.0,0.0,0.0,0,15000,42.94127291159774,160.0,930.0,865.0,100.0
multimodal-reduction-40,multimodal-enabled,0.4,130632.57410999999,combined,15,feasible-heuristic,True,348192.48829500016,342793.40990000014,5399.078395,107981.56789999998,0.0,0.0,0.0,0.0,0,15000,40.732591646390915,265.0,930.0,760.0,100.0
multimodal-reduction-40,multimodal-enabled,0.4,130632.57410999999,combined,16,feasible-heuristic,True,341473.2272650001,336166.6052000001,5306.6220650000005,106132.4413,0.0,0.0,0.0,0.0,1,15000,41.39663544201135,245.0,910.0,840.0,60.0
multimodal-reduction-40,multimodal-enabled,0.4,130632.57410999999,combined,17,feasible-heuristic,True,332278.30355000007,327082.47237500007,5195.831174999999,103916.62349999997,0.0,0.0,0.0,0.0,0,15000,42.10252047850771,245.0,865.0,845.0,100.0
multimodal-reduction-40,multimodal-enabled,0.4,130632.57410999999,combined,18,feasible-heuristic,True,346658.21749500005,341290.72450000007,5367.492995,107349.85989999998,0.0,0.0,0.0,0.0,0,15000,40.38522789943228,245.0,950.0,820.0,40.0
multimodal-reduction-40,multimodal-enabled,0.4,130632.57410999999,combined,19,feasible-heuristic,True,338845.67970499996,333625.0915,5220.588204999999,104411.76409999997,0.0,0.0,0.0,0.0,0,15000,41.70919302514193,220.0,930.0,885.0,20.0
multimodal-reduction-40,multimodal-enabled,0.4,130632.57410999999,combined,20,feasible-heuristic,True,346529.870585,341148.87375,5380.996834999999,107619.93669999998,0.0,0.0,0.0,0.0,1,15000,41.06539132197891,265.0,910.0,760.0,120.0
multimodal-reduction-40,multimodal-enabled,0.4,130632.57410999999,combined,21,feasible-heuristic,True,347079.91498,341716.966575,5362.948404999999,107258.96809999998,0.0,0.0,0.0,0.0,0,15000,41.38806366585564,245.0,930.0,840.0,40.0
multimodal-reduction-40,multimodal-enabled,0.4,130632.57410999999,combined,22,feasible-heuristic,True,354235.15260000003,348677.38350000005,5557.7690999999995,111155.38199999998,0.0,0.0,0.0,0.0,1,15000,39.76773479318734,330.0,890.0,735.0,100.0
multimodal-reduction-40,multimodal-enabled,0.4,130632.57410999999,combined,23,feasible-heuristic,True,352928.1506500001,347455.4303250001,5472.720324999999,109454.40649999998,0.0,0.0,0.0,0.0,0,15000,39.94304501216545,290.0,930.0,735.0,100.0
multimodal-reduction-40,multimodal-enabled,0.4,130632.57410999999,combined,24,feasible-heuristic,True,331856.9741225001,326583.8839500001,5273.090172499999,105461.80344999998,0.0,0.0,0.0,0.0,0,15000,41.98176916058394,265.0,845.0,905.0,40.0
multimodal-reduction-40,multimodal-enabled,0.4,130632.57410999999,combined,25,feasible-heuristic,True,340358.07871000003,335090.43045000004,5267.648259999999,105352.96519999998,0.0,0.0,0.0,0.0,0,15000,41.40638442822385,225.0,930.0,840.0,60.0
multimodal-reduction-40,multimodal-enabled,0.4,130632.57410999999,combined,26,feasible-heuristic,True,328146.9230200001,323103.2947750001,5043.628245,100872.56489999998,0.0,0.0,0.0,0.0,0,15000,42.3197295214923,160.0,950.0,905.0,40.0
multimodal-reduction-40,multimodal-enabled,0.4,130632.57410999999,combined,27,feasible-heuristic,True,332075.00993000006,326894.4224750001,5180.587455,103611.74909999999,0.0,0.0,0.0,0.0,0,15000,42.73650729927007,220.0,890.0,905.0,40.0
multimodal-reduction-40,multimodal-enabled,0.4,130632.57410999999,combined,28,feasible-heuristic,True,331547.2504725001,326268.4317500001,5278.8187225,105576.37444999999,0.0,0.0,0.0,0.0,0,15000,42.19517913625304,265.0,845.0,865.0,80.0
multimodal-reduction-40,multimodal-enabled,0.4,130632.57410999999,combined,29,feasible-heuristic,True,340761.8211750001,335482.3181000001,5279.503075,105590.06149999998,0.0,0.0,0.0,0.0,0,15000,41.60819343065694,245.0,910.0,780.0,120.0
multimodal-reduction-40,multimodal-enabled,0.4,130632.57410999999,hybrid-seeded,0,feasible-heuristic,True,337472.10421,332104.23627500003,5367.867934999998,107357.35869999997,0.0,0.0,0.0,0.0,4,15000,41.656166666666664,300.0,830.0,905.0,20.0
multimodal-reduction-40,multimodal-enabled,0.4,130632.57410999999,hybrid-seeded,1,feasible-heuristic,True,337472.10421,332104.23627500003,5367.867934999998,107357.35869999997,0.0,0.0,0.0,0.0,4,15000,41.656166666666664,300.0,830.0,905.0,20.0
multimodal-reduction-40,multimodal-enabled,0.4,130632.57410999999,hybrid-seeded,2,feasible-heuristic,True,337472.10421,332104.23627500003,5367.867934999998,107357.35869999997,0.0,0.0,0.0,0.0,4,15000,41.656166666666664,300.0,830.0,905.0,20.0
multimodal-reduction-40,multimodal-enabled,0.4,130632.57410999999,hybrid-seeded,3,feasible-heuristic,True,337472.10421,332104.23627500003,5367.867934999998,107357.35869999997,0.0,0.0,0.0,0.0,4,15000,41.656166666666664,300.0,830.0,905.0,20.0
multimodal-reduction-40,multimodal-enabled,0.4,130632.57410999999,hybrid-seeded,4,feasible-heuristic,True,334180.9066800001,329001.72217500006,5179.184504999999,103583.69009999998,0.0,0.0,0.0,0.0,4,15000,42.52533901054339,200.0,910.0,885.0,60.0
multimodal-reduction-40,multimodal-enabled,0.4,130632.57410999999,hybrid-seeded,5,feasible-heuristic,True,326909.8242000001,321898.52737500006,5011.296824999999,100225.93649999998,0.0,0.0,0.0,0.0,2,15000,42.64042660178427,140.0,970.0,845.0,100.0
multimodal-reduction-40,multimodal-enabled,0.4,130632.57410999999,hybrid-seeded,6,feasible-heuristic,True,337472.10421,332104.23627500003,5367.867934999998,107357.35869999997,0.0,0.0,0.0,0.0,4,15000,41.656166666666664,300.0,830.0,905.0,20.0
multimodal-reduction-40,multimodal-enabled,0.4,130632.57410999999,hybrid-seeded,7,feasible-heuristic,True,337472.10421,332104.23627500003,5367.867934999998,107357.35869999997,0.0,0.0,0.0,0.0,4,15000,41.656166666666664,300.0,830.0,905.0,20.0
multimodal-reduction-40,multimodal-enabled,0.4,130632.57410999999,hybrid-seeded,8,feasible-heuristic,True,323229.9898800001,318270.4654250001,4959.524455,99190.48909999999,0.0,0.0,0.0,0.0,2,15000,42.97218856447689,140.0,950.0,845.0,120.0
multimodal-reduction-40,multimodal-enabled,0.4,130632.57410999999,hybrid-seeded,9,feasible-heuristic,True,325930.56772000005,320894.1704250001,5036.397295000001,100727.9459,0.0,0.0,0.0,0.0,2,15000,42.73811678832118,180.0,910.0,865.0,100.0
multimodal-reduction-40,multimodal-enabled,0.4,130632.57410999999,hybrid-seeded,10,feasible-heuristic,True,329613.736645,324528.795775,5084.940870000001,101698.81740000001,0.0,0.0,0.0,0.0,2,15000,42.5630198702352,180.0,930.0,885.0,60.0
multimodal-reduction-40,multimodal-enabled,0.4,130632.57410999999,hybrid-seeded,11,feasible-heuristic,True,331562.1666100001,326358.2438500001,5203.922759999999,104078.45519999997,0.0,0.0,0.0,0.0,2,15000,42.41361293592863,245.0,865.0,905.0,40.0
multimodal-reduction-40,multimodal-enabled,0.4,130632.57410999999,hybrid-seeded,12,feasible-heuristic,True,333918.72671500006,328802.33295000007,5116.393765,102327.87529999999,0.0,0.0,0.0,0.0,3,15000,42.53152149229522,180.0,930.0,845.0,100.0
multimodal-reduction-40,multimodal-enabled,0.4,130632.57410999999,hybrid-seeded,13,feasible-heuristic,True,331559.3406600001,326370.2609000001,5189.07976,103781.59519999998,0.0,0.0,0.0,0.0,4,15000,42.795859286293584,220.0,890.0,905.0,40.0
multimodal-reduction-40,multimodal-enabled,0.4,130632.57410999999,hybrid-seeded,14,feasible-heuristic,True,327795.3121400001,322722.6977750001,5072.614365,101452.2873,0.0,0.0,0.0,0.0,2,15000,42.396497972424974,180.0,930.0,865.0,80.0
multimodal-reduction-40,multimodal-enabled,0.4,130632.57410999999,hybrid-seeded,15,feasible-heuristic,True,337472.10421,332104.23627500003,5367.867934999998,107357.35869999997,0.0,0.0,0.0,0.0,4,15000,41.656166666666664,300.0,830.0,905.0,20.0
multimodal-reduction-40,multimodal-enabled,0.4,130632.57410999999,hybrid-seeded,16,feasible-heuristic,True,337472.10421,332104.23627500003,5367.867934999998,107357.35869999997,0.0,0.0,0.0,0.0,4,15000,41.656166666666664,300.0,830.0,905.0,20.0
multimodal-reduction-40,multimodal-enabled,0.4,130632.57410999999,hybrid-seeded,17,feasible-heuristic,True,337472.10421,332104.23627500003,5367.867934999998,107357.35869999997,0.0,0.0,0.0,0.0,4,15000,41.656166666666664,300.0,830.0,905.0,20.0
multimodal-reduction-40,multimodal-enabled,0.4,130632.57410999999,hybrid-seeded,18,feasible-heuristic,True,329545.8316950002,324444.1987750002,5101.63292,102032.65839999999,0.0,0.0,0.0,0.0,4,15000,42.54252068126521,180.0,930.0,905.0,40.0
multimodal-reduction-40,multimodal-enabled,0.4,130632.57410999999,hybrid-seeded,19,feasible-heuristic,True,334939.7286100001,329752.6592250001,5187.069385,103741.38769999999,0.0,0.0,0.0,0.0,3,15000,41.91273803730738,200.0,930.0,845.0,80.0
multimodal-reduction-40,multimodal-enabled,0.4,130632.57410999999,hybrid-seeded,20,feasible-heuristic,True,333380.3338300001,328238.5526750001,5141.781155,102835.62309999998,0.0,0.0,0.0,0.0,3,15000,42.05448215733982,180.0,950.0,885.0,40.0
multimodal-reduction-40,multimodal-enabled,0.4,130632.57410999999,hybrid-seeded,21,feasible-heuristic,True,325115.3365400001,320127.8201750001,4987.516365,99750.3273,0.0,0.0,0.0,0.0,2,15000,42.82211922141119,140.0,950.0,845.0,120.0
multimodal-reduction-40,multimodal-enabled,0.4,130632.57410999999,hybrid-seeded,22,feasible-heuristic,True,337472.10421,332104.23627500003,5367.867934999998,107357.35869999997,0.0,0.0,0.0,0.0,4,15000,41.656166666666664,300.0,830.0,905.0,20.0
multimodal-reduction-40,multimodal-enabled,0.4,130632.57410999999,hybrid-seeded,23,feasible-heuristic,True,337472.10421,332104.23627500003,5367.867934999998,107357.35869999997,0.0,0.0,0.0,0.0,4,15000,41.656166666666664,300.0,830.0,905.0,20.0
multimodal-reduction-40,multimodal-enabled,0.4,130632.57410999999,hybrid-seeded,24,feasible-heuristic,True,323192.6476200001,318241.2678250001,4951.379795,99027.59589999999,0.0,0.0,0.0,0.0,3,15000,42.991691403081916,140.0,950.0,845.0,120.0
multimodal-reduction-40,multimodal-enabled,0.4,130632.57410999999,hybrid-seeded,25,feasible-heuristic,True,337472.10421,332104.23627500003,5367.867934999998,107357.35869999997,0.0,0.0,0.0,0.0,4,15000,41.656166666666664,300.0,830.0,905.0,20.0
multimodal-reduction-40,multimodal-enabled,0.4,130632.57410999999,hybrid-seeded,26,feasible-heuristic,True,329372.15327500005,324312.26675000007,5059.886525,101197.73049999999,0.0,0.0,0.0,0.0,4,15000,42.96955879967559,180.0,910.0,865.0,100.0
multimodal-reduction-40,multimodal-enabled,0.4,130632.57410999999,hybrid-seeded,27,feasible-heuristic,True,327802.3438200001,322725.24367500015,5077.100145,101542.0029,0.0,0.0,0.0,0.0,3,15000,42.468553122465536,180.0,930.0,845.0,100.0
multimodal-reduction-40,multimodal-enabled,0.4,130632.57410999999,hybrid-seeded,28,feasible-heuristic,True,330502.6376500001,325350.7127500001,5151.9249,103038.49799999999,0.0,0.0,0.0,0.0,3,15000,42.92622384428225,220.0,870.0,845.0,120.0
multimodal-reduction-40,multimodal-enabled,0.4,130632.57410999999,hybrid-seeded,29,feasible-heuristic,True,337472.10421,332104.23627500003,5367.867934999998,107357.35869999997,0.0,0.0,0.0,0.0,4,15000,41.656166666666664,300.0,830.0,905.0,20.0
multimodal-reduction-55,multimodal-enabled,0.55,97974.43058249999,greedy-reference,,infeasible-allocation,False,417806.3374025,411453.54695,6352.790452500001,127055.80905000001,0.2968262055170799,0.2968262055170799,0.0,0.0,0,288,35.67678842254664,580.0,825.0,650.0,0.0
multimodal-reduction-55,multimodal-enabled,0.55,97974.43058249999,fixed,0,no-feasible-allocation-found,False,361899.0569875,356597.93919999996,5301.1177875,106022.35575,0.08839580571456557,0.08214311754252254,0.0,0.006252688172043031,0,15000,40.65781356447688,350.0,805.0,800.0,100.0
multimodal-reduction-55,multimodal-enabled,0.55,97974.43058249999,fixed,1,no-feasible-allocation-found,False,331482.1195625,326587.650575,4894.4689874999995,97889.37975,0.011491426910781692,0.0,0.0,0.011491426910781692,0,15000,44.0156842051906,265.0,720.0,910.0,160.0
multimodal-reduction-55,multimodal-enabled,0.55,97974.43058249999,fixed,2,no-feasible-allocation-found,False,340366.7186225001,335445.57685000007,4921.1417725,98422.83545,0.016068180915209677,0.0045767540044279855,0.0,0.011491426910781692,0,15000,43.581365470397415,285.0,720.0,950.0,100.0
multimodal-reduction-55,multimodal-enabled,0.55,97974.43058249999,fixed,3,no-feasible-allocation-found,False,324992.4407775001,320165.3330500001,4827.107727500001,96542.15455,0.011491426910781692,0.0,0.0,0.011491426910781692,0,15000,43.59376733576642,245.0,760.0,970.0,80.0
multimodal-reduction-55,multimodal-enabled,0.55,97974.43058249999,fixed,4,no-feasible-allocation-found,False,339652.03811750014,334685.4374250001,4966.600692500002,99332.01385000003,0.020109193991251446,0.013856505819208415,0.0,0.006252688172043031,0,15000,42.495892234387675,225.0,845.0,885.0,100.0
multimodal-reduction-55,multimodal-enabled,0.55,97974.43058249999,fixed,5,no-feasible-allocation-found,False,352174.51339750004,347026.11137500004,5148.4020225,102968.04045,0.05620723978345879,0.05096850104472013,0.0,0.00523873873873866,0,15000,41.65704714111923,265.0,845.0,905.0,40.0
multimodal-reduction-55,multimodal-enabled,0.55,97974.43058249999,fixed,6,no-feasible-allocation-found,False,309489.7508350001,304630.09737500007,4859.653459999999,97193.06919999997,0.011491426910781692,0.0,0.0,0.011491426910781692,0,15000,44.40119261962693,225.0,760.0,970.0,100.0
multimodal-reduction-55,multimodal-enabled,0.55,97974.43058249999,fixed,7,no-feasible-allocation-found,False,359510.5270525,354336.8319,5173.695152500001,103473.90305000002,0.0676231383665494,0.0561317114557677,0.0,0.011491426910781692,0,15000,41.246385746147624,345.0,740.0,930.0,40.0
multimodal-reduction-55,multimodal-enabled,0.55,97974.43058249999,fixed,8,no-feasible-allocation-found,False,309132.88131,304252.29102500004,4880.590284999999,97611.80569999998,0.011491426910781692,0.0,0.0,0.011491426910781692,0,15000,45.164146796431474,240.0,720.0,1055.0,40.0
multimodal-reduction-55,multimodal-enabled,0.55,97974.43058249999,fixed,9,no-feasible-allocation-found,False,334835.8246925,329913.006475,4922.818217500002,98456.36435000003,0.022107326068610978,0.0049189749267716035,0.0,0.017188351141839375,0,15000,43.107019566098955,245.0,780.0,910.0,120.0
multimodal-reduction-55,multimodal-enabled,0.55,97974.43058249999,fixed,10,no-feasible-allocation-found,False,334940.3305400001,330041.6895250001,4898.641015,97972.8203,0.00523873873873866,0.0,0.0,0.00523873873873866,0,15000,43.17341889699918,220.0,825.0,950.0,60.0
multimodal-reduction-55,multimodal-enabled,0.55,97974.43058249999,fixed,11,no-feasible-allocation-found,False,303466.01253500005,298591.22037500003,4874.79216,97495.8432,0.011491426910781692,0.0,0.0,0.011491426910781692,0,15000,45.33817173560423,265.0,675.0,1075.0,40.0
multimodal-reduction-55,multimodal-enabled,0.55,97974.43058249999,fixed,12,no-feasible-allocation-found,False,334156.72589999996,329258.425075,4898.300825000001,97966.01650000001,0.023441039313882406,0.0,0.0,0.023441039313882406,0,15000,44.75521167883212,305.0,675.0,1055.0,20.0
multimodal-reduction-55,multimodal-enabled,0.55,97974.43058249999,fixed,13,no-feasible-allocation-found,False,385097.87574499997,379668.51824999996,5429.357495000001,108587.14990000002,0.11981274354822335,0.10832131663744166,0.0,0.011491426910781692,0,15000,39.58419484995945,430.0,740.0,865.0,20.0
multimodal-reduction-55,multimodal-enabled,0.55,97974.43058249999,fixed,14,no-feasible-allocation-found,False,362887.4317775,357613.59492500004,5273.836852500001,105476.73705000003,0.08181286550728027,0.07657412676854161,0.0,0.00523873873873866,0,15000,40.81781275344688,325.0,825.0,885.0,20.0
multimodal-reduction-55,multimodal-enabled,0.55,97974.43058249999,fixed,15,no-feasible-allocation-found,False,312009.0894050001,307113.2275000001,4895.861905,97917.23809999999,0.011491426910781692,0.0,0.0,0.011491426910781692,0,15000,44.143567315490685,225.0,780.0,1010.0,40.0
multimodal-reduction-55,multimodal-enabled,0.55,97974.43058249999,fixed,16,no-feasible-allocation-found,False,306047.7283750001,301309.78932500014,4737.93905,94758.78099999999,0.00523873873873866,0.0,0.0,0.00523873873873866,0,15000,44.731394566098956,140.0,845.0,930.0,140.0
multimodal-reduction-55,multimodal-enabled,0.55,97974.43058249999,fixed,17,no-feasible-allocation-found,False,361187.261995,356057.70437500003,5129.557620000001,102591.15240000002,0.058613127848992204,0.04712170093821051,0.0,0.011491426910781692,0,15000,41.71761131386863,350.0,720.0,825.0,160.0
multimodal-reduction-55,multimodal-enabled,0.55,97974.43058249999,fixed,18,no-feasible-allocation-found,False,349622.81361250003,344597.737075,5025.0765375,100501.53074999999,0.037284893149628975,0.025793466238847287,0.0,0.011491426910781692,0,15000,42.30044576236821,325.0,720.0,990.0,20.0
multimodal-reduction-55,multimodal-enabled,0.55,97974.43058249999,fixed,19,no-feasible-allocation-found,False,377121.11478,371709.060325,5412.054455000001,108241.08910000001,0.128230201715341,0.10478916240145858,0.0,0.023441039313882406,0,15000,41.22625202757503,475.0,635.0,865.0,80.0
multimodal-reduction-55,multimodal-enabled,0.55,97974.43058249999,fixed,20,no-feasible-allocation-found,False,354263.6084825001,349120.39032500004,5143.2181575,102864.36315,0.06811259388766691,0.04991029331252317,0.0,0.018202300575143746,0,15000,42.27966757907543,325.0,740.0,950.0,40.0
multimodal-reduction-55,multimodal-enabled,0.55,97974.43058249999,fixed,21,no-feasible-allocation-found,False,372337.38348250004,367050.53222500003,5286.851257500002,105737.02515000003,0.09641917209530743,0.07923082095346805,0.0,0.017188351141839375,0,15000,41.06499766828873,370.0,760.0,885.0,40.0
multimodal-reduction-55,multimodal-enabled,0.55,97974.43058249999,fixed,22,no-feasible-allocation-found,False,324697.3834099999,319886.7414749999,4810.641935000001,96212.83870000001,0.03149142691078169,0.0,0.02,0.011491426910781692,0,15000,44.56995782643958,240.0,720.0,995.0,100.0
multimodal-reduction-55,multimodal-enabled,0.55,97974.43058249999,fixed,23,no-feasible-allocation-found,False,353316.49030500004,348220.96095000004,5095.529355,101910.58709999999,0.05166677158079265,0.04017534467001096,0.0,0.011491426910781692,0,15000,41.73995559610706,330.0,760.0,945.0,20.0
multimodal-reduction-55,multimodal-enabled,0.55,97974.43058249999,fixed,24,no-feasible-allocation-found,False,376524.5488625,371193.799125,5330.749737499999,106614.99474999998,0.10538038365612025,0.08819203251428087,0.0,0.017188351141839375,0,15000,40.27128963909165,390.0,760.0,885.0,20.0
multimodal-reduction-55,multimodal-enabled,0.55,97974.43058249999,fixed,25,no-feasible-allocation-found,False,336142.1480975,331243.68717499997,4898.460922500001,97969.21845000003,0.011491426910781692,0.0,0.0,0.011491426910781692,0,15000,43.9191541970803,285.0,700.0,950.0,120.0
multimodal-reduction-55,multimodal-enabled,0.55,97974.43058249999,fixed,26,no-feasible-allocation-found,False,354851.1269575,349724.80365,5126.323307500002,102526.46615000002,0.05271415307095828,0.04646146489891525,0.0,0.006252688172043031,0,15000,42.56279896593674,285.0,805.0,925.0,40.0
multimodal-reduction-55,multimodal-enabled,0.55,97974.43058249999,fixed,27,no-feasible-allocation-found,False,345316.85338249995,340357.77509999997,4959.0782825000015,99181.56565000002,0.023812346362143574,0.012320919451361882,0.0,0.011491426910781692,0,15000,42.53001186131388,285.0,760.0,970.0,40.0
multimodal-reduction-55,multimodal-enabled,0.55,97974.43058249999,fixed,28,no-feasible-allocation-found,False,349024.4817575,344045.826975,4978.6547825,99573.09564999999,0.02780859311420078,0.016317166203419088,0.0,0.011491426910781692,0,15000,42.48089142335766,305.0,740.0,990.0,20.0
multimodal-reduction-55,multimodal-enabled,0.55,97974.43058249999,fixed,29,no-feasible-allocation-found,False,372381.6974900001,367100.6228500001,5281.074640000001,105621.4928,0.08954303866330685,0.07805161175252516,0.0,0.011491426910781692,0,15000,41.07514294403894,390.0,720.0,925.0,20.0
multimodal-reduction-55,multimodal-enabled,0.55,97974.43058249999,adaptive,0,no-feasible-allocation-found,False,332198.9131575,327308.20314999996,4890.7100075,97814.20014999999,0.011491426910781692,0.0,0.0,0.011491426910781692,0,15000,43.03919150446067,265.0,760.0,930.0,100.0
multimodal-reduction-55,multimodal-enabled,0.55,97974.43058249999,adaptive,1,no-feasible-allocation-found,False,345771.7444249999,340762.4614249999,5009.283000000002,100185.66000000003,0.03406088104645093,0.022569454135669232,0.0,0.011491426910781692,0,15000,43.10712793998379,290.0,760.0,905.0,100.0
multimodal-reduction-55,multimodal-enabled,0.55,97974.43058249999,adaptive,2,no-feasible-allocation-found,False,319351.62516500015,314456.37105000013,4895.254114999999,97905.08229999998,0.00523873873873866,0.0,0.0,0.00523873873873866,0,15000,43.37591808596918,180.0,865.0,970.0,40.0
multimodal-reduction-55,multimodal-enabled,0.55,97974.43058249999,adaptive,3,no-feasible-allocation-found,False,376543.5154975001,371163.2529000001,5380.262597500002,107605.25195000003,0.10353807367991344,0.09829933494117478,0.0,0.00523873873873866,0,15000,40.60800293998379,370.0,785.0,780.0,120.0
multimodal-reduction-55,multimodal-enabled,0.55,97974.43058249999,adaptive,4,no-feasible-allocation-found,False,324606.8640375,319778.85745,4828.006587500001,96560.13175000002,0.011491426910781692,0.0,0.0,0.011491426910781692,0,15000,44.4468139699919,245.0,740.0,970.0,100.0
multimodal-reduction-55,multimodal-enabled,0.55,97974.43058249999,adaptive,5,no-feasible-allocation-found,False,337416.0385125,332507.446125,4908.5923875,98171.84775,0.01920333776974097,0.0020149866279015965,0.0,0.017188351141839375,0,15000,43.353721512570964,245.0,780.0,990.0,40.0
multimodal-reduction-55,multimodal-enabled,0.55,97974.43058249999,adaptive,6,no-feasible-allocation-found,False,313766.716625,308981.073825,4785.642799999999,95712.85599999997,0.011491426910781692,0.0,0.0,0.011491426910781692,0,15000,44.50972749391728,205.0,780.0,950.0,120.0
multimodal-reduction-55,multimodal-enabled,0.55,97974.43058249999,adaptive,7,no-feasible-allocation-found,False,311122.3218450001,306304.7019500001,4817.619894999999,96352.39789999998,0.006252688172043031,0.0,0.0,0.006252688172043031,0,15000,43.96461678832117,160.0,865.0,990.0,40.0
multimodal-reduction-55,multimodal-enabled,0.55,97974.43058249999,adaptive,8,no-feasible-allocation-found,False,311514.34972500004,306647.06130000006,4867.288424999999,97345.76849999998,0.00523873873873866,0.0,0.0,0.00523873873873866,0,15000,43.80559367396594,180.0,845.0,990.0,40.0
multimodal-reduction-55,multimodal-enabled,0.55,97974.43058249999,adaptive,9,no-feasible-allocation-found,False,313776.9806050001,308953.8790500001,4823.101555,96462.0311,0.00523873873873866,0.0,0.0,0.00523873873873866,0,15000,44.37859124087591,140.0,885.0,930.0,100.0
multimodal-reduction-55,multimodal-enabled,0.55,97974.43058249999,adaptive,10,no-feasible-allocation-found,False,310536.12738500006,305722.8624500001,4813.264934999998,96265.29869999997,0.00523873873873866,0.0,0.0,0.00523873873873866,0,15000,44.07071897810219,140.0,885.0,930.0,100.0
multimodal-reduction-55,multimodal-enabled,0.55,97974.43058249999,adaptive,11,no-feasible-allocation-found,False,313958.31180500006,309073.1740500001,4885.137755000001,97702.75510000001,0.00523873873873866,0.0,0.0,0.00523873873873866,0,15000,44.06255231143553,180.0,845.0,950.0,80.0
multimodal-reduction-55,multimodal-enabled,0.55,97974.43058249999,adaptive,12,no-feasible-allocation-found,False,331375.7653325,326477.3135,4898.451832500001,97969.03665000001,0.011491426910781692,0.0,0.0,0.011491426910781692,0,15000,42.766213807785896,265.0,760.0,930.0,100.0
multimodal-reduction-55,multimodal-enabled,0.55,97974.43058249999,adaptive,13,no-feasible-allocation-found,False,339473.98708750005,334580.6904,4893.2966875,97865.93375,0.023441039313882406,0.0,0.0,0.023441039313882406,0,15000,43.564459144363354,305.0,695.0,1035.0,20.0
multimodal-reduction-55,multimodal-enabled,0.55,97974.43058249999,adaptive,14,no-feasible-allocation-found,False,338564.48883500014,333666.1653250001,4898.32351,97966.4702,0.011491426910781692,0.0,0.0,0.011491426910781692,0,15000,43.64654744525548,260.0,740.0,1015.0,40.0
multimodal-reduction-55,multimodal-enabled,0.55,97974.43058249999,adaptive,15,no-feasible-allocation-found,False,324553.0044875001,319656.0791000001,4896.9253875,97938.50775,0.017188351141839375,0.0,0.0,0.017188351141839375,0,15000,43.97325395377129,245.0,760.0,930.0,120.0
multimodal-reduction-55,multimodal-enabled,0.55,97974.43058249999,adaptive,16,no-feasible-allocation-found,False,307659.1663700001,302884.9504500001,4774.215919999998,95484.31839999996,0.017188351141839375,0.0,0.0,0.017188351141839375,0,15000,44.94196836982968,180.0,780.0,995.0,100.0
multimodal-reduction-55,multimodal-enabled,0.55,97974.43058249999,adaptive,17,no-feasible-allocation-found,False,325443.810835,320559.37665,4884.434185,97688.6837,0.011491426910781692,0.0,0.0,0.011491426910781692,0,15000,44.016967558799685,245.0,760.0,970.0,80.0
multimodal-reduction-55,multimodal-enabled,0.55,97974.43058249999,adaptive,18,no-feasible-allocation-found,False,316316.441675,311422.616125,4893.8255500000005,97876.51100000001,0.00523873873873866,0.0,0.0,0.00523873873873866,0,15000,43.77849716139497,180.0,845.0,930.0,100.0
multimodal-reduction-55,multimodal-enabled,0.55,97974.43058249999,adaptive,19,no-feasible-allocation-found,False,351180.1392525,346063.80010000005,5116.339152500001,102326.78305000001,0.04966208921521932,0.04442335047648066,0.0,0.00523873873873866,0,15000,42.05516068532037,265.0,845.0,905.0,40.0
multimodal-reduction-55,multimodal-enabled,0.55,97974.43058249999,adaptive,20,no-feasible-allocation-found,False,311283.7667750001,306388.61825000006,4895.148524999999,97902.97049999997,0.011491426910781692,0.0,0.0,0.011491426910781692,0,15000,44.77251013787511,245.0,740.0,970.0,100.0
multimodal-reduction-55,multimodal-enabled,0.55,97974.43058249999,adaptive,21,no-feasible-allocation-found,False,354476.41777,349406.728775,5069.688995,101393.77990000001,0.04639185243171119,0.0349004255209295,0.0,0.011491426910781692,0,15000,42.661062246553136,310.0,760.0,945.0,40.0
multimodal-reduction-55,multimodal-enabled,0.55,97974.43058249999,adaptive,22,no-feasible-allocation-found,False,345598.4839674999,340587.9068749999,5010.5770925000015,100211.54185000002,0.034325050481742475,0.022833623570960786,0.0,0.011491426910781692,0,15000,42.992218268450955,305.0,720.0,970.0,60.0
multimodal-reduction-55,multimodal-enabled,0.55,97974.43058249999,adaptive,23,no-feasible-allocation-found,False,350146.1753650001,345035.5308250001,5110.644540000001,102212.89080000001,0.05475230826830074,0.04326088135751905,0.0,0.011491426910781692,0,15000,41.769529805352796,330.0,760.0,865.0,100.0
multimodal-reduction-55,multimodal-enabled,0.55,97974.43058249999,adaptive,24,no-feasible-allocation-found,False,351054.08653500007,345966.63062500005,5087.455910000001,101749.1182,0.04477996100290177,0.03852727283085874,0.0,0.006252688172043031,0,15000,41.88694566098946,260.0,845.0,930.0,20.0
multimodal-reduction-55,multimodal-enabled,0.55,97974.43058249999,adaptive,25,no-feasible-allocation-found,False,345759.85326500004,340772.14635000005,4987.706915000002,99754.13830000002,0.02965644922240836,0.01816502231162667,0.0,0.011491426910781692,0,15000,42.28983069748581,290.0,780.0,945.0,40.0
multimodal-reduction-55,multimodal-enabled,0.55,97974.43058249999,adaptive,26,no-feasible-allocation-found,False,306917.09217500006,302129.86410000006,4787.228074999999,95744.56149999998,0.011491426910781692,0.0,0.0,0.011491426910781692,0,15000,44.32115369018655,205.0,780.0,950.0,120.0
multimodal-reduction-55,multimodal-enabled,0.55,97974.43058249999,adaptive,27,no-feasible-allocation-found,False,309390.42305000004,304533.607375,4856.815675000001,97136.31350000002,0.011491426910781692,0.0,0.0,0.011491426910781692,0,15000,44.2671188158962,245.0,740.0,950.0,120.0
multimodal-reduction-55,multimodal-enabled,0.55,97974.43058249999,adaptive,28,no-feasible-allocation-found,False,312475.64772000007,307661.7688000001,4813.878919999999,96277.57839999998,0.00523873873873866,0.0,0.0,0.00523873873873866,0,15000,44.06990551500406,160.0,865.0,930.0,100.0
multimodal-reduction-55,multimodal-enabled,0.55,97974.43058249999,adaptive,29,no-feasible-allocation-found,False,369237.2795575,364021.2941,5215.985457499999,104319.70914999998,0.07625606529423123,0.06476463838344954,0.0,0.011491426910781692,0,15000,41.67798915247365,385.0,700.0,950.0,20.0
multimodal-reduction-55,multimodal-enabled,0.55,97974.43058249999,catastrophe,0,no-feasible-allocation-found,False,361899.0569875,356597.93919999996,5301.1177875,106022.35575,0.08839580571456557,0.08214311754252254,0.0,0.006252688172043031,1,15000,40.65781356447688,350.0,805.0,800.0,100.0
multimodal-reduction-55,multimodal-enabled,0.55,97974.43058249999,catastrophe,1,no-feasible-allocation-found,False,329888.8819325,324990.583675,4898.298257499999,97965.96514999997,0.011491426910781692,0.0,0.0,0.011491426910781692,1,15000,43.99657917680456,265.0,720.0,910.0,160.0
multimodal-reduction-55,multimodal-enabled,0.55,97974.43058249999,catastrophe,2,no-feasible-allocation-found,False,330311.30966749997,325412.977525,4898.3321425,97966.64285,0.011491426910781692,0.0,0.0,0.011491426910781692,1,15000,43.467910482562864,285.0,720.0,950.0,100.0
multimodal-reduction-55,multimodal-enabled,0.55,97974.43058249999,catastrophe,3,no-feasible-allocation-found,False,332752.8449375001,327855.77885000006,4897.0660875,97941.32175,0.011491426910781692,0.0,0.0,0.011491426910781692,1,15000,43.13566190186538,265.0,760.0,1010.0,20.0
multimodal-reduction-55,multimodal-enabled,0.55,97974.43058249999,catastrophe,4,no-feasible-allocation-found,False,341065.5875075001,336085.8774750001,4979.710032500001,99594.20065000001,0.0227852677223379,0.016532579550294867,0.0,0.006252688172043031,2,15000,42.850294505271705,225.0,845.0,885.0,100.0
multimodal-reduction-55,multimodal-enabled,0.55,97974.43058249999,catastrophe,5,no-feasible-allocation-found,False,352174.51339750004,347026.11137500004,5148.4020225,102968.04045,0.05620723978345879,0.05096850104472013,0.0,0.00523873873873866,1,15000,41.65704714111923,265.0,845.0,905.0,40.0
multimodal-reduction-55,multimodal-enabled,0.55,97974.43058249999,catastrophe,6,no-feasible-allocation-found,False,309489.7508350001,304630.09737500007,4859.653459999999,97193.06919999997,0.011491426910781692,0.0,0.0,0.011491426910781692,1,15000,44.40119261962693,225.0,760.0,970.0,100.0
multimodal-reduction-55,multimodal-enabled,0.55,97974.43058249999,catastrophe,7,no-feasible-allocation-found,False,359510.5270525,354336.8319,5173.695152500001,103473.90305000002,0.0676231383665494,0.0561317114557677,0.0,0.011491426910781692,1,15000,41.246385746147624,345.0,740.0,930.0,40.0
multimodal-reduction-55,multimodal-enabled,0.55,97974.43058249999,catastrophe,8,no-feasible-allocation-found,False,346735.2062950001,341722.3564500001,5012.849845,100256.99689999998,0.029550259833640433,0.0232975716615974,0.0,0.006252688172043031,1,15000,42.86540064882401,240.0,825.0,970.0,20.0
multimodal-reduction-55,multimodal-enabled,0.55,97974.43058249999,catastrophe,9,no-feasible-allocation-found,False,347126.63677750004,342048.72815000004,5077.908627500003,101558.17255000005,0.04181707806863498,0.03657833932989632,0.0,0.00523873873873866,1,15000,41.98692224249798,245.0,845.0,845.0,120.0
multimodal-reduction-55,multimodal-enabled,0.55,97974.43058249999,catastrophe,10,no-feasible-allocation-found,False,334940.3305400001,330041.6895250001,4898.641015,97972.8203,0.00523873873873866,0.0,0.0,0.00523873873873866,2,15000,43.17341889699918,220.0,825.0,950.0,60.0
multimodal-reduction-55,multimodal-enabled,0.55,97974.43058249999,catastrophe,11,no-feasible-allocation-found,False,303466.01253500005,298591.22037500003,4874.79216,97495.8432,0.011491426910781692,0.0,0.0,0.011491426910781692,0,15000,45.33817173560423,265.0,675.0,1075.0,40.0
multimodal-reduction-55,multimodal-enabled,0.55,97974.43058249999,catastrophe,12,no-feasible-allocation-found,False,333858.8457,328960.278475,4898.567225000002,97971.34450000002,0.023441039313882406,0.0,0.0,0.023441039313882406,1,15000,44.76241362530414,305.0,675.0,1055.0,20.0
multimodal-reduction-55,multimodal-enabled,0.55,97974.43058249999,catastrophe,13,no-feasible-allocation-found,False,361616.1841925001,356428.15920000005,5188.0249925,103760.49985,0.07054835873574195,0.05905693182496025,0.0,0.011491426910781692,2,15000,42.01506822789945,345.0,720.0,890.0,100.0
multimodal-reduction-55,multimodal-enabled,0.55,97974.43058249999,catastrophe,14,no-feasible-allocation-found,False,356398.253315,351199.758975,5198.494340000001,103969.88680000001,0.06643282970568237,0.06119409096694372,0.0,0.00523873873873866,1,15000,42.05772303325223,300.0,805.0,930.0,20.0
multimodal-reduction-55,multimodal-enabled,0.55,97974.43058249999,catastrophe,15,no-feasible-allocation-found,False,312009.0894050001,307113.2275000001,4895.861905,97917.23809999999,0.011491426910781692,0.0,0.0,0.011491426910781692,2,15000,44.143567315490685,225.0,780.0,1010.0,40.0
multimodal-reduction-55,multimodal-enabled,0.55,97974.43058249999,catastrophe,16,no-feasible-allocation-found,False,306047.7283750001,301309.78932500014,4737.93905,94758.78099999999,0.00523873873873866,0.0,0.0,0.00523873873873866,1,15000,44.731394566098956,140.0,845.0,930.0,140.0
multimodal-reduction-55,multimodal-enabled,0.55,97974.43058249999,catastrophe,17,no-feasible-allocation-found,False,361187.261995,356057.70437500003,5129.557620000001,102591.15240000002,0.058613127848992204,0.04712170093821051,0.0,0.011491426910781692,0,15000,41.71761131386863,350.0,720.0,825.0,160.0
multimodal-reduction-55,multimodal-enabled,0.55,97974.43058249999,catastrophe,18,no-feasible-allocation-found,False,349622.81361250003,344597.737075,5025.0765375,100501.53074999999,0.037284893149628975,0.025793466238847287,0.0,0.011491426910781692,1,15000,42.30044576236821,325.0,720.0,990.0,20.0
multimodal-reduction-55,multimodal-enabled,0.55,97974.43058249999,catastrophe,19,no-feasible-allocation-found,False,377121.11478,371709.060325,5412.054455000001,108241.08910000001,0.128230201715341,0.10478916240145858,0.0,0.023441039313882406,1,15000,41.22625202757503,475.0,635.0,865.0,80.0
multimodal-reduction-55,multimodal-enabled,0.55,97974.43058249999,catastrophe,20,no-feasible-allocation-found,False,354263.6084825001,349120.39032500004,5143.2181575,102864.36315,0.06811259388766691,0.04991029331252317,0.0,0.018202300575143746,1,15000,42.27966757907543,325.0,740.0,950.0,40.0
multimodal-reduction-55,multimodal-enabled,0.55,97974.43058249999,catastrophe,21,no-feasible-allocation-found,False,372337.38348250004,367050.53222500003,5286.851257500002,105737.02515000003,0.09641917209530743,0.07923082095346805,0.0,0.017188351141839375,0,15000,41.06499766828873,370.0,760.0,885.0,40.0
multimodal-reduction-55,multimodal-enabled,0.55,97974.43058249999,catastrophe,22,no-feasible-allocation-found,False,324697.3834099999,319886.7414749999,4810.641935000001,96212.83870000001,0.03149142691078169,0.0,0.02,0.011491426910781692,0,15000,44.56995782643958,240.0,720.0,995.0,100.0
multimodal-reduction-55,multimodal-enabled,0.55,97974.43058249999,catastrophe,23,no-feasible-allocation-found,False,353316.49030500004,348220.96095000004,5095.529355,101910.58709999999,0.05166677158079265,0.04017534467001096,0.0,0.011491426910781692,1,15000,41.73995559610706,330.0,760.0,945.0,20.0
multimodal-reduction-55,multimodal-enabled,0.55,97974.43058249999,catastrophe,24,no-feasible-allocation-found,False,376524.5488625,371193.799125,5330.749737499999,106614.99474999998,0.10538038365612025,0.08819203251428087,0.0,0.017188351141839375,0,15000,40.27128963909165,390.0,760.0,885.0,20.0
multimodal-reduction-55,multimodal-enabled,0.55,97974.43058249999,catastrophe,25,no-feasible-allocation-found,False,336142.1480975,331243.68717499997,4898.460922500001,97969.21845000003,0.011491426910781692,0.0,0.0,0.011491426910781692,0,15000,43.9191541970803,285.0,700.0,950.0,120.0
multimodal-reduction-55,multimodal-enabled,0.55,97974.43058249999,catastrophe,26,no-feasible-allocation-found,False,348685.62437249994,343675.24087499996,5010.383497500001,100207.66995000001,0.03428553098694172,0.022794104076160025,0.0,0.011491426910781692,1,15000,43.60863919302514,325.0,700.0,1010.0,20.0
multimodal-reduction-55,multimodal-enabled,0.55,97974.43058249999,catastrophe,27,no-feasible-allocation-found,False,345243.56778249994,340286.04809999996,4957.519682500001,99150.39365000001,0.023494181716381665,0.012002754805599971,0.0,0.011491426910781692,2,15000,42.57603943633416,285.0,760.0,970.0,40.0
multimodal-reduction-55,multimodal-enabled,0.55,97974.43058249999,catastrophe,28,no-feasible-allocation-found,False,349024.4817575,344045.826975,4978.6547825,99573.09564999999,0.02780859311420078,0.016317166203419088,0.0,0.011491426910781692,0,15000,42.48089142335766,305.0,740.0,990.0,20.0
multimodal-reduction-55,multimodal-enabled,0.55,97974.43058249999,catastrophe,29,no-feasible-allocation-found,False,365108.52089000004,359919.906475,5188.614415,103772.2883,0.0706686804352907,0.059177253524509005,0.0,0.011491426910781692,1,15000,40.91757116788321,370.0,740.0,925.0,20.0
multimodal-reduction-55,multimodal-enabled,0.55,97974.43058249999,combined,0,no-feasible-allocation-found,False,336859.00075749995,331950.28902499995,4908.711732499999,98174.23464999998,0.013530776017605514,0.0020393491068238213,0.0,0.011491426910781692,1,15000,43.1087150243309,265.0,760.0,930.0,100.0
multimodal-reduction-55,multimodal-enabled,0.55,97974.43058249999,combined,1,no-feasible-allocation-found,False,345771.7444249999,340762.4614249999,5009.283000000002,100185.66000000003,0.03406088104645093,0.022569454135669232,0.0,0.011491426910781692,0,15000,43.10712793998379,290.0,760.0,905.0,100.0
multimodal-reduction-55,multimodal-enabled,0.55,97974.43058249999,combined,2,no-feasible-allocation-found,False,319351.62516500015,314456.37105000013,4895.254114999999,97905.08229999998,0.00523873873873866,0.0,0.0,0.00523873873873866,0,15000,43.37591808596918,180.0,865.0,970.0,40.0
multimodal-reduction-55,multimodal-enabled,0.55,97974.43058249999,combined,3,no-feasible-allocation-found,False,376543.5154975001,371163.2529000001,5380.262597500002,107605.25195000003,0.10353807367991344,0.09829933494117478,0.0,0.00523873873873866,1,15000,40.60800293998379,370.0,785.0,780.0,120.0
multimodal-reduction-55,multimodal-enabled,0.55,97974.43058249999,combined,4,no-feasible-allocation-found,False,324606.8640375,319778.85745,4828.006587500001,96560.13175000002,0.011491426910781692,0.0,0.0,0.011491426910781692,0,15000,44.4468139699919,245.0,740.0,970.0,100.0
multimodal-reduction-55,multimodal-enabled,0.55,97974.43058249999,combined,5,no-feasible-allocation-found,False,337416.0385125,332507.446125,4908.5923875,98171.84775,0.01920333776974097,0.0020149866279015965,0.0,0.017188351141839375,0,15000,43.353721512570964,245.0,780.0,990.0,40.0
multimodal-reduction-55,multimodal-enabled,0.55,97974.43058249999,combined,6,no-feasible-allocation-found,False,337143.3192175,332242.071725,4901.2474925,98024.94984999999,0.012007064176542168,0.0005156372657604759,0.0,0.011491426910781692,2,15000,43.48412905515004,305.0,700.0,950.0,100.0
multimodal-reduction-55,multimodal-enabled,0.55,97974.43058249999,combined,7,no-feasible-allocation-found,False,311122.3218450001,306304.7019500001,4817.619894999999,96352.39789999998,0.006252688172043031,0.0,0.0,0.006252688172043031,0,15000,43.96461678832117,160.0,865.0,990.0,40.0
multimodal-reduction-55,multimodal-enabled,0.55,97974.43058249999,combined,8,no-feasible-allocation-found,False,311514.34972500004,306647.06130000006,4867.288424999999,97345.76849999998,0.00523873873873866,0.0,0.0,0.00523873873873866,0,15000,43.80559367396594,180.0,845.0,990.0,40.0
multimodal-reduction-55,multimodal-enabled,0.55,97974.43058249999,combined,9,no-feasible-allocation-found,False,313776.9806050001,308953.8790500001,4823.101555,96462.0311,0.00523873873873866,0.0,0.0,0.00523873873873866,0,15000,44.37859124087591,140.0,885.0,930.0,100.0
multimodal-reduction-55,multimodal-enabled,0.55,97974.43058249999,combined,10,no-feasible-allocation-found,False,310536.12738500006,305722.8624500001,4813.264934999998,96265.29869999997,0.00523873873873866,0.0,0.0,0.00523873873873866,0,15000,44.07071897810219,140.0,885.0,930.0,100.0
multimodal-reduction-55,multimodal-enabled,0.55,97974.43058249999,combined,11,no-feasible-allocation-found,False,313958.31180500006,309073.1740500001,4885.137755000001,97702.75510000001,0.00523873873873866,0.0,0.0,0.00523873873873866,0,15000,44.06255231143553,180.0,845.0,950.0,80.0
multimodal-reduction-55,multimodal-enabled,0.55,97974.43058249999,combined,12,no-feasible-allocation-found,False,331375.7653325,326477.3135,4898.451832500001,97969.03665000001,0.011491426910781692,0.0,0.0,0.011491426910781692,1,15000,42.766213807785896,265.0,760.0,930.0,100.0
multimodal-reduction-55,multimodal-enabled,0.55,97974.43058249999,combined,13,no-feasible-allocation-found,False,339473.98708750005,334580.6904,4893.2966875,97865.93375,0.023441039313882406,0.0,0.0,0.023441039313882406,0,15000,43.564459144363354,305.0,695.0,1035.0,20.0
multimodal-reduction-55,multimodal-enabled,0.55,97974.43058249999,combined,14,no-feasible-allocation-found,False,338564.48883500014,333666.1653250001,4898.32351,97966.4702,0.011491426910781692,0.0,0.0,0.011491426910781692,0,15000,43.64654744525548,260.0,740.0,1015.0,40.0
multimodal-reduction-55,multimodal-enabled,0.55,97974.43058249999,combined,15,no-feasible-allocation-found,False,324553.0044875001,319656.0791000001,4896.9253875,97938.50775,0.017188351141839375,0.0,0.0,0.017188351141839375,0,15000,43.97325395377129,245.0,760.0,930.0,120.0
multimodal-reduction-55,multimodal-enabled,0.55,97974.43058249999,combined,16,no-feasible-allocation-found,False,307659.1663700001,302884.9504500001,4774.215919999998,95484.31839999996,0.017188351141839375,0.0,0.0,0.017188351141839375,0,15000,44.94196836982968,180.0,780.0,995.0,100.0
multimodal-reduction-55,multimodal-enabled,0.55,97974.43058249999,combined,17,no-feasible-allocation-found,False,325443.810835,320559.37665,4884.434185,97688.6837,0.011491426910781692,0.0,0.0,0.011491426910781692,0,15000,44.016967558799685,245.0,760.0,970.0,80.0
multimodal-reduction-55,multimodal-enabled,0.55,97974.43058249999,combined,18,no-feasible-allocation-found,False,316316.441675,311422.616125,4893.8255500000005,97876.51100000001,0.00523873873873866,0.0,0.0,0.00523873873873866,0,15000,43.77849716139497,180.0,845.0,930.0,100.0
multimodal-reduction-55,multimodal-enabled,0.55,97974.43058249999,combined,19,no-feasible-allocation-found,False,351180.1392525,346063.80010000005,5116.339152500001,102326.78305000001,0.04966208921521932,0.04442335047648066,0.0,0.00523873873873866,0,15000,42.05516068532037,265.0,845.0,905.0,40.0
multimodal-reduction-55,multimodal-enabled,0.55,97974.43058249999,combined,20,no-feasible-allocation-found,False,311283.7667750001,306388.61825000006,4895.148524999999,97902.97049999997,0.011491426910781692,0.0,0.0,0.011491426910781692,0,15000,44.77251013787511,245.0,740.0,970.0,100.0
multimodal-reduction-55,multimodal-enabled,0.55,97974.43058249999,combined,21,no-feasible-allocation-found,False,354476.41777,349406.728775,5069.688995,101393.77990000001,0.04639185243171119,0.0349004255209295,0.0,0.011491426910781692,1,15000,42.661062246553136,310.0,760.0,945.0,40.0
multimodal-reduction-55,multimodal-enabled,0.55,97974.43058249999,combined,22,no-feasible-allocation-found,False,345598.4839674999,340587.9068749999,5010.5770925000015,100211.54185000002,0.034325050481742475,0.022833623570960786,0.0,0.011491426910781692,0,15000,42.992218268450955,305.0,720.0,970.0,60.0
multimodal-reduction-55,multimodal-enabled,0.55,97974.43058249999,combined,23,no-feasible-allocation-found,False,350146.1753650001,345035.5308250001,5110.644540000001,102212.89080000001,0.05475230826830074,0.04326088135751905,0.0,0.011491426910781692,2,15000,41.769529805352796,330.0,760.0,865.0,100.0
multimodal-reduction-55,multimodal-enabled,0.55,97974.43058249999,combined,24,no-feasible-allocation-found,False,351054.08653500007,345966.63062500005,5087.455910000001,101749.1182,0.04477996100290177,0.03852727283085874,0.0,0.006252688172043031,0,15000,41.88694566098946,260.0,845.0,930.0,20.0
multimodal-reduction-55,multimodal-enabled,0.55,97974.43058249999,combined,25,no-feasible-allocation-found,False,345759.85326500004,340772.14635000005,4987.706915000002,99754.13830000002,0.02965644922240836,0.01816502231162667,0.0,0.011491426910781692,1,15000,42.28983069748581,290.0,780.0,945.0,40.0
multimodal-reduction-55,multimodal-enabled,0.55,97974.43058249999,combined,26,no-feasible-allocation-found,False,306917.09217500006,302129.86410000006,4787.228074999999,95744.56149999998,0.011491426910781692,0.0,0.0,0.011491426910781692,0,15000,44.32115369018655,205.0,780.0,950.0,120.0
multimodal-reduction-55,multimodal-enabled,0.55,97974.43058249999,combined,27,no-feasible-allocation-found,False,309390.42305000004,304533.607375,4856.815675000001,97136.31350000002,0.011491426910781692,0.0,0.0,0.011491426910781692,0,15000,44.2671188158962,245.0,740.0,950.0,120.0
multimodal-reduction-55,multimodal-enabled,0.55,97974.43058249999,combined,28,no-feasible-allocation-found,False,312475.64772000007,307661.7688000001,4813.878919999999,96277.57839999998,0.00523873873873866,0.0,0.0,0.00523873873873866,0,15000,44.06990551500406,160.0,865.0,930.0,100.0
multimodal-reduction-55,multimodal-enabled,0.55,97974.43058249999,combined,29,no-feasible-allocation-found,False,369237.2795575,364021.2941,5215.985457499999,104319.70914999998,0.07625606529423123,0.06476463838344954,0.0,0.011491426910781692,0,15000,41.67798915247365,385.0,700.0,950.0,20.0
multimodal-reduction-55,multimodal-enabled,0.55,97974.43058249999,hybrid-seeded,0,no-feasible-allocation-found,False,311171.3549800001,306311.51317500015,4859.841804999999,97196.83609999999,0.011491426910781692,0.0,0.0,0.011491426910781692,1,15000,44.243790754257915,205.0,800.0,950.0,100.0
multimodal-reduction-55,multimodal-enabled,0.55,97974.43058249999,hybrid-seeded,1,no-feasible-allocation-found,False,305708.5145950001,300881.7904500001,4826.724145000001,96534.48290000002,0.011491426910781692,0.0,0.0,0.011491426910781692,1,15000,45.21581204379564,245.0,695.0,1015.0,100.0
multimodal-reduction-55,multimodal-enabled,0.55,97974.43058249999,hybrid-seeded,2,no-feasible-allocation-found,False,343333.4150225,338398.3555,4935.0595225,98701.19045,0.0256201530003031,0.007417852425159356,0.0,0.018202300575143746,1,15000,43.28558079886455,265.0,760.0,990.0,40.0
multimodal-reduction-55,multimodal-enabled,0.55,97974.43058249999,hybrid-seeded,3,no-feasible-allocation-found,False,342441.9661625,337450.13045,4991.8357125,99836.71425,0.02526054212360917,0.019007853951566137,0.0,0.006252688172043031,2,15000,42.366672850770485,225.0,865.0,925.0,40.0
multimodal-reduction-55,multimodal-enabled,0.55,97974.43058249999,hybrid-seeded,4,no-feasible-allocation-found,False,344483.05121750006,339509.50847500004,4973.5427425,99470.85484999999,0.026765047370764107,0.015273620459982415,0.0,0.011491426910781692,1,15000,42.69565946877535,285.0,760.0,930.0,80.0
multimodal-reduction-55,multimodal-enabled,0.55,97974.43058249999,hybrid-seeded,5,no-feasible-allocation-found,False,336524.57836750004,331609.42682500003,4915.151542500002,98303.03085000002,0.014845365949226367,0.0033539390384446748,0.0,0.011491426910781692,1,15000,43.38273246147608,265.0,760.0,1010.0,20.0
multimodal-reduction-55,multimodal-enabled,0.55,97974.43058249999,hybrid-seeded,6,no-feasible-allocation-found,False,307895.9311450001,303086.4865750001,4809.44457,96188.8914,0.011491426910781692,0.0,0.0,0.011491426910781692,0,15000,44.49318085969182,205.0,780.0,970.0,100.0
multimodal-reduction-55,multimodal-enabled,0.55,97974.43058249999,hybrid-seeded,7,no-feasible-allocation-found,False,368294.56527250004,363056.2468,5238.3184725,104766.36945,0.07456232477153334,0.06932358603279468,0.0,0.00523873873873866,3,15000,40.47251916058394,305.0,845.0,885.0,20.0
multimodal-reduction-55,multimodal-enabled,0.55,97974.43058249999,hybrid-seeded,8,no-feasible-allocation-found,False,308773.37997500016,304017.58685000014,4755.793125,95115.8625,0.011491426910781692,0.0,0.0,0.011491426910781692,1,15000,45.1817781832928,200.0,760.0,1055.0,40.0
multimodal-reduction-55,multimodal-enabled,0.55,97974.43058249999,hybrid-seeded,9,no-feasible-allocation-found,False,303267.5016600001,298476.4905750001,4791.011085,95820.2217,0.011491426910781692,0.0,0.0,0.011491426910781692,1,15000,44.96594931062449,220.0,740.0,995.0,100.0
multimodal-reduction-55,multimodal-enabled,0.55,97974.43058249999,hybrid-seeded,10,no-feasible-allocation-found,False,334698.543025,329828.04442500003,4870.4986,97409.972,0.011491426910781692,0.0,0.0,0.011491426910781692,0,15000,43.996505271695064,260.0,720.0,1055.0,20.0
multimodal-reduction-55,multimodal-enabled,0.55,97974.43058249999,hybrid-seeded,11,no-feasible-allocation-found,False,316095.78422000003,311218.07475,4877.709470000001,97554.1894,0.00523873873873866,0.0,0.0,0.00523873873873866,0,15000,44.33615815085159,160.0,865.0,990.0,40.0
multimodal-reduction-55,multimodal-enabled,0.55,97974.43058249999,hybrid-seeded,12,no-feasible-allocation-found,False,305818.23161,301113.3153,4704.91631,94098.32619999998,0.011491426910781692,0.0,0.0,0.011491426910781692,1,15000,45.39101338199515,180.0,760.0,1015.0,100.0
multimodal-reduction-55,multimodal-enabled,0.55,97974.43058249999,hybrid-seeded,13,no-feasible-allocation-found,False,301262.8097850001,296453.1480000001,4809.661784999999,96193.23569999999,0.011491426910781692,0.0,0.0,0.011491426910781692,1,15000,45.33971715328468,245.0,695.0,1055.0,60.0
multimodal-reduction-55,multimodal-enabled,0.55,97974.43058249999,hybrid-seeded,14,no-feasible-allocation-found,False,324262.17692,319383.34755,4878.8293699999995,97576.58739999999,0.011491426910781692,0.0,0.0,0.011491426910781692,1,15000,43.77467112733172,245.0,760.0,990.0,60.0
multimodal-reduction-55,multimodal-enabled,0.55,97974.43058249999,hybrid-seeded,15,no-feasible-allocation-found,False,316621.4695050001,311723.8437000001,4897.625805000001,97952.51610000001,0.00523873873873866,0.0,0.0,0.00523873873873866,1,15000,43.70352108678022,180.0,845.0,930.0,100.0
multimodal-reduction-55,multimodal-enabled,0.55,97974.43058249999,hybrid-seeded,16,no-feasible-allocation-found,False,314050.66109500005,309185.66537500004,4864.99572,97299.9144,0.00523873873873866,0.0,0.0,0.00523873873873866,0,15000,44.16605879967559,160.0,865.0,970.0,60.0
multimodal-reduction-55,multimodal-enabled,0.55,97974.43058249999,hybrid-seeded,17,no-feasible-allocation-found,False,349126.6283975001,344085.8914250001,5040.7369725,100814.73945,0.03422904621603809,0.028990307477299432,0.0,0.00523873873873866,2,15000,42.506290044606644,265.0,805.0,885.0,100.0
multimodal-reduction-55,multimodal-enabled,0.55,97974.43058249999,hybrid-seeded,18,no-feasible-allocation-found,False,360724.8379825,355528.22387499997,5196.6141075000005,103932.28215,0.07799862104673219,0.060810269904892814,0.0,0.017188351141839375,3,15000,41.459535786699114,325.0,780.0,930.0,20.0
multimodal-reduction-55,multimodal-enabled,0.55,97974.43058249999,hybrid-seeded,19,no-feasible-allocation-found,False,318650.61928000016,313754.55755000014,4896.061729999999,97921.23459999998,0.017188351141839375,0.0,0.0,0.017188351141839375,1,15000,44.41934103811842,220.0,760.0,955.0,120.0
multimodal-reduction-55,multimodal-enabled,0.55,97974.43058249999,hybrid-seeded,20,no-feasible-allocation-found,False,365720.05574249994,360488.56484999997,5231.490892500001,104629.81785,0.07418252688537758,0.06792983871333455,0.0,0.006252688172043031,3,15000,40.987109590429846,305.0,845.0,885.0,20.0
multimodal-reduction-55,multimodal-enabled,0.55,97974.43058249999,hybrid-seeded,21,no-feasible-allocation-found,False,341618.7543825001,336698.84652500006,4919.907857500001,98398.15715000001,0.021513220038558524,0.0043248688967191485,0.0,0.017188351141839375,2,15000,43.58903619221411,245.0,780.0,990.0,40.0
multimodal-reduction-55,multimodal-enabled,0.55,97974.43058249999,hybrid-seeded,22,no-feasible-allocation-found,False,321908.1715250001,317010.8857250001,4897.2858,97945.71599999999,0.011491426910781692,0.0,0.0,0.011491426910781692,1,15000,44.313594484995946,285.0,680.0,930.0,160.0
multimodal-reduction-55,multimodal-enabled,0.55,97974.43058249999,hybrid-seeded,23,no-feasible-allocation-found,False,348685.914685,343650.47655,5035.438135,100708.76269999999,0.03940005675678565,0.027908629846003955,0.0,0.011491426910781692,2,15000,42.01912834549878,330.0,740.0,905.0,80.0
multimodal-reduction-55,multimodal-enabled,0.55,97974.43058249999,hybrid-seeded,24,no-feasible-allocation-found,False,339845.2980325001,334932.5485000001,4912.749532500001,98254.99065,0.008102343720487133,0.0028636049817484725,0.0,0.00523873873873866,2,15000,42.84387844687755,205.0,865.0,865.0,120.0
multimodal-reduction-55,multimodal-enabled,0.55,97974.43058249999,hybrid-seeded,25,no-feasible-allocation-found,False,339732.57341749995,334808.624875,4923.948542500001,98478.97085000001,0.016641140611594385,0.005149713700812693,0.0,0.011491426910781692,1,15000,43.01602199918897,285.0,740.0,930.0,100.0
multimodal-reduction-55,multimodal-enabled,0.55,97974.43058249999,hybrid-seeded,26,no-feasible-allocation-found,False,305997.47801500006,301200.45765000005,4797.020365,95940.4073,0.023441039313882406,0.0,0.0,0.023441039313882406,1,15000,45.19169667477698,245.0,695.0,995.0,120.0
multimodal-reduction-55,multimodal-enabled,0.55,97974.43058249999,hybrid-seeded,27,no-feasible-allocation-found,False,307218.11407500005,302452.35115000006,4765.762924999998,95315.25849999997,0.00523873873873866,0.0,0.0,0.00523873873873866,1,15000,44.480785077047855,140.0,865.0,930.0,120.0
multimodal-reduction-55,multimodal-enabled,0.55,97974.43058249999,hybrid-seeded,28,no-feasible-allocation-found,False,351234.15361750004,346215.98437500006,5018.169242500001,100363.38485000002,0.04157179744815286,0.024383446306313488,0.0,0.017188351141839375,1,15000,42.90084600567721,305.0,720.0,910.0,120.0
multimodal-reduction-55,multimodal-enabled,0.55,97974.43058249999,hybrid-seeded,29,no-feasible-allocation-found,False,324643.87567500013,319748.62337500014,4895.252299999999,97905.04599999999,0.00523873873873866,0.0,0.0,0.00523873873873866,1,15000,43.57669829683699,220.0,805.0,990.0,40.0
multimodal-reduction-60,multimodal-enabled,0.6,87088.38274,greedy-reference,,infeasible-allocation,False,421567.00704249996,415249.79894999997,6317.208092500001,126344.16185,0.450757929759668,0.450757929759668,0.0,0.0,0,288,35.61582005271696,580.0,825.0,650.0,0.0
multimodal-reduction-60,multimodal-enabled,0.6,87088.38274,fixed,0,no-feasible-allocation-found,False,359949.42781249987,354758.9148499999,5190.512962500001,103810.25925,0.20350184189256762,0.19201041498178592,0.0,0.011491426910781692,0,15000,41.13703821978914,350.0,760.0,905.0,40.0
multimodal-reduction-60,multimodal-enabled,0.6,87088.38274,fixed,1,no-feasible-allocation-found,False,345736.4495525001,340694.1769000001,5042.2726525,100845.45305,0.16421945569224553,0.1579667675202025,0.0,0.006252688172043031,0,15000,42.281612834549875,265.0,805.0,825.0,160.0
multimodal-reduction-60,multimodal-enabled,0.6,87088.38274,fixed,2,no-feasible-allocation-found,False,399295.63913500006,393514.2751000001,5781.3640350000005,115627.2807,0.3329391398955968,0.32770040115685817,0.0,0.00523873873873866,0,15000,38.17358069748581,520.0,740.0,775.0,20.0
multimodal-reduction-60,multimodal-enabled,0.6,87088.38274,fixed,3,no-feasible-allocation-found,False,349687.91611,344648.05652499996,5039.859585000001,100797.19170000001,0.16890402924291234,0.15741260233213064,0.0,0.011491426910781692,0,15000,41.82553548256287,310.0,760.0,885.0,100.0
multimodal-reduction-60,multimodal-enabled,0.6,87088.38274,fixed,4,no-feasible-allocation-found,False,335881.1990675,331032.180425,4849.018642499999,96980.37284999999,0.1250770717324596,0.1135856448216779,0.0,0.011491426910781692,0,15000,43.603163929440385,265.0,740.0,950.0,100.0
multimodal-reduction-60,multimodal-enabled,0.6,87088.38274,fixed,5,no-feasible-allocation-found,False,339077.45673250005,334134.28712500003,4943.169607500001,98863.39215000001,0.15239593037952004,0.13520757923768068,0.0,0.017188351141839375,0,15000,43.344237733171134,265.0,760.0,990.0,40.0
multimodal-reduction-60,multimodal-enabled,0.6,87088.38274,fixed,6,no-feasible-allocation-found,False,333523.54158749996,328704.048425,4819.4931625,96389.86325,0.13024610581476476,0.10680506650088234,0.0,0.023441039313882406,0,15000,44.62044170721816,285.0,675.0,1055.0,40.0
multimodal-reduction-60,multimodal-enabled,0.6,87088.38274,fixed,7,no-feasible-allocation-found,False,359510.5270525,354336.8319,5173.695152500001,103473.90305000002,0.19963960229852024,0.18814817538773854,0.0,0.011491426910781692,0,15000,41.246385746147624,345.0,740.0,930.0,40.0
multimodal-reduction-60,multimodal-enabled,0.6,87088.38274,fixed,8,no-feasible-allocation-found,False,324862.13434000005,320127.94887500006,4734.1854650000005,94683.7093,0.09870543090343412,0.08721400399265242,0.0,0.011491426910781692,0,15000,45.079855231143554,200.0,760.0,1055.0,40.0
multimodal-reduction-60,multimodal-enabled,0.6,87088.38274,fixed,9,no-feasible-allocation-found,False,341356.5236425001,336421.0720750001,4935.4515675,98709.03135,0.15163741837602351,0.13343511780087977,0.0,0.018202300575143746,0,15000,43.01940723844283,265.0,760.0,910.0,120.0
multimodal-reduction-60,multimodal-enabled,0.6,87088.38274,fixed,10,no-feasible-allocation-found,False,336391.92252500006,331549.88920000003,4842.033324999999,96840.66649999999,0.13542249370734805,0.11198145439346564,0.0,0.023441039313882406,0,15000,44.420912408759136,305.0,655.0,1055.0,40.0
multimodal-reduction-60,multimodal-enabled,0.6,87088.38274,fixed,11,no-feasible-allocation-found,False,308364.6306,303856.08489999996,4508.545700000001,90170.914,0.05883647511159169,0.03539543579770928,0.0,0.023441039313882406,0,15000,46.48577615571777,200.0,675.0,1140.0,40.0
multimodal-reduction-60,multimodal-enabled,0.6,87088.38274,fixed,12,no-feasible-allocation-found,False,339009.9910475,334161.7879,4848.203147500001,96964.06295000002,0.13683940427702102,0.1133983649631386,0.0,0.023441039313882406,0,15000,44.10989263990268,285.0,695.0,1035.0,40.0
multimodal-reduction-60,multimodal-enabled,0.6,87088.38274,fixed,13,no-feasible-allocation-found,False,375370.31965500006,370018.47107500007,5351.848580000002,107036.97160000003,0.2405528497133615,0.2290614228025798,0.0,0.011491426910781692,0,15000,41.04195154095703,410.0,700.0,845.0,100.0
multimodal-reduction-60,multimodal-enabled,0.6,87088.38274,fixed,14,no-feasible-allocation-found,False,356269.9990175,351108.49607500003,5161.5029425,103230.05885,0.1905869516937379,0.18534821295499923,0.0,0.00523873873873866,0,15000,40.93271705190591,285.0,845.0,865.0,60.0
multimodal-reduction-60,multimodal-enabled,0.6,87088.38274,fixed,15,no-feasible-allocation-found,False,317979.92459999997,313286.97487499996,4692.9497249999995,93858.99449999999,0.08923557081357367,0.07774414390279198,0.0,0.011491426910781692,0,15000,44.46473276561233,220.0,740.0,1015.0,80.0
multimodal-reduction-60,multimodal-enabled,0.6,87088.38274,fixed,16,no-feasible-allocation-found,False,335257.0676925,330383.51512500003,4873.552567500001,97471.05135000001,0.13071133068367852,0.11921990377289682,0.0,0.011491426910781692,0,15000,44.04500740064883,245.0,760.0,1010.0,40.0
multimodal-reduction-60,multimodal-enabled,0.6,87088.38274,fixed,17,no-feasible-allocation-found,False,359682.44208,354512.989225,5169.452855000002,103389.05710000003,0.21524062004651728,0.18717392431853114,0.0,0.028066695727986136,0,15000,41.39763726682889,350.0,740.0,865.0,100.0
multimodal-reduction-60,multimodal-enabled,0.6,87088.38274,fixed,18,no-feasible-allocation-found,False,368531.75047500007,363303.2401500001,5228.510324999999,104570.20649999999,0.2179249271348911,0.20073657599305172,0.0,0.017188351141839375,0,15000,41.621198499594485,370.0,740.0,925.0,20.0
multimodal-reduction-60,multimodal-enabled,0.6,87088.38274,fixed,19,no-feasible-allocation-found,False,359163.11975250003,353898.95790000004,5264.161852500001,105283.23705000001,0.2151767000499562,0.20892401187791318,0.0,0.006252688172043031,0,15000,41.36900902270884,325.0,785.0,865.0,80.0
multimodal-reduction-60,multimodal-enabled,0.6,87088.38274,fixed,20,no-feasible-allocation-found,False,354263.6084825001,349120.39032500004,5143.2181575,102864.36315,0.19935138055173218,0.18114907997658844,0.0,0.018202300575143746,0,15000,42.27966757907543,325.0,740.0,950.0,40.0
multimodal-reduction-60,multimodal-enabled,0.6,87088.38274,fixed,21,no-feasible-allocation-found,False,372337.38348250004,367050.53222500003,5286.851257500002,105737.02515000003,0.2313230247144908,0.21413467357265142,0.0,0.017188351141839375,0,15000,41.06499766828873,370.0,760.0,885.0,40.0
multimodal-reduction-60,multimodal-enabled,0.6,87088.38274,fixed,22,no-feasible-allocation-found,False,353281.7296924999,348234.8826499999,5046.847042500001,100936.94085000003,0.17050871112588215,0.15901728421510045,0.0,0.011491426910781692,0,15000,43.120665551500416,325.0,700.0,910.0,120.0
multimodal-reduction-60,multimodal-enabled,0.6,87088.38274,fixed,23,no-feasible-allocation-found,False,342797.72336500004,337772.32452500006,5025.39884,100507.97679999999,0.16558309376448618,0.15409166685370448,0.0,0.011491426910781692,0,15000,42.190513584752644,310.0,760.0,905.0,80.0
multimodal-reduction-60,multimodal-enabled,0.6,87088.38274,fixed,24,no-feasible-allocation-found,False,339023.0595325,334074.251475,4948.8080575,98976.16115,0.14799388609056274,0.13650245917978104,0.0,0.011491426910781692,0,15000,42.42034762773724,265.0,780.0,970.0,40.0
multimodal-reduction-60,multimodal-enabled,0.6,87088.38274,fixed,25,no-feasible-allocation-found,False,319697.5790450001,314991.8572750001,4705.721769999999,94114.43539999999,0.08692995463335826,0.08067726646131523,0.0,0.006252688172043031,0,15000,43.98481305758314,140.0,865.0,970.0,80.0
multimodal-reduction-60,multimodal-enabled,0.6,87088.38274,fixed,26,no-feasible-allocation-found,False,323630.718725,318860.62354999996,4770.095175000001,95401.90350000001,0.10069947068067636,0.0954607319419377,0.0,0.00523873873873866,0,15000,44.410976480129776,160.0,845.0,930.0,120.0
multimodal-reduction-60,multimodal-enabled,0.6,87088.38274,fixed,27,no-feasible-allocation-found,False,339257.1330025,334355.27755,4901.855452500001,98037.10905000001,0.1372111379161765,0.1257197110053948,0.0,0.011491426910781692,0,15000,43.436537408759136,265.0,760.0,990.0,40.0
multimodal-reduction-60,multimodal-enabled,0.6,87088.38274,fixed,28,no-feasible-allocation-found,False,349024.4817575,344045.826975,4978.6547825,99573.09564999999,0.15484823888962804,0.14335681197884634,0.0,0.011491426910781692,0,15000,42.48089142335766,305.0,740.0,990.0,20.0
multimodal-reduction-60,multimodal-enabled,0.6,87088.38274,fixed,29,no-feasible-allocation-found,False,346321.82132000005,341315.5789,5006.2424200000005,100124.8484,0.19313340068106977,0.14969236136718736,0.02,0.023441039313882406,0,15000,42.98705008110301,330.0,695.0,990.0,40.0
multimodal-reduction-60,multimodal-enabled,0.6,87088.38274,adaptive,0,no-feasible-allocation-found,False,326252.9882525,321412.785225,4840.203027499999,96804.06054999998,0.12305255026986245,0.11156112335908075,0.0,0.011491426910781692,0,15000,43.728024432279,245.0,760.0,970.0,80.0
multimodal-reduction-60,multimodal-enabled,0.6,87088.38274,adaptive,1,no-feasible-allocation-found,False,341118.7387399999,336195.6934499999,4923.045290000002,98460.90580000002,0.15402703370480342,0.130585994390921,0.0,0.023441039313882406,0,15000,43.713244322789954,310.0,695.0,1010.0,40.0
multimodal-reduction-60,multimodal-enabled,0.6,87088.38274,adaptive,2,no-feasible-allocation-found,False,346199.40824250004,341237.40050000005,4962.007742500001,99240.15485,0.1510252169259068,0.13953379001512511,0.0,0.011491426910781692,0,15000,42.782617295214926,305.0,720.0,990.0,40.0
multimodal-reduction-60,multimodal-enabled,0.6,87088.38274,adaptive,3,no-feasible-allocation-found,False,309075.68312,304538.2167,4537.46642,90749.3284,0.0535285568334908,0.04203712992270911,0.0,0.011491426910781692,0,15000,45.40626074614762,160.0,760.0,1015.0,120.0
multimodal-reduction-60,multimodal-enabled,0.6,87088.38274,adaptive,4,no-feasible-allocation-found,False,321126.9198900001,316355.41865000007,4771.5012400000005,95430.0248,0.10102237597659786,0.0957836372378592,0.0,0.00523873873873866,0,15000,43.88835685320357,140.0,885.0,930.0,100.0
multimodal-reduction-60,multimodal-enabled,0.6,87088.38274,adaptive,5,no-feasible-allocation-found,False,317433.19711,312760.62405,4672.573059999999,93451.46119999998,0.09126690758474654,0.0730646070096028,0.0,0.018202300575143746,0,15000,44.85105312246552,180.0,780.0,1015.0,80.0
multimodal-reduction-60,multimodal-enabled,0.6,87088.38274,adaptive,6,no-feasible-allocation-found,False,319827.389985,315051.280075,4776.109909999999,95522.19819999998,0.10833345330572475,0.09684202639494306,0.0,0.011491426910781692,0,15000,44.486703974047046,240.0,720.0,1015.0,80.0
multimodal-reduction-60,multimodal-enabled,0.6,87088.38274,adaptive,7,no-feasible-allocation-found,False,343813.72146250005,338780.14430000004,5033.5771625,100671.54324999999,0.1622225211468055,0.15596983297476247,0.0,0.006252688172043031,0,15000,42.02987723033253,245.0,845.0,865.0,100.0
multimodal-reduction-60,multimodal-enabled,0.6,87088.38274,adaptive,8,no-feasible-allocation-found,False,344168.14796250005,339215.17970000004,4952.968262500001,99059.36525000002,0.14894928447301314,0.13745785756223144,0.0,0.011491426910781692,0,15000,42.338232866991085,285.0,760.0,970.0,40.0
multimodal-reduction-60,multimodal-enabled,0.6,87088.38274,adaptive,9,no-feasible-allocation-found,False,323239.007635,318524.6176,4714.390035000001,94287.80070000002,0.09415937564848748,0.08266794873770578,0.0,0.011491426910781692,0,15000,44.95013584752637,220.0,720.0,995.0,120.0
multimodal-reduction-60,multimodal-enabled,0.6,87088.38274,adaptive,10,no-feasible-allocation-found,False,321328.88164000004,316656.10270000005,4672.77894,93455.5788,0.08460331462385465,0.07311188771307296,0.0,0.011491426910781692,0,15000,44.86056650446068,220.0,720.0,1015.0,100.0
multimodal-reduction-60,multimodal-enabled,0.6,87088.38274,adaptive,11,no-feasible-allocation-found,False,321781.66005,317046.27575000003,4735.384300000001,94707.68600000002,0.09898074546601585,0.08748931855523415,0.0,0.011491426910781692,0,15000,45.41439091646392,200.0,740.0,1075.0,40.0
multimodal-reduction-60,multimodal-enabled,0.6,87088.38274,adaptive,12,no-feasible-allocation-found,False,321507.7852350001,316797.5513500001,4710.233885,94204.67769999999,0.09320490850390634,0.08171348159312465,0.0,0.011491426910781692,0,15000,44.75776480129766,180.0,800.0,1055.0,20.0
multimodal-reduction-60,multimodal-enabled,0.6,87088.38274,adaptive,13,no-feasible-allocation-found,False,330209.55408,325323.7484,4885.80568,97716.1136,0.1335252794824708,0.12203385257168912,0.0,0.011491426910781692,0,15000,44.55472019464721,260.0,720.0,1035.0,40.0
multimodal-reduction-60,multimodal-enabled,0.6,87088.38274,adaptive,14,no-feasible-allocation-found,False,317121.64424000005,312477.5675250001,4644.076715000002,92881.53430000003,0.07801179825922347,0.06652037134844178,0.0,0.011491426910781692,0,15000,45.54285847526359,180.0,760.0,1075.0,40.0
multimodal-reduction-60,multimodal-enabled,0.6,87088.38274,adaptive,15,no-feasible-allocation-found,False,351048.5299,346013.97385,5034.55605,100691.121,0.179635675521683,0.15619463620780058,0.0,0.023441039313882406,0,15000,43.16158779399839,350.0,675.0,990.0,40.0
multimodal-reduction-60,multimodal-enabled,0.6,87088.38274,adaptive,16,no-feasible-allocation-found,False,325778.9729475,321078.3811,4700.591847500001,94011.83695000001,0.1029402100663098,0.07949917075242739,0.0,0.023441039313882406,0,15000,45.05887560827251,265.0,655.0,1015.0,120.0
multimodal-reduction-60,multimodal-enabled,0.6,87088.38274,adaptive,17,no-feasible-allocation-found,False,314923.6294875,310272.31515,4651.3143375,93026.28675,0.09162354337676584,0.06818250406288344,0.0,0.023441039313882406,0,15000,45.5354433292782,205.0,735.0,1035.0,80.0
multimodal-reduction-60,multimodal-enabled,0.6,87088.38274,adaptive,18,no-feasible-allocation-found,False,332312.0054850001,327426.1055250001,4885.899960000001,97717.9992,0.12830819231126256,0.12205550413921953,0.0,0.006252688172043031,0,15000,43.1542100567721,200.0,845.0,970.0,40.0
multimodal-reduction-60,multimodal-enabled,0.6,87088.38274,adaptive,19,no-feasible-allocation-found,False,335127.22337250004,330230.730525,4896.492847500001,97929.85695,0.14167653049369308,0.1244881793518537,0.0,0.017188351141839375,0,15000,43.795230433901054,245.0,760.0,930.0,120.0
multimodal-reduction-60,multimodal-enabled,0.6,87088.38274,adaptive,20,no-feasible-allocation-found,False,339326.201885,334382.63187499996,4943.57001,98871.4002,0.158740571688687,0.13529953237480458,0.0,0.023441039313882406,0,15000,43.1009300486618,310.0,695.0,930.0,120.0
multimodal-reduction-60,multimodal-enabled,0.6,87088.38274,adaptive,21,no-feasible-allocation-found,False,355049.09833500005,349955.17797500006,5093.92036,101878.4072,0.18803005480219395,0.1698277542270502,0.0,0.018202300575143746,0,15000,42.09963848337389,310.0,780.0,925.0,40.0
multimodal-reduction-60,multimodal-enabled,0.6,87088.38274,adaptive,22,no-feasible-allocation-found,False,343890.55658249994,338983.75017499994,4906.806407500001,98136.12815000002,0.13834813342447091,0.12685670651368922,0.0,0.011491426910781692,0,15000,43.42745022303326,285.0,720.0,950.0,100.0
multimodal-reduction-60,multimodal-enabled,0.6,87088.38274,adaptive,23,no-feasible-allocation-found,False,339390.423945,334416.5821,4973.841845,99476.8369,0.15374293934253033,0.14225151243174863,0.0,0.011491426910781692,0,15000,42.59376175993512,290.0,760.0,905.0,100.0
multimodal-reduction-60,multimodal-enabled,0.6,87088.38274,adaptive,24,no-feasible-allocation-found,False,330052.92957499996,325304.2128,4748.716775,94974.33549999999,0.11399218416110368,0.09055114484722128,0.0,0.023441039313882406,0,15000,45.23854095701542,280.0,655.0,1100.0,20.0
multimodal-reduction-60,multimodal-enabled,0.6,87088.38274,adaptive,25,no-feasible-allocation-found,False,336613.7071325001,331690.2028000001,4923.504332500001,98470.08665000001,0.13593015304573963,0.13069141430700096,0.0,0.00523873873873866,0,15000,42.505264091646396,225.0,845.0,885.0,100.0
multimodal-reduction-60,multimodal-enabled,0.6,87088.38274,adaptive,26,no-feasible-allocation-found,False,348606.98649750004,343556.208625,5050.777872500001,101015.55745000001,0.16617269439812266,0.15992000622607963,0.0,0.006252688172043031,0,15000,41.438348438767235,245.0,865.0,905.0,40.0
multimodal-reduction-60,multimodal-enabled,0.6,87088.38274,adaptive,27,no-feasible-allocation-found,False,320865.68928500003,316185.2518,4680.437485,93608.7497,0.09831172533254895,0.07487068601866655,0.0,0.023441039313882406,0,15000,45.26333090024331,260.0,655.0,1120.0,20.0
multimodal-reduction-60,multimodal-enabled,0.6,87088.38274,adaptive,28,no-feasible-allocation-found,False,336918.4897875,332039.6616,4878.828187500001,97576.56375000002,0.143872498482348,0.12043145916846561,0.0,0.023441039313882406,0,15000,44.39593886861315,305.0,655.0,995.0,100.0
multimodal-reduction-60,multimodal-enabled,0.6,87088.38274,adaptive,29,no-feasible-allocation-found,False,340480.58397750003,335587.26670000004,4893.317277500001,97866.34555000001,0.13525033103668935,0.12375890412590766,0.0,0.011491426910781692,0,15000,43.467175689375516,285.0,720.0,950.0,100.0
multimodal-reduction-60,multimodal-enabled,0.6,87088.38274,catastrophe,0,no-feasible-allocation-found,False,359949.42781249987,354758.9148499999,5190.512962500001,103810.25925,0.20350184189256762,0.19201041498178592,0.0,0.011491426910781692,0,15000,41.13703821978914,350.0,760.0,905.0,40.0
multimodal-reduction-60,multimodal-enabled,0.6,87088.38274,catastrophe,1,no-feasible-allocation-found,False,329098.1622175,324292.032825,4806.1293925,96122.58785,0.11522748016798098,0.10373605325719928,0.0,0.011491426910781692,1,15000,43.90949807380374,245.0,740.0,910.0,160.0
multimodal-reduction-60,multimodal-enabled,0.6,87088.38274,catastrophe,2,no-feasible-allocation-found,False,399295.63913500006,393514.2751000001,5781.3640350000005,115627.2807,0.3329391398955968,0.32770040115685817,0.0,0.00523873873873866,0,15000,38.17358069748581,520.0,740.0,775.0,20.0
multimodal-reduction-60,multimodal-enabled,0.6,87088.38274,catastrophe,3,no-feasible-allocation-found,False,351096.35545,346071.46277499996,5024.892675000001,100497.85350000001,0.16546685208354694,0.15397542517276525,0.0,0.011491426910781692,1,15000,41.767732562854846,310.0,760.0,885.0,100.0
multimodal-reduction-60,multimodal-enabled,0.6,87088.38274,catastrophe,4,no-feasible-allocation-found,False,335881.1990675,331032.180425,4849.018642499999,96980.37284999999,0.1250770717324596,0.1135856448216779,0.0,0.011491426910781692,0,15000,43.603163929440385,265.0,740.0,950.0,100.0
multimodal-reduction-60,multimodal-enabled,0.6,87088.38274,catastrophe,5,no-feasible-allocation-found,False,357143.3177925,351967.674125,5175.6436675,103512.87335000001,0.2057840064203956,0.18859565527855623,0.0,0.017188351141839375,1,15000,42.14673530008111,330.0,760.0,925.0,40.0
multimodal-reduction-60,multimodal-enabled,0.6,87088.38274,catastrophe,6,no-feasible-allocation-found,False,333523.54158749996,328704.048425,4819.4931625,96389.86325,0.13024610581476476,0.10680506650088234,0.0,0.023441039313882406,1,15000,44.62044170721816,285.0,675.0,1055.0,40.0
multimodal-reduction-60,multimodal-enabled,0.6,87088.38274,catastrophe,7,no-feasible-allocation-found,False,359510.5270525,354336.8319,5173.695152500001,103473.90305000002,0.19963960229852024,0.18814817538773854,0.0,0.011491426910781692,1,15000,41.246385746147624,345.0,740.0,930.0,40.0
multimodal-reduction-60,multimodal-enabled,0.6,87088.38274,catastrophe,8,no-feasible-allocation-found,False,346735.2062950001,341722.3564500001,5012.849845,100256.99689999998,0.15746245629133998,0.15120976811929696,0.0,0.006252688172043031,1,15000,42.86540064882401,240.0,825.0,970.0,20.0
multimodal-reduction-60,multimodal-enabled,0.6,87088.38274,catastrophe,9,no-feasible-allocation-found,False,335090.8145625001,330236.4982750001,4854.316287500001,97086.32575000002,0.13300455887231072,0.11480225829716696,0.0,0.018202300575143746,2,15000,43.54500821167884,245.0,760.0,930.0,120.0
multimodal-reduction-60,multimodal-enabled,0.6,87088.38274,catastrophe,10,no-feasible-allocation-found,False,336524.79180500004,331681.0102,4843.781604999999,96875.63209999999,0.1358239892788571,0.11238294996497471,0.0,0.023441039313882406,1,15000,44.46817599351177,305.0,655.0,1055.0,40.0
multimodal-reduction-60,multimodal-enabled,0.6,87088.38274,catastrophe,11,no-feasible-allocation-found,False,316321.48319999996,311732.12389999995,4589.3593,91787.186,0.07739546023852112,0.05395442092463871,0.0,0.023441039313882406,1,15000,45.98536090835362,240.0,655.0,1140.0,20.0
multimodal-reduction-60,multimodal-enabled,0.6,87088.38274,catastrophe,12,no-feasible-allocation-found,False,348533.0777824999,343553.8763249999,4979.2014575,99584.02915,0.15497378376319235,0.14348235685241065,0.0,0.011491426910781692,1,15000,42.86196279399839,265.0,780.0,970.0,40.0
multimodal-reduction-60,multimodal-enabled,0.6,87088.38274,catastrophe,13,no-feasible-allocation-found,False,375370.31965500006,370018.47107500007,5351.848580000002,107036.97160000003,0.2405528497133615,0.2290614228025798,0.0,0.011491426910781692,1,15000,41.04195154095703,410.0,700.0,845.0,100.0
multimodal-reduction-60,multimodal-enabled,0.6,87088.38274,catastrophe,14,no-feasible-allocation-found,False,355453.63293749996,350298.433675,5155.1992625,103103.98525,0.1891393005141725,0.18390056177543385,0.0,0.00523873873873866,2,15000,40.91303173154906,285.0,845.0,905.0,20.0
multimodal-reduction-60,multimodal-enabled,0.6,87088.38274,catastrophe,15,no-feasible-allocation-found,False,317979.92459999997,313286.97487499996,4692.9497249999995,93858.99449999999,0.08923557081357367,0.07774414390279198,0.0,0.011491426910781692,1,15000,44.46473276561233,220.0,740.0,1015.0,80.0
multimodal-reduction-60,multimodal-enabled,0.6,87088.38274,catastrophe,16,no-feasible-allocation-found,False,335257.0676925,330383.51512500003,4873.552567500001,97471.05135000001,0.13071133068367852,0.11921990377289682,0.0,0.011491426910781692,2,15000,44.04500740064883,245.0,760.0,1010.0,40.0
multimodal-reduction-60,multimodal-enabled,0.6,87088.38274,catastrophe,17,no-feasible-allocation-found,False,359682.44208,354512.989225,5169.452855000002,103389.05710000003,0.21524062004651728,0.18717392431853114,0.0,0.028066695727986136,0,15000,41.39763726682889,350.0,740.0,865.0,100.0
multimodal-reduction-60,multimodal-enabled,0.6,87088.38274,catastrophe,18,no-feasible-allocation-found,False,371656.7298850001,366332.7634000001,5323.966485,106479.32969999999,0.22789698947111398,0.2226582507323753,0.0,0.00523873873873866,1,15000,40.51918511759934,350.0,825.0,860.0,20.0
multimodal-reduction-60,multimodal-enabled,0.6,87088.38274,catastrophe,19,no-feasible-allocation-found,False,359163.11975250003,353898.95790000004,5264.161852500001,105283.23705000001,0.2151767000499562,0.20892401187791318,0.0,0.006252688172043031,0,15000,41.36900902270884,325.0,785.0,865.0,80.0
multimodal-reduction-60,multimodal-enabled,0.6,87088.38274,catastrophe,20,no-feasible-allocation-found,False,354263.6084825001,349120.39032500004,5143.2181575,102864.36315,0.19935138055173218,0.18114907997658844,0.0,0.018202300575143746,1,15000,42.27966757907543,325.0,740.0,950.0,40.0
multimodal-reduction-60,multimodal-enabled,0.6,87088.38274,catastrophe,21,no-feasible-allocation-found,False,372337.38348250004,367050.53222500003,5286.851257500002,105737.02515000003,0.2313230247144908,0.21413467357265142,0.0,0.017188351141839375,0,15000,41.06499766828873,370.0,760.0,885.0,40.0
multimodal-reduction-60,multimodal-enabled,0.6,87088.38274,catastrophe,22,no-feasible-allocation-found,False,350241.0121525,345239.51444999996,5001.497702500001,100029.95405000001,0.16009415557364737,0.14860272866286567,0.0,0.011491426910781692,1,15000,43.18032248580698,305.0,720.0,910.0,120.0
multimodal-reduction-60,multimodal-enabled,0.6,87088.38274,catastrophe,23,no-feasible-allocation-found,False,350216.7012850001,345095.04032500007,5121.66096,102433.21919999999,0.1876898586328586,0.17619843172207691,0.0,0.011491426910781692,2,15000,41.72846654501218,330.0,760.0,885.0,80.0
multimodal-reduction-60,multimodal-enabled,0.6,87088.38274,catastrophe,24,no-feasible-allocation-found,False,353154.5458725,348110.1131,5044.4327725,100888.65544999999,0.16995426978157344,0.15846284287079174,0.0,0.011491426910781692,2,15000,41.764097830494734,325.0,740.0,970.0,20.0
multimodal-reduction-60,multimodal-enabled,0.6,87088.38274,catastrophe,25,no-feasible-allocation-found,False,319697.5790450001,314991.8572750001,4705.721769999999,94114.43539999999,0.08692995463335826,0.08067726646131523,0.0,0.006252688172043031,1,15000,43.98481305758314,140.0,865.0,970.0,80.0
multimodal-reduction-60,multimodal-enabled,0.6,87088.38274,catastrophe,26,no-feasible-allocation-found,False,333068.68794499995,328231.78979999997,4836.898145,96737.9629,0.11604089002921052,0.11080215129047186,0.0,0.00523873873873866,2,15000,43.87861070559612,200.0,825.0,930.0,100.0
multimodal-reduction-60,multimodal-enabled,0.6,87088.38274,catastrophe,27,no-feasible-allocation-found,False,341961.1735225,337029.82009999995,4931.353422500001,98627.06845000002,0.1439853985171721,0.1324939716063904,0.0,0.011491426910781692,2,15000,43.65279004460666,265.0,760.0,990.0,40.0
multimodal-reduction-60,multimodal-enabled,0.6,87088.38274,catastrophe,28,no-feasible-allocation-found,False,349024.4817575,344045.826975,4978.6547825,99573.09564999999,0.15484823888962804,0.14335681197884634,0.0,0.011491426910781692,0,15000,42.48089142335766,305.0,740.0,990.0,20.0
multimodal-reduction-60,multimodal-enabled,0.6,87088.38274,catastrophe,29,no-feasible-allocation-found,False,350136.02181,345109.24,5026.78181,100535.63620000001,0.1978503076562102,0.1544092683423278,0.02,0.023441039313882406,2,15000,42.853338402270886,350.0,675.0,990.0,40.0
multimodal-reduction-60,multimodal-enabled,0.6,87088.38274,combined,0,no-feasible-allocation-found,False,327494.2928175,322708.2468,4786.0460175,95720.92034999999,0.1106152978382301,0.0991238709274484,0.0,0.011491426910781692,1,15000,44.01354997972426,205.0,800.0,970.0,80.0
multimodal-reduction-60,multimodal-enabled,0.6,87088.38274,combined,1,no-feasible-allocation-found,False,341118.7387399999,336195.6934499999,4923.045290000002,98460.90580000002,0.15402703370480342,0.130585994390921,0.0,0.023441039313882406,1,15000,43.713244322789954,310.0,695.0,1010.0,40.0
multimodal-reduction-60,multimodal-enabled,0.6,87088.38274,combined,2,no-feasible-allocation-found,False,346199.40824250004,341237.40050000005,4962.007742500001,99240.15485,0.1510252169259068,0.13953379001512511,0.0,0.011491426910781692,0,15000,42.782617295214926,305.0,720.0,990.0,40.0
multimodal-reduction-60,multimodal-enabled,0.6,87088.38274,combined,3,no-feasible-allocation-found,False,309075.68312,304538.2167,4537.46642,90749.3284,0.0535285568334908,0.04203712992270911,0.0,0.011491426910781692,0,15000,45.40626074614762,160.0,760.0,1015.0,120.0
multimodal-reduction-60,multimodal-enabled,0.6,87088.38274,combined,4,no-feasible-allocation-found,False,321126.9198900001,316355.41865000007,4771.5012400000005,95430.0248,0.10102237597659786,0.0957836372378592,0.0,0.00523873873873866,0,15000,43.88835685320357,140.0,885.0,930.0,100.0
multimodal-reduction-60,multimodal-enabled,0.6,87088.38274,combined,5,no-feasible-allocation-found,False,317433.19711,312760.62405,4672.573059999999,93451.46119999998,0.09126690758474654,0.0730646070096028,0.0,0.018202300575143746,0,15000,44.85105312246552,180.0,780.0,1015.0,80.0
multimodal-reduction-60,multimodal-enabled,0.6,87088.38274,combined,6,no-feasible-allocation-found,False,326812.52952250006,322015.60425000003,4796.9252725,95938.50545,0.11311373785002368,0.101622310939242,0.0,0.011491426910781692,1,15000,44.19297779805354,225.0,760.0,970.0,100.0
multimodal-reduction-60,multimodal-enabled,0.6,87088.38274,combined,7,no-feasible-allocation-found,False,343813.72146250005,338780.14430000004,5033.5771625,100671.54324999999,0.1622225211468055,0.15596983297476247,0.0,0.006252688172043031,0,15000,42.02987723033253,245.0,845.0,865.0,100.0
multimodal-reduction-60,multimodal-enabled,0.6,87088.38274,combined,8,no-feasible-allocation-found,False,344168.14796250005,339215.17970000004,4952.968262500001,99059.36525000002,0.14894928447301314,0.13745785756223144,0.0,0.011491426910781692,0,15000,42.338232866991085,285.0,760.0,970.0,40.0
multimodal-reduction-60,multimodal-enabled,0.6,87088.38274,combined,9,no-feasible-allocation-found,False,323239.007635,318524.6176,4714.390035000001,94287.80070000002,0.09415937564848748,0.08266794873770578,0.0,0.011491426910781692,1,15000,44.95013584752637,220.0,720.0,995.0,120.0
multimodal-reduction-60,multimodal-enabled,0.6,87088.38274,combined,10,no-feasible-allocation-found,False,334369.2832250001,329511.90987500007,4857.37335,97147.46699999999,0.12074305680640919,0.11550431806767053,0.0,0.00523873873873866,1,15000,43.26735239253852,220.0,805.0,930.0,100.0
multimodal-reduction-60,multimodal-enabled,0.6,87088.38274,combined,11,no-feasible-allocation-found,False,331243.08895,326435.05465,4808.034300000002,96160.68600000003,0.1156649455198612,0.10417351860907952,0.0,0.011491426910781692,1,15000,44.80940308191405,220.0,740.0,1055.0,40.0
multimodal-reduction-60,multimodal-enabled,0.6,87088.38274,combined,12,no-feasible-allocation-found,False,321507.7852350001,316797.5513500001,4710.233885,94204.67769999999,0.09320490850390634,0.08171348159312465,0.0,0.011491426910781692,0,15000,44.75776480129766,180.0,800.0,1055.0,20.0
multimodal-reduction-60,multimodal-enabled,0.6,87088.38274,combined,13,no-feasible-allocation-found,False,330209.55408,325323.7484,4885.80568,97716.1136,0.1335252794824708,0.12203385257168912,0.0,0.011491426910781692,0,15000,44.55472019464721,260.0,720.0,1035.0,40.0
multimodal-reduction-60,multimodal-enabled,0.6,87088.38274,combined,14,no-feasible-allocation-found,False,351561.3300075001,346508.58110000007,5052.748907500001,101054.97815000002,0.16662534604647977,0.16037265787443675,0.0,0.006252688172043031,1,15000,42.19735654906732,245.0,845.0,925.0,40.0
multimodal-reduction-60,multimodal-enabled,0.6,87088.38274,combined,15,no-feasible-allocation-found,False,349077.17335,344061.85385,5015.3195000000005,100306.39,0.175217968039979,0.15177692872609658,0.0,0.023441039313882406,1,15000,43.30033110300083,330.0,695.0,990.0,40.0
multimodal-reduction-60,multimodal-enabled,0.6,87088.38274,combined,16,no-feasible-allocation-found,False,325778.9729475,321078.3811,4700.591847500001,94011.83695000001,0.1029402100663098,0.07949917075242739,0.0,0.023441039313882406,1,15000,45.05887560827251,265.0,655.0,1015.0,120.0
multimodal-reduction-60,multimodal-enabled,0.6,87088.38274,combined,17,no-feasible-allocation-found,False,314923.6294875,310272.31515,4651.3143375,93026.28675,0.09162354337676584,0.06818250406288344,0.0,0.023441039313882406,0,15000,45.5354433292782,205.0,735.0,1035.0,80.0
multimodal-reduction-60,multimodal-enabled,0.6,87088.38274,combined,18,no-feasible-allocation-found,False,325316.2966550001,320502.99132500007,4813.30533,96266.1066,0.1116367080751321,0.10538401990308907,0.0,0.006252688172043031,1,15000,43.67111232765613,180.0,845.0,990.0,40.0
multimodal-reduction-60,multimodal-enabled,0.6,87088.38274,combined,19,no-feasible-allocation-found,False,335127.22337250004,330230.730525,4896.492847500001,97929.85695,0.14167653049369308,0.1244881793518537,0.0,0.017188351141839375,0,15000,43.795230433901054,245.0,760.0,930.0,120.0
multimodal-reduction-60,multimodal-enabled,0.6,87088.38274,combined,20,no-feasible-allocation-found,False,339326.201885,334382.63187499996,4943.57001,98871.4002,0.158740571688687,0.13529953237480458,0.0,0.023441039313882406,0,15000,43.1009300486618,310.0,695.0,930.0,120.0
multimodal-reduction-60,multimodal-enabled,0.6,87088.38274,combined,21,no-feasible-allocation-found,False,355049.09833500005,349955.17797500006,5093.92036,101878.4072,0.18803005480219395,0.1698277542270502,0.0,0.018202300575143746,0,15000,42.09963848337389,310.0,780.0,925.0,40.0
multimodal-reduction-60,multimodal-enabled,0.6,87088.38274,combined,22,no-feasible-allocation-found,False,343890.55658249994,338983.75017499994,4906.806407500001,98136.12815000002,0.13834813342447091,0.12685670651368922,0.0,0.011491426910781692,1,15000,43.42745022303326,285.0,720.0,950.0,100.0
multimodal-reduction-60,multimodal-enabled,0.6,87088.38274,combined,23,no-feasible-allocation-found,False,339390.423945,334416.5821,4973.841845,99476.8369,0.15374293934253033,0.14225151243174863,0.0,0.011491426910781692,0,15000,42.59376175993512,290.0,760.0,905.0,100.0
multimodal-reduction-60,multimodal-enabled,0.6,87088.38274,combined,24,no-feasible-allocation-found,False,330052.92957499996,325304.2128,4748.716775,94974.33549999999,0.11399218416110368,0.09055114484722128,0.0,0.023441039313882406,0,15000,45.23854095701542,280.0,655.0,1100.0,20.0
multimodal-reduction-60,multimodal-enabled,0.6,87088.38274,combined,25,no-feasible-allocation-found,False,336912.6345125,331987.23000000004,4925.404512500001,98508.09025000002,0.13636653271894433,0.1311277939802057,0.0,0.00523873873873866,1,15000,42.51859255879968,225.0,845.0,865.0,120.0
multimodal-reduction-60,multimodal-enabled,0.6,87088.38274,combined,26,no-feasible-allocation-found,False,309643.99808000005,305020.68830000004,4623.30978,92466.19559999999,0.07324263517532491,0.061751208264543216,0.0,0.011491426910781692,1,15000,45.296175993511774,180.0,760.0,1075.0,40.0
multimodal-reduction-60,multimodal-enabled,0.6,87088.38274,combined,27,no-feasible-allocation-found,False,348411.64228749997,343456.7447,4954.897587500001,99097.95175000001,0.16134196974973916,0.13790093043585674,0.0,0.023441039313882406,1,15000,43.147960360908364,325.0,675.0,1015.0,40.0
multimodal-reduction-60,multimodal-enabled,0.6,87088.38274,combined,28,no-feasible-allocation-found,False,336918.4897875,332039.6616,4878.828187500001,97576.56375000002,0.143872498482348,0.12043145916846561,0.0,0.023441039313882406,0,15000,44.39593886861315,305.0,655.0,995.0,100.0
multimodal-reduction-60,multimodal-enabled,0.6,87088.38274,combined,29,no-feasible-allocation-found,False,332202.92988750007,327354.15567500005,4848.7742125,96975.48425000001,0.1250209379538066,0.11352951104302489,0.0,0.011491426910781692,1,15000,43.68357025547447,245.0,760.0,950.0,100.0
multimodal-reduction-60,multimodal-enabled,0.6,87088.38274,hybrid-seeded,0,no-feasible-allocation-found,False,317960.05244750006,313267.96200000006,4692.090447499999,93841.80894999998,0.10098784863013927,0.07754680931625686,0.0,0.023441039313882406,1,15000,45.58072759529603,225.0,695.0,1015.0,120.0
multimodal-reduction-60,multimodal-enabled,0.6,87088.38274,hybrid-seeded,1,no-feasible-allocation-found,False,308830.65663500014,304342.2291000001,4488.427535,89768.55069999999,0.05421630319725891,0.0307752638833765,0.0,0.023441039313882406,1,15000,46.826618410381194,180.0,695.0,1140.0,40.0
multimodal-reduction-60,multimodal-enabled,0.6,87088.38274,hybrid-seeded,2,no-feasible-allocation-found,False,339599.1989324999,334723.79094999994,4875.4079825,97508.15965,0.13113742999603775,0.11964600308525605,0.0,0.011491426910781692,1,15000,43.75047293187349,265.0,740.0,1010.0,40.0
multimodal-reduction-60,multimodal-enabled,0.6,87088.38274,hybrid-seeded,3,no-feasible-allocation-found,False,339829.77996500017,334904.71835000016,4925.0616150000005,98501.2323,0.13730173513933777,0.13104904696729475,0.0,0.006252688172043031,2,15000,43.33848053527981,220.0,825.0,990.0,20.0
multimodal-reduction-60,multimodal-enabled,0.6,87088.38274,hybrid-seeded,4,no-feasible-allocation-found,False,332115.49587999994,327230.37057499995,4885.1253050000005,97702.5061,0.12711634199712243,0.12187760325838377,0.0,0.00523873873873866,1,15000,43.23842457420925,200.0,845.0,930.0,80.0
multimodal-reduction-60,multimodal-enabled,0.6,87088.38274,hybrid-seeded,5,no-feasible-allocation-found,False,335953.3249950001,331087.8947500001,4865.4302450000005,97308.6049,0.12259333688889837,0.11735459815015971,0.0,0.00523873873873866,1,15000,43.19247485806975,180.0,865.0,970.0,40.0
multimodal-reduction-60,multimodal-enabled,0.6,87088.38274,hybrid-seeded,6,no-feasible-allocation-found,False,333886.7736475001,329048.5288250001,4838.2448225,96764.89645,0.12260284505353178,0.11111141814275008,0.0,0.011491426910781692,2,15000,43.500615267639915,245.0,760.0,950.0,100.0
multimodal-reduction-60,multimodal-enabled,0.6,87088.38274,hybrid-seeded,7,no-feasible-allocation-found,False,345528.0127450001,340540.6880750001,4987.324670000001,99746.4934,0.1516005550372534,0.14534786686521037,0.0,0.006252688172043031,3,15000,42.6363090024331,240.0,825.0,930.0,60.0
multimodal-reduction-60,multimodal-enabled,0.6,87088.38274,hybrid-seeded,8,no-feasible-allocation-found,False,354408.1993175001,349265.2969750001,5142.9023425000005,102858.04685,0.18631529124609086,0.18107655250735222,0.0,0.00523873873873866,2,15000,41.758217051905916,285.0,825.0,925.0,20.0
multimodal-reduction-60,multimodal-enabled,0.6,87088.38274,hybrid-seeded,9,no-feasible-allocation-found,False,339637.9241975001,334663.3543250001,4974.5698725,99491.39745,0.15391013213612578,0.14241870522534408,0.0,0.011491426910781692,2,15000,42.839378852392535,285.0,760.0,910.0,100.0
multimodal-reduction-60,multimodal-enabled,0.6,87088.38274,hybrid-seeded,10,no-feasible-allocation-found,False,315310.95435,310649.65205000003,4661.3023,93226.046,0.0819676840979639,0.07047625718718221,0.0,0.011491426910781692,2,15000,45.022033252230344,200.0,760.0,1075.0,20.0
multimodal-reduction-60,multimodal-enabled,0.6,87088.38274,hybrid-seeded,11,no-feasible-allocation-found,False,318958.517435,314326.314175,4632.203260000001,92644.06520000001,0.0752850384718822,0.06379361156110051,0.0,0.011491426910781692,0,15000,45.296343065693435,180.0,760.0,1075.0,40.0
multimodal-reduction-60,multimodal-enabled,0.6,87088.38274,hybrid-seeded,12,no-feasible-allocation-found,False,355656.54939750006,350446.9939250001,5209.5554725,104191.10944999999,0.2016222995755464,0.19638356083680775,0.0,0.00523873873873866,2,15000,41.69304146390917,305.0,825.0,905.0,20.0
multimodal-reduction-60,multimodal-enabled,0.6,87088.38274,hybrid-seeded,13,no-feasible-allocation-found,False,339072.18790250004,334181.254,4890.9339025,97818.67805,0.13470298478337425,0.12321155787259257,0.0,0.011491426910781692,2,15000,42.76757836577455,265.0,760.0,950.0,80.0
multimodal-reduction-60,multimodal-enabled,0.6,87088.38274,hybrid-seeded,14,no-feasible-allocation-found,False,317680.32079500007,312987.38820000004,4692.932595,93858.6519,0.08923163687899813,0.07774020996821643,0.0,0.011491426910781692,2,15000,45.30221654501217,200.0,740.0,1015.0,100.0
multimodal-reduction-60,multimodal-enabled,0.6,87088.38274,hybrid-seeded,15,no-feasible-allocation-found,False,348822.06136750005,343753.02697500004,5069.034392500001,101380.68785,0.17036533626965772,0.1641126480976147,0.0,0.006252688172043031,1,15000,42.698799776966744,245.0,825.0,925.0,60.0
multimodal-reduction-60,multimodal-enabled,0.6,87088.38274,hybrid-seeded,16,no-feasible-allocation-found,False,314423.89217999997,309816.89247499994,4606.999705,92139.9941,0.06949699781547336,0.05800557090469166,0.0,0.011491426910781692,0,15000,45.500736009732364,160.0,780.0,1015.0,100.0
multimodal-reduction-60,multimodal-enabled,0.6,87088.38274,hybrid-seeded,17,no-feasible-allocation-found,False,342379.13352250005,337464.49267500004,4914.6408475,98292.81695,0.1401473263256385,0.1286558994148568,0.0,0.011491426910781692,1,15000,43.397464416058405,285.0,720.0,950.0,100.0
multimodal-reduction-60,multimodal-enabled,0.6,87088.38274,hybrid-seeded,18,no-feasible-allocation-found,False,348608.0411624999,343591.85012499994,5016.191037500001,100323.82075000001,0.17541811815703942,0.151977078843157,0.0,0.023441039313882406,2,15000,43.122575527169516,350.0,675.0,1010.0,20.0
multimodal-reduction-60,multimodal-enabled,0.6,87088.38274,hybrid-seeded,19,no-feasible-allocation-found,False,343999.24820499995,338914.90392499993,5084.344280000001,101686.88560000001,0.17912001755281304,0.16762859064203134,0.0,0.011491426910781692,3,15000,43.45106630170318,345.0,675.0,1015.0,20.0
multimodal-reduction-60,multimodal-enabled,0.6,87088.38274,hybrid-seeded,20,no-feasible-allocation-found,False,354515.1909075,349395.269775,5119.9211325000015,102398.42265000002,0.1820515654540765,0.17579887728203347,0.0,0.006252688172043031,3,15000,41.283071472019465,285.0,825.0,845.0,100.0
multimodal-reduction-60,multimodal-enabled,0.6,87088.38274,hybrid-seeded,21,no-feasible-allocation-found,False,343432.18227750005,338507.676625,4924.505652500001,98490.11305000001,0.1424127961138311,0.1309213692030494,0.0,0.011491426910781692,2,15000,43.40471096918086,285.0,740.0,1010.0,20.0
multimodal-reduction-60,multimodal-enabled,0.6,87088.38274,hybrid-seeded,22,no-feasible-allocation-found,False,341649.6751925,336729.39515,4920.2800425,98405.60084999999,0.141442377358297,0.1299509504475153,0.0,0.011491426910781692,2,15000,43.71676652473642,285.0,720.0,950.0,100.0
multimodal-reduction-60,multimodal-enabled,0.6,87088.38274,hybrid-seeded,23,no-feasible-allocation-found,False,346072.0511350001,341014.4145000001,5057.636635000002,101152.73270000002,0.1729865599871273,0.1614951330763456,0.0,0.011491426910781692,1,15000,42.23985948905111,310.0,760.0,885.0,100.0
multimodal-reduction-60,multimodal-enabled,0.6,87088.38274,hybrid-seeded,24,no-feasible-allocation-found,False,333745.2289250001,328911.9339500001,4833.294975,96665.8995,0.11521341571251385,0.10997467697377519,0.0,0.00523873873873866,3,15000,43.62949472830495,180.0,845.0,990.0,40.0
multimodal-reduction-60,multimodal-enabled,0.6,87088.38274,hybrid-seeded,25,no-feasible-allocation-found,False,338325.20968,332969.95347500005,5355.256204999999,107105.12409999997,0.22984398986670138,0.22984398986670138,0.0,0.0,4,15000,41.63455717761557,300.0,830.0,905.0,20.0
multimodal-reduction-60,multimodal-enabled,0.6,87088.38274,hybrid-seeded,26,no-feasible-allocation-found,False,348666.3549025,343664.985825,5001.3690775000005,100027.38155,0.16677549028092842,0.14857318970578468,0.0,0.018202300575143746,2,15000,42.77139831711274,305.0,740.0,910.0,100.0
multimodal-reduction-60,multimodal-enabled,0.6,87088.38274,hybrid-seeded,27,no-feasible-allocation-found,False,314692.46978,310080.6571,4611.81268,92236.2536,0.07060230597451198,0.059110879063730276,0.0,0.011491426910781692,0,15000,44.927064476885654,200.0,740.0,1015.0,100.0
multimodal-reduction-60,multimodal-enabled,0.6,87088.38274,hybrid-seeded,28,no-feasible-allocation-found,False,335873.5927900001,330988.89610000007,4884.69669,97693.9338,0.12701790980983987,0.12177917107110121,0.0,0.00523873873873866,1,15000,43.10353771289539,200.0,845.0,970.0,40.0
multimodal-reduction-60,multimodal-enabled,0.6,87088.38274,hybrid-seeded,29,no-feasible-allocation-found,False,356092.015755,351084.99205,5007.0237050000005,100140.4741,0.17331282415304597,0.14987178483916355,0.0,0.023441039313882406,3,15000,42.06273742903489,370.0,655.0,930.0,100.0
single-mode-reduction-55,single-mode-per-order,0.55,97974.43058249999,greedy-reference,,infeasible-allocation,False,417806.3374025,411453.54695,6352.790452500001,127055.80905000001,0.2968262055170799,0.2968262055170799,0.0,0.0,0,269,35.67678842254664,580.0,825.0,650.0,0.0
single-mode-reduction-55,single-mode-per-order,0.55,97974.43058249999,fixed,0,no-feasible-allocation-found,False,373530.21628249995,368068.35597499995,5461.860307500002,109237.20615000003,0.12019501356001609,0.11495627482127743,0.0,0.00523873873873866,0,15000,40.47587053933496,410.0,760.0,885.0,0.0
single-mode-reduction-55,single-mode-per-order,0.55,97974.43058249999,fixed,1,no-feasible-allocation-found,False,336774.53432,331865.277375,4909.256945,98185.1389,0.007389384741448388,0.0021506460027097274,0.0,0.00523873873873866,0,15000,42.7521504460665,220.0,845.0,990.0,0.0
single-mode-reduction-55,single-mode-per-order,0.55,97974.43058249999,fixed,2,no-feasible-allocation-found,False,307103.156865,302289.129175,4814.02769,96280.5538,0.011491426910781692,0.0,0.0,0.011491426910781692,0,15000,44.7177291159773,220.0,760.0,1075.0,0.0
single-mode-reduction-55,single-mode-per-order,0.55,97974.43058249999,fixed,3,no-feasible-allocation-found,False,398981.5818200001,393275.41197500005,5706.169844999999,114123.39689999998,0.17108106452990968,0.16482837635786665,0.0,0.006252688172043031,0,15000,37.99261516626114,455.0,825.0,775.0,0.0
single-mode-reduction-55,single-mode-per-order,0.55,97974.43058249999,fixed,4,no-feasible-allocation-found,False,343691.1262225,338725.195225,4965.9309975,99318.61994999998,0.03090814884322132,0.013719797701381944,0.0,0.017188351141839375,0,15000,42.922239760746145,265.0,800.0,990.0,0.0
single-mode-reduction-55,single-mode-per-order,0.55,97974.43058249999,fixed,5,no-feasible-allocation-found,False,310058.757615,305214.7209,4844.036715000001,96880.73430000001,0.011491426910781692,0.0,0.0,0.011491426910781692,0,15000,44.57554622871046,200.0,800.0,1055.0,0.0
single-mode-reduction-55,single-mode-per-order,0.55,97974.43058249999,fixed,6,no-feasible-allocation-found,False,344811.55273249996,339821.10867499997,4990.444057500001,99808.88115,0.03021519551646193,0.018723768605680237,0.0,0.011491426910781692,0,15000,43.288464416058396,285.0,760.0,1010.0,0.0
single-mode-reduction-55,single-mode-per-order,0.55,97974.43058249999,fixed,7,no-feasible-allocation-found,False,327461.97649500007,322563.3756750001,4898.60082,97972.0164,0.00523873873873866,0.0,0.0,0.00523873873873866,0,15000,43.406733171127335,180.0,885.0,990.0,0.0
single-mode-reduction-55,single-mode-per-order,0.55,97974.43058249999,fixed,8,no-feasible-allocation-found,False,314852.3545500001,309955.3507750001,4897.003774999999,97940.07549999998,0.011491426910781692,0.0,0.0,0.011491426910781692,0,15000,44.397733576642345,240.0,760.0,1055.0,0.0
single-mode-reduction-55,single-mode-per-order,0.55,97974.43058249999,fixed,9,no-feasible-allocation-found,False,308833.75178500003,303999.02400000003,4834.727784999998,96694.55569999997,0.011491426910781692,0.0,0.0,0.011491426910781692,0,15000,44.75838361719385,200.0,780.0,1075.0,0.0
single-mode-reduction-55,single-mode-per-order,0.55,97974.43058249999,fixed,10,no-feasible-allocation-found,False,346451.756555,341358.25265000004,5093.503905,101870.07809999998,0.04500061838773177,0.03976187964899311,0.0,0.00523873873873866,0,15000,41.893940997566894,305.0,780.0,970.0,0.0
single-mode-reduction-55,single-mode-per-order,0.55,97974.43058249999,fixed,11,no-feasible-allocation-found,False,377059.4942725,371693.10455,5366.3897225,107327.79444999999,0.11265574821564975,0.09546739707381037,0.0,0.017188351141839375,0,15000,40.182101277372254,370.0,800.0,885.0,0.0
single-mode-reduction-55,single-mode-per-order,0.55,97974.43058249999,fixed,12,no-feasible-allocation-found,False,371629.12089,366312.93485,5316.18604,106323.72079999998,0.10342137424426212,0.08521907366911838,0.0,0.018202300575143746,0,15000,40.72955332522303,390.0,740.0,925.0,0.0
single-mode-reduction-55,single-mode-per-order,0.55,97974.43058249999,fixed,13,no-feasible-allocation-found,False,347620.57469250006,342633.72827500006,4986.846417499999,99736.92834999997,0.03517771588753045,0.017989364745691076,0.0,0.017188351141839375,0,15000,42.84612946066503,285.0,780.0,990.0,0.0
single-mode-reduction-55,single-mode-per-order,0.55,97974.43058249999,fixed,14,no-feasible-allocation-found,False,363518.8510624999,358325.21227499994,5193.6387875,103872.77575,0.07739125441396681,0.060202903272127434,0.0,0.017188351141839375,0,15000,41.14918866585564,325.0,800.0,930.0,0.0
single-mode-reduction-55,single-mode-per-order,0.55,97974.43058249999,fixed,15,no-feasible-allocation-found,False,351543.34862249997,346386.532325,5156.8162975000005,103136.32595,0.057924886918527284,0.052686148179788624,0.0,0.00523873873873866,0,15000,41.74895752230332,285.0,845.0,925.0,0.0
single-mode-reduction-55,single-mode-per-order,0.55,97974.43058249999,fixed,16,no-feasible-allocation-found,False,353106.07297750004,348065.146375,5040.9266025,100818.53204999998,0.05247005689112769,0.02902901757724528,0.0,0.023441039313882406,0,15000,42.7004350162206,350.0,695.0,1010.0,0.0
single-mode-reduction-55,single-mode-per-order,0.55,97974.43058249999,fixed,17,no-feasible-allocation-found,False,347049.4670225,342073.826325,4975.640697499999,99512.81394999998,0.03289023742332775,0.015701886281488373,0.0,0.017188351141839375,0,15000,43.1880353811841,265.0,800.0,990.0,0.0
single-mode-reduction-55,single-mode-per-order,0.55,97974.43058249999,fixed,18,no-feasible-allocation-found,False,357580.172815,352493.607725,5086.56509,101731.30179999999,0.08178646469848314,0.03834542538460072,0.02,0.023441039313882406,0,15000,42.279988442822386,370.0,695.0,990.0,0.0
single-mode-reduction-55,single-mode-per-order,0.55,97974.43058249999,fixed,19,no-feasible-allocation-found,False,341593.82527250005,336634.161925,4959.663347499999,99193.26694999998,0.04962870277494896,0.012440351633109586,0.02,0.017188351141839375,0,15000,42.80486182076237,265.0,800.0,990.0,0.0
single-mode-reduction-55,single-mode-per-order,0.55,97974.43058249999,fixed,20,no-feasible-allocation-found,False,359605.07068249997,354440.30925,5164.7614324999995,103295.22864999998,0.06579945438147541,0.05430802747069373,0.0,0.011491426910781692,0,15000,41.58774239659367,330.0,780.0,945.0,0.0
single-mode-reduction-55,single-mode-per-order,0.55,97974.43058249999,fixed,21,no-feasible-allocation-found,False,314163.7388250001,309278.6843500001,4885.054474999999,97701.08949999997,0.018202300575143746,0.0,0.0,0.018202300575143746,0,15000,44.56088767234387,220.0,780.0,1055.0,0.0
single-mode-reduction-55,single-mode-per-order,0.55,97974.43058249999,fixed,22,no-feasible-allocation-found,False,346226.63765000005,341229.32017500006,4997.317474999999,99946.34949999997,0.037315224100182426,0.02012687295834305,0.0,0.017188351141839375,0,15000,42.901405920519046,285.0,780.0,990.0,0.0
single-mode-reduction-55,single-mode-per-order,0.55,97974.43058249999,fixed,23,no-feasible-allocation-found,False,351707.70648250007,346629.3939250001,5078.3125575,101566.25115,0.0548630961127661,0.03666079553762235,0.0,0.018202300575143746,0,15000,42.69799685725872,285.0,800.0,970.0,0.0
single-mode-reduction-55,single-mode-per-order,0.55,97974.43058249999,fixed,24,no-feasible-allocation-found,False,345475.84470250004,340480.37052500003,4995.474177499999,99909.48354999998,0.05795289219374532,0.019750591618601567,0.02,0.018202300575143746,0,15000,42.70664081508515,285.0,780.0,990.0,0.0
single-mode-reduction-55,single-mode-per-order,0.55,97974.43058249999,fixed,25,no-feasible-allocation-found,False,358330.9013575,353168.25035,5162.6510075,103253.02014999998,0.07911595482579846,0.053877216087059795,0.02,0.00523873873873866,0,15000,41.70032126926196,285.0,845.0,925.0,0.0
single-mode-reduction-55,single-mode-per-order,0.55,97974.43058249999,fixed,26,no-feasible-allocation-found,False,360044.8129775,354874.167475,5170.6455025,103412.91004999999,0.07895021079021464,0.055509171476332234,0.0,0.023441039313882406,0,15000,41.81769130170318,370.0,715.0,970.0,0.0
single-mode-reduction-55,single-mode-per-order,0.55,97974.43058249999,fixed,27,no-feasible-allocation-found,False,313754.4244900001,308857.0713500001,4897.353139999999,97947.06279999999,0.017188351141839375,0.0,0.0,0.017188351141839375,0,15000,43.95278021086781,220.0,800.0,1035.0,0.0
single-mode-reduction-55,single-mode-per-order,0.55,97974.43058249999,fixed,28,no-feasible-allocation-found,False,326455.45217500004,321559.84925,4895.602924999999,97912.05849999998,0.00523873873873866,0.0,0.0,0.00523873873873866,0,15000,42.8011508515815,200.0,865.0,990.0,0.0
single-mode-reduction-55,single-mode-per-order,0.55,97974.43058249999,fixed,29,no-feasible-allocation-found,False,366148.1972199999,360905.72604999994,5242.471169999999,104849.42339999997,0.08837359707184396,0.07017129649670022,0.0,0.018202300575143746,0,15000,41.199935320356836,330.0,800.0,925.0,0.0
single-mode-reduction-55,single-mode-per-order,0.55,97974.43058249999,adaptive,0,no-feasible-allocation-found,False,353229.86341750005,348177.175975,5052.6874425,101053.74884999999,0.0548708547176784,0.03142981540379599,0.0,0.023441039313882406,0,15000,43.01838148824007,350.0,695.0,1010.0,0.0
single-mode-reduction-55,single-mode-per-order,0.55,97974.43058249999,adaptive,1,no-feasible-allocation-found,False,305228.002755,300473.19682500005,4754.805930000001,95096.11860000002,0.011491426910781692,0.0,0.0,0.011491426910781692,0,15000,45.11786050283861,200.0,780.0,1075.0,0.0
single-mode-reduction-55,single-mode-per-order,0.55,97974.43058249999,adaptive,2,no-feasible-allocation-found,False,334825.81367000006,329928.83697500004,4896.976694999999,97939.53389999998,0.017188351141839375,0.0,0.0,0.017188351141839375,0,15000,43.89169505271694,260.0,760.0,1035.0,0.0
single-mode-reduction-55,single-mode-per-order,0.55,97974.43058249999,adaptive,3,no-feasible-allocation-found,False,304438.442885,299632.171825,4806.271060000001,96125.42120000001,0.011491426910781692,0.0,0.0,0.011491426910781692,0,15000,44.90482643957828,220.0,760.0,1075.0,0.0
single-mode-reduction-55,single-mode-per-order,0.55,97974.43058249999,adaptive,4,no-feasible-allocation-found,False,353041.55202749994,347993.06577499997,5048.486252499999,100969.72504999998,0.054013245242426,0.030572205928543594,0.0,0.023441039313882406,0,15000,42.777108576642334,350.0,695.0,1010.0,0.0
single-mode-reduction-55,single-mode-per-order,0.55,97974.43058249999,adaptive,5,no-feasible-allocation-found,False,327716.90302000014,322818.3439500001,4898.55907,97971.1814,0.017188351141839375,0.0,0.0,0.017188351141839375,0,15000,44.0142303325223,240.0,780.0,1035.0,0.0
single-mode-reduction-55,single-mode-per-order,0.55,97974.43058249999,adaptive,6,no-feasible-allocation-found,False,314559.09999000013,309681.7969500001,4877.303039999999,97546.06079999998,0.017188351141839375,0.0,0.0,0.017188351141839375,0,15000,44.13477250608272,220.0,780.0,1055.0,0.0
single-mode-reduction-55,single-mode-per-order,0.55,97974.43058249999,adaptive,7,no-feasible-allocation-found,False,309555.0604900001,304749.0134250001,4806.047064999999,96120.94129999998,0.018202300575143746,0.0,0.0,0.018202300575143746,0,15000,44.93068532035685,180.0,820.0,1055.0,0.0
single-mode-reduction-55,single-mode-per-order,0.55,97974.43058249999,adaptive,8,no-feasible-allocation-found,False,335197.03523,330298.437,4898.59823,97971.96459999999,0.011491426910781692,0.0,0.0,0.011491426910781692,0,15000,43.77856690997567,260.0,760.0,1035.0,0.0
single-mode-reduction-55,single-mode-per-order,0.55,97974.43058249999,adaptive,9,no-feasible-allocation-found,False,338806.09811499994,333902.66577499994,4903.43234,98068.6468,0.006200379617280708,0.0009616408785420475,0.0,0.00523873873873866,0,15000,42.67689051094891,220.0,845.0,990.0,0.0
single-mode-reduction-55,single-mode-per-order,0.55,97974.43058249999,adaptive,10,no-feasible-allocation-found,False,303032.14644000004,298251.44867500005,4780.697764999999,95613.95529999997,0.011491426910781692,0.0,0.0,0.011491426910781692,0,15000,45.057783860502845,200.0,780.0,1075.0,0.0
single-mode-reduction-55,single-mode-per-order,0.55,97974.43058249999,adaptive,11,no-feasible-allocation-found,False,367593.42593250005,362299.1537750001,5294.2721575,105885.44314999999,0.08699837376026885,0.08074568558822583,0.0,0.006252688172043031,0,15000,40.8345552514193,305.0,865.0,885.0,0.0
single-mode-reduction-55,single-mode-per-order,0.55,97974.43058249999,adaptive,12,no-feasible-allocation-found,False,355136.45819499996,350017.30957499996,5119.14862,102382.97239999998,0.06843790014062387,0.04499686082674146,0.0,0.023441039313882406,0,15000,42.56371431467964,350.0,715.0,990.0,0.0
single-mode-reduction-55,single-mode-per-order,0.55,97974.43058249999,adaptive,13,no-feasible-allocation-found,False,331631.8257875,326737.13955,4894.686237500001,97893.72475000001,0.04344103931388241,0.0,0.02,0.023441039313882406,0,15000,43.83255687347933,305.0,695.0,1055.0,0.0
single-mode-reduction-55,single-mode-per-order,0.55,97974.43058249999,adaptive,14,no-feasible-allocation-found,False,347133.14611750003,342167.5581,4965.588017499999,99311.76034999998,0.03185208409058746,0.013649783515443707,0.0,0.018202300575143746,0,15000,42.77013675993512,285.0,780.0,990.0,0.0
single-mode-reduction-55,single-mode-per-order,0.55,97974.43058249999,adaptive,15,no-feasible-allocation-found,False,344407.6336375,339361.567125,5046.0665125000005,100921.33025,0.041569679470959145,0.030078252560177456,0.0,0.011491426910781692,0,15000,42.41454551905921,305.0,760.0,990.0,0.0
single-mode-reduction-55,single-mode-per-order,0.55,97974.43058249999,adaptive,16,no-feasible-allocation-found,False,345786.61205750005,340824.92750000005,4961.6845575,99233.69114999998,0.030041302264016356,0.012852951122176982,0.0,0.017188351141839375,0,15000,42.94621096918085,265.0,800.0,990.0,0.0
single-mode-reduction-55,single-mode-per-order,0.55,97974.43058249999,adaptive,17,no-feasible-allocation-found,False,311802.65490500006,306906.39847500005,4896.25643,97925.1286,0.04344103931388241,0.0,0.02,0.023441039313882406,0,15000,44.5051901865369,285.0,695.0,1075.0,0.0
single-mode-reduction-55,single-mode-per-order,0.55,97974.43058249999,adaptive,18,no-feasible-allocation-found,False,330077.42719500005,325203.79622500006,4873.63097,97472.6194,0.011491426910781692,0.0,0.0,0.011491426910781692,0,15000,44.29028751013787,260.0,740.0,1055.0,0.0
single-mode-reduction-55,single-mode-per-order,0.55,97974.43058249999,adaptive,19,no-feasible-allocation-found,False,327709.8602125,322811.3576,4898.5026124999995,97970.05224999998,0.011491426910781692,0.0,0.0,0.011491426910781692,0,15000,43.50730099351176,245.0,800.0,1010.0,0.0
single-mode-reduction-55,single-mode-per-order,0.55,97974.43058249999,adaptive,20,no-feasible-allocation-found,False,310114.2857900001,305219.5220750001,4894.763715,97895.27429999999,0.011491426910781692,0.0,0.0,0.011491426910781692,0,15000,44.37252757502028,240.0,760.0,1055.0,0.0
single-mode-reduction-55,single-mode-per-order,0.55,97974.43058249999,adaptive,21,no-feasible-allocation-found,False,309297.5140700001,304431.0723500001,4866.441719999998,97328.83439999996,0.017188351141839375,0.0,0.0,0.017188351141839375,0,15000,44.4200397404704,220.0,780.0,1055.0,0.0
single-mode-reduction-55,single-mode-per-order,0.55,97974.43058249999,adaptive,22,no-feasible-allocation-found,False,334318.403685,329425.689275,4892.714409999999,97854.28819999997,0.00523873873873866,0.0,0.0,0.00523873873873866,0,15000,42.88217193836171,200.0,865.0,990.0,0.0
single-mode-reduction-55,single-mode-per-order,0.55,97974.43058249999,adaptive,23,no-feasible-allocation-found,False,319974.95920000016,315076.26975000015,4898.68945,97973.78899999999,0.017188351141839375,0.0,0.0,0.017188351141839375,0,15000,43.950684914841844,260.0,740.0,1055.0,0.0
single-mode-reduction-55,single-mode-per-order,0.55,97974.43058249999,adaptive,24,no-feasible-allocation-found,False,327236.74468999996,322320.27595,4916.468740000001,98329.37480000002,0.015114251921243441,0.0036228250104617496,0.0,0.011491426910781692,0,15000,44.21703203568532,260.0,740.0,1055.0,0.0
single-mode-reduction-55,single-mode-per-order,0.55,97974.43058249999,adaptive,25,no-feasible-allocation-found,False,311837.5293500001,306944.7099500001,4892.819399999999,97856.38799999998,0.017188351141839375,0.0,0.0,0.017188351141839375,0,15000,44.35500324412003,220.0,780.0,1055.0,0.0
single-mode-reduction-55,single-mode-per-order,0.55,97974.43058249999,adaptive,26,no-feasible-allocation-found,False,333203.88769999996,328288.091025,4915.796674999998,98315.93349999996,0.008724371831675095,0.0034856330929364343,0.0,0.00523873873873866,0,15000,43.065774939172755,200.0,865.0,990.0,0.0
single-mode-reduction-55,single-mode-per-order,0.55,97974.43058249999,adaptive,27,no-feasible-allocation-found,False,345117.06517,340152.587575,4964.477594999999,99289.55189999998,0.030611458677969224,0.01342310753612985,0.0,0.017188351141839375,0,15000,42.906356042173556,265.0,800.0,990.0,0.0
single-mode-reduction-55,single-mode-per-order,0.55,97974.43058249999,adaptive,28,no-feasible-allocation-found,False,329600.0992575001,324704.6145750001,4895.484682499999,97909.69364999997,0.011491426910781692,0.0,0.0,0.011491426910781692,0,15000,43.0784550892133,245.0,800.0,1010.0,0.0
single-mode-reduction-55,single-mode-per-order,0.55,97974.43058249999,adaptive,29,no-feasible-allocation-found,False,359757.5888249999,354632.3649749999,5125.22385,102504.477,0.06967806657259615,0.04623702725871374,0.0,0.023441039313882406,0,15000,42.07429460665045,370.0,695.0,990.0,0.0
single-mode-reduction-55,single-mode-per-order,0.55,97974.43058249999,catastrophe,0,no-feasible-allocation-found,False,373530.21628249995,368068.35597499995,5461.860307500002,109237.20615000003,0.12019501356001609,0.11495627482127743,0.0,0.00523873873873866,0,15000,40.47587053933496,410.0,760.0,885.0,0.0
single-mode-reduction-55,single-mode-per-order,0.55,97974.43058249999,catastrophe,1,no-feasible-allocation-found,False,336774.53432,331865.277375,4909.256945,98185.1389,0.007389384741448388,0.0021506460027097274,0.0,0.00523873873873866,1,15000,42.7521504460665,220.0,845.0,990.0,0.0
single-mode-reduction-55,single-mode-per-order,0.55,97974.43058249999,catastrophe,2,no-feasible-allocation-found,False,307103.156865,302289.129175,4814.02769,96280.5538,0.011491426910781692,0.0,0.0,0.011491426910781692,0,15000,44.7177291159773,220.0,760.0,1075.0,0.0
single-mode-reduction-55,single-mode-per-order,0.55,97974.43058249999,catastrophe,3,no-feasible-allocation-found,False,397505.9035300001,391816.8418750001,5689.0616549999995,113781.23309999998,0.1675886859780193,0.16133599780597627,0.0,0.006252688172043031,2,15000,37.9438304947283,455.0,825.0,775.0,0.0
single-mode-reduction-55,single-mode-per-order,0.55,97974.43058249999,catastrophe,4,no-feasible-allocation-found,False,348611.1388125,343588.729675,5022.409137499999,100448.18274999998,0.04243730796447637,0.025248956822636996,0.0,0.017188351141839375,2,15000,42.51551307785887,285.0,780.0,990.0,0.0
single-mode-reduction-55,single-mode-per-order,0.55,97974.43058249999,catastrophe,5,no-feasible-allocation-found,False,309990.29641500005,305146.77450000006,4843.521915,96870.43830000001,0.011491426910781692,0.0,0.0,0.011491426910781692,1,15000,44.56162895377129,200.0,800.0,1055.0,0.0
single-mode-reduction-55,single-mode-per-order,0.55,97974.43058249999,catastrophe,6,no-feasible-allocation-found,False,338330.1008075,333405.7341,4924.366707499999,98487.33414999998,0.028676115082637163,0.005235075768754755,0.0,0.023441039313882406,1,15000,43.72530383211679,305.0,695.0,1055.0,0.0
single-mode-reduction-55,single-mode-per-order,0.55,97974.43058249999,catastrophe,7,no-feasible-allocation-found,False,382604.684615,377099.546675,5505.1379400000005,110102.7588,0.129029488482237,0.12379074974349834,0.0,0.00523873873873866,1,15000,38.984981954582324,350.0,885.0,820.0,0.0
single-mode-reduction-55,single-mode-per-order,0.55,97974.43058249999,catastrophe,8,no-feasible-allocation-found,False,314852.3545500001,309955.3507750001,4897.003774999999,97940.07549999998,0.011491426910781692,0.0,0.0,0.011491426910781692,1,15000,44.397733576642345,240.0,760.0,1055.0,0.0
single-mode-reduction-55,single-mode-per-order,0.55,97974.43058249999,catastrophe,9,no-feasible-allocation-found,False,308833.75178500003,303999.02400000003,4834.727784999998,96694.55569999997,0.011491426910781692,0.0,0.0,0.011491426910781692,1,15000,44.75838361719385,200.0,780.0,1075.0,0.0
single-mode-reduction-55,single-mode-per-order,0.55,97974.43058249999,catastrophe,10,no-feasible-allocation-found,False,346451.756555,341358.25265000004,5093.503905,101870.07809999998,0.04500061838773177,0.03976187964899311,0.0,0.00523873873873866,2,15000,41.893940997566894,305.0,780.0,970.0,0.0
single-mode-reduction-55,single-mode-per-order,0.55,97974.43058249999,catastrophe,11,no-feasible-allocation-found,False,355804.23660249996,350564.725275,5239.5113275,104790.22655,0.1067554405035962,0.06956708936175682,0.02,0.017188351141839375,2,15000,41.71432694647201,325.0,800.0,930.0,0.0
single-mode-reduction-55,single-mode-per-order,0.55,97974.43058249999,catastrophe,12,no-feasible-allocation-found,False,371629.12089,366312.93485,5316.18604,106323.72079999998,0.10342137424426212,0.08521907366911838,0.0,0.018202300575143746,0,15000,40.72955332522303,390.0,740.0,925.0,0.0
single-mode-reduction-55,single-mode-per-order,0.55,97974.43058249999,catastrophe,13,no-feasible-allocation-found,False,346557.8525125,341568.55387500004,4989.298637499999,99785.97274999997,0.035678299557253344,0.01848994841541397,0.0,0.017188351141839375,2,15000,42.842201642335766,285.0,780.0,990.0,0.0
single-mode-reduction-55,single-mode-per-order,0.55,97974.43058249999,catastrophe,14,no-feasible-allocation-found,False,363518.8510624999,358325.21227499994,5193.6387875,103872.77575,0.07739125441396681,0.060202903272127434,0.0,0.017188351141839375,2,15000,41.14918866585564,325.0,800.0,930.0,0.0
single-mode-reduction-55,single-mode-per-order,0.55,97974.43058249999,catastrophe,15,no-feasible-allocation-found,False,351980.29319249996,346817.641525,5162.6516675,103253.03335,0.05911608955482865,0.05387735081608999,0.0,0.00523873873873866,1,15000,41.725730028386046,285.0,845.0,925.0,0.0
single-mode-reduction-55,single-mode-per-order,0.55,97974.43058249999,catastrophe,16,no-feasible-allocation-found,False,353401.3506475001,348356.38247500005,5044.968172499999,100899.36344999998,0.05329508235460237,0.029854043040719966,0.0,0.023441039313882406,2,15000,42.8096961678832,350.0,695.0,1010.0,0.0
single-mode-reduction-55,single-mode-per-order,0.55,97974.43058249999,catastrophe,17,no-feasible-allocation-found,False,346666.4073925,341632.03982500004,5034.3675674999995,100687.35134999998,0.06487844080472913,0.02769008966288975,0.02,0.017188351141839375,2,15000,42.674376824817514,305.0,760.0,990.0,0.0
single-mode-reduction-55,single-mode-per-order,0.55,97974.43058249999,catastrophe,18,no-feasible-allocation-found,False,364680.83379249997,359511.75147499994,5169.0823175,103381.64634999998,0.07863111018596378,0.055190070872081366,0.0,0.023441039313882406,2,15000,42.00467244525548,390.0,695.0,970.0,0.0
single-mode-reduction-55,single-mode-per-order,0.55,97974.43058249999,catastrophe,19,no-feasible-allocation-found,False,341891.0931125001,336930.68252500007,4960.4105875,99208.21174999999,0.04978124053312891,0.01259288939128954,0.02,0.017188351141839375,2,15000,42.825062956204384,265.0,800.0,990.0,0.0
single-mode-reduction-55,single-mode-per-order,0.55,97974.43058249999,catastrophe,20,no-feasible-allocation-found,False,367583.70779749996,362341.42514999997,5242.282647499998,104845.65294999996,0.08162423938693089,0.0701328124761492,0.0,0.011491426910781692,1,15000,41.34834053122465,350.0,780.0,925.0,0.0
single-mode-reduction-55,single-mode-per-order,0.55,97974.43058249999,catastrophe,21,no-feasible-allocation-found,False,314163.7388250001,309278.6843500001,4885.054474999999,97701.08949999997,0.018202300575143746,0.0,0.0,0.018202300575143746,0,15000,44.56088767234387,220.0,780.0,1055.0,0.0
single-mode-reduction-55,single-mode-per-order,0.55,97974.43058249999,catastrophe,22,no-feasible-allocation-found,False,346226.63765000005,341229.32017500006,4997.317474999999,99946.34949999997,0.037315224100182426,0.02012687295834305,0.0,0.017188351141839375,1,15000,42.901405920519046,285.0,780.0,990.0,0.0
single-mode-reduction-55,single-mode-per-order,0.55,97974.43058249999,catastrophe,23,no-feasible-allocation-found,False,344780.9113825,339791.61692500004,4989.2944575,99785.88915,0.036691395706701185,0.018489095131557436,0.0,0.018202300575143746,1,15000,43.29651834955393,265.0,800.0,990.0,0.0
single-mode-reduction-55,single-mode-per-order,0.55,97974.43058249999,catastrophe,24,no-feasible-allocation-found,False,345475.84470250004,340480.37052500003,4995.474177499999,99909.48354999998,0.05795289219374532,0.019750591618601567,0.02,0.018202300575143746,2,15000,42.70664081508515,285.0,780.0,990.0,0.0
single-mode-reduction-55,single-mode-per-order,0.55,97974.43058249999,catastrophe,25,no-feasible-allocation-found,False,358330.9013575,353168.25035,5162.6510075,103253.02014999998,0.07911595482579846,0.053877216087059795,0.02,0.00523873873873866,1,15000,41.70032126926196,285.0,845.0,925.0,0.0
single-mode-reduction-55,single-mode-per-order,0.55,97974.43058249999,catastrophe,26,no-feasible-allocation-found,False,360044.8129775,354874.167475,5170.6455025,103412.91004999999,0.07895021079021464,0.055509171476332234,0.0,0.023441039313882406,1,15000,41.81769130170318,370.0,715.0,970.0,0.0
single-mode-reduction-55,single-mode-per-order,0.55,97974.43058249999,catastrophe,27,no-feasible-allocation-found,False,313695.8426650001,308798.2458500001,4897.596815,97951.9363,0.04344103931388241,0.0,0.02,0.023441039313882406,1,15000,44.25085036496352,265.0,735.0,1055.0,0.0
single-mode-reduction-55,single-mode-per-order,0.55,97974.43058249999,catastrophe,28,no-feasible-allocation-found,False,331872.297755,326974.470175,4897.827579999999,97956.55159999998,0.00523873873873866,0.0,0.0,0.00523873873873866,1,15000,42.771023519870226,200.0,865.0,990.0,0.0
single-mode-reduction-55,single-mode-per-order,0.55,97974.43058249999,catastrophe,29,no-feasible-allocation-found,False,366148.1972199999,360905.72604999994,5242.471169999999,104849.42339999997,0.08837359707184396,0.07017129649670022,0.0,0.018202300575143746,1,15000,41.199935320356836,330.0,800.0,925.0,0.0
single-mode-reduction-55,single-mode-per-order,0.55,97974.43058249999,combined,0,no-feasible-allocation-found,False,353229.86341750005,348177.175975,5052.6874425,101053.74884999999,0.0548708547176784,0.03142981540379599,0.0,0.023441039313882406,1,15000,43.01838148824007,350.0,695.0,1010.0,0.0
single-mode-reduction-55,single-mode-per-order,0.55,97974.43058249999,combined,1,no-feasible-allocation-found,False,305228.002755,300473.19682500005,4754.805930000001,95096.11860000002,0.011491426910781692,0.0,0.0,0.011491426910781692,0,15000,45.11786050283861,200.0,780.0,1075.0,0.0
single-mode-reduction-55,single-mode-per-order,0.55,97974.43058249999,combined,2,no-feasible-allocation-found,False,334825.81367000006,329928.83697500004,4896.976694999999,97939.53389999998,0.017188351141839375,0.0,0.0,0.017188351141839375,0,15000,43.89169505271694,260.0,760.0,1035.0,0.0
single-mode-reduction-55,single-mode-per-order,0.55,97974.43058249999,combined,3,no-feasible-allocation-found,False,304438.442885,299632.171825,4806.271060000001,96125.42120000001,0.011491426910781692,0.0,0.0,0.011491426910781692,0,15000,44.90482643957828,220.0,760.0,1075.0,0.0
single-mode-reduction-55,single-mode-per-order,0.55,97974.43058249999,combined,4,no-feasible-allocation-found,False,353041.55202749994,347993.06577499997,5048.486252499999,100969.72504999998,0.054013245242426,0.030572205928543594,0.0,0.023441039313882406,1,15000,42.777108576642334,350.0,695.0,1010.0,0.0
single-mode-reduction-55,single-mode-per-order,0.55,97974.43058249999,combined,5,no-feasible-allocation-found,False,327716.90302000014,322818.3439500001,4898.55907,97971.1814,0.017188351141839375,0.0,0.0,0.017188351141839375,0,15000,44.0142303325223,240.0,780.0,1035.0,0.0
single-mode-reduction-55,single-mode-per-order,0.55,97974.43058249999,combined,6,no-feasible-allocation-found,False,314559.09999000013,309681.7969500001,4877.303039999999,97546.06079999998,0.017188351141839375,0.0,0.0,0.017188351141839375,0,15000,44.13477250608272,220.0,780.0,1055.0,0.0
single-mode-reduction-55,single-mode-per-order,0.55,97974.43058249999,combined,7,no-feasible-allocation-found,False,309555.0604900001,304749.0134250001,4806.047064999999,96120.94129999998,0.018202300575143746,0.0,0.0,0.018202300575143746,0,15000,44.93068532035685,180.0,820.0,1055.0,0.0
single-mode-reduction-55,single-mode-per-order,0.55,97974.43058249999,combined,8,no-feasible-allocation-found,False,335197.03523,330298.437,4898.59823,97971.96459999999,0.011491426910781692,0.0,0.0,0.011491426910781692,0,15000,43.77856690997567,260.0,760.0,1035.0,0.0
single-mode-reduction-55,single-mode-per-order,0.55,97974.43058249999,combined,9,no-feasible-allocation-found,False,338806.09811499994,333902.66577499994,4903.43234,98068.6468,0.006200379617280708,0.0009616408785420475,0.0,0.00523873873873866,0,15000,42.67689051094891,220.0,845.0,990.0,0.0
single-mode-reduction-55,single-mode-per-order,0.55,97974.43058249999,combined,10,no-feasible-allocation-found,False,303032.14644000004,298251.44867500005,4780.697764999999,95613.95529999997,0.011491426910781692,0.0,0.0,0.011491426910781692,1,15000,45.057783860502845,200.0,780.0,1075.0,0.0
single-mode-reduction-55,single-mode-per-order,0.55,97974.43058249999,combined,11,no-feasible-allocation-found,False,367593.42593250005,362299.1537750001,5294.2721575,105885.44314999999,0.08699837376026885,0.08074568558822583,0.0,0.006252688172043031,0,15000,40.8345552514193,305.0,865.0,885.0,0.0
single-mode-reduction-55,single-mode-per-order,0.55,97974.43058249999,combined,12,no-feasible-allocation-found,False,355136.45819499996,350017.30957499996,5119.14862,102382.97239999998,0.06843790014062387,0.04499686082674146,0.0,0.023441039313882406,1,15000,42.56371431467964,350.0,715.0,990.0,0.0
single-mode-reduction-55,single-mode-per-order,0.55,97974.43058249999,combined,13,no-feasible-allocation-found,False,331631.8257875,326737.13955,4894.686237500001,97893.72475000001,0.04344103931388241,0.0,0.02,0.023441039313882406,0,15000,43.83255687347933,305.0,695.0,1055.0,0.0
single-mode-reduction-55,single-mode-per-order,0.55,97974.43058249999,combined,14,no-feasible-allocation-found,False,347133.14611750003,342167.5581,4965.588017499999,99311.76034999998,0.03185208409058746,0.013649783515443707,0.0,0.018202300575143746,0,15000,42.77013675993512,285.0,780.0,990.0,0.0
single-mode-reduction-55,single-mode-per-order,0.55,97974.43058249999,combined,15,no-feasible-allocation-found,False,344407.6336375,339361.567125,5046.0665125000005,100921.33025,0.041569679470959145,0.030078252560177456,0.0,0.011491426910781692,0,15000,42.41454551905921,305.0,760.0,990.0,0.0
single-mode-reduction-55,single-mode-per-order,0.55,97974.43058249999,combined,16,no-feasible-allocation-found,False,345786.61205750005,340824.92750000005,4961.6845575,99233.69114999998,0.030041302264016356,0.012852951122176982,0.0,0.017188351141839375,0,15000,42.94621096918085,265.0,800.0,990.0,0.0
single-mode-reduction-55,single-mode-per-order,0.55,97974.43058249999,combined,17,no-feasible-allocation-found,False,311802.65490500006,306906.39847500005,4896.25643,97925.1286,0.04344103931388241,0.0,0.02,0.023441039313882406,0,15000,44.5051901865369,285.0,695.0,1075.0,0.0
single-mode-reduction-55,single-mode-per-order,0.55,97974.43058249999,combined,18,no-feasible-allocation-found,False,330077.42719500005,325203.79622500006,4873.63097,97472.6194,0.011491426910781692,0.0,0.0,0.011491426910781692,0,15000,44.29028751013787,260.0,740.0,1055.0,0.0
single-mode-reduction-55,single-mode-per-order,0.55,97974.43058249999,combined,19,no-feasible-allocation-found,False,327709.8602125,322811.3576,4898.5026124999995,97970.05224999998,0.011491426910781692,0.0,0.0,0.011491426910781692,0,15000,43.50730099351176,245.0,800.0,1010.0,0.0
single-mode-reduction-55,single-mode-per-order,0.55,97974.43058249999,combined,20,no-feasible-allocation-found,False,310114.2857900001,305219.5220750001,4894.763715,97895.27429999999,0.011491426910781692,0.0,0.0,0.011491426910781692,0,15000,44.37252757502028,240.0,760.0,1055.0,0.0
single-mode-reduction-55,single-mode-per-order,0.55,97974.43058249999,combined,21,no-feasible-allocation-found,False,309297.5140700001,304431.0723500001,4866.441719999998,97328.83439999996,0.017188351141839375,0.0,0.0,0.017188351141839375,0,15000,44.4200397404704,220.0,780.0,1055.0,0.0
single-mode-reduction-55,single-mode-per-order,0.55,97974.43058249999,combined,22,no-feasible-allocation-found,False,334318.403685,329425.689275,4892.714409999999,97854.28819999997,0.00523873873873866,0.0,0.0,0.00523873873873866,0,15000,42.88217193836171,200.0,865.0,990.0,0.0
single-mode-reduction-55,single-mode-per-order,0.55,97974.43058249999,combined,23,no-feasible-allocation-found,False,319974.95920000016,315076.26975000015,4898.68945,97973.78899999999,0.017188351141839375,0.0,0.0,0.017188351141839375,0,15000,43.950684914841844,260.0,740.0,1055.0,0.0
single-mode-reduction-55,single-mode-per-order,0.55,97974.43058249999,combined,24,no-feasible-allocation-found,False,327236.74468999996,322320.27595,4916.468740000001,98329.37480000002,0.015114251921243441,0.0036228250104617496,0.0,0.011491426910781692,0,15000,44.21703203568532,260.0,740.0,1055.0,0.0
single-mode-reduction-55,single-mode-per-order,0.55,97974.43058249999,combined,25,no-feasible-allocation-found,False,311837.5293500001,306944.7099500001,4892.819399999999,97856.38799999998,0.017188351141839375,0.0,0.0,0.017188351141839375,0,15000,44.35500324412003,220.0,780.0,1055.0,0.0
single-mode-reduction-55,single-mode-per-order,0.55,97974.43058249999,combined,26,no-feasible-allocation-found,False,333203.88769999996,328288.091025,4915.796674999998,98315.93349999996,0.008724371831675095,0.0034856330929364343,0.0,0.00523873873873866,0,15000,43.065774939172755,200.0,865.0,990.0,0.0
single-mode-reduction-55,single-mode-per-order,0.55,97974.43058249999,combined,27,no-feasible-allocation-found,False,345117.06517,340152.587575,4964.477594999999,99289.55189999998,0.030611458677969224,0.01342310753612985,0.0,0.017188351141839375,0,15000,42.906356042173556,265.0,800.0,990.0,0.0
single-mode-reduction-55,single-mode-per-order,0.55,97974.43058249999,combined,28,no-feasible-allocation-found,False,329600.0992575001,324704.6145750001,4895.484682499999,97909.69364999997,0.011491426910781692,0.0,0.0,0.011491426910781692,0,15000,43.0784550892133,245.0,800.0,1010.0,0.0
single-mode-reduction-55,single-mode-per-order,0.55,97974.43058249999,combined,29,no-feasible-allocation-found,False,359757.5888249999,354632.3649749999,5125.22385,102504.477,0.06967806657259615,0.04623702725871374,0.0,0.023441039313882406,1,15000,42.07429460665045,370.0,695.0,990.0,0.0
single-mode-reduction-55,single-mode-per-order,0.55,97974.43058249999,hybrid-seeded,0,no-feasible-allocation-found,False,353407.610635,348358.672675,5048.937959999999,100978.75919999999,0.05410545450504988,0.030664415191167475,0.0,0.023441039313882406,3,15000,42.638787307380376,350.0,695.0,1010.0,0.0
single-mode-reduction-55,single-mode-per-order,0.55,97974.43058249999,hybrid-seeded,1,no-feasible-allocation-found,False,314692.36836500006,309863.80407500005,4828.56429,96571.2858,0.011491426910781692,0.0,0.0,0.011491426910781692,1,15000,44.052446066504466,220.0,780.0,1055.0,0.0
single-mode-reduction-55,single-mode-per-order,0.55,97974.43058249999,hybrid-seeded,2,no-feasible-allocation-found,False,336237.02143250004,331320.15810000006,4916.8633325,98337.26664999999,0.03519480201939711,0.0037033751086154253,0.02,0.011491426910781692,3,15000,43.21926936334145,265.0,780.0,1010.0,0.0
single-mode-reduction-55,single-mode-per-order,0.55,97974.43058249999,hybrid-seeded,3,no-feasible-allocation-found,False,355403.59531750006,350327.1183000001,5076.477017500001,101529.54035000001,0.05347444891616038,0.036286097774321,0.0,0.017188351141839375,2,15000,42.11859093673965,305.0,780.0,970.0,0.0
single-mode-reduction-55,single-mode-per-order,0.55,97974.43058249999,hybrid-seeded,4,no-feasible-allocation-found,False,343381.0291575001,338430.85105000006,4950.1781075,99003.56214999998,0.053945122485189095,0.010504083171306687,0.02,0.023441039313882406,3,15000,43.3632344890511,325.0,695.0,1035.0,0.0
single-mode-reduction-55,single-mode-per-order,0.55,97974.43058249999,hybrid-seeded,5,no-feasible-allocation-found,False,364933.42075499997,359721.657975,5211.76278,104235.25559999999,0.08734368187354527,0.06390264255966287,0.0,0.023441039313882406,4,15000,41.69961374695864,390.0,695.0,970.0,0.0
single-mode-reduction-55,single-mode-per-order,0.55,97974.43058249999,hybrid-seeded,6,no-feasible-allocation-found,False,354959.4835625,349854.450625,5105.0329375,102100.65875,0.06555639678998935,0.04211535747610695,0.0,0.023441039313882406,2,15000,42.31732572992701,370.0,695.0,990.0,0.0
single-mode-reduction-55,single-mode-per-order,0.55,97974.43058249999,hybrid-seeded,7,no-feasible-allocation-found,False,341058.70352999994,336131.58167499996,4927.1218549999985,98542.43709999997,0.022985848653413916,0.005797497511574541,0.0,0.017188351141839375,1,15000,43.34734914841848,260.0,780.0,1015.0,0.0
single-mode-reduction-55,single-mode-per-order,0.55,97974.43058249999,hybrid-seeded,8,no-feasible-allocation-found,False,327300.3819449999,322492.21624999994,4808.165694999999,96163.31389999998,0.023441039313882406,0.0,0.0,0.023441039313882406,1,15000,45.34436536901867,260.0,695.0,1100.0,0.0
single-mode-reduction-55,single-mode-per-order,0.55,97974.43058249999,hybrid-seeded,9,no-feasible-allocation-found,False,304774.9767400001,299948.4104750001,4826.566265,96531.3253,0.011491426910781692,0.0,0.0,0.011491426910781692,1,15000,44.55314882400649,220.0,760.0,1075.0,0.0
single-mode-reduction-55,single-mode-per-order,0.55,97974.43058249999,hybrid-seeded,10,no-feasible-allocation-found,False,343712.13791250007,338699.0828750001,5013.055037499999,100261.10074999998,0.04052780975267037,0.023339458610830997,0.0,0.017188351141839375,3,15000,43.03717366180048,265.0,800.0,990.0,0.0
single-mode-reduction-55,single-mode-per-order,0.55,97974.43058249999,hybrid-seeded,11,no-feasible-allocation-found,False,349274.03200749995,344235.470375,5038.5616325,100771.23264999999,0.05198728399090491,0.0285462446770225,0.0,0.023441039313882406,2,15000,42.71897637875102,330.0,715.0,1010.0,0.0
single-mode-reduction-55,single-mode-per-order,0.55,97974.43058249999,hybrid-seeded,12,no-feasible-allocation-found,False,310206.09928000014,305359.21370000014,4846.885579999999,96937.71159999998,0.017188351141839375,0.0,0.0,0.017188351141839375,1,15000,44.690643146796425,200.0,800.0,1055.0,0.0
single-mode-reduction-55,single-mode-per-order,0.55,97974.43058249999,hybrid-seeded,13,no-feasible-allocation-found,False,348720.9993675,343707.48720000003,5013.512167499999,100270.24334999998,0.04163507537006109,0.023432774794917347,0.0,0.018202300575143746,2,15000,42.95785938767233,285.0,780.0,990.0,0.0
single-mode-reduction-55,single-mode-per-order,0.55,97974.43058249999,hybrid-seeded,14,no-feasible-allocation-found,False,313753.519745,308891.475525,4862.044219999999,97240.88439999998,0.023441039313882406,0.0,0.0,0.023441039313882406,0,15000,45.212097729115975,260.0,695.0,1100.0,0.0
single-mode-reduction-55,single-mode-per-order,0.55,97974.43058249999,hybrid-seeded,15,no-feasible-allocation-found,False,364624.27494000003,359393.77485000005,5230.5000900000005,104610.0018,0.08592988192518265,0.06772758135003891,0.0,0.018202300575143746,4,15000,41.1527605433901,330.0,800.0,925.0,0.0
single-mode-reduction-55,single-mode-per-order,0.55,97974.43058249999,hybrid-seeded,16,no-feasible-allocation-found,False,311867.1087250002,307030.17305000016,4836.935674999998,96738.71349999995,0.017188351141839375,0.0,0.0,0.017188351141839375,1,15000,44.47041889699919,180.0,820.0,1055.0,0.0
single-mode-reduction-55,single-mode-per-order,0.55,97974.43058249999,hybrid-seeded,17,no-feasible-allocation-found,False,333641.1603700001,328760.9604750001,4880.199895,97603.99789999999,0.00523873873873866,0.0,0.0,0.00523873873873866,3,15000,42.78253771289537,200.0,865.0,990.0,0.0
single-mode-reduction-55,single-mode-per-order,0.55,97974.43058249999,hybrid-seeded,18,no-feasible-allocation-found,False,337908.28921500006,333007.59697500005,4900.692239999999,98013.84479999998,0.005641029594277728,0.00040229085553906844,0.0,0.00523873873873866,0,15000,43.190226277372254,200.0,865.0,990.0,0.0
single-mode-reduction-55,single-mode-per-order,0.55,97974.43058249999,hybrid-seeded,19,no-feasible-allocation-found,False,334832.4064275,329952.74795,4879.6584775,97593.16955,0.04344103931388241,0.0,0.02,0.023441039313882406,3,15000,43.95620002027576,305.0,695.0,1055.0,0.0
single-mode-reduction-55,single-mode-per-order,0.55,97974.43058249999,hybrid-seeded,20,no-feasible-allocation-found,False,316982.34074000013,312151.53275000013,4830.80799,96616.1598,0.018202300575143746,0.0,0.0,0.018202300575143746,1,15000,44.24397445255474,200.0,800.0,1055.0,0.0
single-mode-reduction-55,single-mode-per-order,0.55,97974.43058249999,hybrid-seeded,21,no-feasible-allocation-found,False,330467.12753000006,325570.62712500006,4896.500404999999,97930.00809999998,0.00523873873873866,0.0,0.0,0.00523873873873866,1,15000,43.270538523925374,200.0,865.0,990.0,0.0
single-mode-reduction-55,single-mode-per-order,0.55,97974.43058249999,hybrid-seeded,22,no-feasible-allocation-found,False,352998.3646225,347940.69217500003,5057.672447499998,101153.44894999996,0.05588846818485767,0.03244742887097526,0.0,0.023441039313882406,3,15000,42.966923661800486,350.0,695.0,1010.0,0.0
single-mode-reduction-55,single-mode-per-order,0.55,97974.43058249999,hybrid-seeded,23,no-feasible-allocation-found,False,313208.7704150001,308325.6869000001,4883.083515,97661.6703,0.023441039313882406,0.0,0.0,0.023441039313882406,1,15000,44.351592051905925,265.0,715.0,1075.0,0.0
single-mode-reduction-55,single-mode-per-order,0.55,97974.43058249999,hybrid-seeded,24,no-feasible-allocation-found,False,363125.10402749997,357912.837175,5212.266852499999,104245.33704999997,0.08744658065989233,0.06400554134600993,0.0,0.023441039313882406,4,15000,42.06174929034875,370.0,715.0,970.0,0.0
single-mode-reduction-55,single-mode-per-order,0.55,97974.43058249999,hybrid-seeded,25,no-feasible-allocation-found,False,340125.76751000003,334768.77667500003,5356.990835,107139.81669999998,0.09354875617043999,0.09354875617043999,0.0,0.0,4,15000,41.314498377939984,300.0,850.0,905.0,0.0
single-mode-reduction-55,single-mode-per-order,0.55,97974.43058249999,hybrid-seeded,26,no-feasible-allocation-found,False,351947.9166375,346907.481975,5040.434662499998,100808.69324999995,0.05236963477138143,0.028928595457499026,0.0,0.023441039313882406,2,15000,42.843032745336565,330.0,715.0,1010.0,0.0
single-mode-reduction-55,single-mode-per-order,0.55,97974.43058249999,hybrid-seeded,27,no-feasible-allocation-found,False,346336.37536500004,341349.08917500003,4987.286189999999,99745.72379999996,0.03526748880019448,0.0180791376583551,0.0,0.017188351141839375,2,15000,42.75776885644769,285.0,780.0,990.0,0.0
single-mode-reduction-55,single-mode-per-order,0.55,97974.43058249999,hybrid-seeded,28,no-feasible-allocation-found,False,351664.7184025,346637.31612499995,5027.4022775,100548.04555,0.03775965783796097,0.026268230927179274,0.0,0.011491426910781692,2,15000,43.56670610300081,285.0,760.0,1010.0,0.0
single-mode-reduction-55,single-mode-per-order,0.55,97974.43058249999,hybrid-seeded,29,no-feasible-allocation-found,False,344732.8339475,339744.8259,4988.0080474999995,99760.16094999999,0.049717920873370375,0.018226493962588686,0.02,0.011491426910781692,2,15000,42.84343886861314,285.0,780.0,990.0,0.0
