scenario_id,transport_scope,reduction_target,method,seed,status,feasible,total_cost_cny,emissions_kg,tonne_weighted_transit_hours,tonne_weighted_travel_hours,tonne_weighted_handling_hours,tonne_weighted_port_dwell_hours,tonne_weighted_lock_delay_hours,tonne_weighted_reliability_buffer_hours,tonne_weighted_scheduled_wait_hours,tonne_weighted_transfer_hours,used_water_departures,water_departures_at_capacity,max_water_departure_utilization,constraint_violation,emission_violation,restarts,candidate_evaluations
central-balanced-c97p49-r0p0-road-only,road-only,0.0,fixed,0,feasible-heuristic,True,101359.2461080965,23763.227849999992,14.155708047945206,5.731050513698629,3.3698630136986303,0.0,0.0,3.3698630136986303,1.6849315068493151,0.0,0,0,0,0.0,0.0,0,2400
central-balanced-c97p49-r0p0-road-only,road-only,0.0,fixed,1,feasible-heuristic,True,101359.2461080965,23763.227849999992,14.155708047945206,5.731050513698629,3.3698630136986303,0.0,0.0,3.3698630136986303,1.6849315068493151,0.0,0,0,0,0.0,0.0,0,2400
central-balanced-c97p49-r0p0-road-only,road-only,0.0,fixed,2,feasible-heuristic,True,101359.2461080965,23763.227849999992,14.155708047945206,5.731050513698629,3.3698630136986303,0.0,0.0,3.3698630136986303,1.6849315068493151,0.0,0,0,0,0.0,0.0,0,2400
central-balanced-c97p49-r0p0-road-only,road-only,0.0,fixed,3,feasible-heuristic,True,101359.2461080965,23763.227849999992,14.155708047945206,5.731050513698629,3.3698630136986303,0.0,0.0,3.3698630136986303,1.6849315068493151,0.0,0,0,0,0.0,0.0,0,2400
central-balanced-c97p49-r0p0-road-only,road-only,0.0,fixed,4,feasible-heuristic,True,101359.2461080965,23763.227849999992,14.155708047945206,5.731050513698629,3.3698630136986303,0.0,0.0,3.3698630136986303,1.6849315068493151,0.0,0,0,0,0.0,0.0,0,2400
central-balanced-c97p49-r0p0-road-only,road-only,0.0,fixed,5,feasible-heuristic,True,101359.2461080965,23763.227849999992,14.155708047945206,5.731050513698629,3.3698630136986303,0.0,0.0,3.3698630136986303,1.6849315068493151,0.0,0,0,0,0.0,0.0,0,2400
central-balanced-c97p49-r0p0-road-only,road-only,0.0,fixed,6,feasible-heuristic,True,101359.2461080965,23763.227849999992,14.155708047945206,5.731050513698629,3.3698630136986303,0.0,0.0,3.3698630136986303,1.6849315068493151,0.0,0,0,0,0.0,0.0,0,2400
central-balanced-c97p49-r0p0-road-only,road-only,0.0,fixed,7,feasible-heuristic,True,101359.2461080965,23763.227849999992,14.155708047945206,5.731050513698629,3.3698630136986303,0.0,0.0,3.3698630136986303,1.6849315068493151,0.0,0,0,0,0.0,0.0,0,2400
central-balanced-c97p49-r0p0-road-only,road-only,0.0,fixed,8,feasible-heuristic,True,101359.2461080965,23763.227849999992,14.155708047945206,5.731050513698629,3.3698630136986303,0.0,0.0,3.3698630136986303,1.6849315068493151,0.0,0,0,0,0.0,0.0,0,2400
central-balanced-c97p49-r0p0-road-only,road-only,0.0,fixed,9,feasible-heuristic,True,101359.2461080965,23763.227849999992,14.155708047945206,5.731050513698629,3.3698630136986303,0.0,0.0,3.3698630136986303,1.6849315068493151,0.0,0,0,0,0.0,0.0,0,2400
central-balanced-c97p49-r0p0-road-only,road-only,0.0,fixed,10,feasible-heuristic,True,101359.2461080965,23763.227849999992,14.155708047945206,5.731050513698629,3.3698630136986303,0.0,0.0,3.3698630136986303,1.6849315068493151,0.0,0,0,0,0.0,0.0,0,2400
central-balanced-c97p49-r0p0-road-only,road-only,0.0,fixed,11,feasible-heuristic,True,101359.2461080965,23763.227849999992,14.155708047945206,5.731050513698629,3.3698630136986303,0.0,0.0,3.3698630136986303,1.6849315068493151,0.0,0,0,0,0.0,0.0,0,2400
central-balanced-c97p49-r0p0-road-only,road-only,0.0,fixed,12,feasible-heuristic,True,101359.2461080965,23763.227849999992,14.155708047945206,5.731050513698629,3.3698630136986303,0.0,0.0,3.3698630136986303,1.6849315068493151,0.0,0,0,0,0.0,0.0,0,2400
central-balanced-c97p49-r0p0-road-only,road-only,0.0,fixed,13,feasible-heuristic,True,101359.2461080965,23763.227849999992,14.155708047945206,5.731050513698629,3.3698630136986303,0.0,0.0,3.3698630136986303,1.6849315068493151,0.0,0,0,0,0.0,0.0,0,2400
central-balanced-c97p49-r0p0-road-only,road-only,0.0,fixed,14,feasible-heuristic,True,101359.2461080965,23763.227849999992,14.155708047945206,5.731050513698629,3.3698630136986303,0.0,0.0,3.3698630136986303,1.6849315068493151,0.0,0,0,0,0.0,0.0,0,2400
central-balanced-c97p49-r0p0-road-only,road-only,0.0,fixed,15,feasible-heuristic,True,101409.91270754249,23875.93324999999,14.114396404109588,5.758232020547943,3.3424657534246576,0.0,0.0,3.3424657534246576,1.6712328767123288,0.0,0,0,0,0.0,0.0,0,2400
central-balanced-c97p49-r0p0-road-only,road-only,0.0,fixed,16,feasible-heuristic,True,101359.2461080965,23763.227849999992,14.155708047945206,5.731050513698629,3.3698630136986303,0.0,0.0,3.3698630136986303,1.6849315068493151,0.0,0,0,0,0.0,0.0,0,2400
central-balanced-c97p49-r0p0-road-only,road-only,0.0,fixed,17,feasible-heuristic,True,101359.2461080965,23763.227849999992,14.155708047945206,5.731050513698629,3.3698630136986303,0.0,0.0,3.3698630136986303,1.6849315068493151,0.0,0,0,0,0.0,0.0,0,2400
central-balanced-c97p49-r0p0-road-only,road-only,0.0,fixed,18,feasible-heuristic,True,101359.2461080965,23763.227849999992,14.155708047945206,5.731050513698629,3.3698630136986303,0.0,0.0,3.3698630136986303,1.6849315068493151,0.0,0,0,0,0.0,0.0,0,2400
central-balanced-c97p49-r0p0-road-only,road-only,0.0,fixed,19,feasible-heuristic,True,101359.2461080965,23763.227849999992,14.155708047945206,5.731050513698629,3.3698630136986303,0.0,0.0,3.3698630136986303,1.6849315068493151,0.0,0,0,0,0.0,0.0,0,2400
central-balanced-c97p49-r0p0-road-only,road-only,0.0,fixed,20,feasible-heuristic,True,101359.2461080965,23763.227849999992,14.155708047945206,5.731050513698629,3.3698630136986303,0.0,0.0,3.3698630136986303,1.6849315068493151,0.0,0,0,0,0.0,0.0,0,2400
central-balanced-c97p49-r0p0-road-only,road-only,0.0,fixed,21,feasible-heuristic,True,101359.2461080965,23763.227849999992,14.155708047945206,5.731050513698629,3.3698630136986303,0.0,0.0,3.3698630136986303,1.6849315068493151,0.0,0,0,0,0.0,0.0,0,2400
central-balanced-c97p49-r0p0-road-only,road-only,0.0,fixed,22,feasible-heuristic,True,101359.2461080965,23763.227849999992,14.155708047945206,5.731050513698629,3.3698630136986303,0.0,0.0,3.3698630136986303,1.6849315068493151,0.0,0,0,0,0.0,0.0,0,2400
central-balanced-c97p49-r0p0-road-only,road-only,0.0,fixed,23,feasible-heuristic,True,101359.2461080965,23763.227849999992,14.155708047945206,5.731050513698629,3.3698630136986303,0.0,0.0,3.3698630136986303,1.6849315068493151,0.0,0,0,0,0.0,0.0,0,2400
central-balanced-c97p49-r0p0-road-only,road-only,0.0,fixed,24,feasible-heuristic,True,101359.2461080965,23763.227849999992,14.155708047945206,5.731050513698629,3.3698630136986303,0.0,0.0,3.3698630136986303,1.6849315068493151,0.0,0,0,0,0.0,0.0,0,2400
central-balanced-c97p49-r0p0-road-only,road-only,0.0,fixed,25,feasible-heuristic,True,101359.2461080965,23763.227849999992,14.155708047945206,5.731050513698629,3.3698630136986303,0.0,0.0,3.3698630136986303,1.6849315068493151,0.0,0,0,0,0.0,0.0,0,2400
central-balanced-c97p49-r0p0-road-only,road-only,0.0,fixed,26,feasible-heuristic,True,101359.2461080965,23763.227849999992,14.155708047945206,5.731050513698629,3.3698630136986303,0.0,0.0,3.3698630136986303,1.6849315068493151,0.0,0,0,0,0.0,0.0,0,2400
central-balanced-c97p49-r0p0-road-only,road-only,0.0,fixed,27,feasible-heuristic,True,101359.2461080965,23763.227849999992,14.155708047945206,5.731050513698629,3.3698630136986303,0.0,0.0,3.3698630136986303,1.6849315068493151,0.0,0,0,0,0.0,0.0,0,2400
central-balanced-c97p49-r0p0-road-only,road-only,0.0,fixed,28,feasible-heuristic,True,101359.2461080965,23763.227849999992,14.155708047945206,5.731050513698629,3.3698630136986303,0.0,0.0,3.3698630136986303,1.6849315068493151,0.0,0,0,0,0.0,0.0,0,2400
central-balanced-c97p49-r0p0-road-only,road-only,0.0,fixed,29,feasible-heuristic,True,101359.2461080965,23763.227849999992,14.155708047945206,5.731050513698629,3.3698630136986303,0.0,0.0,3.3698630136986303,1.6849315068493151,0.0,0,0,0,0.0,0.0,0,2400
central-balanced-c97p49-r0p0-road-only,road-only,0.0,adaptive,0,feasible-heuristic,True,101359.2461080965,23763.227849999992,14.155708047945206,5.731050513698629,3.3698630136986303,0.0,0.0,3.3698630136986303,1.6849315068493151,0.0,0,0,0,0.0,0.0,0,2400
central-balanced-c97p49-r0p0-road-only,road-only,0.0,adaptive,1,feasible-heuristic,True,101359.2461080965,23763.227849999992,14.155708047945206,5.731050513698629,3.3698630136986303,0.0,0.0,3.3698630136986303,1.6849315068493151,0.0,0,0,0,0.0,0.0,0,2400
central-balanced-c97p49-r0p0-road-only,road-only,0.0,adaptive,2,feasible-heuristic,True,101359.2461080965,23763.227849999992,14.155708047945206,5.731050513698629,3.3698630136986303,0.0,0.0,3.3698630136986303,1.6849315068493151,0.0,0,0,0,0.0,0.0,0,2400
central-balanced-c97p49-r0p0-road-only,road-only,0.0,adaptive,3,feasible-heuristic,True,101359.2461080965,23763.227849999992,14.155708047945206,5.731050513698629,3.3698630136986303,0.0,0.0,3.3698630136986303,1.6849315068493151,0.0,0,0,0,0.0,0.0,0,2400
central-balanced-c97p49-r0p0-road-only,road-only,0.0,adaptive,4,feasible-heuristic,True,101359.2461080965,23763.227849999992,14.155708047945206,5.731050513698629,3.3698630136986303,0.0,0.0,3.3698630136986303,1.6849315068493151,0.0,0,0,0,0.0,0.0,0,2400
central-balanced-c97p49-r0p0-road-only,road-only,0.0,adaptive,5,feasible-heuristic,True,101359.2461080965,23763.227849999992,14.155708047945206,5.731050513698629,3.3698630136986303,0.0,0.0,3.3698630136986303,1.6849315068493151,0.0,0,0,0,0.0,0.0,0,2400
central-balanced-c97p49-r0p0-road-only,road-only,0.0,adaptive,6,feasible-heuristic,True,101359.2461080965,23763.227849999992,14.155708047945206,5.731050513698629,3.3698630136986303,0.0,0.0,3.3698630136986303,1.6849315068493151,0.0,0,0,0,0.0,0.0,0,2400
central-balanced-c97p49-r0p0-road-only,road-only,0.0,adaptive,7,feasible-heuristic,True,101359.2461080965,23763.227849999992,14.155708047945206,5.731050513698629,3.3698630136986303,0.0,0.0,3.3698630136986303,1.6849315068493151,0.0,0,0,0,0.0,0.0,0,2400
central-balanced-c97p49-r0p0-road-only,road-only,0.0,adaptive,8,feasible-heuristic,True,101359.2461080965,23763.227849999992,14.155708047945206,5.731050513698629,3.3698630136986303,0.0,0.0,3.3698630136986303,1.6849315068493151,0.0,0,0,0,0.0,0.0,0,2400
central-balanced-c97p49-r0p0-road-only,road-only,0.0,adaptive,9,feasible-heuristic,True,101359.2461080965,23763.227849999992,14.155708047945206,5.731050513698629,3.3698630136986303,0.0,0.0,3.3698630136986303,1.6849315068493151,0.0,0,0,0,0.0,0.0,0,2400
central-balanced-c97p49-r0p0-road-only,road-only,0.0,adaptive,10,feasible-heuristic,True,101359.2461080965,23763.227849999992,14.155708047945206,5.731050513698629,3.3698630136986303,0.0,0.0,3.3698630136986303,1.6849315068493151,0.0,0,0,0,0.0,0.0,0,2400
central-balanced-c97p49-r0p0-road-only,road-only,0.0,adaptive,11,feasible-heuristic,True,101359.2461080965,23763.227849999992,14.155708047945206,5.731050513698629,3.3698630136986303,0.0,0.0,3.3698630136986303,1.6849315068493151,0.0,0,0,0,0.0,0.0,0,2400
central-balanced-c97p49-r0p0-road-only,road-only,0.0,adaptive,12,feasible-heuristic,True,101409.91270754249,23875.93324999999,14.114396404109588,5.758232020547943,3.3424657534246576,0.0,0.0,3.3424657534246576,1.6712328767123288,0.0,0,0,0,0.0,0.0,0,2400
central-balanced-c97p49-r0p0-road-only,road-only,0.0,adaptive,13,feasible-heuristic,True,101359.2461080965,23763.227849999992,14.155708047945206,5.731050513698629,3.3698630136986303,0.0,0.0,3.3698630136986303,1.6849315068493151,0.0,0,0,0,0.0,0.0,0,2400
central-balanced-c97p49-r0p0-road-only,road-only,0.0,adaptive,14,feasible-heuristic,True,101359.2461080965,23763.227849999992,14.155708047945206,5.731050513698629,3.3698630136986303,0.0,0.0,3.3698630136986303,1.6849315068493151,0.0,0,0,0,0.0,0.0,0,2400
central-balanced-c97p49-r0p0-road-only,road-only,0.0,adaptive,15,feasible-heuristic,True,101359.2461080965,23763.227849999992,14.155708047945206,5.731050513698629,3.3698630136986303,0.0,0.0,3.3698630136986303,1.6849315068493151,0.0,0,0,0,0.0,0.0,0,2400
central-balanced-c97p49-r0p0-road-only,road-only,0.0,adaptive,16,feasible-heuristic,True,101359.2461080965,23763.227849999992,14.155708047945206,5.731050513698629,3.3698630136986303,0.0,0.0,3.3698630136986303,1.6849315068493151,0.0,0,0,0,0.0,0.0,0,2400
central-balanced-c97p49-r0p0-road-only,road-only,0.0,adaptive,17,feasible-heuristic,True,101359.2461080965,23763.227849999992,14.155708047945206,5.731050513698629,3.3698630136986303,0.0,0.0,3.3698630136986303,1.6849315068493151,0.0,0,0,0,0.0,0.0,0,2400
central-balanced-c97p49-r0p0-road-only,road-only,0.0,adaptive,18,feasible-heuristic,True,101359.2461080965,23763.227849999992,14.155708047945206,5.731050513698629,3.3698630136986303,0.0,0.0,3.3698630136986303,1.6849315068493151,0.0,0,0,0,0.0,0.0,0,2400
central-balanced-c97p49-r0p0-road-only,road-only,0.0,adaptive,19,feasible-heuristic,True,101359.2461080965,23763.227849999992,14.155708047945206,5.731050513698629,3.3698630136986303,0.0,0.0,3.3698630136986303,1.6849315068493151,0.0,0,0,0,0.0,0.0,0,2400
central-balanced-c97p49-r0p0-road-only,road-only,0.0,adaptive,20,feasible-heuristic,True,101399.6174852865,23852.758849999995,14.04031421232877,5.752642979452054,3.315068493150685,0.0,0.0,3.315068493150685,1.6575342465753424,0.0,0,0,0,0.0,0.0,0,2400
central-balanced-c97p49-r0p0-road-only,road-only,0.0,adaptive,21,feasible-heuristic,True,101359.2461080965,23763.227849999992,14.155708047945206,5.731050513698629,3.3698630136986303,0.0,0.0,3.3698630136986303,1.6849315068493151,0.0,0,0,0,0.0,0.0,0,2400
central-balanced-c97p49-r0p0-road-only,road-only,0.0,adaptive,22,feasible-heuristic,True,101359.2461080965,23763.227849999992,14.155708047945206,5.731050513698629,3.3698630136986303,0.0,0.0,3.3698630136986303,1.6849315068493151,0.0,0,0,0,0.0,0.0,0,2400
central-balanced-c97p49-r0p0-road-only,road-only,0.0,adaptive,23,feasible-heuristic,True,101359.2461080965,23763.227849999992,14.155708047945206,5.731050513698629,3.3698630136986303,0.0,0.0,3.3698630136986303,1.6849315068493151,0.0,0,0,0,0.0,0.0,0,2400
central-balanced-c97p49-r0p0-road-only,road-only,0.0,adaptive,24,feasible-heuristic,True,101359.2461080965,23763.227849999992,14.155708047945206,5.731050513698629,3.3698630136986303,0.0,0.0,3.3698630136986303,1.6849315068493151,0.0,0,0,0,0.0,0.0,0,2400
central-balanced-c97p49-r0p0-road-only,road-only,0.0,adaptive,25,feasible-heuristic,True,101359.2461080965,23763.227849999992,14.155708047945206,5.731050513698629,3.3698630136986303,0.0,0.0,3.3698630136986303,1.6849315068493151,0.0,0,0,0,0.0,0.0,0,2400
central-balanced-c97p49-r0p0-road-only,road-only,0.0,adaptive,26,feasible-heuristic,True,101359.2461080965,23763.227849999992,14.155708047945206,5.731050513698629,3.3698630136986303,0.0,0.0,3.3698630136986303,1.6849315068493151,0.0,0,0,0,0.0,0.0,0,2400
central-balanced-c97p49-r0p0-road-only,road-only,0.0,adaptive,27,feasible-heuristic,True,101359.2461080965,23763.227849999992,14.155708047945206,5.731050513698629,3.3698630136986303,0.0,0.0,3.3698630136986303,1.6849315068493151,0.0,0,0,0,0.0,0.0,0,2400
central-balanced-c97p49-r0p0-road-only,road-only,0.0,adaptive,28,feasible-heuristic,True,101359.2461080965,23763.227849999992,14.155708047945206,5.731050513698629,3.3698630136986303,0.0,0.0,3.3698630136986303,1.6849315068493151,0.0,0,0,0,0.0,0.0,0,2400
central-balanced-c97p49-r0p0-road-only,road-only,0.0,adaptive,29,feasible-heuristic,True,101359.2461080965,23763.227849999992,14.155708047945206,5.731050513698629,3.3698630136986303,0.0,0.0,3.3698630136986303,1.6849315068493151,0.0,0,0,0,0.0,0.0,0,2400
central-balanced-c97p49-r0p0-road-only,road-only,0.0,catastrophe,0,feasible-heuristic,True,101359.2461080965,23763.227849999992,14.155708047945206,5.731050513698629,3.3698630136986303,0.0,0.0,3.3698630136986303,1.6849315068493151,0.0,0,0,0,0.0,0.0,1,2400
central-balanced-c97p49-r0p0-road-only,road-only,0.0,catastrophe,1,feasible-heuristic,True,101359.2461080965,23763.227849999992,14.155708047945206,5.731050513698629,3.3698630136986303,0.0,0.0,3.3698630136986303,1.6849315068493151,0.0,0,0,0,0.0,0.0,1,2400
central-balanced-c97p49-r0p0-road-only,road-only,0.0,catastrophe,2,feasible-heuristic,True,101359.2461080965,23763.227849999992,14.155708047945206,5.731050513698629,3.3698630136986303,0.0,0.0,3.3698630136986303,1.6849315068493151,0.0,0,0,0,0.0,0.0,0,2400
central-balanced-c97p49-r0p0-road-only,road-only,0.0,catastrophe,3,feasible-heuristic,True,101359.2461080965,23763.227849999992,14.155708047945206,5.731050513698629,3.3698630136986303,0.0,0.0,3.3698630136986303,1.6849315068493151,0.0,0,0,0,0.0,0.0,2,2400
central-balanced-c97p49-r0p0-road-only,road-only,0.0,catastrophe,4,feasible-heuristic,True,101359.2461080965,23763.227849999992,14.155708047945206,5.731050513698629,3.3698630136986303,0.0,0.0,3.3698630136986303,1.6849315068493151,0.0,0,0,0,0.0,0.0,1,2400
central-balanced-c97p49-r0p0-road-only,road-only,0.0,catastrophe,5,feasible-heuristic,True,101359.2461080965,23763.227849999992,14.155708047945206,5.731050513698629,3.3698630136986303,0.0,0.0,3.3698630136986303,1.6849315068493151,0.0,0,0,0,0.0,0.0,1,2400
central-balanced-c97p49-r0p0-road-only,road-only,0.0,catastrophe,6,feasible-heuristic,True,101359.2461080965,23763.227849999992,14.155708047945206,5.731050513698629,3.3698630136986303,0.0,0.0,3.3698630136986303,1.6849315068493151,0.0,0,0,0,0.0,0.0,0,2400
central-balanced-c97p49-r0p0-road-only,road-only,0.0,catastrophe,7,feasible-heuristic,True,101359.2461080965,23763.227849999992,14.155708047945206,5.731050513698629,3.3698630136986303,0.0,0.0,3.3698630136986303,1.6849315068493151,0.0,0,0,0,0.0,0.0,1,2400
central-balanced-c97p49-r0p0-road-only,road-only,0.0,catastrophe,8,feasible-heuristic,True,101359.2461080965,23763.227849999992,14.155708047945206,5.731050513698629,3.3698630136986303,0.0,0.0,3.3698630136986303,1.6849315068493151,0.0,0,0,0,0.0,0.0,1,2400
central-balanced-c97p49-r0p0-road-only,road-only,0.0,catastrophe,9,feasible-heuristic,True,101359.2461080965,23763.227849999992,14.155708047945206,5.731050513698629,3.3698630136986303,0.0,0.0,3.3698630136986303,1.6849315068493151,0.0,0,0,0,0.0,0.0,1,2400
central-balanced-c97p49-r0p0-road-only,road-only,0.0,catastrophe,10,feasible-heuristic,True,101359.2461080965,23763.227849999992,14.155708047945206,5.731050513698629,3.3698630136986303,0.0,0.0,3.3698630136986303,1.6849315068493151,0.0,0,0,0,0.0,0.0,1,2400
central-balanced-c97p49-r0p0-road-only,road-only,0.0,catastrophe,11,feasible-heuristic,True,101359.2461080965,23763.227849999992,14.155708047945206,5.731050513698629,3.3698630136986303,0.0,0.0,3.3698630136986303,1.6849315068493151,0.0,0,0,0,0.0,0.0,0,2400
central-balanced-c97p49-r0p0-road-only,road-only,0.0,catastrophe,12,feasible-heuristic,True,101359.2461080965,23763.227849999992,14.155708047945206,5.731050513698629,3.3698630136986303,0.0,0.0,3.3698630136986303,1.6849315068493151,0.0,0,0,0,0.0,0.0,1,2400
central-balanced-c97p49-r0p0-road-only,road-only,0.0,catastrophe,13,feasible-heuristic,True,101359.2461080965,23763.227849999992,14.155708047945206,5.731050513698629,3.3698630136986303,0.0,0.0,3.3698630136986303,1.6849315068493151,0.0,0,0,0,0.0,0.0,0,2400
central-balanced-c97p49-r0p0-road-only,road-only,0.0,catastrophe,14,feasible-heuristic,True,101359.2461080965,23763.227849999992,14.155708047945206,5.731050513698629,3.3698630136986303,0.0,0.0,3.3698630136986303,1.6849315068493151,0.0,0,0,0,0.0,0.0,0,2400
central-balanced-c97p49-r0p0-road-only,road-only,0.0,catastrophe,15,feasible-heuristic,True,101409.91270754249,23875.93324999999,14.114396404109588,5.758232020547943,3.3424657534246576,0.0,0.0,3.3424657534246576,1.6712328767123288,0.0,0,0,0,0.0,0.0,2,2400
central-balanced-c97p49-r0p0-road-only,road-only,0.0,catastrophe,16,feasible-heuristic,True,101359.2461080965,23763.227849999992,14.155708047945206,5.731050513698629,3.3698630136986303,0.0,0.0,3.3698630136986303,1.6849315068493151,0.0,0,0,0,0.0,0.0,1,2400
central-balanced-c97p49-r0p0-road-only,road-only,0.0,catastrophe,17,feasible-heuristic,True,101359.2461080965,23763.227849999992,14.155708047945206,5.731050513698629,3.3698630136986303,0.0,0.0,3.3698630136986303,1.6849315068493151,0.0,0,0,0,0.0,0.0,2,2400
central-balanced-c97p49-r0p0-road-only,road-only,0.0,catastrophe,18,feasible-heuristic,True,101359.2461080965,23763.227849999992,14.155708047945206,5.731050513698629,3.3698630136986303,0.0,0.0,3.3698630136986303,1.6849315068493151,0.0,0,0,0,0.0,0.0,1,2400
central-balanced-c97p49-r0p0-road-only,road-only,0.0,catastrophe,19,feasible-heuristic,True,101359.2461080965,23763.227849999992,14.155708047945206,5.731050513698629,3.3698630136986303,0.0,0.0,3.3698630136986303,1.6849315068493151,0.0,0,0,0,0.0,0.0,1,2400
central-balanced-c97p49-r0p0-road-only,road-only,0.0,catastrophe,20,feasible-heuristic,True,101359.2461080965,23763.227849999992,14.155708047945206,5.731050513698629,3.3698630136986303,0.0,0.0,3.3698630136986303,1.6849315068493151,0.0,0,0,0,0.0,0.0,2,2400
central-balanced-c97p49-r0p0-road-only,road-only,0.0,catastrophe,21,feasible-heuristic,True,101359.2461080965,23763.227849999992,14.155708047945206,5.731050513698629,3.3698630136986303,0.0,0.0,3.3698630136986303,1.6849315068493151,0.0,0,0,0,0.0,0.0,1,2400
central-balanced-c97p49-r0p0-road-only,road-only,0.0,catastrophe,22,feasible-heuristic,True,101359.2461080965,23763.227849999992,14.155708047945206,5.731050513698629,3.3698630136986303,0.0,0.0,3.3698630136986303,1.6849315068493151,0.0,0,0,0,0.0,0.0,1,2400
central-balanced-c97p49-r0p0-road-only,road-only,0.0,catastrophe,23,feasible-heuristic,True,101359.2461080965,23763.227849999992,14.155708047945206,5.731050513698629,3.3698630136986303,0.0,0.0,3.3698630136986303,1.6849315068493151,0.0,0,0,0,0.0,0.0,1,2400
central-balanced-c97p49-r0p0-road-only,road-only,0.0,catastrophe,24,feasible-heuristic,True,101359.2461080965,23763.227849999992,14.155708047945206,5.731050513698629,3.3698630136986303,0.0,0.0,3.3698630136986303,1.6849315068493151,0.0,0,0,0,0.0,0.0,2,2400
central-balanced-c97p49-r0p0-road-only,road-only,0.0,catastrophe,25,feasible-heuristic,True,101359.2461080965,23763.227849999992,14.155708047945206,5.731050513698629,3.3698630136986303,0.0,0.0,3.3698630136986303,1.6849315068493151,0.0,0,0,0,0.0,0.0,1,2400
central-balanced-c97p49-r0p0-road-only,road-only,0.0,catastrophe,26,feasible-heuristic,True,101359.2461080965,23763.227849999992,14.155708047945206,5.731050513698629,3.3698630136986303,0.0,0.0,3.3698630136986303,1.6849315068493151,0.0,0,0,0,0.0,0.0,1,2400
central-balanced-c97p49-r0p0-road-only,road-only,0.0,catastrophe,27,feasible-heuristic,True,101359.2461080965,23763.227849999992,14.155708047945206,5.731050513698629,3.3698630136986303,0.0,0.0,3.3698630136986303,1.6849315068493151,0.0,0,0,0,0.0,0.0,1,2400
central-balanced-c97p49-r0p0-road-only,road-only,0.0,catastrophe,28,feasible-heuristic,True,101359.2461080965,23763.227849999992,14.155708047945206,5.731050513698629,3.3698630136986303,0.0,0.0,3.3698630136986303,1.6849315068493151,0.0,0,0,0,0.0,0.0,1,2400
central-balanced-c97p49-r0p0-road-only,road-only,0.0,catastrophe,29,feasible-heuristic,True,101359.2461080965,23763.227849999992,14.155708047945206,5.731050513698629,3.3698630136986303,0.0,0.0,3.3698630136986303,1.6849315068493151,0.0,0,0,0,0.0,0.0,1,2400
central-balanced-c97p49-r0p0-road-only,road-only,0.0,combined,0,feasible-heuristic,True,101359.2461080965,23763.227849999992,14.155708047945206,5.731050513698629,3.3698630136986303,0.0,0.0,3.3698630136986303,1.6849315068493151,0.0,0,0,0,0.0,0.0,1,2400
central-balanced-c97p49-r0p0-road-only,road-only,0.0,combined,1,feasible-heuristic,True,101359.2461080965,23763.227849999992,14.155708047945206,5.731050513698629,3.3698630136986303,0.0,0.0,3.3698630136986303,1.6849315068493151,0.0,0,0,0,0.0,0.0,1,2400
central-balanced-c97p49-r0p0-road-only,road-only,0.0,combined,2,feasible-heuristic,True,101359.2461080965,23763.227849999992,14.155708047945206,5.731050513698629,3.3698630136986303,0.0,0.0,3.3698630136986303,1.6849315068493151,0.0,0,0,0,0.0,0.0,0,2400
central-balanced-c97p49-r0p0-road-only,road-only,0.0,combined,3,feasible-heuristic,True,101359.2461080965,23763.227849999992,14.155708047945206,5.731050513698629,3.3698630136986303,0.0,0.0,3.3698630136986303,1.6849315068493151,0.0,0,0,0,0.0,0.0,1,2400
central-balanced-c97p49-r0p0-road-only,road-only,0.0,combined,4,feasible-heuristic,True,101359.2461080965,23763.227849999992,14.155708047945206,5.731050513698629,3.3698630136986303,0.0,0.0,3.3698630136986303,1.6849315068493151,0.0,0,0,0,0.0,0.0,1,2400
central-balanced-c97p49-r0p0-road-only,road-only,0.0,combined,5,feasible-heuristic,True,101359.2461080965,23763.227849999992,14.155708047945206,5.731050513698629,3.3698630136986303,0.0,0.0,3.3698630136986303,1.6849315068493151,0.0,0,0,0,0.0,0.0,1,2400
central-balanced-c97p49-r0p0-road-only,road-only,0.0,combined,6,feasible-heuristic,True,101359.2461080965,23763.227849999992,14.155708047945206,5.731050513698629,3.3698630136986303,0.0,0.0,3.3698630136986303,1.6849315068493151,0.0,0,0,0,0.0,0.0,1,2400
central-balanced-c97p49-r0p0-road-only,road-only,0.0,combined,7,feasible-heuristic,True,101359.2461080965,23763.227849999992,14.155708047945206,5.731050513698629,3.3698630136986303,0.0,0.0,3.3698630136986303,1.6849315068493151,0.0,0,0,0,0.0,0.0,1,2400
central-balanced-c97p49-r0p0-road-only,road-only,0.0,combined,8,feasible-heuristic,True,101359.2461080965,23763.227849999992,14.155708047945206,5.731050513698629,3.3698630136986303,0.0,0.0,3.3698630136986303,1.6849315068493151,0.0,0,0,0,0.0,0.0,1,2400
central-balanced-c97p49-r0p0-road-only,road-only,0.0,combined,9,feasible-heuristic,True,101399.6174852865,23852.758849999995,14.04031421232877,5.752642979452054,3.315068493150685,0.0,0.0,3.315068493150685,1.6575342465753424,0.0,0,0,0,0.0,0.0,1,2400
central-balanced-c97p49-r0p0-road-only,road-only,0.0,combined,10,feasible-heuristic,True,101359.2461080965,23763.227849999992,14.155708047945206,5.731050513698629,3.3698630136986303,0.0,0.0,3.3698630136986303,1.6849315068493151,0.0,0,0,0,0.0,0.0,1,2400
central-balanced-c97p49-r0p0-road-only,road-only,0.0,combined,11,feasible-heuristic,True,101359.2461080965,23763.227849999992,14.155708047945206,5.731050513698629,3.3698630136986303,0.0,0.0,3.3698630136986303,1.6849315068493151,0.0,0,0,0,0.0,0.0,1,2400
central-balanced-c97p49-r0p0-road-only,road-only,0.0,combined,12,feasible-heuristic,True,101381.10308114099,23828.16089999999,14.068628424657533,5.746710616438355,3.328767123287671,0.0,0.0,3.328767123287671,1.6643835616438356,0.0,0,0,0,0.0,0.0,1,2400
central-balanced-c97p49-r0p0-road-only,road-only,0.0,combined,13,feasible-heuristic,True,101359.2461080965,23763.227849999992,14.155708047945206,5.731050513698629,3.3698630136986303,0.0,0.0,3.3698630136986303,1.6849315068493151,0.0,0,0,0,0.0,0.0,1,2400
central-balanced-c97p49-r0p0-road-only,road-only,0.0,combined,14,feasible-heuristic,True,101359.2461080965,23763.227849999992,14.155708047945206,5.731050513698629,3.3698630136986303,0.0,0.0,3.3698630136986303,1.6849315068493151,0.0,0,0,0,0.0,0.0,1,2400
central-balanced-c97p49-r0p0-road-only,road-only,0.0,combined,15,feasible-heuristic,True,101359.2461080965,23763.227849999992,14.155708047945206,5.731050513698629,3.3698630136986303,0.0,0.0,3.3698630136986303,1.6849315068493151,0.0,0,0,0,0.0,0.0,1,2400
central-balanced-c97p49-r0p0-road-only,road-only,0.0,combined,16,feasible-heuristic,True,101359.2461080965,23763.227849999992,14.155708047945206,5.731050513698629,3.3698630136986303,0.0,0.0,3.3698630136986303,1.6849315068493151,0.0,0,0,0,0.0,0.0,1,2400
central-balanced-c97p49-r0p0-road-only,road-only,0.0,combined,17,feasible-heuristic,True,101359.2461080965,23763.227849999992,14.155708047945206,5.731050513698629,3.3698630136986303,0.0,0.0,3.3698630136986303,1.6849315068493151,0.0,0,0,0,0.0,0.0,2,2400
central-balanced-c97p49-r0p0-road-only,road-only,0.0,combined,18,feasible-heuristic,True,101359.2461080965,23763.227849999992,14.155708047945206,5.731050513698629,3.3698630136986303,0.0,0.0,3.3698630136986303,1.6849315068493151,0.0,0,0,0,0.0,0.0,2,2400
central-balanced-c97p49-r0p0-road-only,road-only,0.0,combined,19,feasible-heuristic,True,101359.2461080965,23763.227849999992,14.155708047945206,5.731050513698629,3.3698630136986303,0.0,0.0,3.3698630136986303,1.6849315068493151,0.0,0,0,0,0.0,0.0,1,2400
central-balanced-c97p49-r0p0-road-only,road-only,0.0,combined,20,feasible-heuristic,True,101359.2461080965,23763.227849999992,14.155708047945206,5.731050513698629,3.3698630136986303,0.0,0.0,3.3698630136986303,1.6849315068493151,0.0,0,0,0,0.0,0.0,1,2400
central-balanced-c97p49-r0p0-road-only,road-only,0.0,combined,21,feasible-heuristic,True,101359.2461080965,23763.227849999992,14.155708047945206,5.731050513698629,3.3698630136986303,0.0,0.0,3.3698630136986303,1.6849315068493151,0.0,0,0,0,0.0,0.0,2,2400
central-balanced-c97p49-r0p0-road-only,road-only,0.0,combined,22,feasible-heuristic,True,101381.10308114099,23828.16089999999,14.068628424657533,5.746710616438355,3.328767123287671,0.0,0.0,3.328767123287671,1.6643835616438356,0.0,0,0,0,0.0,0.0,1,2400
central-balanced-c97p49-r0p0-road-only,road-only,0.0,combined,23,feasible-heuristic,True,101359.2461080965,23763.227849999992,14.155708047945206,5.731050513698629,3.3698630136986303,0.0,0.0,3.3698630136986303,1.6849315068493151,0.0,0,0,0,0.0,0.0,1,2400
central-balanced-c97p49-r0p0-road-only,road-only,0.0,combined,24,feasible-heuristic,True,101359.2461080965,23763.227849999992,14.155708047945206,5.731050513698629,3.3698630136986303,0.0,0.0,3.3698630136986303,1.6849315068493151,0.0,0,0,0,0.0,0.0,2,2400
central-balanced-c97p49-r0p0-road-only,road-only,0.0,combined,25,feasible-heuristic,True,101397.47747668649,23828.61884999999,14.068738869863013,5.746821061643834,3.328767123287671,0.0,0.0,3.328767123287671,1.6643835616438356,0.0,0,0,0,0.0,0.0,0,2400
central-balanced-c97p49-r0p0-road-only,road-only,0.0,combined,26,feasible-heuristic,True,101359.2461080965,23763.227849999992,14.155708047945206,5.731050513698629,3.3698630136986303,0.0,0.0,3.3698630136986303,1.6849315068493151,0.0,0,0,0,0.0,0.0,2,2400
central-balanced-c97p49-r0p0-road-only,road-only,0.0,combined,27,feasible-heuristic,True,101381.5371866535,23808.54714999999,14.098144691780824,5.741980308219177,3.3424657534246576,0.0,0.0,3.3424657534246576,1.6712328767123288,0.0,0,0,0,0.0,0.0,1,2400
central-balanced-c97p49-r0p0-road-only,road-only,0.0,combined,28,feasible-heuristic,True,101359.2461080965,23763.227849999992,14.155708047945206,5.731050513698629,3.3698630136986303,0.0,0.0,3.3698630136986303,1.6849315068493151,0.0,0,0,0,0.0,0.0,2,2400
central-balanced-c97p49-r0p0-road-only,road-only,0.0,combined,29,feasible-heuristic,True,101359.2461080965,23763.227849999992,14.155708047945206,5.731050513698629,3.3698630136986303,0.0,0.0,3.3698630136986303,1.6849315068493151,0.0,0,0,0,0.0,0.0,1,2400
central-balanced-c97p49-r0p0-road-only,road-only,0.0,hybrid-seeded,0,feasible-heuristic,True,101359.2461080965,23763.227849999992,14.155708047945206,5.731050513698629,3.3698630136986303,0.0,0.0,3.3698630136986303,1.6849315068493151,0.0,0,0,0,0.0,0.0,4,2400
central-balanced-c97p49-r0p0-road-only,road-only,0.0,hybrid-seeded,1,feasible-heuristic,True,101359.2461080965,23763.227849999992,14.155708047945206,5.731050513698629,3.3698630136986303,0.0,0.0,3.3698630136986303,1.6849315068493151,0.0,0,0,0,0.0,0.0,4,2400
central-balanced-c97p49-r0p0-road-only,road-only,0.0,hybrid-seeded,2,feasible-heuristic,True,101359.2461080965,23763.227849999992,14.155708047945206,5.731050513698629,3.3698630136986303,0.0,0.0,3.3698630136986303,1.6849315068493151,0.0,0,0,0,0.0,0.0,4,2400
central-balanced-c97p49-r0p0-road-only,road-only,0.0,hybrid-seeded,3,feasible-heuristic,True,101359.2461080965,23763.227849999992,14.155708047945206,5.731050513698629,3.3698630136986303,0.0,0.0,3.3698630136986303,1.6849315068493151,0.0,0,0,0,0.0,0.0,4,2400
central-balanced-c97p49-r0p0-road-only,road-only,0.0,hybrid-seeded,4,feasible-heuristic,True,101359.2461080965,23763.227849999992,14.155708047945206,5.731050513698629,3.3698630136986303,0.0,0.0,3.3698630136986303,1.6849315068493151,0.0,0,0,0,0.0,0.0,4,2400
central-balanced-c97p49-r0p0-road-only,road-only,0.0,hybrid-seeded,5,feasible-heuristic,True,101359.2461080965,23763.227849999992,14.155708047945206,5.731050513698629,3.3698630136986303,0.0,0.0,3.3698630136986303,1.6849315068493151,0.0,0,0,0,0.0,0.0,4,2400
central-balanced-c97p49-r0p0-road-only,road-only,0.0,hybrid-seeded,6,feasible-heuristic,True,101359.2461080965,23763.227849999992,14.155708047945206,5.731050513698629,3.3698630136986303,0.0,0.0,3.3698630136986303,1.6849315068493151,0.0,0,0,0,0.0,0.0,4,2400
central-balanced-c97p49-r0p0-road-only,road-only,0.0,hybrid-seeded,7,feasible-heuristic,True,101359.2461080965,23763.227849999992,14.155708047945206,5.731050513698629,3.3698630136986303,0.0,0.0,3.3698630136986303,1.6849315068493151,0.0,0,0,0,0.0,0.0,4,2400
central-balanced-c97p49-r0p0-road-only,road-only,0.0,hybrid-seeded,8,feasible-heuristic,True,101359.2461080965,23763.227849999992,14.155708047945206,5.731050513698629,3.3698630136986303,0.0,0.0,3.3698630136986303,1.6849315068493151,0.0,0,0,0,0.0,0.0,4,2400
central-balanced-c97p49-r0p0-road-only,road-only,0.0,hybrid-seeded,9,feasible-heuristic,True,101359.2461080965,23763.227849999992,14.155708047945206,5.731050513698629,3.3698630136986303,0.0,0.0,3.3698630136986303,1.6849315068493151,0.0,0,0,0,0.0,0.0,4,2400
central-balanced-c97p49-r0p0-road-only,road-only,0.0,hybrid-seeded,10,feasible-heuristic,True,101359.2461080965,23763.227849999992,14.155708047945206,5.731050513698629,3.3698630136986303,0.0,0.0,3.3698630136986303,1.6849315068493151,0.0,0,0,0,0.0,0.0,4,2400
central-balanced-c97p49-r0p0-road-only,road-only,0.0,hybrid-seeded,11,feasible-heuristic,True,101359.2461080965,23763.227849999992,14.155708047945206,5.731050513698629,3.3698630136986303,0.0,0.0,3.3698630136986303,1.6849315068493151,0.0,0,0,0,0.0,0.0,4,2400
central-balanced-c97p49-r0p0-road-only,road-only,0.0,hybrid-seeded,12,feasible-heuristic,True,101359.2461080965,23763.227849999992,14.155708047945206,5.731050513698629,3.3698630136986303,0.0,0.0,3.3698630136986303,1.6849315068493151,0.0,0,0,0,0.0,0.0,4,2400
central-balanced-c97p49-r0p0-road-only,road-only,0.0,hybrid-seeded,13,feasible-heuristic,True,101359.2461080965,23763.227849999992,14.155708047945206,5.731050513698629,3.3698630136986303,0.0,0.0,3.3698630136986303,1.6849315068493151,0.0,0,0,0,0.0,0.0,4,2400
central-balanced-c97p49-r0p0-road-only,road-only,0.0,hybrid-seeded,14,feasible-heuristic,True,101359.2461080965,23763.227849999992,14.155708047945206,5.731050513698629,3.3698630136986303,0.0,0.0,3.3698630136986303,1.6849315068493151,0.0,0,0,0,0.0,0.0,4,2400
central-balanced-c97p49-r0p0-road-only,road-only,0.0,hybrid-seeded,15,feasible-heuristic,True,101359.2461080965,23763.227849999992,14.155708047945206,5.731050513698629,3.3698630136986303,0.0,0.0,3.3698630136986303,1.6849315068493151,0.0,0,0,0,0.0,0.0,4,2400
central-balanced-c97p49-r0p0-road-only,road-only,0.0,hybrid-seeded,16,feasible-heuristic,True,101359.2461080965,23763.227849999992,14.155708047945206,5.731050513698629,3.3698630136986303,0.0,0.0,3.3698630136986303,1.6849315068493151,0.0,0,0,0,0.0,0.0,4,2400
central-balanced-c97p49-r0p0-road-only,road-only,0.0,hybrid-seeded,17,feasible-heuristic,True,101359.2461080965,23763.227849999992,14.155708047945206,5.731050513698629,3.3698630136986303,0.0,0.0,3.3698630136986303,1.6849315068493151,0.0,0,0,0,0.0,0.0,4,2400
central-balanced-c97p49-r0p0-road-only,road-only,0.0,hybrid-seeded,18,feasible-heuristic,True,101359.2461080965,23763.227849999992,14.155708047945206,5.731050513698629,3.3698630136986303,0.0,0.0,3.3698630136986303,1.6849315068493151,0.0,0,0,0,0.0,0.0,4,2400
central-balanced-c97p49-r0p0-road-only,road-only,0.0,hybrid-seeded,19,feasible-heuristic,True,101359.2461080965,23763.227849999992,14.155708047945206,5.731050513698629,3.3698630136986303,0.0,0.0,3.3698630136986303,1.6849315068493151,0.0,0,0,0,0.0,0.0,4,2400
central-balanced-c97p49-r0p0-road-only,road-only,0.0,hybrid-seeded,20,feasible-heuristic,True,101359.2461080965,23763.227849999992,14.155708047945206,5.731050513698629,3.3698630136986303,0.0,0.0,3.3698630136986303,1.6849315068493151,0.0,0,0,0,0.0,0.0,4,2400
central-balanced-c97p49-r0p0-road-only,road-only,0.0,hybrid-seeded,21,feasible-heuristic,True,101359.2461080965,23763.227849999992,14.155708047945206,5.731050513698629,3.3698630136986303,0.0,0.0,3.3698630136986303,1.6849315068493151,0.0,0,0,0,0.0,0.0,4,2400
central-balanced-c97p49-r0p0-road-only,road-only,0.0,hybrid-seeded,22,feasible-heuristic,True,101359.2461080965,23763.227849999992,14.155708047945206,5.731050513698629,3.3698630136986303,0.0,0.0,3.3698630136986303,1.6849315068493151,0.0,0,0,0,0.0,0.0,4,2400
central-balanced-c97p49-r0p0-road-only,road-only,0.0,hybrid-seeded,23,feasible-heuristic,True,101359.2461080965,23763.227849999992,14.155708047945206,5.731050513698629,3.3698630136986303,0.0,0.0,3.3698630136986303,1.6849315068493151,0.0,0,0,0,0.0,0.0,4,2400
central-balanced-c97p49-r0p0-road-only,road-only,0.0,hybrid-seeded,24,feasible-heuristic,True,101359.2461080965,23763.227849999992,14.155708047945206,5.731050513698629,3.3698630136986303,0.0,0.0,3.3698630136986303,1.6849315068493151,0.0,0,0,0,0.0,0.0,4,2400
central-balanced-c97p49-r0p0-road-only,road-only,0.0,hybrid-seeded,25,feasible-heuristic,True,101359.2461080965,23763.227849999992,14.155708047945206,5.731050513698629,3.3698630136986303,0.0,0.0,3.3698630136986303,1.6849315068493151,0.0,0,0,0,0.0,0.0,4,2400
central-balanced-c97p49-r0p0-road-only,road-only,0.0,hybrid-seeded,26,feasible-heuristic,True,101359.2461080965,23763.227849999992,14.155708047945206,5.731050513698629,3.3698630136986303,0.0,0.0,3.3698630136986303,1.6849315068493151,0.0,0,0,0,0.0,0.0,4,2400
central-balanced-c97p49-r0p0-road-only,road-only,0.0,hybrid-seeded,27,feasible-heuristic,True,101359.2461080965,23763.227849999992,14.155708047945206,5.731050513698629,3.3698630136986303,0.0,0.0,3.3698630136986303,1.6849315068493151,0.0,0,0,0,0.0,0.0,4,2400
central-balanced-c97p49-r0p0-road-only,road-only,0.0,hybrid-seeded,28,feasible-heuristic,True,101359.2461080965,23763.227849999992,14.155708047945206,5.731050513698629,3.3698630136986303,0.0,0.0,3.3698630136986303,1.6849315068493151,0.0,0,0,0,0.0,0.0,4,2400
central-balanced-c97p49-r0p0-road-only,road-only,0.0,hybrid-seeded,29,feasible-heuristic,True,101359.2461080965,23763.227849999992,14.155708047945206,5.731050513698629,3.3698630136986303,0.0,0.0,3.3698630136986303,1.6849315068493151,0.0,0,0,0,0.0,0.0,4,2400
central-balanced-c97p49-r9p5-road-only,road-only,0.095,fixed,0,infeasible-candidate-emission-lower-bound,False,,,,,,,,,,,,,,,,0,0
central-balanced-c97p49-r9p5-road-only,road-only,0.095,fixed,1,infeasible-candidate-emission-lower-bound,False,,,,,,,,,,,,,,,,0,0
central-balanced-c97p49-r9p5-road-only,road-only,0.095,fixed,2,infeasible-candidate-emission-lower-bound,False,,,,,,,,,,,,,,,,0,0
central-balanced-c97p49-r9p5-road-only,road-only,0.095,fixed,3,infeasible-candidate-emission-lower-bound,False,,,,,,,,,,,,,,,,0,0
central-balanced-c97p49-r9p5-road-only,road-only,0.095,fixed,4,infeasible-candidate-emission-lower-bound,False,,,,,,,,,,,,,,,,0,0
central-balanced-c97p49-r9p5-road-only,road-only,0.095,fixed,5,infeasible-candidate-emission-lower-bound,False,,,,,,,,,,,,,,,,0,0
central-balanced-c97p49-r9p5-road-only,road-only,0.095,fixed,6,infeasible-candidate-emission-lower-bound,False,,,,,,,,,,,,,,,,0,0
central-balanced-c97p49-r9p5-road-only,road-only,0.095,fixed,7,infeasible-candidate-emission-lower-bound,False,,,,,,,,,,,,,,,,0,0
central-balanced-c97p49-r9p5-road-only,road-only,0.095,fixed,8,infeasible-candidate-emission-lower-bound,False,,,,,,,,,,,,,,,,0,0
central-balanced-c97p49-r9p5-road-only,road-only,0.095,fixed,9,infeasible-candidate-emission-lower-bound,False,,,,,,,,,,,,,,,,0,0
central-balanced-c97p49-r9p5-road-only,road-only,0.095,fixed,10,infeasible-candidate-emission-lower-bound,False,,,,,,,,,,,,,,,,0,0
central-balanced-c97p49-r9p5-road-only,road-only,0.095,fixed,11,infeasible-candidate-emission-lower-bound,False,,,,,,,,,,,,,,,,0,0
central-balanced-c97p49-r9p5-road-only,road-only,0.095,fixed,12,infeasible-candidate-emission-lower-bound,False,,,,,,,,,,,,,,,,0,0
central-balanced-c97p49-r9p5-road-only,road-only,0.095,fixed,13,infeasible-candidate-emission-lower-bound,False,,,,,,,,,,,,,,,,0,0
central-balanced-c97p49-r9p5-road-only,road-only,0.095,fixed,14,infeasible-candidate-emission-lower-bound,False,,,,,,,,,,,,,,,,0,0
central-balanced-c97p49-r9p5-road-only,road-only,0.095,fixed,15,infeasible-candidate-emission-lower-bound,False,,,,,,,,,,,,,,,,0,0
central-balanced-c97p49-r9p5-road-only,road-only,0.095,fixed,16,infeasible-candidate-emission-lower-bound,False,,,,,,,,,,,,,,,,0,0
central-balanced-c97p49-r9p5-road-only,road-only,0.095,fixed,17,infeasible-candidate-emission-lower-bound,False,,,,,,,,,,,,,,,,0,0
central-balanced-c97p49-r9p5-road-only,road-only,0.095,fixed,18,infeasible-candidate-emission-lower-bound,False,,,,,,,,,,,,,,,,0,0
central-balanced-c97p49-r9p5-road-only,road-only,0.095,fixed,19,infeasible-candidate-emission-lower-bound,False,,,,,,,,,,,,,,,,0,0
central-balanced-c97p49-r9p5-road-only,road-only,0.095,fixed,20,infeasible-candidate-emission-lower-bound,False,,,,,,,,,,,,,,,,0,0
central-balanced-c97p49-r9p5-road-only,road-only,0.095,fixed,21,infeasible-candidate-emission-lower-bound,False,,,,,,,,,,,,,,,,0,0
central-balanced-c97p49-r9p5-road-only,road-only,0.095,fixed,22,infeasible-candidate-emission-lower-bound,False,,,,,,,,,,,,,,,,0,0
central-balanced-c97p49-r9p5-road-only,road-only,0.095,fixed,23,infeasible-candidate-emission-lower-bound,False,,,,,,,,,,,,,,,,0,0
central-balanced-c97p49-r9p5-road-only,road-only,0.095,fixed,24,infeasible-candidate-emission-lower-bound,False,,,,,,,,,,,,,,,,0,0
central-balanced-c97p49-r9p5-road-only,road-only,0.095,fixed,25,infeasible-candidate-emission-lower-bound,False,,,,,,,,,,,,,,,,0,0
central-balanced-c97p49-r9p5-road-only,road-only,0.095,fixed,26,infeasible-candidate-emission-lower-bound,False,,,,,,,,,,,,,,,,0,0
central-balanced-c97p49-r9p5-road-only,road-only,0.095,fixed,27,infeasible-candidate-emission-lower-bound,False,,,,,,,,,,,,,,,,0,0
central-balanced-c97p49-r9p5-road-only,road-only,0.095,fixed,28,infeasible-candidate-emission-lower-bound,False,,,,,,,,,,,,,,,,0,0
central-balanced-c97p49-r9p5-road-only,road-only,0.095,fixed,29,infeasible-candidate-emission-lower-bound,False,,,,,,,,,,,,,,,,0,0
central-balanced-c97p49-r9p5-road-only,road-only,0.095,adaptive,0,infeasible-candidate-emission-lower-bound,False,,,,,,,,,,,,,,,,0,0
central-balanced-c97p49-r9p5-road-only,road-only,0.095,adaptive,1,infeasible-candidate-emission-lower-bound,False,,,,,,,,,,,,,,,,0,0
central-balanced-c97p49-r9p5-road-only,road-only,0.095,adaptive,2,infeasible-candidate-emission-lower-bound,False,,,,,,,,,,,,,,,,0,0
central-balanced-c97p49-r9p5-road-only,road-only,0.095,adaptive,3,infeasible-candidate-emission-lower-bound,False,,,,,,,,,,,,,,,,0,0
central-balanced-c97p49-r9p5-road-only,road-only,0.095,adaptive,4,infeasible-candidate-emission-lower-bound,False,,,,,,,,,,,,,,,,0,0
central-balanced-c97p49-r9p5-road-only,road-only,0.095,adaptive,5,infeasible-candidate-emission-lower-bound,False,,,,,,,,,,,,,,,,0,0
central-balanced-c97p49-r9p5-road-only,road-only,0.095,adaptive,6,infeasible-candidate-emission-lower-bound,False,,,,,,,,,,,,,,,,0,0
central-balanced-c97p49-r9p5-road-only,road-only,0.095,adaptive,7,infeasible-candidate-emission-lower-bound,False,,,,,,,,,,,,,,,,0,0
central-balanced-c97p49-r9p5-road-only,road-only,0.095,adaptive,8,infeasible-candidate-emission-lower-bound,False,,,,,,,,,,,,,,,,0,0
central-balanced-c97p49-r9p5-road-only,road-only,0.095,adaptive,9,infeasible-candidate-emission-lower-bound,False,,,,,,,,,,,,,,,,0,0
central-balanced-c97p49-r9p5-road-only,road-only,0.095,adaptive,10,infeasible-candidate-emission-lower-bound,False,,,,,,,,,,,,,,,,0,0
central-balanced-c97p49-r9p5-road-only,road-only,0.095,adaptive,11,infeasible-candidate-emission-lower-bound,False,,,,,,,,,,,,,,,,0,0
central-balanced-c97p49-r9p5-road-only,road-only,0.095,adaptive,12,infeasible-candidate-emission-lower-bound,False,,,,,,,,,,,,,,,,0,0
central-balanced-c97p49-r9p5-road-only,road-only,0.095,adaptive,13,infeasible-candidate-emission-lower-bound,False,,,,,,,,,,,,,,,,0,0
central-balanced-c97p49-r9p5-road-only,road-only,0.095,adaptive,14,infeasible-candidate-emission-lower-bound,False,,,,,,,,,,,,,,,,0,0
central-balanced-c97p49-r9p5-road-only,road-only,0.095,adaptive,15,infeasible-candidate-emission-lower-bound,False,,,,,,,,,,,,,,,,0,0
central-balanced-c97p49-r9p5-road-only,road-only,0.095,adaptive,16,infeasible-candidate-emission-lower-bound,False,,,,,,,,,,,,,,,,0,0
central-balanced-c97p49-r9p5-road-only,road-only,0.095,adaptive,17,infeasible-candidate-emission-lower-bound,False,,,,,,,,,,,,,,,,0,0
central-balanced-c97p49-r9p5-road-only,road-only,0.095,adaptive,18,infeasible-candidate-emission-lower-bound,False,,,,,,,,,,,,,,,,0,0
central-balanced-c97p49-r9p5-road-only,road-only,0.095,adaptive,19,infeasible-candidate-emission-lower-bound,False,,,,,,,,,,,,,,,,0,0
central-balanced-c97p49-r9p5-road-only,road-only,0.095,adaptive,20,infeasible-candidate-emission-lower-bound,False,,,,,,,,,,,,,,,,0,0
central-balanced-c97p49-r9p5-road-only,road-only,0.095,adaptive,21,infeasible-candidate-emission-lower-bound,False,,,,,,,,,,,,,,,,0,0
central-balanced-c97p49-r9p5-road-only,road-only,0.095,adaptive,22,infeasible-candidate-emission-lower-bound,False,,,,,,,,,,,,,,,,0,0
central-balanced-c97p49-r9p5-road-only,road-only,0.095,adaptive,23,infeasible-candidate-emission-lower-bound,False,,,,,,,,,,,,,,,,0,0
central-balanced-c97p49-r9p5-road-only,road-only,0.095,adaptive,24,infeasible-candidate-emission-lower-bound,False,,,,,,,,,,,,,,,,0,0
central-balanced-c97p49-r9p5-road-only,road-only,0.095,adaptive,25,infeasible-candidate-emission-lower-bound,False,,,,,,,,,,,,,,,,0,0
central-balanced-c97p49-r9p5-road-only,road-only,0.095,adaptive,26,infeasible-candidate-emission-lower-bound,False,,,,,,,,,,,,,,,,0,0
central-balanced-c97p49-r9p5-road-only,road-only,0.095,adaptive,27,infeasible-candidate-emission-lower-bound,False,,,,,,,,,,,,,,,,0,0
central-balanced-c97p49-r9p5-road-only,road-only,0.095,adaptive,28,infeasible-candidate-emission-lower-bound,False,,,,,,,,,,,,,,,,0,0
central-balanced-c97p49-r9p5-road-only,road-only,0.095,adaptive,29,infeasible-candidate-emission-lower-bound,False,,,,,,,,,,,,,,,,0,0
central-balanced-c97p49-r9p5-road-only,road-only,0.095,catastrophe,0,infeasible-candidate-emission-lower-bound,False,,,,,,,,,,,,,,,,0,0
central-balanced-c97p49-r9p5-road-only,road-only,0.095,catastrophe,1,infeasible-candidate-emission-lower-bound,False,,,,,,,,,,,,,,,,0,0
central-balanced-c97p49-r9p5-road-only,road-only,0.095,catastrophe,2,infeasible-candidate-emission-lower-bound,False,,,,,,,,,,,,,,,,0,0
central-balanced-c97p49-r9p5-road-only,road-only,0.095,catastrophe,3,infeasible-candidate-emission-lower-bound,False,,,,,,,,,,,,,,,,0,0
central-balanced-c97p49-r9p5-road-only,road-only,0.095,catastrophe,4,infeasible-candidate-emission-lower-bound,False,,,,,,,,,,,,,,,,0,0
central-balanced-c97p49-r9p5-road-only,road-only,0.095,catastrophe,5,infeasible-candidate-emission-lower-bound,False,,,,,,,,,,,,,,,,0,0
central-balanced-c97p49-r9p5-road-only,road-only,0.095,catastrophe,6,infeasible-candidate-emission-lower-bound,False,,,,,,,,,,,,,,,,0,0
central-balanced-c97p49-r9p5-road-only,road-only,0.095,catastrophe,7,infeasible-candidate-emission-lower-bound,False,,,,,,,,,,,,,,,,0,0
central-balanced-c97p49-r9p5-road-only,road-only,0.095,catastrophe,8,infeasible-candidate-emission-lower-bound,False,,,,,,,,,,,,,,,,0,0
central-balanced-c97p49-r9p5-road-only,road-only,0.095,catastrophe,9,infeasible-candidate-emission-lower-bound,False,,,,,,,,,,,,,,,,0,0
central-balanced-c97p49-r9p5-road-only,road-only,0.095,catastrophe,10,infeasible-candidate-emission-lower-bound,False,,,,,,,,,,,,,,,,0,0
central-balanced-c97p49-r9p5-road-only,road-only,0.095,catastrophe,11,infeasible-candidate-emission-lower-bound,False,,,,,,,,,,,,,,,,0,0
central-balanced-c97p49-r9p5-road-only,road-only,0.095,catastrophe,12,infeasible-candidate-emission-lower-bound,False,,,,,,,,,,,,,,,,0,0
central-balanced-c97p49-r9p5-road-only,road-only,0.095,catastrophe,13,infeasible-candidate-emission-lower-bound,False,,,,,,,,,,,,,,,,0,0
central-balanced-c97p49-r9p5-road-only,road-only,0.095,catastrophe,14,infeasible-candidate-emission-lower-bound,False,,,,,,,,,,,,,,,,0,0
central-balanced-c97p49-r9p5-road-only,road-only,0.095,catastrophe,15,infeasible-candidate-emission-lower-bound,False,,,,,,,,,,,,,,,,0,0
central-balanced-c97p49-r9p5-road-only,road-only,0.095,catastrophe,16,infeasible-candidate-emission-lower-bound,False,,,,,,,,,,,,,,,,0,0
central-balanced-c97p49-r9p5-road-only,road-only,0.095,catastrophe,17,infeasible-candidate-emission-lower-bound,False,,,,,,,,,,,,,,,,0,0
central-balanced-c97p49-r9p5-road-only,road-only,0.095,catastrophe,18,infeasible-candidate-emission-lower-bound,False,,,,,,,,,,,,,,,,0,0
central-balanced-c97p49-r9p5-road-only,road-only,0.095,catastrophe,19,infeasible-candidate-emission-lower-bound,False,,,,,,,,,,,,,,,,0,0
central-balanced-c97p49-r9p5-road-only,road-only,0.095,catastrophe,20,infeasible-candidate-emission-lower-bound,False,,,,,,,,,,,,,,,,0,0
central-balanced-c97p49-r9p5-road-only,road-only,0.095,catastrophe,21,infeasible-candidate-emission-lower-bound,False,,,,,,,,,,,,,,,,0,0
central-balanced-c97p49-r9p5-road-only,road-only,0.095,catastrophe,22,infeasible-candidate-emission-lower-bound,False,,,,,,,,,,,,,,,,0,0
central-balanced-c97p49-r9p5-road-only,road-only,0.095,catastrophe,23,infeasible-candidate-emission-lower-bound,False,,,,,,,,,,,,,,,,0,0
central-balanced-c97p49-r9p5-road-only,road-only,0.095,catastrophe,24,infeasible-candidate-emission-lower-bound,False,,,,,,,,,,,,,,,,0,0
central-balanced-c97p49-r9p5-road-only,road-only,0.095,catastrophe,25,infeasible-candidate-emission-lower-bound,False,,,,,,,,,,,,,,,,0,0
central-balanced-c97p49-r9p5-road-only,road-only,0.095,catastrophe,26,infeasible-candidate-emission-lower-bound,False,,,,,,,,,,,,,,,,0,0
central-balanced-c97p49-r9p5-road-only,road-only,0.095,catastrophe,27,infeasible-candidate-emission-lower-bound,False,,,,,,,,,,,,,,,,0,0
central-balanced-c97p49-r9p5-road-only,road-only,0.095,catastrophe,28,infeasible-candidate-emission-lower-bound,False,,,,,,,,,,,,,,,,0,0
central-balanced-c97p49-r9p5-road-only,road-only,0.095,catastrophe,29,infeasible-candidate-emission-lower-bound,False,,,,,,,,,,,,,,,,0,0
central-balanced-c97p49-r9p5-road-only,road-only,0.095,combined,0,infeasible-candidate-emission-lower-bound,False,,,,,,,,,,,,,,,,0,0
central-balanced-c97p49-r9p5-road-only,road-only,0.095,combined,1,infeasible-candidate-emission-lower-bound,False,,,,,,,,,,,,,,,,0,0
central-balanced-c97p49-r9p5-road-only,road-only,0.095,combined,2,infeasible-candidate-emission-lower-bound,False,,,,,,,,,,,,,,,,0,0
central-balanced-c97p49-r9p5-road-only,road-only,0.095,combined,3,infeasible-candidate-emission-lower-bound,False,,,,,,,,,,,,,,,,0,0
central-balanced-c97p49-r9p5-road-only,road-only,0.095,combined,4,infeasible-candidate-emission-lower-bound,False,,,,,,,,,,,,,,,,0,0
central-balanced-c97p49-r9p5-road-only,road-only,0.095,combined,5,infeasible-candidate-emission-lower-bound,False,,,,,,,,,,,,,,,,0,0
central-balanced-c97p49-r9p5-road-only,road-only,0.095,combined,6,infeasible-candidate-emission-lower-bound,False,,,,,,,,,,,,,,,,0,0
central-balanced-c97p49-r9p5-road-only,road-only,0.095,combined,7,infeasible-candidate-emission-lower-bound,False,,,,,,,,,,,,,,,,0,0
central-balanced-c97p49-r9p5-road-only,road-only,0.095,combined,8,infeasible-candidate-emission-lower-bound,False,,,,,,,,,,,,,,,,0,0
central-balanced-c97p49-r9p5-road-only,road-only,0.095,combined,9,infeasible-candidate-emission-lower-bound,False,,,,,,,,,,,,,,,,0,0
central-balanced-c97p49-r9p5-road-only,road-only,0.095,combined,10,infeasible-candidate-emission-lower-bound,False,,,,,,,,,,,,,,,,0,0
central-balanced-c97p49-r9p5-road-only,road-only,0.095,combined,11,infeasible-candidate-emission-lower-bound,False,,,,,,,,,,,,,,,,0,0
central-balanced-c97p49-r9p5-road-only,road-only,0.095,combined,12,infeasible-candidate-emission-lower-bound,False,,,,,,,,,,,,,,,,0,0
central-balanced-c97p49-r9p5-road-only,road-only,0.095,combined,13,infeasible-candidate-emission-lower-bound,False,,,,,,,,,,,,,,,,0,0
central-balanced-c97p49-r9p5-road-only,road-only,0.095,combined,14,infeasible-candidate-emission-lower-bound,False,,,,,,,,,,,,,,,,0,0
central-balanced-c97p49-r9p5-road-only,road-only,0.095,combined,15,infeasible-candidate-emission-lower-bound,False,,,,,,,,,,,,,,,,0,0
central-balanced-c97p49-r9p5-road-only,road-only,0.095,combined,16,infeasible-candidate-emission-lower-bound,False,,,,,,,,,,,,,,,,0,0
central-balanced-c97p49-r9p5-road-only,road-only,0.095,combined,17,infeasible-candidate-emission-lower-bound,False,,,,,,,,,,,,,,,,0,0
central-balanced-c97p49-r9p5-road-only,road-only,0.095,combined,18,infeasible-candidate-emission-lower-bound,False,,,,,,,,,,,,,,,,0,0
central-balanced-c97p49-r9p5-road-only,road-only,0.095,combined,19,infeasible-candidate-emission-lower-bound,False,,,,,,,,,,,,,,,,0,0
central-balanced-c97p49-r9p5-road-only,road-only,0.095,combined,20,infeasible-candidate-emission-lower-bound,False,,,,,,,,,,,,,,,,0,0
central-balanced-c97p49-r9p5-road-only,road-only,0.095,combined,21,infeasible-candidate-emission-lower-bound,False,,,,,,,,,,,,,,,,0,0
central-balanced-c97p49-r9p5-road-only,road-only,0.095,combined,22,infeasible-candidate-emission-lower-bound,False,,,,,,,,,,,,,,,,0,0
central-balanced-c97p49-r9p5-road-only,road-only,0.095,combined,23,infeasible-candidate-emission-lower-bound,False,,,,,,,,,,,,,,,,0,0
central-balanced-c97p49-r9p5-road-only,road-only,0.095,combined,24,infeasible-candidate-emission-lower-bound,False,,,,,,,,,,,,,,,,0,0
central-balanced-c97p49-r9p5-road-only,road-only,0.095,combined,25,infeasible-candidate-emission-lower-bound,False,,,,,,,,,,,,,,,,0,0
central-balanced-c97p49-r9p5-road-only,road-only,0.095,combined,26,infeasible-candidate-emission-lower-bound,False,,,,,,,,,,,,,,,,0,0
central-balanced-c97p49-r9p5-road-only,road-only,0.095,combined,27,infeasible-candidate-emission-lower-bound,False,,,,,,,,,,,,,,,,0,0
central-balanced-c97p49-r9p5-road-only,road-only,0.095,combined,28,infeasible-candidate-emission-lower-bound,False,,,,,,,,,,,,,,,,0,0
central-balanced-c97p49-r9p5-road-only,road-only,0.095,combined,29,infeasible-candidate-emission-lower-bound,False,,,,,,,,,,,,,,,,0,0
central-balanced-c97p49-r9p5-road-only,road-only,0.095,hybrid-seeded,0,infeasible-candidate-emission-lower-bound,False,,,,,,,,,,,,,,,,0,0
central-balanced-c97p49-r9p5-road-only,road-only,0.095,hybrid-seeded,1,infeasible-candidate-emission-lower-bound,False,,,,,,,,,,,,,,,,0,0
central-balanced-c97p49-r9p5-road-only,road-only,0.095,hybrid-seeded,2,infeasible-candidate-emission-lower-bound,False,,,,,,,,,,,,,,,,0,0
central-balanced-c97p49-r9p5-road-only,road-only,0.095,hybrid-seeded,3,infeasible-candidate-emission-lower-bound,False,,,,,,,,,,,,,,,,0,0
central-balanced-c97p49-r9p5-road-only,road-only,0.095,hybrid-seeded,4,infeasible-candidate-emission-lower-bound,False,,,,,,,,,,,,,,,,0,0
central-balanced-c97p49-r9p5-road-only,road-only,0.095,hybrid-seeded,5,infeasible-candidate-emission-lower-bound,False,,,,,,,,,,,,,,,,0,0
central-balanced-c97p49-r9p5-road-only,road-only,0.095,hybrid-seeded,6,infeasible-candidate-emission-lower-bound,False,,,,,,,,,,,,,,,,0,0
central-balanced-c97p49-r9p5-road-only,road-only,0.095,hybrid-seeded,7,infeasible-candidate-emission-lower-bound,False,,,,,,,,,,,,,,,,0,0
central-balanced-c97p49-r9p5-road-only,road-only,0.095,hybrid-seeded,8,infeasible-candidate-emission-lower-bound,False,,,,,,,,,,,,,,,,0,0
central-balanced-c97p49-r9p5-road-only,road-only,0.095,hybrid-seeded,9,infeasible-candidate-emission-lower-bound,False,,,,,,,,,,,,,,,,0,0
central-balanced-c97p49-r9p5-road-only,road-only,0.095,hybrid-seeded,10,infeasible-candidate-emission-lower-bound,False,,,,,,,,,,,,,,,,0,0
central-balanced-c97p49-r9p5-road-only,road-only,0.095,hybrid-seeded,11,infeasible-candidate-emission-lower-bound,False,,,,,,,,,,,,,,,,0,0
central-balanced-c97p49-r9p5-road-only,road-only,0.095,hybrid-seeded,12,infeasible-candidate-emission-lower-bound,False,,,,,,,,,,,,,,,,0,0
central-balanced-c97p49-r9p5-road-only,road-only,0.095,hybrid-seeded,13,infeasible-candidate-emission-lower-bound,False,,,,,,,,,,,,,,,,0,0
central-balanced-c97p49-r9p5-road-only,road-only,0.095,hybrid-seeded,14,infeasible-candidate-emission-lower-bound,False,,,,,,,,,,,,,,,,0,0
central-balanced-c97p49-r9p5-road-only,road-only,0.095,hybrid-seeded,15,infeasible-candidate-emission-lower-bound,False,,,,,,,,,,,,,,,,0,0
central-balanced-c97p49-r9p5-road-only,road-only,0.095,hybrid-seeded,16,infeasible-candidate-emission-lower-bound,False,,,,,,,,,,,,,,,,0,0
central-balanced-c97p49-r9p5-road-only,road-only,0.095,hybrid-seeded,17,infeasible-candidate-emission-lower-bound,False,,,,,,,,,,,,,,,,0,0
central-balanced-c97p49-r9p5-road-only,road-only,0.095,hybrid-seeded,18,infeasible-candidate-emission-lower-bound,False,,,,,,,,,,,,,,,,0,0
central-balanced-c97p49-r9p5-road-only,road-only,0.095,hybrid-seeded,19,infeasible-candidate-emission-lower-bound,False,,,,,,,,,,,,,,,,0,0
central-balanced-c97p49-r9p5-road-only,road-only,0.095,hybrid-seeded,20,infeasible-candidate-emission-lower-bound,False,,,,,,,,,,,,,,,,0,0
central-balanced-c97p49-r9p5-road-only,road-only,0.095,hybrid-seeded,21,infeasible-candidate-emission-lower-bound,False,,,,,,,,,,,,,,,,0,0
central-balanced-c97p49-r9p5-road-only,road-only,0.095,hybrid-seeded,22,infeasible-candidate-emission-lower-bound,False,,,,,,,,,,,,,,,,0,0
central-balanced-c97p49-r9p5-road-only,road-only,0.095,hybrid-seeded,23,infeasible-candidate-emission-lower-bound,False,,,,,,,,,,,,,,,,0,0
central-balanced-c97p49-r9p5-road-only,road-only,0.095,hybrid-seeded,24,infeasible-candidate-emission-lower-bound,False,,,,,,,,,,,,,,,,0,0
central-balanced-c97p49-r9p5-road-only,road-only,0.095,hybrid-seeded,25,infeasible-candidate-emission-lower-bound,False,,,,,,,,,,,,,,,,0,0
central-balanced-c97p49-r9p5-road-only,road-only,0.095,hybrid-seeded,26,infeasible-candidate-emission-lower-bound,False,,,,,,,,,,,,,,,,0,0
central-balanced-c97p49-r9p5-road-only,road-only,0.095,hybrid-seeded,27,infeasible-candidate-emission-lower-bound,False,,,,,,,,,,,,,,,,0,0
central-balanced-c97p49-r9p5-road-only,road-only,0.095,hybrid-seeded,28,infeasible-candidate-emission-lower-bound,False,,,,,,,,,,,,,,,,0,0
central-balanced-c97p49-r9p5-road-only,road-only,0.095,hybrid-seeded,29,infeasible-candidate-emission-lower-bound,False,,,,,,,,,,,,,,,,0,0
central-balanced-c97p49-r20p0-road-only,road-only,0.2,fixed,0,infeasible-candidate-emission-lower-bound,False,,,,,,,,,,,,,,,,0,0
central-balanced-c97p49-r20p0-road-only,road-only,0.2,fixed,1,infeasible-candidate-emission-lower-bound,False,,,,,,,,,,,,,,,,0,0
central-balanced-c97p49-r20p0-road-only,road-only,0.2,fixed,2,infeasible-candidate-emission-lower-bound,False,,,,,,,,,,,,,,,,0,0
central-balanced-c97p49-r20p0-road-only,road-only,0.2,fixed,3,infeasible-candidate-emission-lower-bound,False,,,,,,,,,,,,,,,,0,0
central-balanced-c97p49-r20p0-road-only,road-only,0.2,fixed,4,infeasible-candidate-emission-lower-bound,False,,,,,,,,,,,,,,,,0,0
central-balanced-c97p49-r20p0-road-only,road-only,0.2,fixed,5,infeasible-candidate-emission-lower-bound,False,,,,,,,,,,,,,,,,0,0
central-balanced-c97p49-r20p0-road-only,road-only,0.2,fixed,6,infeasible-candidate-emission-lower-bound,False,,,,,,,,,,,,,,,,0,0
central-balanced-c97p49-r20p0-road-only,road-only,0.2,fixed,7,infeasible-candidate-emission-lower-bound,False,,,,,,,,,,,,,,,,0,0
central-balanced-c97p49-r20p0-road-only,road-only,0.2,fixed,8,infeasible-candidate-emission-lower-bound,False,,,,,,,,,,,,,,,,0,0
central-balanced-c97p49-r20p0-road-only,road-only,0.2,fixed,9,infeasible-candidate-emission-lower-bound,False,,,,,,,,,,,,,,,,0,0
central-balanced-c97p49-r20p0-road-only,road-only,0.2,fixed,10,infeasible-candidate-emission-lower-bound,False,,,,,,,,,,,,,,,,0,0
central-balanced-c97p49-r20p0-road-only,road-only,0.2,fixed,11,infeasible-candidate-emission-lower-bound,False,,,,,,,,,,,,,,,,0,0
central-balanced-c97p49-r20p0-road-only,road-only,0.2,fixed,12,infeasible-candidate-emission-lower-bound,False,,,,,,,,,,,,,,,,0,0
central-balanced-c97p49-r20p0-road-only,road-only,0.2,fixed,13,infeasible-candidate-emission-lower-bound,False,,,,,,,,,,,,,,,,0,0
central-balanced-c97p49-r20p0-road-only,road-only,0.2,fixed,14,infeasible-candidate-emission-lower-bound,False,,,,,,,,,,,,,,,,0,0
central-balanced-c97p49-r20p0-road-only,road-only,0.2,fixed,15,infeasible-candidate-emission-lower-bound,False,,,,,,,,,,,,,,,,0,0
central-balanced-c97p49-r20p0-road-only,road-only,0.2,fixed,16,infeasible-candidate-emission-lower-bound,False,,,,,,,,,,,,,,,,0,0
central-balanced-c97p49-r20p0-road-only,road-only,0.2,fixed,17,infeasible-candidate-emission-lower-bound,False,,,,,,,,,,,,,,,,0,0
central-balanced-c97p49-r20p0-road-only,road-only,0.2,fixed,18,infeasible-candidate-emission-lower-bound,False,,,,,,,,,,,,,,,,0,0
central-balanced-c97p49-r20p0-road-only,road-only,0.2,fixed,19,infeasible-candidate-emission-lower-bound,False,,,,,,,,,,,,,,,,0,0
central-balanced-c97p49-r20p0-road-only,road-only,0.2,fixed,20,infeasible-candidate-emission-lower-bound,False,,,,,,,,,,,,,,,,0,0
central-balanced-c97p49-r20p0-road-only,road-only,0.2,fixed,21,infeasible-candidate-emission-lower-bound,False,,,,,,,,,,,,,,,,0,0
central-balanced-c97p49-r20p0-road-only,road-only,0.2,fixed,22,infeasible-candidate-emission-lower-bound,False,,,,,,,,,,,,,,,,0,0
central-balanced-c97p49-r20p0-road-only,road-only,0.2,fixed,23,infeasible-candidate-emission-lower-bound,False,,,,,,,,,,,,,,,,0,0
central-balanced-c97p49-r20p0-road-only,road-only,0.2,fixed,24,infeasible-candidate-emission-lower-bound,False,,,,,,,,,,,,,,,,0,0
central-balanced-c97p49-r20p0-road-only,road-only,0.2,fixed,25,infeasible-candidate-emission-lower-bound,False,,,,,,,,,,,,,,,,0,0
central-balanced-c97p49-r20p0-road-only,road-only,0.2,fixed,26,infeasible-candidate-emission-lower-bound,False,,,,,,,,,,,,,,,,0,0
central-balanced-c97p49-r20p0-road-only,road-only,0.2,fixed,27,infeasible-candidate-emission-lower-bound,False,,,,,,,,,,,,,,,,0,0
central-balanced-c97p49-r20p0-road-only,road-only,0.2,fixed,28,infeasible-candidate-emission-lower-bound,False,,,,,,,,,,,,,,,,0,0
central-balanced-c97p49-r20p0-road-only,road-only,0.2,fixed,29,infeasible-candidate-emission-lower-bound,False,,,,,,,,,,,,,,,,0,0
central-balanced-c97p49-r20p0-road-only,road-only,0.2,adaptive,0,infeasible-candidate-emission-lower-bound,False,,,,,,,,,,,,,,,,0,0
central-balanced-c97p49-r20p0-road-only,road-only,0.2,adaptive,1,infeasible-candidate-emission-lower-bound,False,,,,,,,,,,,,,,,,0,0
central-balanced-c97p49-r20p0-road-only,road-only,0.2,adaptive,2,infeasible-candidate-emission-lower-bound,False,,,,,,,,,,,,,,,,0,0
central-balanced-c97p49-r20p0-road-only,road-only,0.2,adaptive,3,infeasible-candidate-emission-lower-bound,False,,,,,,,,,,,,,,,,0,0
central-balanced-c97p49-r20p0-road-only,road-only,0.2,adaptive,4,infeasible-candidate-emission-lower-bound,False,,,,,,,,,,,,,,,,0,0
central-balanced-c97p49-r20p0-road-only,road-only,0.2,adaptive,5,infeasible-candidate-emission-lower-bound,False,,,,,,,,,,,,,,,,0,0
central-balanced-c97p49-r20p0-road-only,road-only,0.2,adaptive,6,infeasible-candidate-emission-lower-bound,False,,,,,,,,,,,,,,,,0,0
central-balanced-c97p49-r20p0-road-only,road-only,0.2,adaptive,7,infeasible-candidate-emission-lower-bound,False,,,,,,,,,,,,,,,,0,0
central-balanced-c97p49-r20p0-road-only,road-only,0.2,adaptive,8,infeasible-candidate-emission-lower-bound,False,,,,,,,,,,,,,,,,0,0
central-balanced-c97p49-r20p0-road-only,road-only,0.2,adaptive,9,infeasible-candidate-emission-lower-bound,False,,,,,,,,,,,,,,,,0,0
central-balanced-c97p49-r20p0-road-only,road-only,0.2,adaptive,10,infeasible-candidate-emission-lower-bound,False,,,,,,,,,,,,,,,,0,0
central-balanced-c97p49-r20p0-road-only,road-only,0.2,adaptive,11,infeasible-candidate-emission-lower-bound,False,,,,,,,,,,,,,,,,0,0
central-balanced-c97p49-r20p0-road-only,road-only,0.2,adaptive,12,infeasible-candidate-emission-lower-bound,False,,,,,,,,,,,,,,,,0,0
central-balanced-c97p49-r20p0-road-only,road-only,0.2,adaptive,13,infeasible-candidate-emission-lower-bound,False,,,,,,,,,,,,,,,,0,0
central-balanced-c97p49-r20p0-road-only,road-only,0.2,adaptive,14,infeasible-candidate-emission-lower-bound,False,,,,,,,,,,,,,,,,0,0
central-balanced-c97p49-r20p0-road-only,road-only,0.2,adaptive,15,infeasible-candidate-emission-lower-bound,False,,,,,,,,,,,,,,,,0,0
central-balanced-c97p49-r20p0-road-only,road-only,0.2,adaptive,16,infeasible-candidate-emission-lower-bound,False,,,,,,,,,,,,,,,,0,0
central-balanced-c97p49-r20p0-road-only,road-only,0.2,adaptive,17,infeasible-candidate-emission-lower-bound,False,,,,,,,,,,,,,,,,0,0
central-balanced-c97p49-r20p0-road-only,road-only,0.2,adaptive,18,infeasible-candidate-emission-lower-bound,False,,,,,,,,,,,,,,,,0,0
central-balanced-c97p49-r20p0-road-only,road-only,0.2,adaptive,19,infeasible-candidate-emission-lower-bound,False,,,,,,,,,,,,,,,,0,0
central-balanced-c97p49-r20p0-road-only,road-only,0.2,adaptive,20,infeasible-candidate-emission-lower-bound,False,,,,,,,,,,,,,,,,0,0
central-balanced-c97p49-r20p0-road-only,road-only,0.2,adaptive,21,infeasible-candidate-emission-lower-bound,False,,,,,,,,,,,,,,,,0,0
central-balanced-c97p49-r20p0-road-only,road-only,0.2,adaptive,22,infeasible-candidate-emission-lower-bound,False,,,,,,,,,,,,,,,,0,0
central-balanced-c97p49-r20p0-road-only,road-only,0.2,adaptive,23,infeasible-candidate-emission-lower-bound,False,,,,,,,,,,,,,,,,0,0
central-balanced-c97p49-r20p0-road-only,road-only,0.2,adaptive,24,infeasible-candidate-emission-lower-bound,False,,,,,,,,,,,,,,,,0,0
central-balanced-c97p49-r20p0-road-only,road-only,0.2,adaptive,25,infeasible-candidate-emission-lower-bound,False,,,,,,,,,,,,,,,,0,0
central-balanced-c97p49-r20p0-road-only,road-only,0.2,adaptive,26,infeasible-candidate-emission-lower-bound,False,,,,,,,,,,,,,,,,0,0
central-balanced-c97p49-r20p0-road-only,road-only,0.2,adaptive,27,infeasible-candidate-emission-lower-bound,False,,,,,,,,,,,,,,,,0,0
central-balanced-c97p49-r20p0-road-only,road-only,0.2,adaptive,28,infeasible-candidate-emission-lower-bound,False,,,,,,,,,,,,,,,,0,0
central-balanced-c97p49-r20p0-road-only,road-only,0.2,adaptive,29,infeasible-candidate-emission-lower-bound,False,,,,,,,,,,,,,,,,0,0
central-balanced-c97p49-r20p0-road-only,road-only,0.2,catastrophe,0,infeasible-candidate-emission-lower-bound,False,,,,,,,,,,,,,,,,0,0
central-balanced-c97p49-r20p0-road-only,road-only,0.2,catastrophe,1,infeasible-candidate-emission-lower-bound,False,,,,,,,,,,,,,,,,0,0
central-balanced-c97p49-r20p0-road-only,road-only,0.2,catastrophe,2,infeasible-candidate-emission-lower-bound,False,,,,,,,,,,,,,,,,0,0
central-balanced-c97p49-r20p0-road-only,road-only,0.2,catastrophe,3,infeasible-candidate-emission-lower-bound,False,,,,,,,,,,,,,,,,0,0
central-balanced-c97p49-r20p0-road-only,road-only,0.2,catastrophe,4,infeasible-candidate-emission-lower-bound,False,,,,,,,,,,,,,,,,0,0
central-balanced-c97p49-r20p0-road-only,road-only,0.2,catastrophe,5,infeasible-candidate-emission-lower-bound,False,,,,,,,,,,,,,,,,0,0
central-balanced-c97p49-r20p0-road-only,road-only,0.2,catastrophe,6,infeasible-candidate-emission-lower-bound,False,,,,,,,,,,,,,,,,0,0
central-balanced-c97p49-r20p0-road-only,road-only,0.2,catastrophe,7,infeasible-candidate-emission-lower-bound,False,,,,,,,,,,,,,,,,0,0
central-balanced-c97p49-r20p0-road-only,road-only,0.2,catastrophe,8,infeasible-candidate-emission-lower-bound,False,,,,,,,,,,,,,,,,0,0
central-balanced-c97p49-r20p0-road-only,road-only,0.2,catastrophe,9,infeasible-candidate-emission-lower-bound,False,,,,,,,,,,,,,,,,0,0
central-balanced-c97p49-r20p0-road-only,road-only,0.2,catastrophe,10,infeasible-candidate-emission-lower-bound,False,,,,,,,,,,,,,,,,0,0
central-balanced-c97p49-r20p0-road-only,road-only,0.2,catastrophe,11,infeasible-candidate-emission-lower-bound,False,,,,,,,,,,,,,,,,0,0
central-balanced-c97p49-r20p0-road-only,road-only,0.2,catastrophe,12,infeasible-candidate-emission-lower-bound,False,,,,,,,,,,,,,,,,0,0
central-balanced-c97p49-r20p0-road-only,road-only,0.2,catastrophe,13,infeasible-candidate-emission-lower-bound,False,,,,,,,,,,,,,,,,0,0
central-balanced-c97p49-r20p0-road-only,road-only,0.2,catastrophe,14,infeasible-candidate-emission-lower-bound,False,,,,,,,,,,,,,,,,0,0
central-balanced-c97p49-r20p0-road-only,road-only,0.2,catastrophe,15,infeasible-candidate-emission-lower-bound,False,,,,,,,,,,,,,,,,0,0
central-balanced-c97p49-r20p0-road-only,road-only,0.2,catastrophe,16,infeasible-candidate-emission-lower-bound,False,,,,,,,,,,,,,,,,0,0
central-balanced-c97p49-r20p0-road-only,road-only,0.2,catastrophe,17,infeasible-candidate-emission-lower-bound,False,,,,,,,,,,,,,,,,0,0
central-balanced-c97p49-r20p0-road-only,road-only,0.2,catastrophe,18,infeasible-candidate-emission-lower-bound,False,,,,,,,,,,,,,,,,0,0
central-balanced-c97p49-r20p0-road-only,road-only,0.2,catastrophe,19,infeasible-candidate-emission-lower-bound,False,,,,,,,,,,,,,,,,0,0
central-balanced-c97p49-r20p0-road-only,road-only,0.2,catastrophe,20,infeasible-candidate-emission-lower-bound,False,,,,,,,,,,,,,,,,0,0
central-balanced-c97p49-r20p0-road-only,road-only,0.2,catastrophe,21,infeasible-candidate-emission-lower-bound,False,,,,,,,,,,,,,,,,0,0
central-balanced-c97p49-r20p0-road-only,road-only,0.2,catastrophe,22,infeasible-candidate-emission-lower-bound,False,,,,,,,,,,,,,,,,0,0
central-balanced-c97p49-r20p0-road-only,road-only,0.2,catastrophe,23,infeasible-candidate-emission-lower-bound,False,,,,,,,,,,,,,,,,0,0
central-balanced-c97p49-r20p0-road-only,road-only,0.2,catastrophe,24,infeasible-candidate-emission-lower-bound,False,,,,,,,,,,,,,,,,0,0
central-balanced-c97p49-r20p0-road-only,road-only,0.2,catastrophe,25,infeasible-candidate-emission-lower-bound,False,,,,,,,,,,,,,,,,0,0
central-balanced-c97p49-r20p0-road-only,road-only,0.2,catastrophe,26,infeasible-candidate-emission-lower-bound,False,,,,,,,,,,,,,,,,0,0
central-balanced-c97p49-r20p0-road-only,road-only,0.2,catastrophe,27,infeasible-candidate-emission-lower-bound,False,,,,,,,,,,,,,,,,0,0
central-balanced-c97p49-r20p0-road-only,road-only,0.2,catastrophe,28,infeasible-candidate-emission-lower-bound,False,,,,,,,,,,,,,,,,0,0
central-balanced-c97p49-r20p0-road-only,road-only,0.2,catastrophe,29,infeasible-candidate-emission-lower-bound,False,,,,,,,,,,,,,,,,0,0
central-balanced-c97p49-r20p0-road-only,road-only,0.2,combined,0,infeasible-candidate-emission-lower-bound,False,,,,,,,,,,,,,,,,0,0
central-balanced-c97p49-r20p0-road-only,road-only,0.2,combined,1,infeasible-candidate-emission-lower-bound,False,,,,,,,,,,,,,,,,0,0
central-balanced-c97p49-r20p0-road-only,road-only,0.2,combined,2,infeasible-candidate-emission-lower-bound,False,,,,,,,,,,,,,,,,0,0
central-balanced-c97p49-r20p0-road-only,road-only,0.2,combined,3,infeasible-candidate-emission-lower-bound,False,,,,,,,,,,,,,,,,0,0
central-balanced-c97p49-r20p0-road-only,road-only,0.2,combined,4,infeasible-candidate-emission-lower-bound,False,,,,,,,,,,,,,,,,0,0
central-balanced-c97p49-r20p0-road-only,road-only,0.2,combined,5,infeasible-candidate-emission-lower-bound,False,,,,,,,,,,,,,,,,0,0
central-balanced-c97p49-r20p0-road-only,road-only,0.2,combined,6,infeasible-candidate-emission-lower-bound,False,,,,,,,,,,,,,,,,0,0
central-balanced-c97p49-r20p0-road-only,road-only,0.2,combined,7,infeasible-candidate-emission-lower-bound,False,,,,,,,,,,,,,,,,0,0
central-balanced-c97p49-r20p0-road-only,road-only,0.2,combined,8,infeasible-candidate-emission-lower-bound,False,,,,,,,,,,,,,,,,0,0
central-balanced-c97p49-r20p0-road-only,road-only,0.2,combined,9,infeasible-candidate-emission-lower-bound,False,,,,,,,,,,,,,,,,0,0
central-balanced-c97p49-r20p0-road-only,road-only,0.2,combined,10,infeasible-candidate-emission-lower-bound,False,,,,,,,,,,,,,,,,0,0
central-balanced-c97p49-r20p0-road-only,road-only,0.2,combined,11,infeasible-candidate-emission-lower-bound,False,,,,,,,,,,,,,,,,0,0
central-balanced-c97p49-r20p0-road-only,road-only,0.2,combined,12,infeasible-candidate-emission-lower-bound,False,,,,,,,,,,,,,,,,0,0
central-balanced-c97p49-r20p0-road-only,road-only,0.2,combined,13,infeasible-candidate-emission-lower-bound,False,,,,,,,,,,,,,,,,0,0
central-balanced-c97p49-r20p0-road-only,road-only,0.2,combined,14,infeasible-candidate-emission-lower-bound,False,,,,,,,,,,,,,,,,0,0
central-balanced-c97p49-r20p0-road-only,road-only,0.2,combined,15,infeasible-candidate-emission-lower-bound,False,,,,,,,,,,,,,,,,0,0
central-balanced-c97p49-r20p0-road-only,road-only,0.2,combined,16,infeasible-candidate-emission-lower-bound,False,,,,,,,,,,,,,,,,0,0
central-balanced-c97p49-r20p0-road-only,road-only,0.2,combined,17,infeasible-candidate-emission-lower-bound,False,,,,,,,,,,,,,,,,0,0
central-balanced-c97p49-r20p0-road-only,road-only,0.2,combined,18,infeasible-candidate-emission-lower-bound,False,,,,,,,,,,,,,,,,0,0
central-balanced-c97p49-r20p0-road-only,road-only,0.2,combined,19,infeasible-candidate-emission-lower-bound,False,,,,,,,,,,,,,,,,0,0
central-balanced-c97p49-r20p0-road-only,road-only,0.2,combined,20,infeasible-candidate-emission-lower-bound,False,,,,,,,,,,,,,,,,0,0
central-balanced-c97p49-r20p0-road-only,road-only,0.2,combined,21,infeasible-candidate-emission-lower-bound,False,,,,,,,,,,,,,,,,0,0
central-balanced-c97p49-r20p0-road-only,road-only,0.2,combined,22,infeasible-candidate-emission-lower-bound,False,,,,,,,,,,,,,,,,0,0
central-balanced-c97p49-r20p0-road-only,road-only,0.2,combined,23,infeasible-candidate-emission-lower-bound,False,,,,,,,,,,,,,,,,0,0
central-balanced-c97p49-r20p0-road-only,road-only,0.2,combined,24,infeasible-candidate-emission-lower-bound,False,,,,,,,,,,,,,,,,0,0
central-balanced-c97p49-r20p0-road-only,road-only,0.2,combined,25,infeasible-candidate-emission-lower-bound,False,,,,,,,,,,,,,,,,0,0
central-balanced-c97p49-r20p0-road-only,road-only,0.2,combined,26,infeasible-candidate-emission-lower-bound,False,,,,,,,,,,,,,,,,0,0
central-balanced-c97p49-r20p0-road-only,road-only,0.2,combined,27,infeasible-candidate-emission-lower-bound,False,,,,,,,,,,,,,,,,0,0
central-balanced-c97p49-r20p0-road-only,road-only,0.2,combined,28,infeasible-candidate-emission-lower-bound,False,,,,,,,,,,,,,,,,0,0
central-balanced-c97p49-r20p0-road-only,road-only,0.2,combined,29,infeasible-candidate-emission-lower-bound,False,,,,,,,,,,,,,,,,0,0
central-balanced-c97p49-r20p0-road-only,road-only,0.2,hybrid-seeded,0,infeasible-candidate-emission-lower-bound,False,,,,,,,,,,,,,,,,0,0
central-balanced-c97p49-r20p0-road-only,road-only,0.2,hybrid-seeded,1,infeasible-candidate-emission-lower-bound,False,,,,,,,,,,,,,,,,0,0
central-balanced-c97p49-r20p0-road-only,road-only,0.2,hybrid-seeded,2,infeasible-candidate-emission-lower-bound,False,,,,,,,,,,,,,,,,0,0
central-balanced-c97p49-r20p0-road-only,road-only,0.2,hybrid-seeded,3,infeasible-candidate-emission-lower-bound,False,,,,,,,,,,,,,,,,0,0
central-balanced-c97p49-r20p0-road-only,road-only,0.2,hybrid-seeded,4,infeasible-candidate-emission-lower-bound,False,,,,,,,,,,,,,,,,0,0
central-balanced-c97p49-r20p0-road-only,road-only,0.2,hybrid-seeded,5,infeasible-candidate-emission-lower-bound,False,,,,,,,,,,,,,,,,0,0
central-balanced-c97p49-r20p0-road-only,road-only,0.2,hybrid-seeded,6,infeasible-candidate-emission-lower-bound,False,,,,,,,,,,,,,,,,0,0
central-balanced-c97p49-r20p0-road-only,road-only,0.2,hybrid-seeded,7,infeasible-candidate-emission-lower-bound,False,,,,,,,,,,,,,,,,0,0
central-balanced-c97p49-r20p0-road-only,road-only,0.2,hybrid-seeded,8,infeasible-candidate-emission-lower-bound,False,,,,,,,,,,,,,,,,0,0
central-balanced-c97p49-r20p0-road-only,road-only,0.2,hybrid-seeded,9,infeasible-candidate-emission-lower-bound,False,,,,,,,,,,,,,,,,0,0
central-balanced-c97p49-r20p0-road-only,road-only,0.2,hybrid-seeded,10,infeasible-candidate-emission-lower-bound,False,,,,,,,,,,,,,,,,0,0
central-balanced-c97p49-r20p0-road-only,road-only,0.2,hybrid-seeded,11,infeasible-candidate-emission-lower-bound,False,,,,,,,,,,,,,,,,0,0
central-balanced-c97p49-r20p0-road-only,road-only,0.2,hybrid-seeded,12,infeasible-candidate-emission-lower-bound,False,,,,,,,,,,,,,,,,0,0
central-balanced-c97p49-r20p0-road-only,road-only,0.2,hybrid-seeded,13,infeasible-candidate-emission-lower-bound,False,,,,,,,,,,,,,,,,0,0
central-balanced-c97p49-r20p0-road-only,road-only,0.2,hybrid-seeded,14,infeasible-candidate-emission-lower-bound,False,,,,,,,,,,,,,,,,0,0
central-balanced-c97p49-r20p0-road-only,road-only,0.2,hybrid-seeded,15,infeasible-candidate-emission-lower-bound,False,,,,,,,,,,,,,,,,0,0
central-balanced-c97p49-r20p0-road-only,road-only,0.2,hybrid-seeded,16,infeasible-candidate-emission-lower-bound,False,,,,,,,,,,,,,,,,0,0
central-balanced-c97p49-r20p0-road-only,road-only,0.2,hybrid-seeded,17,infeasible-candidate-emission-lower-bound,False,,,,,,,,,,,,,,,,0,0
central-balanced-c97p49-r20p0-road-only,road-only,0.2,hybrid-seeded,18,infeasible-candidate-emission-lower-bound,False,,,,,,,,,,,,,,,,0,0
central-balanced-c97p49-r20p0-road-only,road-only,0.2,hybrid-seeded,19,infeasible-candidate-emission-lower-bound,False,,,,,,,,,,,,,,,,0,0
central-balanced-c97p49-r20p0-road-only,road-only,0.2,hybrid-seeded,20,infeasible-candidate-emission-lower-bound,False,,,,,,,,,,,,,,,,0,0
central-balanced-c97p49-r20p0-road-only,road-only,0.2,hybrid-seeded,21,infeasible-candidate-emission-lower-bound,False,,,,,,,,,,,,,,,,0,0
central-balanced-c97p49-r20p0-road-only,road-only,0.2,hybrid-seeded,22,infeasible-candidate-emission-lower-bound,False,,,,,,,,,,,,,,,,0,0
central-balanced-c97p49-r20p0-road-only,road-only,0.2,hybrid-seeded,23,infeasible-candidate-emission-lower-bound,False,,,,,,,,,,,,,,,,0,0
central-balanced-c97p49-r20p0-road-only,road-only,0.2,hybrid-seeded,24,infeasible-candidate-emission-lower-bound,False,,,,,,,,,,,,,,,,0,0
central-balanced-c97p49-r20p0-road-only,road-only,0.2,hybrid-seeded,25,infeasible-candidate-emission-lower-bound,False,,,,,,,,,,,,,,,,0,0
central-balanced-c97p49-r20p0-road-only,road-only,0.2,hybrid-seeded,26,infeasible-candidate-emission-lower-bound,False,,,,,,,,,,,,,,,,0,0
central-balanced-c97p49-r20p0-road-only,road-only,0.2,hybrid-seeded,27,infeasible-candidate-emission-lower-bound,False,,,,,,,,,,,,,,,,0,0
central-balanced-c97p49-r20p0-road-only,road-only,0.2,hybrid-seeded,28,infeasible-candidate-emission-lower-bound,False,,,,,,,,,,,,,,,,0,0
central-balanced-c97p49-r20p0-road-only,road-only,0.2,hybrid-seeded,29,infeasible-candidate-emission-lower-bound,False,,,,,,,,,,,,,,,,0,0
central-balanced-c97p49-r30p0-road-only,road-only,0.3,fixed,0,infeasible-candidate-emission-lower-bound,False,,,,,,,,,,,,,,,,0,0
central-balanced-c97p49-r30p0-road-only,road-only,0.3,fixed,1,infeasible-candidate-emission-lower-bound,False,,,,,,,,,,,,,,,,0,0
central-balanced-c97p49-r30p0-road-only,road-only,0.3,fixed,2,infeasible-candidate-emission-lower-bound,False,,,,,,,,,,,,,,,,0,0
central-balanced-c97p49-r30p0-road-only,road-only,0.3,fixed,3,infeasible-candidate-emission-lower-bound,False,,,,,,,,,,,,,,,,0,0
central-balanced-c97p49-r30p0-road-only,road-only,0.3,fixed,4,infeasible-candidate-emission-lower-bound,False,,,,,,,,,,,,,,,,0,0
central-balanced-c97p49-r30p0-road-only,road-only,0.3,fixed,5,infeasible-candidate-emission-lower-bound,False,,,,,,,,,,,,,,,,0,0
central-balanced-c97p49-r30p0-road-only,road-only,0.3,fixed,6,infeasible-candidate-emission-lower-bound,False,,,,,,,,,,,,,,,,0,0
central-balanced-c97p49-r30p0-road-only,road-only,0.3,fixed,7,infeasible-candidate-emission-lower-bound,False,,,,,,,,,,,,,,,,0,0
central-balanced-c97p49-r30p0-road-only,road-only,0.3,fixed,8,infeasible-candidate-emission-lower-bound,False,,,,,,,,,,,,,,,,0,0
central-balanced-c97p49-r30p0-road-only,road-only,0.3,fixed,9,infeasible-candidate-emission-lower-bound,False,,,,,,,,,,,,,,,,0,0
central-balanced-c97p49-r30p0-road-only,road-only,0.3,fixed,10,infeasible-candidate-emission-lower-bound,False,,,,,,,,,,,,,,,,0,0
central-balanced-c97p49-r30p0-road-only,road-only,0.3,fixed,11,infeasible-candidate-emission-lower-bound,False,,,,,,,,,,,,,,,,0,0
central-balanced-c97p49-r30p0-road-only,road-only,0.3,fixed,12,infeasible-candidate-emission-lower-bound,False,,,,,,,,,,,,,,,,0,0
central-balanced-c97p49-r30p0-road-only,road-only,0.3,fixed,13,infeasible-candidate-emission-lower-bound,False,,,,,,,,,,,,,,,,0,0
central-balanced-c97p49-r30p0-road-only,road-only,0.3,fixed,14,infeasible-candidate-emission-lower-bound,False,,,,,,,,,,,,,,,,0,0
central-balanced-c97p49-r30p0-road-only,road-only,0.3,fixed,15,infeasible-candidate-emission-lower-bound,False,,,,,,,,,,,,,,,,0,0
central-balanced-c97p49-r30p0-road-only,road-only,0.3,fixed,16,infeasible-candidate-emission-lower-bound,False,,,,,,,,,,,,,,,,0,0
central-balanced-c97p49-r30p0-road-only,road-only,0.3,fixed,17,infeasible-candidate-emission-lower-bound,False,,,,,,,,,,,,,,,,0,0
central-balanced-c97p49-r30p0-road-only,road-only,0.3,fixed,18,infeasible-candidate-emission-lower-bound,False,,,,,,,,,,,,,,,,0,0
central-balanced-c97p49-r30p0-road-only,road-only,0.3,fixed,19,infeasible-candidate-emission-lower-bound,False,,,,,,,,,,,,,,,,0,0
central-balanced-c97p49-r30p0-road-only,road-only,0.3,fixed,20,infeasible-candidate-emission-lower-bound,False,,,,,,,,,,,,,,,,0,0
central-balanced-c97p49-r30p0-road-only,road-only,0.3,fixed,21,infeasible-candidate-emission-lower-bound,False,,,,,,,,,,,,,,,,0,0
central-balanced-c97p49-r30p0-road-only,road-only,0.3,fixed,22,infeasible-candidate-emission-lower-bound,False,,,,,,,,,,,,,,,,0,0
central-balanced-c97p49-r30p0-road-only,road-only,0.3,fixed,23,infeasible-candidate-emission-lower-bound,False,,,,,,,,,,,,,,,,0,0
central-balanced-c97p49-r30p0-road-only,road-only,0.3,fixed,24,infeasible-candidate-emission-lower-bound,False,,,,,,,,,,,,,,,,0,0
central-balanced-c97p49-r30p0-road-only,road-only,0.3,fixed,25,infeasible-candidate-emission-lower-bound,False,,,,,,,,,,,,,,,,0,0
central-balanced-c97p49-r30p0-road-only,road-only,0.3,fixed,26,infeasible-candidate-emission-lower-bound,False,,,,,,,,,,,,,,,,0,0
central-balanced-c97p49-r30p0-road-only,road-only,0.3,fixed,27,infeasible-candidate-emission-lower-bound,False,,,,,,,,,,,,,,,,0,0
central-balanced-c97p49-r30p0-road-only,road-only,0.3,fixed,28,infeasible-candidate-emission-lower-bound,False,,,,,,,,,,,,,,,,0,0
central-balanced-c97p49-r30p0-road-only,road-only,0.3,fixed,29,infeasible-candidate-emission-lower-bound,False,,,,,,,,,,,,,,,,0,0
central-balanced-c97p49-r30p0-road-only,road-only,0.3,adaptive,0,infeasible-candidate-emission-lower-bound,False,,,,,,,,,,,,,,,,0,0
central-balanced-c97p49-r30p0-road-only,road-only,0.3,adaptive,1,infeasible-candidate-emission-lower-bound,False,,,,,,,,,,,,,,,,0,0
central-balanced-c97p49-r30p0-road-only,road-only,0.3,adaptive,2,infeasible-candidate-emission-lower-bound,False,,,,,,,,,,,,,,,,0,0
central-balanced-c97p49-r30p0-road-only,road-only,0.3,adaptive,3,infeasible-candidate-emission-lower-bound,False,,,,,,,,,,,,,,,,0,0
central-balanced-c97p49-r30p0-road-only,road-only,0.3,adaptive,4,infeasible-candidate-emission-lower-bound,False,,,,,,,,,,,,,,,,0,0
central-balanced-c97p49-r30p0-road-only,road-only,0.3,adaptive,5,infeasible-candidate-emission-lower-bound,False,,,,,,,,,,,,,,,,0,0
central-balanced-c97p49-r30p0-road-only,road-only,0.3,adaptive,6,infeasible-candidate-emission-lower-bound,False,,,,,,,,,,,,,,,,0,0
central-balanced-c97p49-r30p0-road-only,road-only,0.3,adaptive,7,infeasible-candidate-emission-lower-bound,False,,,,,,,,,,,,,,,,0,0
central-balanced-c97p49-r30p0-road-only,road-only,0.3,adaptive,8,infeasible-candidate-emission-lower-bound,False,,,,,,,,,,,,,,,,0,0
central-balanced-c97p49-r30p0-road-only,road-only,0.3,adaptive,9,infeasible-candidate-emission-lower-bound,False,,,,,,,,,,,,,,,,0,0
central-balanced-c97p49-r30p0-road-only,road-only,0.3,adaptive,10,infeasible-candidate-emission-lower-bound,False,,,,,,,,,,,,,,,,0,0
central-balanced-c97p49-r30p0-road-only,road-only,0.3,adaptive,11,infeasible-candidate-emission-lower-bound,False,,,,,,,,,,,,,,,,0,0
central-balanced-c97p49-r30p0-road-only,road-only,0.3,adaptive,12,infeasible-candidate-emission-lower-bound,False,,,,,,,,,,,,,,,,0,0
central-balanced-c97p49-r30p0-road-only,road-only,0.3,adaptive,13,infeasible-candidate-emission-lower-bound,False,,,,,,,,,,,,,,,,0,0
central-balanced-c97p49-r30p0-road-only,road-only,0.3,adaptive,14,infeasible-candidate-emission-lower-bound,False,,,,,,,,,,,,,,,,0,0
central-balanced-c97p49-r30p0-road-only,road-only,0.3,adaptive,15,infeasible-candidate-emission-lower-bound,False,,,,,,,,,,,,,,,,0,0
central-balanced-c97p49-r30p0-road-only,road-only,0.3,adaptive,16,infeasible-candidate-emission-lower-bound,False,,,,,,,,,,,,,,,,0,0
central-balanced-c97p49-r30p0-road-only,road-only,0.3,adaptive,17,infeasible-candidate-emission-lower-bound,False,,,,,,,,,,,,,,,,0,0
central-balanced-c97p49-r30p0-road-only,road-only,0.3,adaptive,18,infeasible-candidate-emission-lower-bound,False,,,,,,,,,,,,,,,,0,0
central-balanced-c97p49-r30p0-road-only,road-only,0.3,adaptive,19,infeasible-candidate-emission-lower-bound,False,,,,,,,,,,,,,,,,0,0
central-balanced-c97p49-r30p0-road-only,road-only,0.3,adaptive,20,infeasible-candidate-emission-lower-bound,False,,,,,,,,,,,,,,,,0,0
central-balanced-c97p49-r30p0-road-only,road-only,0.3,adaptive,21,infeasible-candidate-emission-lower-bound,False,,,,,,,,,,,,,,,,0,0
central-balanced-c97p49-r30p0-road-only,road-only,0.3,adaptive,22,infeasible-candidate-emission-lower-bound,False,,,,,,,,,,,,,,,,0,0
central-balanced-c97p49-r30p0-road-only,road-only,0.3,adaptive,23,infeasible-candidate-emission-lower-bound,False,,,,,,,,,,,,,,,,0,0
central-balanced-c97p49-r30p0-road-only,road-only,0.3,adaptive,24,infeasible-candidate-emission-lower-bound,False,,,,,,,,,,,,,,,,0,0
central-balanced-c97p49-r30p0-road-only,road-only,0.3,adaptive,25,infeasible-candidate-emission-lower-bound,False,,,,,,,,,,,,,,,,0,0
central-balanced-c97p49-r30p0-road-only,road-only,0.3,adaptive,26,infeasible-candidate-emission-lower-bound,False,,,,,,,,,,,,,,,,0,0
central-balanced-c97p49-r30p0-road-only,road-only,0.3,adaptive,27,infeasible-candidate-emission-lower-bound,False,,,,,,,,,,,,,,,,0,0
central-balanced-c97p49-r30p0-road-only,road-only,0.3,adaptive,28,infeasible-candidate-emission-lower-bound,False,,,,,,,,,,,,,,,,0,0
central-balanced-c97p49-r30p0-road-only,road-only,0.3,adaptive,29,infeasible-candidate-emission-lower-bound,False,,,,,,,,,,,,,,,,0,0
central-balanced-c97p49-r30p0-road-only,road-only,0.3,catastrophe,0,infeasible-candidate-emission-lower-bound,False,,,,,,,,,,,,,,,,0,0
central-balanced-c97p49-r30p0-road-only,road-only,0.3,catastrophe,1,infeasible-candidate-emission-lower-bound,False,,,,,,,,,,,,,,,,0,0
central-balanced-c97p49-r30p0-road-only,road-only,0.3,catastrophe,2,infeasible-candidate-emission-lower-bound,False,,,,,,,,,,,,,,,,0,0
central-balanced-c97p49-r30p0-road-only,road-only,0.3,catastrophe,3,infeasible-candidate-emission-lower-bound,False,,,,,,,,,,,,,,,,0,0
central-balanced-c97p49-r30p0-road-only,road-only,0.3,catastrophe,4,infeasible-candidate-emission-lower-bound,False,,,,,,,,,,,,,,,,0,0
central-balanced-c97p49-r30p0-road-only,road-only,0.3,catastrophe,5,infeasible-candidate-emission-lower-bound,False,,,,,,,,,,,,,,,,0,0
central-balanced-c97p49-r30p0-road-only,road-only,0.3,catastrophe,6,infeasible-candidate-emission-lower-bound,False,,,,,,,,,,,,,,,,0,0
central-balanced-c97p49-r30p0-road-only,road-only,0.3,catastrophe,7,infeasible-candidate-emission-lower-bound,False,,,,,,,,,,,,,,,,0,0
central-balanced-c97p49-r30p0-road-only,road-only,0.3,catastrophe,8,infeasible-candidate-emission-lower-bound,False,,,,,,,,,,,,,,,,0,0
central-balanced-c97p49-r30p0-road-only,road-only,0.3,catastrophe,9,infeasible-candidate-emission-lower-bound,False,,,,,,,,,,,,,,,,0,0
central-balanced-c97p49-r30p0-road-only,road-only,0.3,catastrophe,10,infeasible-candidate-emission-lower-bound,False,,,,,,,,,,,,,,,,0,0
central-balanced-c97p49-r30p0-road-only,road-only,0.3,catastrophe,11,infeasible-candidate-emission-lower-bound,False,,,,,,,,,,,,,,,,0,0
central-balanced-c97p49-r30p0-road-only,road-only,0.3,catastrophe,12,infeasible-candidate-emission-lower-bound,False,,,,,,,,,,,,,,,,0,0
central-balanced-c97p49-r30p0-road-only,road-only,0.3,catastrophe,13,infeasible-candidate-emission-lower-bound,False,,,,,,,,,,,,,,,,0,0
central-balanced-c97p49-r30p0-road-only,road-only,0.3,catastrophe,14,infeasible-candidate-emission-lower-bound,False,,,,,,,,,,,,,,,,0,0
central-balanced-c97p49-r30p0-road-only,road-only,0.3,catastrophe,15,infeasible-candidate-emission-lower-bound,False,,,,,,,,,,,,,,,,0,0
central-balanced-c97p49-r30p0-road-only,road-only,0.3,catastrophe,16,infeasible-candidate-emission-lower-bound,False,,,,,,,,,,,,,,,,0,0
central-balanced-c97p49-r30p0-road-only,road-only,0.3,catastrophe,17,infeasible-candidate-emission-lower-bound,False,,,,,,,,,,,,,,,,0,0
central-balanced-c97p49-r30p0-road-only,road-only,0.3,catastrophe,18,infeasible-candidate-emission-lower-bound,False,,,,,,,,,,,,,,,,0,0
central-balanced-c97p49-r30p0-road-only,road-only,0.3,catastrophe,19,infeasible-candidate-emission-lower-bound,False,,,,,,,,,,,,,,,,0,0
central-balanced-c97p49-r30p0-road-only,road-only,0.3,catastrophe,20,infeasible-candidate-emission-lower-bound,False,,,,,,,,,,,,,,,,0,0
central-balanced-c97p49-r30p0-road-only,road-only,0.3,catastrophe,21,infeasible-candidate-emission-lower-bound,False,,,,,,,,,,,,,,,,0,0
central-balanced-c97p49-r30p0-road-only,road-only,0.3,catastrophe,22,infeasible-candidate-emission-lower-bound,False,,,,,,,,,,,,,,,,0,0
central-balanced-c97p49-r30p0-road-only,road-only,0.3,catastrophe,23,infeasible-candidate-emission-lower-bound,False,,,,,,,,,,,,,,,,0,0
central-balanced-c97p49-r30p0-road-only,road-only,0.3,catastrophe,24,infeasible-candidate-emission-lower-bound,False,,,,,,,,,,,,,,,,0,0
central-balanced-c97p49-r30p0-road-only,road-only,0.3,catastrophe,25,infeasible-candidate-emission-lower-bound,False,,,,,,,,,,,,,,,,0,0
central-balanced-c97p49-r30p0-road-only,road-only,0.3,catastrophe,26,infeasible-candidate-emission-lower-bound,False,,,,,,,,,,,,,,,,0,0
central-balanced-c97p49-r30p0-road-only,road-only,0.3,catastrophe,27,infeasible-candidate-emission-lower-bound,False,,,,,,,,,,,,,,,,0,0
central-balanced-c97p49-r30p0-road-only,road-only,0.3,catastrophe,28,infeasible-candidate-emission-lower-bound,False,,,,,,,,,,,,,,,,0,0
central-balanced-c97p49-r30p0-road-only,road-only,0.3,catastrophe,29,infeasible-candidate-emission-lower-bound,False,,,,,,,,,,,,,,,,0,0
central-balanced-c97p49-r30p0-road-only,road-only,0.3,combined,0,infeasible-candidate-emission-lower-bound,False,,,,,,,,,,,,,,,,0,0
central-balanced-c97p49-r30p0-road-only,road-only,0.3,combined,1,infeasible-candidate-emission-lower-bound,False,,,,,,,,,,,,,,,,0,0
central-balanced-c97p49-r30p0-road-only,road-only,0.3,combined,2,infeasible-candidate-emission-lower-bound,False,,,,,,,,,,,,,,,,0,0
central-balanced-c97p49-r30p0-road-only,road-only,0.3,combined,3,infeasible-candidate-emission-lower-bound,False,,,,,,,,,,,,,,,,0,0
central-balanced-c97p49-r30p0-road-only,road-only,0.3,combined,4,infeasible-candidate-emission-lower-bound,False,,,,,,,,,,,,,,,,0,0
central-balanced-c97p49-r30p0-road-only,road-only,0.3,combined,5,infeasible-candidate-emission-lower-bound,False,,,,,,,,,,,,,,,,0,0
central-balanced-c97p49-r30p0-road-only,road-only,0.3,combined,6,infeasible-candidate-emission-lower-bound,False,,,,,,,,,,,,,,,,0,0
central-balanced-c97p49-r30p0-road-only,road-only,0.3,combined,7,infeasible-candidate-emission-lower-bound,False,,,,,,,,,,,,,,,,0,0
central-balanced-c97p49-r30p0-road-only,road-only,0.3,combined,8,infeasible-candidate-emission-lower-bound,False,,,,,,,,,,,,,,,,0,0
central-balanced-c97p49-r30p0-road-only,road-only,0.3,combined,9,infeasible-candidate-emission-lower-bound,False,,,,,,,,,,,,,,,,0,0
central-balanced-c97p49-r30p0-road-only,road-only,0.3,combined,10,infeasible-candidate-emission-lower-bound,False,,,,,,,,,,,,,,,,0,0
central-balanced-c97p49-r30p0-road-only,road-only,0.3,combined,11,infeasible-candidate-emission-lower-bound,False,,,,,,,,,,,,,,,,0,0
central-balanced-c97p49-r30p0-road-only,road-only,0.3,combined,12,infeasible-candidate-emission-lower-bound,False,,,,,,,,,,,,,,,,0,0
central-balanced-c97p49-r30p0-road-only,road-only,0.3,combined,13,infeasible-candidate-emission-lower-bound,False,,,,,,,,,,,,,,,,0,0
central-balanced-c97p49-r30p0-road-only,road-only,0.3,combined,14,infeasible-candidate-emission-lower-bound,False,,,,,,,,,,,,,,,,0,0
central-balanced-c97p49-r30p0-road-only,road-only,0.3,combined,15,infeasible-candidate-emission-lower-bound,False,,,,,,,,,,,,,,,,0,0
central-balanced-c97p49-r30p0-road-only,road-only,0.3,combined,16,infeasible-candidate-emission-lower-bound,False,,,,,,,,,,,,,,,,0,0
central-balanced-c97p49-r30p0-road-only,road-only,0.3,combined,17,infeasible-candidate-emission-lower-bound,False,,,,,,,,,,,,,,,,0,0
central-balanced-c97p49-r30p0-road-only,road-only,0.3,combined,18,infeasible-candidate-emission-lower-bound,False,,,,,,,,,,,,,,,,0,0
central-balanced-c97p49-r30p0-road-only,road-only,0.3,combined,19,infeasible-candidate-emission-lower-bound,False,,,,,,,,,,,,,,,,0,0
central-balanced-c97p49-r30p0-road-only,road-only,0.3,combined,20,infeasible-candidate-emission-lower-bound,False,,,,,,,,,,,,,,,,0,0
central-balanced-c97p49-r30p0-road-only,road-only,0.3,combined,21,infeasible-candidate-emission-lower-bound,False,,,,,,,,,,,,,,,,0,0
central-balanced-c97p49-r30p0-road-only,road-only,0.3,combined,22,infeasible-candidate-emission-lower-bound,False,,,,,,,,,,,,,,,,0,0
central-balanced-c97p49-r30p0-road-only,road-only,0.3,combined,23,infeasible-candidate-emission-lower-bound,False,,,,,,,,,,,,,,,,0,0
central-balanced-c97p49-r30p0-road-only,road-only,0.3,combined,24,infeasible-candidate-emission-lower-bound,False,,,,,,,,,,,,,,,,0,0
central-balanced-c97p49-r30p0-road-only,road-only,0.3,combined,25,infeasible-candidate-emission-lower-bound,False,,,,,,,,,,,,,,,,0,0
central-balanced-c97p49-r30p0-road-only,road-only,0.3,combined,26,infeasible-candidate-emission-lower-bound,False,,,,,,,,,,,,,,,,0,0
central-balanced-c97p49-r30p0-road-only,road-only,0.3,combined,27,infeasible-candidate-emission-lower-bound,False,,,,,,,,,,,,,,,,0,0
central-balanced-c97p49-r30p0-road-only,road-only,0.3,combined,28,infeasible-candidate-emission-lower-bound,False,,,,,,,,,,,,,,,,0,0
central-balanced-c97p49-r30p0-road-only,road-only,0.3,combined,29,infeasible-candidate-emission-lower-bound,False,,,,,,,,,,,,,,,,0,0
central-balanced-c97p49-r30p0-road-only,road-only,0.3,hybrid-seeded,0,infeasible-candidate-emission-lower-bound,False,,,,,,,,,,,,,,,,0,0
central-balanced-c97p49-r30p0-road-only,road-only,0.3,hybrid-seeded,1,infeasible-candidate-emission-lower-bound,False,,,,,,,,,,,,,,,,0,0
central-balanced-c97p49-r30p0-road-only,road-only,0.3,hybrid-seeded,2,infeasible-candidate-emission-lower-bound,False,,,,,,,,,,,,,,,,0,0
central-balanced-c97p49-r30p0-road-only,road-only,0.3,hybrid-seeded,3,infeasible-candidate-emission-lower-bound,False,,,,,,,,,,,,,,,,0,0
central-balanced-c97p49-r30p0-road-only,road-only,0.3,hybrid-seeded,4,infeasible-candidate-emission-lower-bound,False,,,,,,,,,,,,,,,,0,0
central-balanced-c97p49-r30p0-road-only,road-only,0.3,hybrid-seeded,5,infeasible-candidate-emission-lower-bound,False,,,,,,,,,,,,,,,,0,0
central-balanced-c97p49-r30p0-road-only,road-only,0.3,hybrid-seeded,6,infeasible-candidate-emission-lower-bound,False,,,,,,,,,,,,,,,,0,0
central-balanced-c97p49-r30p0-road-only,road-only,0.3,hybrid-seeded,7,infeasible-candidate-emission-lower-bound,False,,,,,,,,,,,,,,,,0,0
central-balanced-c97p49-r30p0-road-only,road-only,0.3,hybrid-seeded,8,infeasible-candidate-emission-lower-bound,False,,,,,,,,,,,,,,,,0,0
central-balanced-c97p49-r30p0-road-only,road-only,0.3,hybrid-seeded,9,infeasible-candidate-emission-lower-bound,False,,,,,,,,,,,,,,,,0,0
central-balanced-c97p49-r30p0-road-only,road-only,0.3,hybrid-seeded,10,infeasible-candidate-emission-lower-bound,False,,,,,,,,,,,,,,,,0,0
central-balanced-c97p49-r30p0-road-only,road-only,0.3,hybrid-seeded,11,infeasible-candidate-emission-lower-bound,False,,,,,,,,,,,,,,,,0,0
central-balanced-c97p49-r30p0-road-only,road-only,0.3,hybrid-seeded,12,infeasible-candidate-emission-lower-bound,False,,,,,,,,,,,,,,,,0,0
central-balanced-c97p49-r30p0-road-only,road-only,0.3,hybrid-seeded,13,infeasible-candidate-emission-lower-bound,False,,,,,,,,,,,,,,,,0,0
central-balanced-c97p49-r30p0-road-only,road-only,0.3,hybrid-seeded,14,infeasible-candidate-emission-lower-bound,False,,,,,,,,,,,,,,,,0,0
central-balanced-c97p49-r30p0-road-only,road-only,0.3,hybrid-seeded,15,infeasible-candidate-emission-lower-bound,False,,,,,,,,,,,,,,,,0,0
central-balanced-c97p49-r30p0-road-only,road-only,0.3,hybrid-seeded,16,infeasible-candidate-emission-lower-bound,False,,,,,,,,,,,,,,,,0,0
central-balanced-c97p49-r30p0-road-only,road-only,0.3,hybrid-seeded,17,infeasible-candidate-emission-lower-bound,False,,,,,,,,,,,,,,,,0,0
central-balanced-c97p49-r30p0-road-only,road-only,0.3,hybrid-seeded,18,infeasible-candidate-emission-lower-bound,False,,,,,,,,,,,,,,,,0,0
central-balanced-c97p49-r30p0-road-only,road-only,0.3,hybrid-seeded,19,infeasible-candidate-emission-lower-bound,False,,,,,,,,,,,,,,,,0,0
central-balanced-c97p49-r30p0-road-only,road-only,0.3,hybrid-seeded,20,infeasible-candidate-emission-lower-bound,False,,,,,,,,,,,,,,,,0,0
central-balanced-c97p49-r30p0-road-only,road-only,0.3,hybrid-seeded,21,infeasible-candidate-emission-lower-bound,False,,,,,,,,,,,,,,,,0,0
central-balanced-c97p49-r30p0-road-only,road-only,0.3,hybrid-seeded,22,infeasible-candidate-emission-lower-bound,False,,,,,,,,,,,,,,,,0,0
central-balanced-c97p49-r30p0-road-only,road-only,0.3,hybrid-seeded,23,infeasible-candidate-emission-lower-bound,False,,,,,,,,,,,,,,,,0,0
central-balanced-c97p49-r30p0-road-only,road-only,0.3,hybrid-seeded,24,infeasible-candidate-emission-lower-bound,False,,,,,,,,,,,,,,,,0,0
central-balanced-c97p49-r30p0-road-only,road-only,0.3,hybrid-seeded,25,infeasible-candidate-emission-lower-bound,False,,,,,,,,,,,,,,,,0,0
central-balanced-c97p49-r30p0-road-only,road-only,0.3,hybrid-seeded,26,infeasible-candidate-emission-lower-bound,False,,,,,,,,,,,,,,,,0,0
central-balanced-c97p49-r30p0-road-only,road-only,0.3,hybrid-seeded,27,infeasible-candidate-emission-lower-bound,False,,,,,,,,,,,,,,,,0,0
central-balanced-c97p49-r30p0-road-only,road-only,0.3,hybrid-seeded,28,infeasible-candidate-emission-lower-bound,False,,,,,,,,,,,,,,,,0,0
central-balanced-c97p49-r30p0-road-only,road-only,0.3,hybrid-seeded,29,infeasible-candidate-emission-lower-bound,False,,,,,,,,,,,,,,,,0,0
central-balanced-c97p49-r0p0-single-mode-per-order,single-mode-per-order,0.0,fixed,0,feasible-heuristic,True,90737.86541785399,20345.564599999998,21.497409497716895,8.42139497716895,4.671232876712328,1.356164383561644,0.45029068493150687,4.671232876712328,1.9270936986301372,0.0,10,5,1.0,0.0,0.0,0,2400
central-balanced-c97p49-r0p0-single-mode-per-order,single-mode-per-order,0.0,fixed,1,feasible-heuristic,True,92169.96652639449,20665.848049999993,21.049298413242013,8.178912385844749,4.671232876712328,1.2191780821917808,0.39534712328767124,4.671232876712328,1.9133950684931509,0.0,9,4,1.0,0.0,0.0,0,2400
central-balanced-c97p49-r0p0-single-mode-per-order,single-mode-per-order,0.0,fixed,2,feasible-heuristic,True,91416.36272527749,20173.78474999999,21.879962865296804,8.392989440639269,4.808219178082192,1.3835616438356164,0.45029068493150687,4.808219178082192,2.0366827397260274,0.0,10,5,1.0,0.0,0.0,0,2400
central-balanced-c97p49-r0p0-single-mode-per-order,single-mode-per-order,0.0,fixed,3,feasible-heuristic,True,91104.22910389549,20280.872949999994,21.824273367579913,8.405793093607306,4.808219178082192,1.356164383561644,0.45029068493150687,4.808219178082192,1.9955868493150688,0.0,10,5,1.0,0.0,0.0,0,2400
central-balanced-c97p49-r0p0-single-mode-per-order,single-mode-per-order,0.0,fixed,4,feasible-heuristic,True,90356.615159069,20090.56809999999,21.607144086757994,8.359896689497718,4.739726027397261,1.356164383561644,0.45029068493150687,4.739726027397261,1.961340273972603,0.0,10,5,1.0,0.0,0.0,0,2400
central-balanced-c97p49-r0p0-single-mode-per-order,single-mode-per-order,0.0,fixed,5,feasible-heuristic,True,90694.1631509745,20077.890049999995,21.587379828767123,8.427029965753427,4.657534246575342,1.4383561643835616,0.4592835616438356,4.657534246575342,1.9476416438356166,0.0,11,5,1.0,0.0,0.0,0,2400
central-balanced-c97p49-r0p0-single-mode-per-order,single-mode-per-order,0.0,fixed,6,feasible-heuristic,True,90556.2887578135,20112.931149999997,21.961380673515986,8.47440724885845,4.808219178082192,1.3835616438356164,0.45029068493150687,4.808219178082192,2.0366827397260274,0.0,10,5,1.0,0.0,0.0,0,2400
central-balanced-c97p49-r0p0-single-mode-per-order,single-mode-per-order,0.0,fixed,7,feasible-heuristic,True,93358.440505544,20359.045599999994,21.23391283105023,7.953457762557077,4.780821917808219,1.3287671232876712,0.3533613698630137,4.780821917808219,2.0366827397260274,0.0,10,4,1.0,0.0,0.0,0,2400
central-balanced-c97p49-r0p0-single-mode-per-order,single-mode-per-order,0.0,fixed,8,feasible-heuristic,True,90688.3351761335,20999.099149999995,20.47260720319635,8.150166381278538,4.47945205479452,1.1917808219178083,0.39534712328767124,4.47945205479452,1.7764087671232878,0.0,9,4,1.0,0.0,0.0,0,2400
central-balanced-c97p49-r0p0-single-mode-per-order,single-mode-per-order,0.0,fixed,9,feasible-heuristic,True,91340.2168341385,20589.673649999997,20.893706449771692,8.21497631278539,4.5479452054794525,1.3013698630136987,0.40232136986301364,4.5479452054794525,1.8791484931506852,0.0,10,4,1.0,0.0,0.0,0,2400
central-balanced-c97p49-r0p0-single-mode-per-order,single-mode-per-order,0.0,fixed,10,feasible-heuristic,True,91129.74917422551,20309.589949999994,21.85151309360731,8.433032819634706,4.767123287671233,1.3972602739726028,0.45029068493150687,4.767123287671233,2.0366827397260274,0.0,10,5,1.0,0.0,0.0,0,2400
central-balanced-c97p49-r0p0-single-mode-per-order,single-mode-per-order,0.0,fixed,11,feasible-heuristic,True,90595.47235001648,20044.535849999997,21.859685764840183,8.528103025114156,4.698630136986301,1.4657534246575343,0.4592835616438356,4.698630136986301,2.009285479452055,0.0,11,5,1.0,0.0,0.0,0,2400
central-balanced-c97p49-r0p0-single-mode-per-order,single-mode-per-order,0.0,fixed,12,feasible-heuristic,True,90752.2309650845,20246.72904999999,21.61055932648402,8.397558504566211,4.726027397260274,1.356164383561644,0.45029068493150687,4.726027397260274,1.9544909589041097,0.0,10,5,1.0,0.0,0.0,0,2400
central-balanced-c97p49-r0p0-single-mode-per-order,single-mode-per-order,0.0,fixed,13,feasible-heuristic,True,89789.44028920251,20171.767249999994,21.387001107305938,8.379479737442923,4.6438356164383565,1.356164383561644,0.45029068493150687,4.6438356164383565,1.9133950684931509,0.0,10,5,1.0,0.0,0.0,0,2400
central-balanced-c97p49-r0p0-single-mode-per-order,single-mode-per-order,0.0,fixed,14,feasible-heuristic,True,90693.3490280045,20188.437049999997,21.819520239726028,8.453690924657536,4.739726027397261,1.4383561643835616,0.4592835616438356,4.739726027397261,1.9887375342465756,0.0,11,5,1.0,0.0,0.0,0,2400
central-balanced-c97p49-r0p0-single-mode-per-order,single-mode-per-order,0.0,fixed,15,feasible-heuristic,True,90366.17678208498,20280.166499999992,21.481637237442925,8.405622716894978,4.671232876712328,1.356164383561644,0.45029068493150687,4.671232876712328,1.9270936986301372,0.0,10,5,1.0,0.0,0.0,0,2400
central-balanced-c97p49-r0p0-single-mode-per-order,single-mode-per-order,0.0,fixed,16,feasible-heuristic,True,91219.10788747399,20251.602599999995,21.98042374429224,8.48876484018265,4.767123287671233,1.4794520547945205,0.4618254794520548,4.767123287671233,2.016134794520548,0.0,11,5,1.0,0.0,0.0,0,2400
central-balanced-c97p49-r0p0-single-mode-per-order,single-mode-per-order,0.0,fixed,17,feasible-heuristic,True,91582.061474879,20251.73709999999,22.074512534246576,8.468957191780824,4.835616438356165,1.4383561643835616,0.4592835616438356,4.835616438356165,2.0366827397260274,0.0,11,5,1.0,0.0,0.0,0,2400
central-balanced-c97p49-r0p0-single-mode-per-order,single-mode-per-order,0.0,fixed,18,feasible-heuristic,True,91494.2156281,20062.189999999995,22.24065579908676,8.53236073059361,4.8493150684931505,1.4657534246575343,0.4592835616438356,4.8493150684931505,2.0846279452054794,0.0,11,5,1.0,0.0,0.0,0,2400
central-balanced-c97p49-r0p0-single-mode-per-order,single-mode-per-order,0.0,fixed,19,feasible-heuristic,True,92046.381483155,20644.309499999992,20.738018378995434,8.169288242009134,4.506849315068493,1.1917808219178083,0.4087597260273973,4.506849315068493,1.9544909589041097,0.0,9,4,1.0,0.0,0.0,0,2400
central-balanced-c97p49-r0p0-single-mode-per-order,single-mode-per-order,0.0,fixed,20,feasible-heuristic,True,90681.38840570599,20246.0794,21.576156073059362,8.39740182648402,4.712328767123288,1.356164383561644,0.45029068493150687,4.712328767123288,1.9476416438356166,0.0,10,5,1.0,0.0,0.0,0,2400
central-balanced-c97p49-r0p0-single-mode-per-order,single-mode-per-order,0.0,fixed,21,feasible-heuristic,True,90244.54363186099,20061.088899999995,21.600034497716894,8.352787100456622,4.739726027397261,1.356164383561644,0.45029068493150687,4.739726027397261,1.961340273972603,0.0,10,5,1.0,0.0,0.0,0,2400
central-balanced-c97p49-r0p0-single-mode-per-order,single-mode-per-order,0.0,fixed,22,feasible-heuristic,True,91219.5257930435,20160.158149999996,22.06110953196347,8.466710901826485,4.808219178082192,1.4794520547945205,0.4618254794520548,4.808219178082192,2.0366827397260274,0.0,11,5,1.0,0.0,0.0,0,2400
central-balanced-c97p49-r0p0-single-mode-per-order,single-mode-per-order,0.0,fixed,23,feasible-heuristic,True,92377.88041268449,19866.969049999996,22.354045627853882,8.45611329908676,4.890410958904109,1.4657534246575343,0.45029068493150687,4.890410958904109,2.2010663013698633,0.0,10,5,1.0,0.0,0.0,0,2400
central-balanced-c97p49-r0p0-single-mode-per-order,single-mode-per-order,0.0,fixed,24,feasible-heuristic,True,89801.002039991,20213.525899999997,21.225839292237445,8.38955079908676,4.575342465753424,1.356164383561644,0.45029068493150687,4.575342465753424,1.8791484931506852,0.0,10,5,1.0,0.0,0.0,0,2400
central-balanced-c97p49-r0p0-single-mode-per-order,single-mode-per-order,0.0,fixed,25,feasible-heuristic,True,91950.59578844346,21003.118149999995,20.880603413242014,8.1492223173516,4.616438356164384,1.2191780821917808,0.3933284931506849,4.616438356164384,1.8859978082191782,0.0,9,4,1.0,0.0,0.0,0,2400
central-balanced-c97p49-r0p0-single-mode-per-order,single-mode-per-order,0.0,fixed,26,feasible-heuristic,True,90967.15656802298,19944.522699999994,22.0235048173516,8.433791666666668,4.8493150684931505,1.3835616438356164,0.45029068493150687,4.8493150684931505,2.057230684931507,0.0,10,5,1.0,0.0,0.0,0,2400
central-balanced-c97p49-r0p0-single-mode-per-order,single-mode-per-order,0.0,fixed,27,feasible-heuristic,True,90896.85903353298,20498.2217,21.67121257990868,8.45821175799087,4.726027397260274,1.356164383561644,0.45029068493150687,4.726027397260274,1.9544909589041097,0.0,10,5,1.0,0.0,0.0,0,2400
central-balanced-c97p49-r0p0-single-mode-per-order,single-mode-per-order,0.0,fixed,28,feasible-heuristic,True,91087.169685761,20303.198899999996,21.726918059360735,8.411177511415525,4.767123287671233,1.356164383561644,0.45029068493150687,4.767123287671233,1.9750389041095893,0.0,10,5,1.0,0.0,0.0,0,2400
central-balanced-c97p49-r0p0-single-mode-per-order,single-mode-per-order,0.0,fixed,29,feasible-heuristic,True,90164.55653377999,20246.121999999996,21.336440319634704,8.397412100456622,4.616438356164384,1.356164383561644,0.45029068493150687,4.616438356164384,1.8996964383561645,0.0,10,5,1.0,0.0,0.0,0,2400
central-balanced-c97p49-r0p0-single-mode-per-order,single-mode-per-order,0.0,adaptive,0,feasible-heuristic,True,91177.28912954152,20870.958349999994,20.51019624429224,8.119262271689498,4.506849315068493,1.1917808219178083,0.39534712328767124,4.506849315068493,1.7901073972602741,0.0,9,4,1.0,0.0,0.0,0,2400
central-balanced-c97p49-r0p0-single-mode-per-order,single-mode-per-order,0.0,adaptive,1,feasible-heuristic,True,90460.443408289,19976.146099999998,21.688665776255707,8.441418378995436,4.712328767123288,1.3835616438356164,0.45029068493150687,4.712328767123288,1.9887375342465756,0.0,10,5,1.0,0.0,0.0,0,2400
central-balanced-c97p49-r0p0-single-mode-per-order,single-mode-per-order,0.0,adaptive,2,feasible-heuristic,True,91192.7978448325,19944.454249999995,22.178014531963473,8.503966038812786,4.835616438356165,1.4657534246575343,0.4592835616438356,4.835616438356165,2.0777786301369865,0.0,11,5,1.0,0.0,0.0,0,2400
central-balanced-c97p49-r0p0-single-mode-per-order,single-mode-per-order,0.0,adaptive,3,feasible-heuristic,True,90112.83576763551,20117.998949999994,21.511019942922378,8.366512271689498,4.698630136986301,1.356164383561644,0.45029068493150687,4.698630136986301,1.9407923287671236,0.0,10,5,1.0,0.0,0.0,0,2400
central-balanced-c97p49-r0p0-single-mode-per-order,single-mode-per-order,0.0,adaptive,4,feasible-heuristic,True,90653.89736707699,19624.467299999997,21.91890664383562,8.603166095890412,4.712328767123288,1.4109589041095891,0.45029068493150687,4.712328767123288,2.0298334246575345,0.0,10,5,1.0,0.0,0.0,0,2400
central-balanced-c97p49-r0p0-single-mode-per-order,single-mode-per-order,0.0,adaptive,5,feasible-heuristic,True,90743.08721834297,20429.99069999999,21.757496826484022,8.441756278538813,4.767123287671233,1.356164383561644,0.45029068493150687,4.767123287671233,1.9750389041095893,0.0,10,5,1.0,0.0,0.0,0,2400
central-balanced-c97p49-r0p0-single-mode-per-order,single-mode-per-order,0.0,adaptive,6,feasible-heuristic,True,90761.8923498405,20358.653449999994,21.500566175799086,8.424551655251145,4.671232876712328,1.356164383561644,0.45029068493150687,4.671232876712328,1.9270936986301372,0.0,10,5,1.0,0.0,0.0,0,2400
central-balanced-c97p49-r0p0-single-mode-per-order,single-mode-per-order,0.0,adaptive,7,feasible-heuristic,True,91949.12217086597,20093.563399999995,20.775633424657535,7.819239726027397,4.698630136986301,1.2465753424657535,0.34436849315068496,4.698630136986301,1.968189589041096,0.0,9,4,1.0,0.0,0.0,0,2400
central-balanced-c97p49-r0p0-single-mode-per-order,single-mode-per-order,0.0,adaptive,8,feasible-heuristic,True,91481.07832333399,21419.51659999999,18.87421497716895,7.424819634703194,4.260273972602739,1.0273972602739727,0.2894249315068494,4.260273972602739,1.6120252054794522,0.0,8,3,1.0,0.0,0.0,0,2400
central-balanced-c97p49-r0p0-single-mode-per-order,single-mode-per-order,0.0,adaptive,9,feasible-heuristic,True,91128.76098144501,20129.23049999999,22.11133874429224,8.449674086757993,4.835616438356165,1.4794520547945205,0.4605983561643836,4.835616438356165,2.050381369863014,0.0,11,5,1.0,0.0,0.0,0,2400
central-balanced-c97p49-r0p0-single-mode-per-order,single-mode-per-order,0.0,adaptive,10,feasible-heuristic,True,91055.83040708948,19868.903549999995,22.23697026255708,8.50558533105023,4.835616438356165,1.5068493150684932,0.4618254794520548,4.835616438356165,2.091477260273973,0.0,11,5,1.0,0.0,0.0,0,2400
central-balanced-c97p49-r0p0-single-mode-per-order,single-mode-per-order,0.0,adaptive,11,feasible-heuristic,True,91934.43514617498,19661.0075,22.52562440639269,8.61184988584475,4.904109589041096,1.4931506849315068,0.4592835616438356,4.904109589041096,2.1531210958904112,0.0,11,5,1.0,0.0,0.0,0,2400
central-balanced-c97p49-r0p0-single-mode-per-order,single-mode-per-order,0.0,adaptive,12,feasible-heuristic,True,91282.2690707145,19824.416049999996,22.009828732876716,8.420115582191782,4.794520547945205,1.4383561643835616,0.45029068493150687,4.794520547945205,2.112025205479452,0.0,10,5,1.0,0.0,0.0,0,2400
central-balanced-c97p49-r0p0-single-mode-per-order,single-mode-per-order,0.0,adaptive,13,feasible-heuristic,True,90888.01035434548,20377.077949999995,21.505009668949775,8.428995148401828,4.671232876712328,1.356164383561644,0.45029068493150687,4.671232876712328,1.9270936986301372,0.0,10,5,1.0,0.0,0.0,0,2400
central-balanced-c97p49-r0p0-single-mode-per-order,single-mode-per-order,0.0,adaptive,14,feasible-heuristic,True,89999.514612728,20091.42719999999,21.436118401826487,8.360103881278539,4.671232876712328,1.356164383561644,0.45029068493150687,4.671232876712328,1.9270936986301372,0.0,10,5,1.0,0.0,0.0,0,2400
central-balanced-c97p49-r0p0-single-mode-per-order,single-mode-per-order,0.0,adaptive,15,feasible-heuristic,True,92129.1739266065,20234.126849999993,21.924864121004568,8.437890696347033,4.7534246575342465,1.4383561643835616,0.45029068493150687,4.7534246575342465,2.091477260273973,0.0,10,5,1.0,0.0,0.0,0,2400
central-balanced-c97p49-r0p0-single-mode-per-order,single-mode-per-order,0.0,adaptive,16,feasible-heuristic,True,90555.56731478001,20033.021999999997,21.893461415525117,8.436049086757992,4.7534246575342465,1.4794520547945205,0.4618254794520548,4.7534246575342465,2.009285479452055,0.0,11,5,1.0,0.0,0.0,0,2400
central-balanced-c97p49-r0p0-single-mode-per-order,single-mode-per-order,0.0,adaptive,17,feasible-heuristic,True,90532.90683885399,20165.9646,21.871431187214615,8.487197488584476,4.767123287671233,1.3835616438356164,0.45029068493150687,4.767123287671233,2.016134794520548,0.0,10,5,1.0,0.0,0.0,0,2400
central-balanced-c97p49-r0p0-single-mode-per-order,single-mode-per-order,0.0,adaptive,18,feasible-heuristic,True,91111.5003454465,20148.242849999995,21.77188238584475,8.387648687214611,4.767123287671233,1.3835616438356164,0.45029068493150687,4.767123287671233,2.016134794520548,0.0,10,5,1.0,0.0,0.0,0,2400
central-balanced-c97p49-r0p0-single-mode-per-order,single-mode-per-order,0.0,adaptive,19,feasible-heuristic,True,91670.9624615365,20183.88385,21.969250833333334,8.466435216894979,4.767123287671233,1.4657534246575343,0.4592835616438356,4.767123287671233,2.043532054794521,0.0,11,5,1.0,0.0,0.0,0,2400
central-balanced-c97p49-r0p0-single-mode-per-order,single-mode-per-order,0.0,adaptive,20,feasible-heuristic,True,90554.9092140005,20273.737449999993,21.48008672374429,8.404072203196348,4.671232876712328,1.356164383561644,0.45029068493150687,4.671232876712328,1.9270936986301372,0.0,10,5,1.0,0.0,0.0,0,2400
central-balanced-c97p49-r0p0-single-mode-per-order,single-mode-per-order,0.0,adaptive,21,feasible-heuristic,True,90494.11857182,19598.317999999996,21.878353561643834,8.596859589041099,4.698630136986301,1.4109589041095891,0.45029068493150687,4.698630136986301,2.0229841095890415,0.0,10,5,1.0,0.0,0.0,0,2400
central-balanced-c97p49-r0p0-single-mode-per-order,single-mode-per-order,0.0,adaptive,22,feasible-heuristic,True,90702.63353146851,20753.19064999999,20.413300696347033,8.090859874429222,4.47945205479452,1.1917808219178083,0.39534712328767124,4.47945205479452,1.7764087671232878,0.0,9,4,1.0,0.0,0.0,0,2400
central-balanced-c97p49-r0p0-single-mode-per-order,single-mode-per-order,0.0,adaptive,23,feasible-heuristic,True,91102.96259843401,20189.506599999993,21.562512237442924,8.38375799086758,4.712328767123288,1.356164383561644,0.45029068493150687,4.712328767123288,1.9476416438356166,0.0,10,5,1.0,0.0,0.0,0,2400
central-balanced-c97p49-r0p0-single-mode-per-order,single-mode-per-order,0.0,adaptive,24,feasible-heuristic,True,91556.74043435298,20443.6397,21.847198881278544,8.462965182648404,4.7534246575342465,1.3972602739726028,0.45029068493150687,4.7534246575342465,2.0298334246575345,0.0,10,5,1.0,0.0,0.0,0,2400
central-balanced-c97p49-r0p0-single-mode-per-order,single-mode-per-order,0.0,adaptive,25,feasible-heuristic,True,91449.06088256599,20312.393399999997,21.934614977168955,8.41339497716895,4.8493150684931505,1.356164383561644,0.45029068493150687,4.8493150684931505,2.016134794520548,0.0,10,5,1.0,0.0,0.0,0,2400
central-balanced-c97p49-r0p0-single-mode-per-order,single-mode-per-order,0.0,adaptive,26,feasible-heuristic,True,90851.62259217649,20181.819849999993,21.852170924657532,8.452095034246575,4.7534246575342465,1.4383561643835616,0.4592835616438356,4.7534246575342465,1.9955868493150688,0.0,11,5,1.0,0.0,0.0,0,2400
central-balanced-c97p49-r0p0-single-mode-per-order,single-mode-per-order,0.0,adaptive,27,feasible-heuristic,True,92331.3950186255,20775.14994999999,21.12106811643836,8.166346746575341,4.684931506849315,1.273972602739726,0.40434000000000003,4.684931506849315,1.9065457534246577,0.0,10,4,1.0,0.0,0.0,0,2400
central-balanced-c97p49-r0p0-single-mode-per-order,single-mode-per-order,0.0,adaptive,28,feasible-heuristic,True,91252.89516045999,20517.953999999994,20.756129954337897,8.127488584474888,4.575342465753424,1.2191780821917808,0.3933284931506849,4.575342465753424,1.8654498630136989,0.0,9,4,1.0,0.0,0.0,0,2400
central-balanced-c97p49-r0p0-single-mode-per-order,single-mode-per-order,0.0,adaptive,29,feasible-heuristic,True,91734.76870539052,19964.34844999999,22.04582617579909,8.508763984018266,4.780821917808219,1.4657534246575343,0.4592835616438356,4.780821917808219,2.050381369863014,0.0,11,5,1.0,0.0,0.0,0,2400
central-balanced-c97p49-r0p0-single-mode-per-order,single-mode-per-order,0.0,catastrophe,0,feasible-heuristic,True,90737.86541785399,20345.564599999998,21.497409497716895,8.42139497716895,4.671232876712328,1.356164383561644,0.45029068493150687,4.671232876712328,1.9270936986301372,0.0,10,5,1.0,0.0,0.0,0,2400
central-balanced-c97p49-r0p0-single-mode-per-order,single-mode-per-order,0.0,catastrophe,1,feasible-heuristic,True,92169.96652639449,20665.848049999993,21.049298413242013,8.178912385844749,4.671232876712328,1.2191780821917808,0.39534712328767124,4.671232876712328,1.9133950684931509,0.0,9,4,1.0,0.0,0.0,0,2400
central-balanced-c97p49-r0p0-single-mode-per-order,single-mode-per-order,0.0,catastrophe,2,feasible-heuristic,True,91416.36272527749,20173.78474999999,21.879962865296804,8.392989440639269,4.808219178082192,1.3835616438356164,0.45029068493150687,4.808219178082192,2.0366827397260274,0.0,10,5,1.0,0.0,0.0,0,2400
central-balanced-c97p49-r0p0-single-mode-per-order,single-mode-per-order,0.0,catastrophe,3,feasible-heuristic,True,91104.22910389549,20280.872949999994,21.824273367579913,8.405793093607306,4.808219178082192,1.356164383561644,0.45029068493150687,4.808219178082192,1.9955868493150688,0.0,10,5,1.0,0.0,0.0,0,2400
central-balanced-c97p49-r0p0-single-mode-per-order,single-mode-per-order,0.0,catastrophe,4,feasible-heuristic,True,90356.615159069,20090.56809999999,21.607144086757994,8.359896689497718,4.739726027397261,1.356164383561644,0.45029068493150687,4.739726027397261,1.961340273972603,0.0,10,5,1.0,0.0,0.0,0,2400
central-balanced-c97p49-r0p0-single-mode-per-order,single-mode-per-order,0.0,catastrophe,5,feasible-heuristic,True,90694.1631509745,20077.890049999995,21.587379828767123,8.427029965753427,4.657534246575342,1.4383561643835616,0.4592835616438356,4.657534246575342,1.9476416438356166,0.0,11,5,1.0,0.0,0.0,0,2400
central-balanced-c97p49-r0p0-single-mode-per-order,single-mode-per-order,0.0,catastrophe,6,feasible-heuristic,True,90556.2887578135,20112.931149999997,21.961380673515986,8.47440724885845,4.808219178082192,1.3835616438356164,0.45029068493150687,4.808219178082192,2.0366827397260274,0.0,10,5,1.0,0.0,0.0,0,2400
central-balanced-c97p49-r0p0-single-mode-per-order,single-mode-per-order,0.0,catastrophe,7,feasible-heuristic,True,93358.440505544,20359.045599999994,21.23391283105023,7.953457762557077,4.780821917808219,1.3287671232876712,0.3533613698630137,4.780821917808219,2.0366827397260274,0.0,10,4,1.0,0.0,0.0,0,2400
central-balanced-c97p49-r0p0-single-mode-per-order,single-mode-per-order,0.0,catastrophe,8,feasible-heuristic,True,90688.3351761335,20999.099149999995,20.47260720319635,8.150166381278538,4.47945205479452,1.1917808219178083,0.39534712328767124,4.47945205479452,1.7764087671232878,0.0,9,4,1.0,0.0,0.0,0,2400
central-balanced-c97p49-r0p0-single-mode-per-order,single-mode-per-order,0.0,catastrophe,9,feasible-heuristic,True,91340.2168341385,20589.673649999997,20.893706449771692,8.21497631278539,4.5479452054794525,1.3013698630136987,0.40232136986301364,4.5479452054794525,1.8791484931506852,0.0,10,4,1.0,0.0,0.0,0,2400
central-balanced-c97p49-r0p0-single-mode-per-order,single-mode-per-order,0.0,catastrophe,10,feasible-heuristic,True,91129.74917422551,20309.589949999994,21.85151309360731,8.433032819634706,4.767123287671233,1.3972602739726028,0.45029068493150687,4.767123287671233,2.0366827397260274,0.0,10,5,1.0,0.0,0.0,0,2400
central-balanced-c97p49-r0p0-single-mode-per-order,single-mode-per-order,0.0,catastrophe,11,feasible-heuristic,True,90595.47235001648,20044.535849999997,21.859685764840183,8.528103025114156,4.698630136986301,1.4657534246575343,0.4592835616438356,4.698630136986301,2.009285479452055,0.0,11,5,1.0,0.0,0.0,0,2400
central-balanced-c97p49-r0p0-single-mode-per-order,single-mode-per-order,0.0,catastrophe,12,feasible-heuristic,True,90752.2309650845,20246.72904999999,21.61055932648402,8.397558504566211,4.726027397260274,1.356164383561644,0.45029068493150687,4.726027397260274,1.9544909589041097,0.0,10,5,1.0,0.0,0.0,0,2400
central-balanced-c97p49-r0p0-single-mode-per-order,single-mode-per-order,0.0,catastrophe,13,feasible-heuristic,True,89789.44028920251,20171.767249999994,21.387001107305938,8.379479737442923,4.6438356164383565,1.356164383561644,0.45029068493150687,4.6438356164383565,1.9133950684931509,0.0,10,5,1.0,0.0,0.0,0,2400
central-balanced-c97p49-r0p0-single-mode-per-order,single-mode-per-order,0.0,catastrophe,14,feasible-heuristic,True,90693.3490280045,20188.437049999997,21.819520239726028,8.453690924657536,4.739726027397261,1.4383561643835616,0.4592835616438356,4.739726027397261,1.9887375342465756,0.0,11,5,1.0,0.0,0.0,0,2400
central-balanced-c97p49-r0p0-single-mode-per-order,single-mode-per-order,0.0,catastrophe,15,feasible-heuristic,True,90366.17678208498,20280.166499999992,21.481637237442925,8.405622716894978,4.671232876712328,1.356164383561644,0.45029068493150687,4.671232876712328,1.9270936986301372,0.0,10,5,1.0,0.0,0.0,0,2400
central-balanced-c97p49-r0p0-single-mode-per-order,single-mode-per-order,0.0,catastrophe,16,feasible-heuristic,True,91219.10788747399,20251.602599999995,21.98042374429224,8.48876484018265,4.767123287671233,1.4794520547945205,0.4618254794520548,4.767123287671233,2.016134794520548,0.0,11,5,1.0,0.0,0.0,0,2400
central-balanced-c97p49-r0p0-single-mode-per-order,single-mode-per-order,0.0,catastrophe,17,feasible-heuristic,True,91582.061474879,20251.73709999999,22.074512534246576,8.468957191780824,4.835616438356165,1.4383561643835616,0.4592835616438356,4.835616438356165,2.0366827397260274,0.0,11,5,1.0,0.0,0.0,0,2400
central-balanced-c97p49-r0p0-single-mode-per-order,single-mode-per-order,0.0,catastrophe,18,feasible-heuristic,True,91494.2156281,20062.189999999995,22.24065579908676,8.53236073059361,4.8493150684931505,1.4657534246575343,0.4592835616438356,4.8493150684931505,2.0846279452054794,0.0,11,5,1.0,0.0,0.0,0,2400
central-balanced-c97p49-r0p0-single-mode-per-order,single-mode-per-order,0.0,catastrophe,19,feasible-heuristic,True,92046.381483155,20644.309499999992,20.738018378995434,8.169288242009134,4.506849315068493,1.1917808219178083,0.4087597260273973,4.506849315068493,1.9544909589041097,0.0,9,4,1.0,0.0,0.0,0,2400
central-balanced-c97p49-r0p0-single-mode-per-order,single-mode-per-order,0.0,catastrophe,20,feasible-heuristic,True,90681.38840570599,20246.0794,21.576156073059362,8.39740182648402,4.712328767123288,1.356164383561644,0.45029068493150687,4.712328767123288,1.9476416438356166,0.0,10,5,1.0,0.0,0.0,0,2400
central-balanced-c97p49-r0p0-single-mode-per-order,single-mode-per-order,0.0,catastrophe,21,feasible-heuristic,True,90244.54363186099,20061.088899999995,21.600034497716894,8.352787100456622,4.739726027397261,1.356164383561644,0.45029068493150687,4.739726027397261,1.961340273972603,0.0,10,5,1.0,0.0,0.0,0,2400
central-balanced-c97p49-r0p0-single-mode-per-order,single-mode-per-order,0.0,catastrophe,22,feasible-heuristic,True,91219.5257930435,20160.158149999996,22.06110953196347,8.466710901826485,4.808219178082192,1.4794520547945205,0.4618254794520548,4.808219178082192,2.0366827397260274,0.0,11,5,1.0,0.0,0.0,0,2400
central-balanced-c97p49-r0p0-single-mode-per-order,single-mode-per-order,0.0,catastrophe,23,feasible-heuristic,True,92377.88041268449,19866.969049999996,22.354045627853882,8.45611329908676,4.890410958904109,1.4657534246575343,0.45029068493150687,4.890410958904109,2.2010663013698633,0.0,10,5,1.0,0.0,0.0,0,2400
central-balanced-c97p49-r0p0-single-mode-per-order,single-mode-per-order,0.0,catastrophe,24,feasible-heuristic,True,89801.002039991,20213.525899999997,21.225839292237445,8.38955079908676,4.575342465753424,1.356164383561644,0.45029068493150687,4.575342465753424,1.8791484931506852,0.0,10,5,1.0,0.0,0.0,0,2400
central-balanced-c97p49-r0p0-single-mode-per-order,single-mode-per-order,0.0,catastrophe,25,feasible-heuristic,True,91950.59578844346,21003.118149999995,20.880603413242014,8.1492223173516,4.616438356164384,1.2191780821917808,0.3933284931506849,4.616438356164384,1.8859978082191782,0.0,9,4,1.0,0.0,0.0,0,2400
central-balanced-c97p49-r0p0-single-mode-per-order,single-mode-per-order,0.0,catastrophe,26,feasible-heuristic,True,90967.15656802298,19944.522699999994,22.0235048173516,8.433791666666668,4.8493150684931505,1.3835616438356164,0.45029068493150687,4.8493150684931505,2.057230684931507,0.0,10,5,1.0,0.0,0.0,0,2400
central-balanced-c97p49-r0p0-single-mode-per-order,single-mode-per-order,0.0,catastrophe,27,feasible-heuristic,True,90896.85903353298,20498.2217,21.67121257990868,8.45821175799087,4.726027397260274,1.356164383561644,0.45029068493150687,4.726027397260274,1.9544909589041097,0.0,10,5,1.0,0.0,0.0,0,2400
central-balanced-c97p49-r0p0-single-mode-per-order,single-mode-per-order,0.0,catastrophe,28,feasible-heuristic,True,91087.169685761,20303.198899999996,21.726918059360735,8.411177511415525,4.767123287671233,1.356164383561644,0.45029068493150687,4.767123287671233,1.9750389041095893,0.0,10,5,1.0,0.0,0.0,0,2400
central-balanced-c97p49-r0p0-single-mode-per-order,single-mode-per-order,0.0,catastrophe,29,feasible-heuristic,True,90164.55653377999,20246.121999999996,21.336440319634704,8.397412100456622,4.616438356164384,1.356164383561644,0.45029068493150687,4.616438356164384,1.8996964383561645,0.0,10,5,1.0,0.0,0.0,0,2400
central-balanced-c97p49-r0p0-single-mode-per-order,single-mode-per-order,0.0,combined,0,feasible-heuristic,True,91236.196458334,20871.01659999999,20.387066392694067,8.133118721461187,4.424657534246576,1.2191780821917808,0.39534712328767124,4.424657534246576,1.7901073972602741,0.0,9,4,1.0,0.0,0.0,0,2400
central-balanced-c97p49-r0p0-single-mode-per-order,single-mode-per-order,0.0,combined,1,feasible-heuristic,True,90343.19781545749,20106.766749999995,21.57680418949772,8.36380336757991,4.726027397260274,1.356164383561644,0.45029068493150687,4.726027397260274,1.9544909589041097,0.0,10,5,1.0,0.0,0.0,0,2400
central-balanced-c97p49-r0p0-single-mode-per-order,single-mode-per-order,0.0,combined,2,feasible-heuristic,True,91507.21479781251,20368.656249999996,21.03075115296804,8.257545947488586,4.5479452054794525,1.3013698630136987,0.4146046575342466,4.5479452054794525,1.961340273972603,0.0,9,5,1.0,0.0,0.0,0,2400
central-balanced-c97p49-r0p0-single-mode-per-order,single-mode-per-order,0.0,combined,3,feasible-heuristic,True,90167.03334448849,20404.888649999997,21.47747028538813,8.435702340182651,4.657534246575342,1.356164383561644,0.45029068493150687,4.657534246575342,1.920244383561644,0.0,10,5,1.0,0.0,0.0,0,2400
central-balanced-c97p49-r0p0-single-mode-per-order,single-mode-per-order,0.0,combined,4,feasible-heuristic,True,90494.99227916998,20163.832999999995,21.316594429223745,8.377566210045664,4.616438356164384,1.356164383561644,0.45029068493150687,4.616438356164384,1.8996964383561645,0.0,10,5,1.0,0.0,0.0,0,2400
central-balanced-c97p49-r0p0-single-mode-per-order,single-mode-per-order,0.0,combined,5,feasible-heuristic,True,90287.9489372315,20179.93934999999,21.49171172374429,8.381450627853884,4.684931506849315,1.356164383561644,0.45029068493150687,4.684931506849315,1.9339430136986304,0.0,10,5,1.0,0.0,0.0,0,2400
central-balanced-c97p49-r0p0-single-mode-per-order,single-mode-per-order,0.0,combined,6,feasible-heuristic,True,90893.00789808198,21012.741799999996,20.44165086757991,8.153456621004565,4.465753424657534,1.1917808219178083,0.39534712328767124,4.465753424657534,1.7695594520547948,0.0,9,4,1.0,0.0,0.0,0,2400
central-balanced-c97p49-r0p0-single-mode-per-order,single-mode-per-order,0.0,combined,7,feasible-heuristic,True,91077.78700283598,19399.6164,22.39591721461187,8.619128995433792,4.8493150684931505,1.4931506849315068,0.4592835616438356,4.8493150684931505,2.1257238356164385,0.0,11,5,1.0,0.0,0.0,0,2400
central-balanced-c97p49-r0p0-single-mode-per-order,single-mode-per-order,0.0,combined,8,feasible-heuristic,True,90377.7189427565,20108.761849999995,21.645778504566213,8.364284531963472,4.7534246575342465,1.356164383561644,0.45029068493150687,4.7534246575342465,1.968189589041096,0.0,10,5,1.0,0.0,0.0,0,2400
central-balanced-c97p49-r0p0-single-mode-per-order,single-mode-per-order,0.0,combined,9,feasible-heuristic,True,91923.526323745,20077.5005,22.73921860730594,8.616506278538816,4.945205479452055,1.5890410958904109,0.46959123287671234,4.945205479452055,2.1736690410958905,0.0,12,5,1.0,0.0,0.0,0,2400
central-balanced-c97p49-r0p0-single-mode-per-order,single-mode-per-order,0.0,combined,10,feasible-heuristic,True,90026.699311964,20253.90359999999,21.37256360730594,8.39928881278539,4.63013698630137,1.356164383561644,0.45029068493150687,4.63013698630137,1.9065457534246577,0.0,10,5,1.0,0.0,0.0,0,2400
central-balanced-c97p49-r0p0-single-mode-per-order,single-mode-per-order,0.0,combined,11,feasible-heuristic,True,91007.93212885849,20568.201649999995,20.8136573630137,8.100680650684932,4.589041095890411,1.273972602739726,0.40232136986301364,4.589041095890411,1.8586005479452057,0.0,10,4,1.0,0.0,0.0,0,2400
central-balanced-c97p49-r0p0-single-mode-per-order,single-mode-per-order,0.0,combined,12,feasible-heuristic,True,90820.773258028,19901.897199999996,22.062889543378997,8.50396461187215,4.767123287671233,1.5068493150684932,0.4605983561643836,4.767123287671233,2.057230684931507,0.0,11,5,1.0,0.0,0.0,0,2400
central-balanced-c97p49-r0p0-single-mode-per-order,single-mode-per-order,0.0,combined,13,feasible-heuristic,True,89851.668639437,20326.231299999996,21.184527648401826,8.416732305936074,4.5479452054794525,1.356164383561644,0.45029068493150687,4.5479452054794525,1.8654498630136989,0.0,10,5,1.0,0.0,0.0,0,2400
central-balanced-c97p49-r0p0-single-mode-per-order,single-mode-per-order,0.0,combined,14,feasible-heuristic,True,92159.18844232698,20495.692299999995,20.907655365296804,8.133445776255709,4.589041095890411,1.1917808219178083,0.4087597260273973,4.589041095890411,1.9955868493150688,0.0,9,4,1.0,0.0,0.0,0,2400
central-balanced-c97p49-r0p0-single-mode-per-order,single-mode-per-order,0.0,combined,15,feasible-heuristic,True,90788.222692934,20157.556599999993,21.760286210045663,8.376052511415525,4.794520547945205,1.356164383561644,0.45029068493150687,4.794520547945205,1.9887375342465756,0.0,10,5,1.0,0.0,0.0,0,2400
central-balanced-c97p49-r0p0-single-mode-per-order,single-mode-per-order,0.0,combined,16,feasible-heuristic,True,90016.404089708,20230.729199999998,21.298481415525114,8.393699771689498,4.602739726027397,1.356164383561644,0.45029068493150687,4.602739726027397,1.8928471232876714,0.0,10,5,1.0,0.0,0.0,0,2400
central-balanced-c97p49-r0p0-single-mode-per-order,single-mode-per-order,0.0,combined,17,feasible-heuristic,True,90482.14329482349,19796.980149999996,22.07395460045662,8.46839925799087,4.808219178082192,1.4657534246575343,0.4592835616438356,4.808219178082192,2.06408,0.0,11,5,1.0,0.0,0.0,0,2400
central-balanced-c97p49-r0p0-single-mode-per-order,single-mode-per-order,0.0,combined,18,feasible-heuristic,True,91226.62548601849,19601.48565,22.185510239726028,8.527303938356164,4.8493150684931505,1.4109589041095891,0.45029068493150687,4.8493150684931505,2.098326575342466,0.0,10,5,1.0,0.0,0.0,0,2400
central-balanced-c97p49-r0p0-single-mode-per-order,single-mode-per-order,0.0,combined,19,feasible-heuristic,True,91039.044904266,19967.723399999995,21.871709726027397,8.453229452054794,4.7534246575342465,1.4109589041095891,0.45029068493150687,4.7534246575342465,2.050381369863014,0.0,10,5,1.0,0.0,0.0,0,2400
central-balanced-c97p49-r0p0-single-mode-per-order,single-mode-per-order,0.0,combined,20,feasible-heuristic,True,90512.9812130225,20104.885249999992,21.713336723744295,8.363349600456624,4.780821917808219,1.356164383561644,0.45029068493150687,4.780821917808219,1.9818882191780824,0.0,10,5,1.0,0.0,0.0,0,2400
central-balanced-c97p49-r0p0-single-mode-per-order,single-mode-per-order,0.0,combined,21,feasible-heuristic,True,90940.51508944099,20217.330899999997,22.177637785388132,8.480499429223745,4.8493150684931505,1.4794520547945205,0.4618254794520548,4.8493150684931505,2.057230684931507,0.0,11,5,1.0,0.0,0.0,0,2400
central-balanced-c97p49-r0p0-single-mode-per-order,single-mode-per-order,0.0,combined,22,feasible-heuristic,True,90583.05968722848,20426.614649999996,21.58544973744292,8.440942066210047,4.698630136986301,1.356164383561644,0.45029068493150687,4.698630136986301,1.9407923287671236,0.0,10,5,1.0,0.0,0.0,0,2400
central-balanced-c97p49-r0p0-single-mode-per-order,single-mode-per-order,0.0,combined,23,feasible-heuristic,True,90751.94007720501,20163.654499999997,21.779296780821916,8.447714041095892,4.726027397260274,1.4383561643835616,0.4592835616438356,4.726027397260274,1.9818882191780824,0.0,11,5,1.0,0.0,0.0,0,2400
central-balanced-c97p49-r0p0-single-mode-per-order,single-mode-per-order,0.0,combined,24,feasible-heuristic,True,90091.80403789098,20178.735899999996,21.354435182648402,8.381160388127855,4.63013698630137,1.356164383561644,0.45029068493150687,4.63013698630137,1.9065457534246577,0.0,10,5,1.0,0.0,0.0,0,2400
central-balanced-c97p49-r0p0-single-mode-per-order,single-mode-per-order,0.0,combined,25,feasible-heuristic,True,90760.20780028748,19949.03375,21.973639531963475,8.505070490867581,4.7534246575342465,1.4657534246575343,0.4592835616438356,4.7534246575342465,2.0366827397260274,0.0,11,5,1.0,0.0,0.0,0,2400
central-balanced-c97p49-r0p0-single-mode-per-order,single-mode-per-order,0.0,combined,26,feasible-heuristic,True,90079.80818159,20156.590999999993,21.48608073059361,8.375819634703198,4.684931506849315,1.356164383561644,0.45029068493150687,4.684931506849315,1.9339430136986304,0.0,10,5,1.0,0.0,0.0,0,2400
central-balanced-c97p49-r0p0-single-mode-per-order,single-mode-per-order,0.0,combined,27,feasible-heuristic,True,91841.1774217735,20328.035149999992,21.93552309360731,8.501200627853882,4.739726027397261,1.4657534246575343,0.4592835616438356,4.739726027397261,2.0298334246575345,0.0,11,5,1.0,0.0,0.0,0,2400
central-balanced-c97p49-r0p0-single-mode-per-order,single-mode-per-order,0.0,combined,28,feasible-heuristic,True,90706.9015080935,20289.903149999995,21.57001852739726,8.478161815068495,4.63013698630137,1.4383561643835616,0.4592835616438356,4.63013698630137,1.9339430136986304,0.0,11,5,1.0,0.0,0.0,0,2400
central-balanced-c97p49-r0p0-single-mode-per-order,single-mode-per-order,0.0,combined,29,feasible-heuristic,True,91305.6730548815,20491.924349999994,21.344391495433793,8.253335331050229,4.698630136986301,1.273972602739726,0.4242364383561644,4.698630136986301,1.9955868493150688,0.0,9,5,1.0,0.0,0.0,0,2400
central-balanced-c97p49-r0p0-single-mode-per-order,single-mode-per-order,0.0,hybrid-seeded,0,feasible-heuristic,True,89738.7736897565,20059.061849999995,21.428312751141554,8.35229823059361,4.671232876712328,1.356164383561644,0.45029068493150687,4.671232876712328,1.9270936986301372,0.0,10,5,1.0,0.0,0.0,4,2400
central-balanced-c97p49-r0p0-single-mode-per-order,single-mode-per-order,0.0,hybrid-seeded,1,feasible-heuristic,True,89738.7736897565,20059.061849999995,21.428312751141554,8.35229823059361,4.671232876712328,1.356164383561644,0.45029068493150687,4.671232876712328,1.9270936986301372,0.0,10,5,1.0,0.0,0.0,4,2400
central-balanced-c97p49-r0p0-single-mode-per-order,single-mode-per-order,0.0,hybrid-seeded,2,feasible-heuristic,True,89738.7736897565,20059.061849999995,21.428312751141554,8.35229823059361,4.671232876712328,1.356164383561644,0.45029068493150687,4.671232876712328,1.9270936986301372,0.0,10,5,1.0,0.0,0.0,4,2400
central-balanced-c97p49-r0p0-single-mode-per-order,single-mode-per-order,0.0,hybrid-seeded,3,feasible-heuristic,True,89738.7736897565,20059.061849999995,21.428312751141554,8.35229823059361,4.671232876712328,1.356164383561644,0.45029068493150687,4.671232876712328,1.9270936986301372,0.0,10,5,1.0,0.0,0.0,4,2400
central-balanced-c97p49-r0p0-single-mode-per-order,single-mode-per-order,0.0,hybrid-seeded,4,feasible-heuristic,True,89738.7736897565,20059.061849999995,21.428312751141554,8.35229823059361,4.671232876712328,1.356164383561644,0.45029068493150687,4.671232876712328,1.9270936986301372,0.0,10,5,1.0,0.0,0.0,4,2400
central-balanced-c97p49-r0p0-single-mode-per-order,single-mode-per-order,0.0,hybrid-seeded,5,feasible-heuristic,True,89738.7736897565,20059.061849999995,21.428312751141554,8.35229823059361,4.671232876712328,1.356164383561644,0.45029068493150687,4.671232876712328,1.9270936986301372,0.0,10,5,1.0,0.0,0.0,4,2400
central-balanced-c97p49-r0p0-single-mode-per-order,single-mode-per-order,0.0,hybrid-seeded,6,feasible-heuristic,True,89738.7736897565,20059.061849999995,21.428312751141554,8.35229823059361,4.671232876712328,1.356164383561644,0.45029068493150687,4.671232876712328,1.9270936986301372,0.0,10,5,1.0,0.0,0.0,4,2400
central-balanced-c97p49-r0p0-single-mode-per-order,single-mode-per-order,0.0,hybrid-seeded,7,feasible-heuristic,True,89738.7736897565,20059.061849999995,21.428312751141554,8.35229823059361,4.671232876712328,1.356164383561644,0.45029068493150687,4.671232876712328,1.9270936986301372,0.0,10,5,1.0,0.0,0.0,4,2400
central-balanced-c97p49-r0p0-single-mode-per-order,single-mode-per-order,0.0,hybrid-seeded,8,feasible-heuristic,True,89738.7736897565,20059.061849999995,21.428312751141554,8.35229823059361,4.671232876712328,1.356164383561644,0.45029068493150687,4.671232876712328,1.9270936986301372,0.0,10,5,1.0,0.0,0.0,4,2400
central-balanced-c97p49-r0p0-single-mode-per-order,single-mode-per-order,0.0,hybrid-seeded,9,feasible-heuristic,True,89738.7736897565,20059.061849999995,21.428312751141554,8.35229823059361,4.671232876712328,1.356164383561644,0.45029068493150687,4.671232876712328,1.9270936986301372,0.0,10,5,1.0,0.0,0.0,4,2400
central-balanced-c97p49-r0p0-single-mode-per-order,single-mode-per-order,0.0,hybrid-seeded,10,feasible-heuristic,True,89738.7736897565,20059.061849999995,21.428312751141554,8.35229823059361,4.671232876712328,1.356164383561644,0.45029068493150687,4.671232876712328,1.9270936986301372,0.0,10,5,1.0,0.0,0.0,4,2400
central-balanced-c97p49-r0p0-single-mode-per-order,single-mode-per-order,0.0,hybrid-seeded,11,feasible-heuristic,True,89738.7736897565,20059.061849999995,21.428312751141554,8.35229823059361,4.671232876712328,1.356164383561644,0.45029068493150687,4.671232876712328,1.9270936986301372,0.0,10,5,1.0,0.0,0.0,4,2400
central-balanced-c97p49-r0p0-single-mode-per-order,single-mode-per-order,0.0,hybrid-seeded,12,feasible-heuristic,True,89738.7736897565,20059.061849999995,21.428312751141554,8.35229823059361,4.671232876712328,1.356164383561644,0.45029068493150687,4.671232876712328,1.9270936986301372,0.0,10,5,1.0,0.0,0.0,4,2400
central-balanced-c97p49-r0p0-single-mode-per-order,single-mode-per-order,0.0,hybrid-seeded,13,feasible-heuristic,True,89738.7736897565,20059.061849999995,21.428312751141554,8.35229823059361,4.671232876712328,1.356164383561644,0.45029068493150687,4.671232876712328,1.9270936986301372,0.0,10,5,1.0,0.0,0.0,4,2400
central-balanced-c97p49-r0p0-single-mode-per-order,single-mode-per-order,0.0,hybrid-seeded,14,feasible-heuristic,True,89738.7736897565,20059.061849999995,21.428312751141554,8.35229823059361,4.671232876712328,1.356164383561644,0.45029068493150687,4.671232876712328,1.9270936986301372,0.0,10,5,1.0,0.0,0.0,4,2400
central-balanced-c97p49-r0p0-single-mode-per-order,single-mode-per-order,0.0,hybrid-seeded,15,feasible-heuristic,True,89738.7736897565,20059.061849999995,21.428312751141554,8.35229823059361,4.671232876712328,1.356164383561644,0.45029068493150687,4.671232876712328,1.9270936986301372,0.0,10,5,1.0,0.0,0.0,4,2400
central-balanced-c97p49-r0p0-single-mode-per-order,single-mode-per-order,0.0,hybrid-seeded,16,feasible-heuristic,True,89738.7736897565,20059.061849999995,21.428312751141554,8.35229823059361,4.671232876712328,1.356164383561644,0.45029068493150687,4.671232876712328,1.9270936986301372,0.0,10,5,1.0,0.0,0.0,4,2400
central-balanced-c97p49-r0p0-single-mode-per-order,single-mode-per-order,0.0,hybrid-seeded,17,feasible-heuristic,True,89738.7736897565,20059.061849999995,21.428312751141554,8.35229823059361,4.671232876712328,1.356164383561644,0.45029068493150687,4.671232876712328,1.9270936986301372,0.0,10,5,1.0,0.0,0.0,4,2400
central-balanced-c97p49-r0p0-single-mode-per-order,single-mode-per-order,0.0,hybrid-seeded,18,feasible-heuristic,True,89738.7736897565,20059.061849999995,21.428312751141554,8.35229823059361,4.671232876712328,1.356164383561644,0.45029068493150687,4.671232876712328,1.9270936986301372,0.0,10,5,1.0,0.0,0.0,4,2400
central-balanced-c97p49-r0p0-single-mode-per-order,single-mode-per-order,0.0,hybrid-seeded,19,feasible-heuristic,True,89738.7736897565,20059.061849999995,21.428312751141554,8.35229823059361,4.671232876712328,1.356164383561644,0.45029068493150687,4.671232876712328,1.9270936986301372,0.0,10,5,1.0,0.0,0.0,4,2400
central-balanced-c97p49-r0p0-single-mode-per-order,single-mode-per-order,0.0,hybrid-seeded,20,feasible-heuristic,True,89738.7736897565,20059.061849999995,21.428312751141554,8.35229823059361,4.671232876712328,1.356164383561644,0.45029068493150687,4.671232876712328,1.9270936986301372,0.0,10,5,1.0,0.0,0.0,4,2400
central-balanced-c97p49-r0p0-single-mode-per-order,single-mode-per-order,0.0,hybrid-seeded,21,feasible-heuristic,True,89738.7736897565,20059.061849999995,21.428312751141554,8.35229823059361,4.671232876712328,1.356164383561644,0.45029068493150687,4.671232876712328,1.9270936986301372,0.0,10,5,1.0,0.0,0.0,4,2400
central-balanced-c97p49-r0p0-single-mode-per-order,single-mode-per-order,0.0,hybrid-seeded,22,feasible-heuristic,True,89738.7736897565,20059.061849999995,21.428312751141554,8.35229823059361,4.671232876712328,1.356164383561644,0.45029068493150687,4.671232876712328,1.9270936986301372,0.0,10,5,1.0,0.0,0.0,4,2400
central-balanced-c97p49-r0p0-single-mode-per-order,single-mode-per-order,0.0,hybrid-seeded,23,feasible-heuristic,True,89738.7736897565,20059.061849999995,21.428312751141554,8.35229823059361,4.671232876712328,1.356164383561644,0.45029068493150687,4.671232876712328,1.9270936986301372,0.0,10,5,1.0,0.0,0.0,4,2400
central-balanced-c97p49-r0p0-single-mode-per-order,single-mode-per-order,0.0,hybrid-seeded,24,feasible-heuristic,True,89738.7736897565,20059.061849999995,21.428312751141554,8.35229823059361,4.671232876712328,1.356164383561644,0.45029068493150687,4.671232876712328,1.9270936986301372,0.0,10,5,1.0,0.0,0.0,4,2400
central-balanced-c97p49-r0p0-single-mode-per-order,single-mode-per-order,0.0,hybrid-seeded,25,feasible-heuristic,True,89738.7736897565,20059.061849999995,21.428312751141554,8.35229823059361,4.671232876712328,1.356164383561644,0.45029068493150687,4.671232876712328,1.9270936986301372,0.0,10,5,1.0,0.0,0.0,4,2400
central-balanced-c97p49-r0p0-single-mode-per-order,single-mode-per-order,0.0,hybrid-seeded,26,feasible-heuristic,True,89738.7736897565,20059.061849999995,21.428312751141554,8.35229823059361,4.671232876712328,1.356164383561644,0.45029068493150687,4.671232876712328,1.9270936986301372,0.0,10,5,1.0,0.0,0.0,4,2400
central-balanced-c97p49-r0p0-single-mode-per-order,single-mode-per-order,0.0,hybrid-seeded,27,feasible-heuristic,True,89738.7736897565,20059.061849999995,21.428312751141554,8.35229823059361,4.671232876712328,1.356164383561644,0.45029068493150687,4.671232876712328,1.9270936986301372,0.0,10,5,1.0,0.0,0.0,4,2400
central-balanced-c97p49-r0p0-single-mode-per-order,single-mode-per-order,0.0,hybrid-seeded,28,feasible-heuristic,True,89738.7736897565,20059.061849999995,21.428312751141554,8.35229823059361,4.671232876712328,1.356164383561644,0.45029068493150687,4.671232876712328,1.9270936986301372,0.0,10,5,1.0,0.0,0.0,4,2400
central-balanced-c97p49-r0p0-single-mode-per-order,single-mode-per-order,0.0,hybrid-seeded,29,feasible-heuristic,True,89738.7736897565,20059.061849999995,21.428312751141554,8.35229823059361,4.671232876712328,1.356164383561644,0.45029068493150687,4.671232876712328,1.9270936986301372,0.0,10,5,1.0,0.0,0.0,4,2400
central-balanced-c97p49-r9p5-single-mode-per-order,single-mode-per-order,0.095,fixed,0,feasible-heuristic,True,96132.4882586535,18101.34715,24.8337125913242,9.002129851598175,5.383561643835616,1.7808219178082192,0.4592835616438356,5.383561643835616,2.82435397260274,0.0,11,5,1.0,0.0,0.0,0,2400
central-balanced-c97p49-r9p5-single-mode-per-order,single-mode-per-order,0.095,fixed,1,feasible-heuristic,True,96546.0332103735,18084.175150000003,25.745368481735163,9.045376426940642,5.602739726027397,2.0684931506849313,0.4920764383561644,5.602739726027397,2.9339430136986304,0.0,14,6,1.0,0.0,0.0,0,2400
central-balanced-c97p49-r9p5-single-mode-per-order,single-mode-per-order,0.095,fixed,2,feasible-heuristic,True,94486.39556675697,17988.999300000003,24.526391529680364,9.071521118721463,5.287671232876712,1.726027397260274,0.4592835616438356,5.287671232876712,2.69421698630137,0.0,11,5,1.0,0.0,0.0,0,2400
central-balanced-c97p49-r9p5-single-mode-per-order,single-mode-per-order,0.095,fixed,3,feasible-heuristic,True,96767.278510978,18110.3522,25.043264246575344,8.929565068493154,5.438356164383562,1.9452054794520548,0.48112602739726035,5.438356164383562,2.8106553424657537,0.0,13,5,1.0,0.0,0.0,0,2400
central-balanced-c97p49-r9p5-single-mode-per-order,single-mode-per-order,0.095,fixed,4,feasible-heuristic,True,95163.0366638235,17952.580150000005,25.24195122146119,9.121588755707766,5.438356164383562,1.9315068493150684,0.47409068493150686,5.438356164383562,2.8380526027397264,0.0,12,6,1.0,0.0,0.0,0,2400
central-balanced-c97p49-r9p5-single-mode-per-order,single-mode-per-order,0.095,fixed,5,feasible-heuristic,True,93558.66754594549,18110.417950000003,23.93628281963471,8.820419805936075,5.205479452054795,1.726027397260274,0.46959123287671234,5.205479452054795,2.509285479452055,0.0,12,5,1.0,0.0,0.0,0,2400
central-balanced-c97p49-r9p5-single-mode-per-order,single-mode-per-order,0.095,fixed,6,feasible-heuristic,True,95389.202076654,18089.6846,24.789372694063932,8.957789954337905,5.438356164383562,1.726027397260274,0.4592835616438356,5.438356164383562,2.7695594520547946,0.0,11,5,1.0,0.0,0.0,0,2400
central-balanced-c97p49-r9p5-single-mode-per-order,single-mode-per-order,0.095,fixed,7,feasible-heuristic,True,94103.71832172999,18053.577,24.24797598173516,8.925406392694066,5.260273972602739,1.7534246575342465,0.4708183561643836,5.260273972602739,2.5777786301369865,0.0,12,5,1.0,0.0,0.0,0,2400
central-balanced-c97p49-r9p5-single-mode-per-order,single-mode-per-order,0.095,fixed,8,feasible-heuristic,True,96477.93800364599,18064.7854,24.497806118721464,8.811057077625573,5.36986301369863,1.7534246575342465,0.41718958904109593,5.36986301369863,2.776408767123288,0.0,11,4,1.0,0.0,0.0,0,2400
central-balanced-c97p49-r9p5-single-mode-per-order,single-mode-per-order,0.095,fixed,9,feasible-heuristic,True,94636.905777116,18036.688400000003,24.475665570776254,8.90793378995434,5.342465753424658,1.7534246575342465,0.4625558904109589,5.342465753424658,2.6668197260273976,0.0,11,6,1.0,0.0,0.0,0,2400
central-balanced-c97p49-r9p5-single-mode-per-order,single-mode-per-order,0.095,fixed,10,feasible-heuristic,True,93999.24512742298,17976.0827,24.62879075342466,8.945351027397264,5.410958904109589,1.7123287671232876,0.4618254794520548,5.410958904109589,2.687367671232877,0.0,11,5,1.0,0.0,0.0,0,2400
central-balanced-c97p49-r9p5-single-mode-per-order,single-mode-per-order,0.095,fixed,11,feasible-heuristic,True,95912.4517887905,18061.008450000005,25.087316815068498,8.985358732876714,5.493150684931507,1.904109589041096,0.48308356164383565,5.493150684931507,2.728463561643836,0.0,13,6,1.0,0.0,0.0,0,2400
central-balanced-c97p49-r9p5-single-mode-per-order,single-mode-per-order,0.095,fixed,12,feasible-heuristic,True,97268.5384887755,18111.88495,25.08563724885845,8.980081906392696,5.534246575342466,1.7397260273972603,0.4592835616438356,5.534246575342466,2.8380526027397264,0.0,11,5,1.0,0.0,0.0,0,2400
central-balanced-c97p49-r9p5-single-mode-per-order,single-mode-per-order,0.095,fixed,13,feasible-heuristic,True,94059.22458103749,17979.70875,24.276558755707764,8.87177711187215,5.328767123287672,1.63013698630137,0.45029068493150687,5.328767123287672,2.6668197260273976,0.0,10,5,1.0,0.0,0.0,0,2400
central-balanced-c97p49-r9p5-single-mode-per-order,single-mode-per-order,0.095,fixed,14,feasible-heuristic,True,94652.191530402,17965.0098,24.77431789954338,9.045474885844751,5.36986301369863,1.7534246575342465,0.4592835616438356,5.36986301369863,2.776408767123288,0.0,11,5,1.0,0.0,0.0,0,2400
central-balanced-c97p49-r9p5-single-mode-per-order,single-mode-per-order,0.095,fixed,15,feasible-heuristic,True,95102.937829302,17810.1198,24.894897214611873,9.024382420091328,5.397260273972603,1.8356164383561644,0.4708183561643836,5.397260273972603,2.7695594520547946,0.0,12,5,1.0,0.0,0.0,0,2400
central-balanced-c97p49-r9p5-single-mode-per-order,single-mode-per-order,0.095,fixed,16,feasible-heuristic,True,94466.306683857,18019.7893,24.8281044063927,9.02608276255708,5.410958904109589,1.7945205479452055,0.4708183561643836,5.410958904109589,2.7147649315068496,0.0,12,5,1.0,0.0,0.0,0,2400
central-balanced-c97p49-r9p5-single-mode-per-order,single-mode-per-order,0.095,fixed,17,feasible-heuristic,True,95759.50274417899,18079.8071,24.429734863013696,8.959022260273972,5.315068493150685,1.7397260273972603,0.46827643835616445,5.315068493150685,2.632573150684932,0.0,12,5,1.0,0.0,0.0,0,2400
central-balanced-c97p49-r9p5-single-mode-per-order,single-mode-per-order,0.095,fixed,18,feasible-heuristic,True,95128.278260293,18149.545700000002,24.448794497716897,8.925430936073061,5.342465753424658,1.6986301369863013,0.4592835616438356,5.342465753424658,2.680518356164384,0.0,11,5,1.0,0.0,0.0,0,2400
central-balanced-c97p49-r9p5-single-mode-per-order,single-mode-per-order,0.095,fixed,19,feasible-heuristic,True,96887.84372558798,17996.641200000002,25.934863059360737,8.989124429223748,5.684931506849315,2.0684931506849313,0.48439835616438354,5.684931506849315,3.0229841095890415,0.0,13,6,1.0,0.0,0.0,0,2400
central-balanced-c97p49-r9p5-single-mode-per-order,single-mode-per-order,0.095,fixed,20,feasible-heuristic,True,94911.61838937548,18069.324950000002,25.23456135844749,9.228287385844752,5.424657534246576,1.8630136986301369,0.46959123287671234,5.424657534246576,2.82435397260274,0.0,12,5,1.0,0.0,0.0,0,2400
central-balanced-c97p49-r9p5-single-mode-per-order,single-mode-per-order,0.095,fixed,21,feasible-heuristic,True,95328.47593242649,18034.044850000002,24.835859828767127,8.999591609589045,5.410958904109589,1.8082191780821917,0.4708183561643836,5.410958904109589,2.735312876712329,0.0,12,5,1.0,0.0,0.0,0,2400
central-balanced-c97p49-r9p5-single-mode-per-order,single-mode-per-order,0.095,fixed,22,feasible-heuristic,True,94149.5958022655,18040.28595,24.14027994292238,8.9593821347032,5.219178082191781,1.6849315068493151,0.4592835616438356,5.219178082191781,2.598326575342466,0.0,11,5,1.0,0.0,0.0,0,2400
central-balanced-c97p49-r9p5-single-mode-per-order,single-mode-per-order,0.095,fixed,23,feasible-heuristic,True,97083.1263206045,17881.677050000002,25.673710422374434,9.043438641552514,5.602739726027397,2.041095890410959,0.49084931506849316,5.602739726027397,2.8928471232876714,0.0,14,6,1.0,0.0,0.0,0,2400
central-balanced-c97p49-r9p5-single-mode-per-order,single-mode-per-order,0.095,fixed,24,feasible-heuristic,True,97137.61258729448,17874.75805,24.950103847031965,8.963130422374432,5.4520547945205475,1.7397260273972603,0.45029068493150687,5.4520547945205475,2.8928471232876714,0.0,10,5,1.0,0.0,0.0,0,2400
central-balanced-c97p49-r9p5-single-mode-per-order,single-mode-per-order,0.095,fixed,25,feasible-heuristic,True,96195.20261753399,18090.0966,25.22586328767123,8.995705479452058,5.5479452054794525,1.7945205479452055,0.4605983561643836,5.5479452054794525,2.879148493150685,0.0,11,5,1.0,0.0,0.0,0,2400
central-balanced-c97p49-r9p5-single-mode-per-order,single-mode-per-order,0.095,fixed,26,feasible-heuristic,True,96115.48837268847,17929.56865,25.391992248858454,9.042025399543384,5.5479452054794525,1.8767123287671232,0.4708183561643836,5.5479452054794525,2.9065457534246577,0.0,12,5,1.0,0.0,0.0,0,2400
central-balanced-c97p49-r9p5-single-mode-per-order,single-mode-per-order,0.095,fixed,27,feasible-heuristic,True,95922.06902580649,17941.706850000002,25.219511107305934,9.113955764840185,5.493150684931507,1.7808219178082192,0.4592835616438356,5.493150684931507,2.879148493150685,0.0,11,5,1.0,0.0,0.0,0,2400
central-balanced-c97p49-r9p5-single-mode-per-order,single-mode-per-order,0.095,fixed,28,feasible-heuristic,True,97268.87135918248,18084.26925,25.300338458904115,8.93319434931507,5.561643835616438,1.8356164383561644,0.4605983561643836,5.561643835616438,2.9476416438356168,0.0,11,5,1.0,0.0,0.0,0,2400
central-balanced-c97p49-r9p5-single-mode-per-order,single-mode-per-order,0.095,fixed,29,feasible-heuristic,True,94180.76653546099,18120.728900000002,24.205771666666667,8.922134132420092,5.287671232876712,1.6575342465753424,0.4592835616438356,5.287671232876712,2.591477260273973,0.0,11,5,1.0,0.0,0.0,0,2400
central-balanced-c97p49-r9p5-single-mode-per-order,single-mode-per-order,0.095,adaptive,0,feasible-heuristic,True,94204.82151809649,17847.227850000003,24.488653801369868,8.965290239726029,5.3561643835616435,1.6849315068493151,0.4592835616438356,5.3561643835616435,2.6668197260273976,0.0,11,5,1.0,0.0,0.0,0,2400
central-balanced-c97p49-r9p5-single-mode-per-order,single-mode-per-order,0.095,adaptive,1,feasible-heuristic,True,97047.312499123,18101.4127,25.172248242009132,8.993514269406395,5.493150684931507,1.8630136986301369,0.4708183561643836,5.493150684931507,2.8586005479452057,0.0,12,5,1.0,0.0,0.0,0,2400
central-balanced-c97p49-r9p5-single-mode-per-order,single-mode-per-order,0.095,adaptive,2,feasible-heuristic,True,95626.766363666,18019.283400000004,24.826750867579907,8.941621004566212,5.424657534246576,1.8493150684931507,0.4785841095890411,5.424657534246576,2.707915616438356,0.0,13,5,1.0,0.0,0.0,0,2400
central-balanced-c97p49-r9p5-single-mode-per-order,single-mode-per-order,0.095,adaptive,3,feasible-heuristic,True,95108.6635602965,18048.00785,24.198096221461192,8.835843892694065,5.287671232876712,1.726027397260274,0.4625558904109589,5.287671232876712,2.598326575342466,0.0,11,6,1.0,0.0,0.0,0,2400
central-balanced-c97p49-r9p5-single-mode-per-order,single-mode-per-order,0.095,adaptive,4,feasible-heuristic,True,93483.72215229449,18058.25805,24.36383160958904,8.955591609589044,5.301369863013699,1.7123287671232876,0.4605983561643836,5.301369863013699,2.632573150684932,0.0,11,5,1.0,0.0,0.0,0,2400
central-balanced-c97p49-r9p5-single-mode-per-order,single-mode-per-order,0.095,adaptive,5,feasible-heuristic,True,95449.55579393248,18042.04425,24.888951792237446,9.00831535388128,5.383561643835616,1.8904109589041096,0.47409068493150686,5.383561643835616,2.7490115068493153,0.0,12,6,1.0,0.0,0.0,0,2400
central-balanced-c97p49-r9p5-single-mode-per-order,single-mode-per-order,0.095,adaptive,6,feasible-heuristic,True,95856.19577773899,18042.951100000002,25.38395974885845,9.048938926940641,5.534246575342466,1.9726027397260273,0.490118904109589,5.534246575342466,2.8038060273972603,0.0,14,5,1.0,0.0,0.0,0,2400
central-balanced-c97p49-r9p5-single-mode-per-order,single-mode-per-order,0.095,adaptive,7,feasible-heuristic,True,99211.555771339,18146.0911,25.729776552511417,8.885742579908678,5.684931506849315,1.9726027397260273,0.4785841095890411,5.684931506849315,3.0229841095890415,0.0,13,5,1.0,0.0,0.0,0,2400
central-balanced-c97p49-r9p5-single-mode-per-order,single-mode-per-order,0.095,adaptive,8,feasible-heuristic,True,96532.2773665105,17616.236450000004,25.794671563926943,9.094679509132423,5.63013698630137,2.041095890410959,0.4920764383561644,5.63013698630137,2.9065457534246577,0.0,14,6,1.0,0.0,0.0,0,2400
central-balanced-c97p49-r9p5-single-mode-per-order,single-mode-per-order,0.095,adaptive,9,feasible-heuristic,True,95118.90070200048,18012.43745,25.329118687214617,9.02578224885845,5.506849315068493,1.917808219178082,0.4721331506849315,5.506849315068493,2.8996964383561648,0.0,12,5,1.0,0.0,0.0,0,2400
central-balanced-c97p49-r9p5-single-mode-per-order,single-mode-per-order,0.095,adaptive,10,feasible-heuristic,True,96359.21732995899,17690.7291,24.79495888127854,8.963376141552514,5.424657534246576,1.7397260273972603,0.4592835616438356,5.424657534246576,2.783258082191781,0.0,11,5,1.0,0.0,0.0,0,2400
central-balanced-c97p49-r9p5-single-mode-per-order,single-mode-per-order,0.095,adaptive,11,feasible-heuristic,True,94292.871718567,17936.5683,24.338289063926943,9.002000570776259,5.273972602739726,1.6575342465753424,0.45029068493150687,5.273972602739726,2.680518356164384,0.0,10,5,1.0,0.0,0.0,0,2400
central-balanced-c97p49-r9p5-single-mode-per-order,single-mode-per-order,0.095,adaptive,12,feasible-heuristic,True,98537.04399346998,18087.403000000002,26.372441826484017,9.124504566210048,5.767123287671233,2.1232876712328768,0.4920764383561644,5.767123287671233,3.098326575342466,0.0,14,6,1.0,0.0,0.0,0,2400
central-balanced-c97p49-r9p5-single-mode-per-order,single-mode-per-order,0.095,adaptive,13,feasible-heuristic,True,95447.70478617198,17933.682800000002,24.95309132420092,8.98106392694064,5.4520547945205475,1.821917808219178,0.46959123287671234,5.4520547945205475,2.776408767123288,0.0,12,5,1.0,0.0,0.0,0,2400
central-balanced-c97p49-r9p5-single-mode-per-order,single-mode-per-order,0.095,adaptive,14,feasible-heuristic,True,94582.6263962205,18063.515450000003,24.550192294520553,8.90099914383562,5.342465753424658,1.7671232876712328,0.4618254794520548,5.342465753424658,2.735312876712329,0.0,11,5,1.0,0.0,0.0,0,2400
central-balanced-c97p49-r9p5-single-mode-per-order,single-mode-per-order,0.095,adaptive,15,feasible-heuristic,True,94078.44908610299,18089.7147,24.2615847260274,9.02803595890411,5.219178082191781,1.6712328767123288,0.45029068493150687,5.219178082191781,2.6736690410958905,0.0,10,5,1.0,0.0,0.0,0,2400
central-balanced-c97p49-r9p5-single-mode-per-order,single-mode-per-order,0.095,adaptive,16,feasible-heuristic,True,97283.5485720375,18140.608750000003,24.82451309360731,8.893553367579912,5.424657534246576,1.7534246575342465,0.44222219178082195,5.424657534246576,2.8859978082191784,0.0,11,5,1.0,0.0,0.0,0,2400
central-balanced-c97p49-r9p5-single-mode-per-order,single-mode-per-order,0.095,adaptive,17,feasible-heuristic,True,94148.11731032151,18139.880350000003,24.36188355022831,8.95966409817352,5.315068493150685,1.7123287671232876,0.46827643835616434,5.315068493150685,2.591477260273973,0.0,12,5,1.0,0.0,0.0,0,2400
central-balanced-c97p49-r9p5-single-mode-per-order,single-mode-per-order,0.095,adaptive,18,feasible-heuristic,True,96018.919947333,18056.8417,24.77903906392694,9.029668378995437,5.383561643835616,1.8356164383561644,0.47981123287671235,5.383561643835616,2.6668197260273976,0.0,13,5,1.0,0.0,0.0,0,2400
central-balanced-c97p49-r9p5-single-mode-per-order,single-mode-per-order,0.095,adaptive,19,feasible-heuristic,True,93020.16831243047,18014.644450000003,23.99716549086758,8.866356449771692,5.2465753424657535,1.6027397260273972,0.45029068493150687,5.2465753424657535,2.5846279452054794,0.0,10,5,1.0,0.0,0.0,0,2400
central-balanced-c97p49-r9p5-single-mode-per-order,single-mode-per-order,0.095,adaptive,20,feasible-heuristic,True,96601.7621663165,18152.905850000003,24.8764774543379,8.972943207762558,5.36986301369863,1.8767123287671232,0.46959123287671234,5.36986301369863,2.8175046575342466,0.0,12,5,1.0,0.0,0.0,0,2400
central-balanced-c97p49-r9p5-single-mode-per-order,single-mode-per-order,0.095,adaptive,21,feasible-heuristic,True,96439.99901818649,18076.96885,25.638612796803653,9.080292522831053,5.575342465753424,1.9863013698630136,0.4805416438356165,5.575342465753424,2.9407923287671234,0.0,13,6,1.0,0.0,0.0,0,2400
central-balanced-c97p49-r9p5-single-mode-per-order,single-mode-per-order,0.095,adaptive,22,feasible-heuristic,True,94740.620010489,17980.926100000004,24.438171484018273,8.862156963470321,5.3561643835616435,1.6712328767123288,0.45029068493150687,5.3561643835616435,2.7421621917808223,0.0,10,5,1.0,0.0,0.0,0,2400
central-balanced-c97p49-r9p5-single-mode-per-order,single-mode-per-order,0.095,adaptive,23,feasible-heuristic,True,93638.82613865448,18098.62205,24.09802165525114,8.898719463470322,5.260273972602739,1.6164383561643836,0.45029068493150687,5.260273972602739,2.612025205479452,0.0,10,5,1.0,0.0,0.0,0,2400
central-balanced-c97p49-r9p5-single-mode-per-order,single-mode-per-order,0.095,adaptive,24,feasible-heuristic,True,94179.38656989447,18083.998050000002,24.847777180365302,9.008634988584477,5.397260273972603,1.8767123287671232,0.4805416438356165,5.397260273972603,2.687367671232877,0.0,13,6,1.0,0.0,0.0,0,2400
central-balanced-c97p49-r9p5-single-mode-per-order,single-mode-per-order,0.095,adaptive,25,feasible-heuristic,True,94086.81889507799,18094.442200000005,24.629824200913248,9.034509132420094,5.328767123287672,1.7945205479452055,0.46959123287671234,5.328767123287672,2.6736690410958905,0.0,12,5,1.0,0.0,0.0,0,2400
central-balanced-c97p49-r9p5-single-mode-per-order,single-mode-per-order,0.095,adaptive,26,feasible-heuristic,True,95419.222784946,18054.1554,25.308577397260276,9.040071917808222,5.575342465753424,1.8356164383561644,0.47154876712328764,5.575342465753424,2.8106553424657537,0.0,12,6,1.0,0.0,0.0,0,2400
central-balanced-c97p49-r9p5-single-mode-per-order,single-mode-per-order,0.095,adaptive,27,feasible-heuristic,True,96248.02912996599,18080.153399999992,24.802506529680368,9.055259132420094,5.397260273972603,1.6986301369863013,0.45029068493150687,5.397260273972603,2.8038060273972603,0.0,10,5,1.0,0.0,0.0,0,2400
central-balanced-c97p49-r9p5-single-mode-per-order,single-mode-per-order,0.095,adaptive,28,feasible-heuristic,True,94470.28430021,17942.729000000003,24.38929164383562,8.96866780821918,5.287671232876712,1.7123287671232876,0.4592835616438356,5.287671232876712,2.6736690410958905,0.0,11,5,1.0,0.0,0.0,0,2400
central-balanced-c97p49-r9p5-single-mode-per-order,single-mode-per-order,0.095,adaptive,29,feasible-heuristic,True,98084.8205814025,18087.547250000003,25.685143299086764,8.93250028538813,5.684931506849315,1.9726027397260273,0.48308356164383565,5.684931506849315,2.927093698630137,0.0,13,6,1.0,0.0,0.0,0,2400
central-balanced-c97p49-r9p5-single-mode-per-order,single-mode-per-order,0.095,catastrophe,0,feasible-heuristic,True,96132.4882586535,18101.34715,24.8337125913242,9.002129851598175,5.383561643835616,1.7808219178082192,0.4592835616438356,5.383561643835616,2.82435397260274,0.0,11,5,1.0,0.0,0.0,0,2400
central-balanced-c97p49-r9p5-single-mode-per-order,single-mode-per-order,0.095,catastrophe,1,feasible-heuristic,True,96546.0332103735,18084.175150000003,25.745368481735163,9.045376426940642,5.602739726027397,2.0684931506849313,0.4920764383561644,5.602739726027397,2.9339430136986304,0.0,14,6,1.0,0.0,0.0,0,2400
central-balanced-c97p49-r9p5-single-mode-per-order,single-mode-per-order,0.095,catastrophe,2,feasible-heuristic,True,94486.39556675697,17988.999300000003,24.526391529680364,9.071521118721463,5.287671232876712,1.726027397260274,0.4592835616438356,5.287671232876712,2.69421698630137,0.0,11,5,1.0,0.0,0.0,0,2400
central-balanced-c97p49-r9p5-single-mode-per-order,single-mode-per-order,0.095,catastrophe,3,feasible-heuristic,True,96767.278510978,18110.3522,25.043264246575344,8.929565068493154,5.438356164383562,1.9452054794520548,0.48112602739726035,5.438356164383562,2.8106553424657537,0.0,13,5,1.0,0.0,0.0,0,2400
central-balanced-c97p49-r9p5-single-mode-per-order,single-mode-per-order,0.095,catastrophe,4,feasible-heuristic,True,95163.0366638235,17952.580150000005,25.24195122146119,9.121588755707766,5.438356164383562,1.9315068493150684,0.47409068493150686,5.438356164383562,2.8380526027397264,0.0,12,6,1.0,0.0,0.0,0,2400
central-balanced-c97p49-r9p5-single-mode-per-order,single-mode-per-order,0.095,catastrophe,5,feasible-heuristic,True,93558.66754594549,18110.417950000003,23.93628281963471,8.820419805936075,5.205479452054795,1.726027397260274,0.46959123287671234,5.205479452054795,2.509285479452055,0.0,12,5,1.0,0.0,0.0,0,2400
central-balanced-c97p49-r9p5-single-mode-per-order,single-mode-per-order,0.095,catastrophe,6,feasible-heuristic,True,95389.202076654,18089.6846,24.789372694063932,8.957789954337905,5.438356164383562,1.726027397260274,0.4592835616438356,5.438356164383562,2.7695594520547946,0.0,11,5,1.0,0.0,0.0,0,2400
central-balanced-c97p49-r9p5-single-mode-per-order,single-mode-per-order,0.095,catastrophe,7,feasible-heuristic,True,94103.71832172999,18053.577,24.24797598173516,8.925406392694066,5.260273972602739,1.7534246575342465,0.4708183561643836,5.260273972602739,2.5777786301369865,0.0,12,5,1.0,0.0,0.0,0,2400
central-balanced-c97p49-r9p5-single-mode-per-order,single-mode-per-order,0.095,catastrophe,8,feasible-heuristic,True,96477.93800364599,18064.7854,24.497806118721464,8.811057077625573,5.36986301369863,1.7534246575342465,0.41718958904109593,5.36986301369863,2.776408767123288,0.0,11,4,1.0,0.0,0.0,0,2400
central-balanced-c97p49-r9p5-single-mode-per-order,single-mode-per-order,0.095,catastrophe,9,feasible-heuristic,True,94636.905777116,18036.688400000003,24.475665570776254,8.90793378995434,5.342465753424658,1.7534246575342465,0.4625558904109589,5.342465753424658,2.6668197260273976,0.0,11,6,1.0,0.0,0.0,0,2400
central-balanced-c97p49-r9p5-single-mode-per-order,single-mode-per-order,0.095,catastrophe,10,feasible-heuristic,True,93999.24512742298,17976.0827,24.62879075342466,8.945351027397264,5.410958904109589,1.7123287671232876,0.4618254794520548,5.410958904109589,2.687367671232877,0.0,11,5,1.0,0.0,0.0,0,2400
central-balanced-c97p49-r9p5-single-mode-per-order,single-mode-per-order,0.095,catastrophe,11,feasible-heuristic,True,95912.4517887905,18061.008450000005,25.087316815068498,8.985358732876714,5.493150684931507,1.904109589041096,0.48308356164383565,5.493150684931507,2.728463561643836,0.0,13,6,1.0,0.0,0.0,0,2400
central-balanced-c97p49-r9p5-single-mode-per-order,single-mode-per-order,0.095,catastrophe,12,feasible-heuristic,True,97268.5384887755,18111.88495,25.08563724885845,8.980081906392696,5.534246575342466,1.7397260273972603,0.4592835616438356,5.534246575342466,2.8380526027397264,0.0,11,5,1.0,0.0,0.0,0,2400
central-balanced-c97p49-r9p5-single-mode-per-order,single-mode-per-order,0.095,catastrophe,13,feasible-heuristic,True,94059.22458103749,17979.70875,24.276558755707764,8.87177711187215,5.328767123287672,1.63013698630137,0.45029068493150687,5.328767123287672,2.6668197260273976,0.0,10,5,1.0,0.0,0.0,0,2400
central-balanced-c97p49-r9p5-single-mode-per-order,single-mode-per-order,0.095,catastrophe,14,feasible-heuristic,True,94652.191530402,17965.0098,24.77431789954338,9.045474885844751,5.36986301369863,1.7534246575342465,0.4592835616438356,5.36986301369863,2.776408767123288,0.0,11,5,1.0,0.0,0.0,0,2400
central-balanced-c97p49-r9p5-single-mode-per-order,single-mode-per-order,0.095,catastrophe,15,feasible-heuristic,True,95102.937829302,17810.1198,24.894897214611873,9.024382420091328,5.397260273972603,1.8356164383561644,0.4708183561643836,5.397260273972603,2.7695594520547946,0.0,12,5,1.0,0.0,0.0,0,2400
central-balanced-c97p49-r9p5-single-mode-per-order,single-mode-per-order,0.095,catastrophe,16,feasible-heuristic,True,94466.306683857,18019.7893,24.8281044063927,9.02608276255708,5.410958904109589,1.7945205479452055,0.4708183561643836,5.410958904109589,2.7147649315068496,0.0,12,5,1.0,0.0,0.0,0,2400
central-balanced-c97p49-r9p5-single-mode-per-order,single-mode-per-order,0.095,catastrophe,17,feasible-heuristic,True,95759.50274417899,18079.8071,24.429734863013696,8.959022260273972,5.315068493150685,1.7397260273972603,0.46827643835616445,5.315068493150685,2.632573150684932,0.0,12,5,1.0,0.0,0.0,0,2400
central-balanced-c97p49-r9p5-single-mode-per-order,single-mode-per-order,0.095,catastrophe,18,feasible-heuristic,True,95128.278260293,18149.545700000002,24.448794497716897,8.925430936073061,5.342465753424658,1.6986301369863013,0.4592835616438356,5.342465753424658,2.680518356164384,0.0,11,5,1.0,0.0,0.0,0,2400
central-balanced-c97p49-r9p5-single-mode-per-order,single-mode-per-order,0.095,catastrophe,19,feasible-heuristic,True,96887.84372558798,17996.641200000002,25.934863059360737,8.989124429223748,5.684931506849315,2.0684931506849313,0.48439835616438354,5.684931506849315,3.0229841095890415,0.0,13,6,1.0,0.0,0.0,0,2400
central-balanced-c97p49-r9p5-single-mode-per-order,single-mode-per-order,0.095,catastrophe,20,feasible-heuristic,True,94911.61838937548,18069.324950000002,25.23456135844749,9.228287385844752,5.424657534246576,1.8630136986301369,0.46959123287671234,5.424657534246576,2.82435397260274,0.0,12,5,1.0,0.0,0.0,0,2400
central-balanced-c97p49-r9p5-single-mode-per-order,single-mode-per-order,0.095,catastrophe,21,feasible-heuristic,True,95328.47593242649,18034.044850000002,24.835859828767127,8.999591609589045,5.410958904109589,1.8082191780821917,0.4708183561643836,5.410958904109589,2.735312876712329,0.0,12,5,1.0,0.0,0.0,0,2400
central-balanced-c97p49-r9p5-single-mode-per-order,single-mode-per-order,0.095,catastrophe,22,feasible-heuristic,True,94149.5958022655,18040.28595,24.14027994292238,8.9593821347032,5.219178082191781,1.6849315068493151,0.4592835616438356,5.219178082191781,2.598326575342466,0.0,11,5,1.0,0.0,0.0,0,2400
central-balanced-c97p49-r9p5-single-mode-per-order,single-mode-per-order,0.095,catastrophe,23,feasible-heuristic,True,97083.1263206045,17881.677050000002,25.673710422374434,9.043438641552514,5.602739726027397,2.041095890410959,0.49084931506849316,5.602739726027397,2.8928471232876714,0.0,14,6,1.0,0.0,0.0,0,2400
central-balanced-c97p49-r9p5-single-mode-per-order,single-mode-per-order,0.095,catastrophe,24,feasible-heuristic,True,97137.61258729448,17874.75805,24.950103847031965,8.963130422374432,5.4520547945205475,1.7397260273972603,0.45029068493150687,5.4520547945205475,2.8928471232876714,0.0,10,5,1.0,0.0,0.0,0,2400
central-balanced-c97p49-r9p5-single-mode-per-order,single-mode-per-order,0.095,catastrophe,25,feasible-heuristic,True,96195.20261753399,18090.0966,25.22586328767123,8.995705479452058,5.5479452054794525,1.7945205479452055,0.4605983561643836,5.5479452054794525,2.879148493150685,0.0,11,5,1.0,0.0,0.0,0,2400
central-balanced-c97p49-r9p5-single-mode-per-order,single-mode-per-order,0.095,catastrophe,26,feasible-heuristic,True,96115.48837268847,17929.56865,25.391992248858454,9.042025399543384,5.5479452054794525,1.8767123287671232,0.4708183561643836,5.5479452054794525,2.9065457534246577,0.0,12,5,1.0,0.0,0.0,0,2400
central-balanced-c97p49-r9p5-single-mode-per-order,single-mode-per-order,0.095,catastrophe,27,feasible-heuristic,True,95922.06902580649,17941.706850000002,25.219511107305934,9.113955764840185,5.493150684931507,1.7808219178082192,0.4592835616438356,5.493150684931507,2.879148493150685,0.0,11,5,1.0,0.0,0.0,0,2400
central-balanced-c97p49-r9p5-single-mode-per-order,single-mode-per-order,0.095,catastrophe,28,feasible-heuristic,True,97268.87135918248,18084.26925,25.300338458904115,8.93319434931507,5.561643835616438,1.8356164383561644,0.4605983561643836,5.561643835616438,2.9476416438356168,0.0,11,5,1.0,0.0,0.0,0,2400
central-balanced-c97p49-r9p5-single-mode-per-order,single-mode-per-order,0.095,catastrophe,29,feasible-heuristic,True,94180.76653546099,18120.728900000002,24.205771666666667,8.922134132420092,5.287671232876712,1.6575342465753424,0.4592835616438356,5.287671232876712,2.591477260273973,0.0,11,5,1.0,0.0,0.0,0,2400
central-balanced-c97p49-r9p5-single-mode-per-order,single-mode-per-order,0.095,combined,0,feasible-heuristic,True,97914.87376585048,17884.802450000003,26.528219463470325,9.252698915525118,5.726027397260274,2.191780821917808,0.4991117808219178,5.726027397260274,3.132573150684932,0.0,15,5,1.0,0.0,0.0,0,2400
central-balanced-c97p49-r9p5-single-mode-per-order,single-mode-per-order,0.095,combined,1,feasible-heuristic,True,93889.507717809,18018.1941,23.700323310502288,8.843486872146121,5.123287671232877,1.6164383561643836,0.45029068493150687,5.123287671232877,2.543532054794521,0.0,10,5,1.0,0.0,0.0,0,2400
central-balanced-c97p49-r9p5-single-mode-per-order,single-mode-per-order,0.095,combined,2,feasible-heuristic,True,93568.89678066998,18113.682999999997,23.788921506849317,8.860133561643837,5.1506849315068495,1.6712328767123288,0.4605983561643836,5.1506849315068495,2.495586849315069,0.0,11,5,1.0,0.0,0.0,0,2400
central-balanced-c97p49-r9p5-single-mode-per-order,single-mode-per-order,0.095,combined,3,feasible-heuristic,True,95962.26675178698,18091.2463,25.123682123287672,8.931368150684934,5.52054794520548,1.9315068493150684,0.48439835616438354,5.52054794520548,2.735312876712329,0.0,13,6,1.0,0.0,0.0,0,2400
central-balanced-c97p49-r9p5-single-mode-per-order,single-mode-per-order,0.095,combined,4,feasible-heuristic,True,95395.28013268448,17917.469050000003,25.319073299086764,9.037599600456623,5.5479452054794525,1.8493150684931507,0.4708183561643836,5.5479452054794525,2.8654498630136986,0.0,12,5,1.0,0.0,0.0,0,2400
central-balanced-c97p49-r9p5-single-mode-per-order,single-mode-per-order,0.095,combined,5,feasible-heuristic,True,96277.28805601198,18150.198800000006,24.805037945205484,8.957613013698634,5.383561643835616,1.821917808219178,0.46827643835616434,5.383561643835616,2.7901073972602743,0.0,12,5,1.0,0.0,0.0,0,2400
central-balanced-c97p49-r9p5-single-mode-per-order,single-mode-per-order,0.095,combined,6,feasible-heuristic,True,95178.654543516,18152.5484,24.122748538812786,8.820706621004568,5.301369863013699,1.6164383561643836,0.45029068493150687,5.301369863013699,2.632573150684932,0.0,10,5,1.0,0.0,0.0,0,2400
central-balanced-c97p49-r9p5-single-mode-per-order,single-mode-per-order,0.095,combined,7,feasible-heuristic,True,93382.2264805675,18105.505750000004,24.47873514840183,9.008022545662103,5.315068493150685,1.7397260273972603,0.46827643835616434,5.315068493150685,2.632573150684932,0.0,12,5,1.0,0.0,0.0,0,2400
central-balanced-c97p49-r9p5-single-mode-per-order,single-mode-per-order,0.095,combined,8,feasible-heuristic,True,97355.9212553515,18003.627350000002,25.537384372146125,8.981938070776257,5.602739726027397,1.904109589041096,0.4708183561643836,5.602739726027397,2.975038904109589,0.0,12,5,1.0,0.0,0.0,0,2400
central-balanced-c97p49-r9p5-single-mode-per-order,single-mode-per-order,0.095,combined,9,feasible-heuristic,True,95256.92537898198,17997.151800000003,24.989907214611872,9.035057077625574,5.424657534246576,1.8767123287671232,0.47981123287671235,5.424657534246576,2.7490115068493153,0.0,13,5,1.0,0.0,0.0,0,2400
central-balanced-c97p49-r9p5-single-mode-per-order,single-mode-per-order,0.095,combined,10,feasible-heuristic,True,94952.89171293199,18140.0068,24.521692328767127,8.998328767123292,5.36986301369863,1.6712328767123288,0.4592835616438356,5.36986301369863,2.6531210958904112,0.0,11,5,1.0,0.0,0.0,0,2400
central-balanced-c97p49-r9p5-single-mode-per-order,single-mode-per-order,0.095,combined,11,feasible-heuristic,True,93741.0191806875,18135.99375,24.46252711187215,8.935705194063928,5.342465753424658,1.7534246575342465,0.46959123287671234,5.342465753424658,2.6188745205479456,0.0,12,5,1.0,0.0,0.0,0,2400
central-balanced-c97p49-r9p5-single-mode-per-order,single-mode-per-order,0.095,combined,12,feasible-heuristic,True,94451.39681382802,18043.8172,24.186276301369862,8.858270547945208,5.273972602739726,1.726027397260274,0.4625558904109589,5.273972602739726,2.591477260273973,0.0,11,6,1.0,0.0,0.0,0,2400
central-balanced-c97p49-r9p5-single-mode-per-order,single-mode-per-order,0.095,combined,13,feasible-heuristic,True,99901.2012519025,18145.49725,25.88054622146119,8.90298430365297,5.684931506849315,1.9726027397260273,0.46827643835616445,5.684931506849315,3.1668197260273976,0.0,12,5,1.0,0.0,0.0,0,2400
central-balanced-c97p49-r9p5-single-mode-per-order,single-mode-per-order,0.095,combined,14,feasible-heuristic,True,93529.00333105051,18100.782450000002,23.258763664383565,8.847132705479455,4.986301369863014,1.5753424657534247,0.45029068493150687,4.986301369863014,2.413395068493151,0.0,10,5,1.0,0.0,0.0,0,2400
central-balanced-c97p49-r9p5-single-mode-per-order,single-mode-per-order,0.095,combined,15,feasible-heuristic,True,96078.09394763598,18030.136400000003,24.195351004566213,8.730507990867581,5.315068493150685,1.6849315068493151,0.40761232876712333,5.315068493150685,2.7421621917808223,0.0,10,5,1.0,0.0,0.0,0,2400
central-balanced-c97p49-r9p5-single-mode-per-order,single-mode-per-order,0.095,combined,16,feasible-heuristic,True,94016.07568983849,18114.10365,24.822611563926944,8.982884988584479,5.410958904109589,1.8630136986301369,0.48112602739726024,5.410958904109589,2.6736690410958905,0.0,13,5,1.0,0.0,0.0,0,2400
central-balanced-c97p49-r9p5-single-mode-per-order,single-mode-per-order,0.095,combined,17,feasible-heuristic,True,92949.6088299715,17921.665350000003,23.49355304794521,8.842196061643838,5.068493150684931,1.5890410958904109,0.45029068493150687,5.068493150684931,2.475038904109589,0.0,10,5,1.0,0.0,0.0,0,2400
central-balanced-c97p49-r9p5-single-mode-per-order,single-mode-per-order,0.095,combined,18,feasible-heuristic,True,96568.34441436348,18016.026149999998,24.987783047945207,8.961877568493154,5.465753424657534,1.7945205479452055,0.4618254794520548,5.465753424657534,2.8380526027397264,0.0,11,5,1.0,0.0,0.0,0,2400
central-balanced-c97p49-r9p5-single-mode-per-order,single-mode-per-order,0.095,combined,19,feasible-heuristic,True,94650.78420182949,18002.92955,24.195075605022833,8.842944920091325,5.301369863013699,1.6712328767123288,0.4592835616438356,5.301369863013699,2.6188745205479456,0.0,11,5,1.0,0.0,0.0,0,2400
central-balanced-c97p49-r9p5-single-mode-per-order,single-mode-per-order,0.095,combined,20,feasible-heuristic,True,96638.08163561799,17931.3882,25.280508812785396,9.011418949771691,5.534246575342466,1.8767123287671232,0.4721331506849315,5.534246575342466,2.8517512328767127,0.0,12,5,1.0,0.0,0.0,0,2400
central-balanced-c97p49-r9p5-single-mode-per-order,single-mode-per-order,0.095,combined,21,feasible-heuristic,True,98709.66944478698,18109.4463,25.18711207762557,8.981630707762559,5.438356164383562,1.7808219178082192,0.4496205479452055,5.438356164383562,3.098326575342466,0.0,10,6,1.0,0.0,0.0,0,2400
central-balanced-c97p49-r9p5-single-mode-per-order,single-mode-per-order,0.095,combined,22,feasible-heuristic,True,96587.499949272,18107.3728,25.169121552511417,8.986929223744296,5.47945205479452,1.9315068493150684,0.48112602739726024,5.47945205479452,2.8106553424657537,0.0,13,5,1.0,0.0,0.0,0,2400
central-balanced-c97p49-r9p5-single-mode-per-order,single-mode-per-order,0.095,combined,23,feasible-heuristic,True,97304.69731894498,18110.4805,25.381447739726024,9.049885273972606,5.506849315068493,1.9452054794520548,0.47981123287671235,5.506849315068493,2.8928471232876714,0.0,13,5,1.0,0.0,0.0,0,2400
central-balanced-c97p49-r9p5-single-mode-per-order,single-mode-per-order,0.095,combined,24,feasible-heuristic,True,95107.73270292749,18072.26975,24.999600171232878,8.993326198630138,5.493150684931507,1.7945205479452055,0.46959123287671234,5.493150684931507,2.7558608219178082,0.0,12,5,1.0,0.0,0.0,0,2400
central-balanced-c97p49-r9p5-single-mode-per-order,single-mode-per-order,0.095,combined,25,feasible-heuristic,True,95721.919004881,18054.286900000006,25.52999006849315,9.08210787671233,5.52054794520548,2.0684931506849313,0.49339123287671227,5.52054794520548,2.8449019178082193,0.0,14,6,1.0,0.0,0.0,0,2400
central-balanced-c97p49-r9p5-single-mode-per-order,single-mode-per-order,0.095,combined,26,feasible-heuristic,True,93636.7383762235,18056.34015,24.42302021689498,8.929217751141556,5.287671232876712,1.7945205479452055,0.4708183561643836,5.287671232876712,2.6531210958904112,0.0,12,5,1.0,0.0,0.0,0,2400
central-balanced-c97p49-r9p5-single-mode-per-order,single-mode-per-order,0.095,combined,27,feasible-heuristic,True,98264.667100056,18132.894399999997,25.54081246575343,8.971647260273976,5.657534246575342,1.7671232876712328,0.45029068493150687,5.657534246575342,3.0366827397260274,0.0,10,5,1.0,0.0,0.0,0,2400
central-balanced-c97p49-r9p5-single-mode-per-order,single-mode-per-order,0.095,combined,28,feasible-heuristic,True,97145.47530094598,18067.555399999997,25.514178721461192,9.052577625570779,5.561643835616438,1.9452054794520548,0.47286356164383564,5.561643835616438,2.920244383561644,0.0,12,6,1.0,0.0,0.0,0,2400
central-balanced-c97p49-r9p5-single-mode-per-order,single-mode-per-order,0.095,combined,29,feasible-heuristic,True,96819.53150068749,17898.99375,24.990254463470322,8.94164925799087,5.438356164383562,1.8356164383561644,0.47767589041095887,5.438356164383562,2.8586005479452057,0.0,13,5,1.0,0.0,0.0,0,2400
central-balanced-c97p49-r9p5-single-mode-per-order,single-mode-per-order,0.095,hybrid-seeded,0,feasible-heuristic,True,97914.87376585048,17884.802450000003,26.528219463470325,9.252698915525118,5.726027397260274,2.191780821917808,0.4991117808219178,5.726027397260274,3.132573150684932,0.0,15,5,1.0,0.0,0.0,0,2400
central-balanced-c97p49-r9p5-single-mode-per-order,single-mode-per-order,0.095,hybrid-seeded,1,feasible-heuristic,True,93889.507717809,18018.1941,23.700323310502288,8.843486872146121,5.123287671232877,1.6164383561643836,0.45029068493150687,5.123287671232877,2.543532054794521,0.0,10,5,1.0,0.0,0.0,0,2400
central-balanced-c97p49-r9p5-single-mode-per-order,single-mode-per-order,0.095,hybrid-seeded,2,feasible-heuristic,True,93568.89678066998,18113.682999999997,23.788921506849317,8.860133561643837,5.1506849315068495,1.6712328767123288,0.4605983561643836,5.1506849315068495,2.495586849315069,0.0,11,5,1.0,0.0,0.0,0,2400
central-balanced-c97p49-r9p5-single-mode-per-order,single-mode-per-order,0.095,hybrid-seeded,3,feasible-heuristic,True,95962.26675178698,18091.2463,25.123682123287672,8.931368150684934,5.52054794520548,1.9315068493150684,0.48439835616438354,5.52054794520548,2.735312876712329,0.0,13,6,1.0,0.0,0.0,0,2400
central-balanced-c97p49-r9p5-single-mode-per-order,single-mode-per-order,0.095,hybrid-seeded,4,feasible-heuristic,True,95395.28013268448,17917.469050000003,25.319073299086764,9.037599600456623,5.5479452054794525,1.8493150684931507,0.4708183561643836,5.5479452054794525,2.8654498630136986,0.0,12,5,1.0,0.0,0.0,0,2400
central-balanced-c97p49-r9p5-single-mode-per-order,single-mode-per-order,0.095,hybrid-seeded,5,feasible-heuristic,True,96277.28805601198,18150.198800000006,24.805037945205484,8.957613013698634,5.383561643835616,1.821917808219178,0.46827643835616434,5.383561643835616,2.7901073972602743,0.0,12,5,1.0,0.0,0.0,0,2400
central-balanced-c97p49-r9p5-single-mode-per-order,single-mode-per-order,0.095,hybrid-seeded,6,feasible-heuristic,True,95178.654543516,18152.5484,24.122748538812786,8.820706621004568,5.301369863013699,1.6164383561643836,0.45029068493150687,5.301369863013699,2.632573150684932,0.0,10,5,1.0,0.0,0.0,0,2400
central-balanced-c97p49-r9p5-single-mode-per-order,single-mode-per-order,0.095,hybrid-seeded,7,feasible-heuristic,True,93382.2264805675,18105.505750000004,24.47873514840183,9.008022545662103,5.315068493150685,1.7397260273972603,0.46827643835616434,5.315068493150685,2.632573150684932,0.0,12,5,1.0,0.0,0.0,0,2400
central-balanced-c97p49-r9p5-single-mode-per-order,single-mode-per-order,0.095,hybrid-seeded,8,feasible-heuristic,True,97355.9212553515,18003.627350000002,25.537384372146125,8.981938070776257,5.602739726027397,1.904109589041096,0.4708183561643836,5.602739726027397,2.975038904109589,0.0,12,5,1.0,0.0,0.0,0,2400
central-balanced-c97p49-r9p5-single-mode-per-order,single-mode-per-order,0.095,hybrid-seeded,9,feasible-heuristic,True,95256.92537898198,17997.151800000003,24.989907214611872,9.035057077625574,5.424657534246576,1.8767123287671232,0.47981123287671235,5.424657534246576,2.7490115068493153,0.0,13,5,1.0,0.0,0.0,0,2400
central-balanced-c97p49-r9p5-single-mode-per-order,single-mode-per-order,0.095,hybrid-seeded,10,feasible-heuristic,True,94952.89171293199,18140.0068,24.521692328767127,8.998328767123292,5.36986301369863,1.6712328767123288,0.4592835616438356,5.36986301369863,2.6531210958904112,0.0,11,5,1.0,0.0,0.0,0,2400
central-balanced-c97p49-r9p5-single-mode-per-order,single-mode-per-order,0.095,hybrid-seeded,11,feasible-heuristic,True,93741.0191806875,18135.99375,24.46252711187215,8.935705194063928,5.342465753424658,1.7534246575342465,0.46959123287671234,5.342465753424658,2.6188745205479456,0.0,12,5,1.0,0.0,0.0,0,2400
central-balanced-c97p49-r9p5-single-mode-per-order,single-mode-per-order,0.095,hybrid-seeded,12,feasible-heuristic,True,94451.39681382802,18043.8172,24.186276301369862,8.858270547945208,5.273972602739726,1.726027397260274,0.4625558904109589,5.273972602739726,2.591477260273973,0.0,11,6,1.0,0.0,0.0,0,2400
central-balanced-c97p49-r9p5-single-mode-per-order,single-mode-per-order,0.095,hybrid-seeded,13,feasible-heuristic,True,99901.2012519025,18145.49725,25.88054622146119,8.90298430365297,5.684931506849315,1.9726027397260273,0.46827643835616445,5.684931506849315,3.1668197260273976,0.0,12,5,1.0,0.0,0.0,0,2400
central-balanced-c97p49-r9p5-single-mode-per-order,single-mode-per-order,0.095,hybrid-seeded,14,feasible-heuristic,True,93529.00333105051,18100.782450000002,23.258763664383565,8.847132705479455,4.986301369863014,1.5753424657534247,0.45029068493150687,4.986301369863014,2.413395068493151,0.0,10,5,1.0,0.0,0.0,0,2400
central-balanced-c97p49-r9p5-single-mode-per-order,single-mode-per-order,0.095,hybrid-seeded,15,feasible-heuristic,True,96078.09394763598,18030.136400000003,24.195351004566213,8.730507990867581,5.315068493150685,1.6849315068493151,0.40761232876712333,5.315068493150685,2.7421621917808223,0.0,10,5,1.0,0.0,0.0,0,2400
central-balanced-c97p49-r9p5-single-mode-per-order,single-mode-per-order,0.095,hybrid-seeded,16,feasible-heuristic,True,94016.07568983849,18114.10365,24.822611563926944,8.982884988584479,5.410958904109589,1.8630136986301369,0.48112602739726024,5.410958904109589,2.6736690410958905,0.0,13,5,1.0,0.0,0.0,0,2400
central-balanced-c97p49-r9p5-single-mode-per-order,single-mode-per-order,0.095,hybrid-seeded,17,feasible-heuristic,True,92949.6088299715,17921.665350000003,23.49355304794521,8.842196061643838,5.068493150684931,1.5890410958904109,0.45029068493150687,5.068493150684931,2.475038904109589,0.0,10,5,1.0,0.0,0.0,0,2400
central-balanced-c97p49-r9p5-single-mode-per-order,single-mode-per-order,0.095,hybrid-seeded,18,feasible-heuristic,True,96568.34441436348,18016.026149999998,24.987783047945207,8.961877568493154,5.465753424657534,1.7945205479452055,0.4618254794520548,5.465753424657534,2.8380526027397264,0.0,11,5,1.0,0.0,0.0,0,2400
central-balanced-c97p49-r9p5-single-mode-per-order,single-mode-per-order,0.095,hybrid-seeded,19,feasible-heuristic,True,94650.78420182949,18002.92955,24.195075605022833,8.842944920091325,5.301369863013699,1.6712328767123288,0.4592835616438356,5.301369863013699,2.6188745205479456,0.0,11,5,1.0,0.0,0.0,0,2400
central-balanced-c97p49-r9p5-single-mode-per-order,single-mode-per-order,0.095,hybrid-seeded,20,feasible-heuristic,True,96638.08163561799,17931.3882,25.280508812785396,9.011418949771691,5.534246575342466,1.8767123287671232,0.4721331506849315,5.534246575342466,2.8517512328767127,0.0,12,5,1.0,0.0,0.0,0,2400
central-balanced-c97p49-r9p5-single-mode-per-order,single-mode-per-order,0.095,hybrid-seeded,21,feasible-heuristic,True,98709.66944478698,18109.4463,25.18711207762557,8.981630707762559,5.438356164383562,1.7808219178082192,0.4496205479452055,5.438356164383562,3.098326575342466,0.0,10,6,1.0,0.0,0.0,0,2400
central-balanced-c97p49-r9p5-single-mode-per-order,single-mode-per-order,0.095,hybrid-seeded,22,feasible-heuristic,True,96587.499949272,18107.3728,25.169121552511417,8.986929223744296,5.47945205479452,1.9315068493150684,0.48112602739726024,5.47945205479452,2.8106553424657537,0.0,13,5,1.0,0.0,0.0,0,2400
central-balanced-c97p49-r9p5-single-mode-per-order,single-mode-per-order,0.095,hybrid-seeded,23,feasible-heuristic,True,97304.69731894498,18110.4805,25.381447739726024,9.049885273972606,5.506849315068493,1.9452054794520548,0.47981123287671235,5.506849315068493,2.8928471232876714,0.0,13,5,1.0,0.0,0.0,0,2400
central-balanced-c97p49-r9p5-single-mode-per-order,single-mode-per-order,0.095,hybrid-seeded,24,feasible-heuristic,True,95107.73270292749,18072.26975,24.999600171232878,8.993326198630138,5.493150684931507,1.7945205479452055,0.46959123287671234,5.493150684931507,2.7558608219178082,0.0,12,5,1.0,0.0,0.0,0,2400
central-balanced-c97p49-r9p5-single-mode-per-order,single-mode-per-order,0.095,hybrid-seeded,25,feasible-heuristic,True,95721.919004881,18054.286900000006,25.52999006849315,9.08210787671233,5.52054794520548,2.0684931506849313,0.49339123287671227,5.52054794520548,2.8449019178082193,0.0,14,6,1.0,0.0,0.0,0,2400
central-balanced-c97p49-r9p5-single-mode-per-order,single-mode-per-order,0.095,hybrid-seeded,26,feasible-heuristic,True,93636.7383762235,18056.34015,24.42302021689498,8.929217751141556,5.287671232876712,1.7945205479452055,0.4708183561643836,5.287671232876712,2.6531210958904112,0.0,12,5,1.0,0.0,0.0,0,2400
central-balanced-c97p49-r9p5-single-mode-per-order,single-mode-per-order,0.095,hybrid-seeded,27,feasible-heuristic,True,98264.667100056,18132.894399999997,25.54081246575343,8.971647260273976,5.657534246575342,1.7671232876712328,0.45029068493150687,5.657534246575342,3.0366827397260274,0.0,10,5,1.0,0.0,0.0,0,2400
central-balanced-c97p49-r9p5-single-mode-per-order,single-mode-per-order,0.095,hybrid-seeded,28,feasible-heuristic,True,97145.47530094598,18067.555399999997,25.514178721461192,9.052577625570779,5.561643835616438,1.9452054794520548,0.47286356164383564,5.561643835616438,2.920244383561644,0.0,12,6,1.0,0.0,0.0,0,2400
central-balanced-c97p49-r9p5-single-mode-per-order,single-mode-per-order,0.095,hybrid-seeded,29,feasible-heuristic,True,96819.53150068749,17898.99375,24.990254463470322,8.94164925799087,5.438356164383562,1.8356164383561644,0.47767589041095887,5.438356164383562,2.8586005479452057,0.0,13,5,1.0,0.0,0.0,0,2400
central-balanced-c97p49-r20p0-single-mode-per-order,single-mode-per-order,0.2,fixed,0,feasible-heuristic,True,107132.19427495048,15951.392450000003,30.919240102739728,9.822077910958907,6.712328767123288,2.7534246575342465,0.5125342465753424,6.712328767123288,4.406545753424658,0.0,16,6,1.0,0.0,0.0,0,2400
central-balanced-c97p49-r20p0-single-mode-per-order,single-mode-per-order,0.2,fixed,1,feasible-heuristic,True,106696.40333019248,16027.41825,30.265258276255718,9.702066495433792,6.616438356164384,2.6164383561643834,0.4991117808219178,6.616438356164384,4.214764931506849,0.0,15,5,1.0,0.0,0.0,0,2400
central-balanced-c97p49-r20p0-single-mode-per-order,single-mode-per-order,0.2,fixed,2,feasible-heuristic,True,107335.1912349615,16003.416350000001,30.50509053652968,9.657804509132424,6.671232876712328,2.712328767123288,0.5023841095890411,6.671232876712328,4.290107397260274,0.0,15,6,1.0,0.0,0.0,0,2400
central-balanced-c97p49-r20p0-single-mode-per-order,single-mode-per-order,0.2,fixed,3,feasible-heuristic,True,105938.97711264998,16019.985,30.05724228310503,9.734783105022833,6.506849315068493,2.6301369863013697,0.5118038356164384,6.506849315068493,4.166819726027398,0.0,16,5,1.0,0.0,0.0,0,2400
central-balanced-c97p49-r20p0-single-mode-per-order,single-mode-per-order,0.2,fixed,4,feasible-heuristic,True,111552.1203993615,15996.97635,31.524220490867584,9.724888984018266,6.835616438356165,2.9178082191780823,0.5366213698630138,6.835616438356165,4.6736690410958905,0.0,18,6,1.0,0.0,0.0,0,2400
central-balanced-c97p49-r20p0-single-mode-per-order,single-mode-per-order,0.2,fixed,5,feasible-heuristic,True,108777.32768016499,15967.358500000002,30.934989794520547,9.6767448630137,6.780821917808219,2.767123287671233,0.502384109589041,6.780821917808219,4.427093698630137,0.0,15,6,1.0,0.0,0.0,0,2400
central-balanced-c97p49-r20p0-single-mode-per-order,single-mode-per-order,0.2,fixed,6,feasible-heuristic,True,109722.21677992499,16043.8825,30.955610890410963,9.788559931506851,6.657534246575342,2.808219178082192,0.5276284931506849,6.657534246575342,4.516134794520548,0.0,17,6,1.0,0.0,0.0,0,2400
central-balanced-c97p49-r20p0-single-mode-per-order,single-mode-per-order,0.2,fixed,7,feasible-heuristic,True,108806.0961045555,16019.806950000004,30.754218481735165,9.792646974885848,6.602739726027397,2.780821917808219,0.5276284931506849,6.602739726027397,4.447641643835617,0.0,17,6,1.0,0.0,0.0,0,2400
central-balanced-c97p49-r20p0-single-mode-per-order,single-mode-per-order,0.2,fixed,8,feasible-heuristic,True,108863.17933154799,16025.045200000002,31.09345127853881,9.716624429223748,6.808219178082192,2.8219178082191783,0.5113769863013699,6.808219178082192,4.427093698630137,0.0,16,6,1.0,0.0,0.0,0,2400
central-balanced-c97p49-r20p0-single-mode-per-order,single-mode-per-order,0.2,fixed,9,feasible-heuristic,True,109802.468048433,15991.7317,31.09843294520548,9.812419520547948,6.712328767123288,2.7945205479452055,0.530152602739726,6.712328767123288,4.536682739726028,0.0,16,7,1.0,0.0,0.0,0,2400
central-balanced-c97p49-r20p0-single-mode-per-order,single-mode-per-order,0.2,fixed,10,feasible-heuristic,True,108266.97045350599,16046.2994,30.063230000000008,9.463229452054795,6.63013698630137,2.547945205479452,0.48112602739726024,6.63013698630137,4.310655342465753,0.0,13,5,1.0,0.0,0.0,0,2400
central-balanced-c97p49-r20p0-single-mode-per-order,single-mode-per-order,0.2,fixed,11,feasible-heuristic,True,103376.9690586455,15989.147950000002,29.648429303652975,9.709958618721465,6.424657534246576,2.6301369863013697,0.5113769863013699,6.424657534246576,3.9476416438356168,0.0,16,6,1.0,0.0,0.0,0,2400
central-balanced-c97p49-r20p0-single-mode-per-order,single-mode-per-order,0.2,fixed,12,feasible-heuristic,True,106756.42875241498,16031.3835,30.512860525114153,9.718225456621008,6.6438356164383565,2.7534246575342465,0.5113769863013699,6.6438356164383565,4.242162191780822,0.0,16,6,1.0,0.0,0.0,0,2400
central-balanced-c97p49-r20p0-single-mode-per-order,single-mode-per-order,0.2,fixed,13,feasible-heuristic,True,115393.67519412751,16013.149749999999,32.614171404109584,9.701141267123292,7.1506849315068495,3.0136986301369864,0.5133336986301369,7.1506849315068495,5.0846279452054794,0.0,16,6,1.0,0.0,0.0,0,2400
central-balanced-c97p49-r20p0-single-mode-per-order,single-mode-per-order,0.2,fixed,14,feasible-heuristic,True,105712.80811493349,16002.71915,29.999246289954343,9.675780536529683,6.5479452054794525,2.589041095890411,0.4991117808219178,6.5479452054794525,4.139422465753425,0.0,15,5,1.0,0.0,0.0,0,2400
central-balanced-c97p49-r20p0-single-mode-per-order,single-mode-per-order,0.2,fixed,15,feasible-heuristic,True,106746.0179532565,16027.711850000002,30.38998891552512,9.758414668949776,6.561643835616438,2.73972602739726,0.5195490410958904,6.561643835616438,4.249011506849315,0.0,17,6,1.0,0.0,0.0,0,2400
central-balanced-c97p49-r20p0-single-mode-per-order,single-mode-per-order,0.2,fixed,16,feasible-heuristic,True,110523.122330379,16028.6871,30.790554543379006,9.468281392694065,6.794520547945205,2.7260273972602738,0.504768493150685,6.794520547945205,4.502436164383562,0.0,15,6,1.0,0.0,0.0,0,2400
central-balanced-c97p49-r20p0-single-mode-per-order,single-mode-per-order,0.2,fixed,17,feasible-heuristic,True,110986.44994013848,16041.573650000002,31.35023864155251,9.66263042237443,6.917808219178082,2.767123287671233,0.4933912328767124,6.917808219178082,4.591477260273972,0.0,14,6,1.0,0.0,0.0,0,2400
central-balanced-c97p49-r20p0-single-mode-per-order,single-mode-per-order,0.2,fixed,18,feasible-heuristic,True,110557.89599932497,16006.942500000001,31.067576187214605,9.629815639269406,6.835616438356165,2.712328767123288,0.4901189041095891,6.835616438356165,4.564080000000001,0.0,14,5,1.0,0.0,0.0,0,2400
central-balanced-c97p49-r20p0-single-mode-per-order,single-mode-per-order,0.2,fixed,19,feasible-heuristic,True,107844.72213494549,15959.017950000001,30.39074400684932,9.553579623287671,6.684931506849315,2.6575342465753424,0.4991117808219178,6.684931506849315,4.310655342465753,0.0,15,5,1.0,0.0,0.0,0,2400
central-balanced-c97p49-r20p0-single-mode-per-order,single-mode-per-order,0.2,fixed,20,feasible-heuristic,True,108617.596022656,16005.6344,30.27155534246576,9.629171232876715,6.561643835616438,2.6164383561643834,0.5166602739726027,6.561643835616438,4.385997808219178,0.0,15,6,1.0,0.0,0.0,0,2400
central-balanced-c97p49-r20p0-single-mode-per-order,single-mode-per-order,0.2,fixed,21,feasible-heuristic,True,112741.63463665299,16033.409699999998,31.764013173515977,9.778418378995436,6.876712328767123,2.9178082191780823,0.5242545205479452,6.876712328767123,4.790107397260274,0.0,17,6,1.0,0.0,0.0,0,2400
central-balanced-c97p49-r20p0-single-mode-per-order,single-mode-per-order,0.2,fixed,22,feasible-heuristic,True,105738.27723269498,16030.355500000001,29.49478568493151,9.568559931506849,6.438356164383562,2.452054794520548,0.4785841095890411,6.438356164383562,4.118874520547945,0.0,13,5,1.0,0.0,0.0,0,2400
central-balanced-c97p49-r20p0-single-mode-per-order,single-mode-per-order,0.2,fixed,23,feasible-heuristic,True,107759.20843419901,16023.8051,30.876877922374433,9.809276826484023,6.698630136986301,2.808219178082192,0.5240690410958904,6.698630136986301,4.338052602739726,0.0,17,6,1.0,0.0,0.0,0,2400
central-balanced-c97p49-r20p0-single-mode-per-order,single-mode-per-order,0.2,fixed,24,feasible-heuristic,True,113649.5966073905,16034.14845,32.002928732876704,9.708142979452056,7.0,2.9452054794520546,0.5252263013698629,7.0,4.82435397260274,0.0,16,7,1.0,0.0,0.0,0,2400
central-balanced-c97p49-r20p0-single-mode-per-order,single-mode-per-order,0.2,fixed,25,feasible-heuristic,True,107732.29400662449,16033.575050000003,30.574483527397263,9.608615582191783,6.698630136986301,2.767123287671233,0.5113769863013699,6.698630136986301,4.290107397260274,0.0,16,6,1.0,0.0,0.0,0,2400
central-balanced-c97p49-r20p0-single-mode-per-order,single-mode-per-order,0.2,fixed,26,feasible-heuristic,True,107221.869735096,16040.3904,30.494075981735165,9.715283105022834,6.657534246575342,2.6986301369863015,0.5023841095890411,6.657534246575342,4.262710136986302,0.0,15,6,1.0,0.0,0.0,0,2400
central-balanced-c97p49-r20p0-single-mode-per-order,single-mode-per-order,0.2,fixed,27,feasible-heuristic,True,110283.554084701,16041.804900000001,31.035054269406405,9.58817865296804,6.835616438356165,2.7534246575342465,0.5060832876712329,6.835616438356165,4.516134794520548,0.0,15,6,1.0,0.0,0.0,0,2400
central-balanced-c97p49-r20p0-single-mode-per-order,single-mode-per-order,0.2,fixed,28,feasible-heuristic,True,109470.201512658,16017.184200000002,30.974497488584486,9.614519406392697,6.794520547945205,2.7945205479452055,0.5150761643835616,6.794520547945205,4.461340273972603,0.0,16,6,1.0,0.0,0.0,0,2400
central-balanced-c97p49-r20p0-single-mode-per-order,single-mode-per-order,0.2,fixed,29,feasible-heuristic,True,113599.681687038,16029.246200000001,31.31704200913242,9.584584474885846,6.808219178082192,2.780821917808219,0.5108432876712329,6.808219178082192,4.82435397260274,0.0,16,5,1.0,0.0,0.0,0,2400
central-balanced-c97p49-r20p0-single-mode-per-order,single-mode-per-order,0.2,adaptive,0,feasible-heuristic,True,110172.00135214251,16031.473250000001,31.505714942922374,9.688147545662103,6.917808219178082,2.835616438356164,0.5137613698630137,6.917808219178082,4.632573150684932,0.0,16,6,1.0,0.0,0.0,0,2400
central-balanced-c97p49-r20p0-single-mode-per-order,single-mode-per-order,0.2,adaptive,1,feasible-heuristic,True,106570.254530301,16017.2449,29.731320844748865,9.645603310502286,6.4520547945205475,2.5205479452054793,0.4805416438356164,6.4520547945205475,4.1805183561643835,0.0,13,6,1.0,0.0,0.0,0,2400
central-balanced-c97p49-r20p0-single-mode-per-order,single-mode-per-order,0.2,adaptive,2,feasible-heuristic,True,108007.85896992551,16030.019949999998,29.99708770547946,9.75210359589041,6.397260273972603,2.5753424657534247,0.5165205479452055,6.397260273972603,4.358600547945206,0.0,15,6,1.0,0.0,0.0,0,2400
central-balanced-c97p49-r20p0-single-mode-per-order,single-mode-per-order,0.2,adaptive,3,feasible-heuristic,True,110200.436544191,16030.605899999999,31.141773447488585,9.632425228310504,6.8493150684931505,2.780821917808219,0.5137613698630137,6.8493150684931505,4.516134794520548,0.0,16,6,1.0,0.0,0.0,0,2400
central-balanced-c97p49-r20p0-single-mode-per-order,single-mode-per-order,0.2,adaptive,4,feasible-heuristic,True,110635.5779176005,16040.877450000002,31.222290878995434,9.553087043378998,6.904109589041096,2.808219178082192,0.5023841095890411,6.904109589041096,4.550381369863014,0.0,15,6,1.0,0.0,0.0,0,2400
central-balanced-c97p49-r20p0-single-mode-per-order,single-mode-per-order,0.2,adaptive,5,feasible-heuristic,True,112369.2061510065,16044.18685,31.902325399543383,9.720429509132423,7.0,2.9178082191780823,0.5150761643835616,7.0,4.749011506849315,0.0,16,6,1.0,0.0,0.0,0,2400
central-balanced-c97p49-r20p0-single-mode-per-order,single-mode-per-order,0.2,adaptive,6,feasible-heuristic,True,108543.38775783799,16042.166200000001,31.477944429223736,9.792898401826488,6.904109589041096,2.8493150684931505,0.5113769863013699,6.904109589041096,4.516134794520548,0.0,16,6,1.0,0.0,0.0,0,2400
central-balanced-c97p49-r20p0-single-mode-per-order,single-mode-per-order,0.2,adaptive,7,feasible-heuristic,True,108089.63742271399,16041.5786,30.38898744292238,9.551823059360734,6.684931506849315,2.6575342465753424,0.4991117808219178,6.684931506849315,4.310655342465753,0.0,15,5,1.0,0.0,0.0,0,2400
central-balanced-c97p49-r20p0-single-mode-per-order,single-mode-per-order,0.2,adaptive,8,feasible-heuristic,True,115931.94951853,15818.897,32.87259278538812,9.860607305936073,7.123287671232877,3.0821917808219177,0.5369465753424657,7.123287671232877,5.146271780821918,0.0,17,7,1.0,0.0,0.0,0,2400
central-balanced-c97p49-r20p0-single-mode-per-order,single-mode-per-order,0.2,adaptive,9,feasible-heuristic,True,105633.518380218,16044.428200000002,29.95338273972603,9.740390410958907,6.4520547945205475,2.643835616438356,0.5187753424657534,6.4520547945205475,4.146271780821918,0.0,15,7,1.0,0.0,0.0,0,2400
central-balanced-c97p49-r20p0-single-mode-per-order,single-mode-per-order,0.2,adaptive,10,feasible-heuristic,True,106351.68970630749,16036.43175,30.039631312785392,9.6762622716895,6.52054794520548,2.6164383561643834,0.504768493150685,6.52054794520548,4.201066301369863,0.0,15,6,1.0,0.0,0.0,0,2400
central-balanced-c97p49-r20p0-single-mode-per-order,single-mode-per-order,0.2,adaptive,11,feasible-heuristic,True,107192.07481407,16010.343,30.43659849315068,9.744154109589044,6.589041095890411,2.6986301369863015,0.5187753424657534,6.589041095890411,4.296956712328767,0.0,15,7,1.0,0.0,0.0,0,2400
central-balanced-c97p49-r20p0-single-mode-per-order,single-mode-per-order,0.2,adaptive,12,feasible-heuristic,True,106695.1164190005,16040.737450000002,30.194341609589046,9.66539640410959,6.589041095890411,2.6301369863013697,0.4991117808219178,6.589041095890411,4.221614246575343,0.0,15,5,1.0,0.0,0.0,0,2400
central-balanced-c97p49-r20p0-single-mode-per-order,single-mode-per-order,0.2,adaptive,13,feasible-heuristic,True,103700.07213322098,16014.952900000002,29.757392488584482,9.716182077625575,6.465753424657534,2.6301369863013697,0.5113769863013699,6.465753424657534,3.968189589041096,0.0,16,6,1.0,0.0,0.0,0,2400
central-balanced-c97p49-r20p0-single-mode-per-order,single-mode-per-order,0.2,adaptive,14,feasible-heuristic,True,108851.190017675,16006.3575,30.990505502283106,9.613678652968039,6.835616438356165,2.7945205479452055,0.5113769863013699,6.835616438356165,4.399696438356164,0.0,16,6,1.0,0.0,0.0,0,2400
central-balanced-c97p49-r20p0-single-mode-per-order,single-mode-per-order,0.2,adaptive,15,feasible-heuristic,True,109493.16800915249,16033.522250000002,30.887333299086762,9.759805079908679,6.698630136986301,2.7260273972602738,0.5155030136986302,6.698630136986301,4.488737534246575,0.0,15,6,1.0,0.0,0.0,0,2400
central-balanced-c97p49-r20p0-single-mode-per-order,single-mode-per-order,0.2,adaptive,16,feasible-heuristic,True,106106.81713569198,15944.230800000001,30.076280502283108,9.770670091324204,6.493150684931507,2.6027397260273974,0.5155030136986302,6.493150684931507,4.201066301369863,0.0,15,6,1.0,0.0,0.0,0,2400
central-balanced-c97p49-r20p0-single-mode-per-order,single-mode-per-order,0.2,adaptive,17,feasible-heuristic,True,105969.01053863249,16027.57425,30.00892037671234,9.685454623287676,6.534246575342466,2.6027397260273974,0.4991117808219178,6.534246575342466,4.153121095890411,0.0,15,5,1.0,0.0,0.0,0,2400
central-balanced-c97p49-r20p0-single-mode-per-order,single-mode-per-order,0.2,adaptive,18,feasible-heuristic,True,110674.84846565551,16006.196950000003,31.11736793378996,9.44816409817352,6.931506849315069,2.780821917808219,0.5023841095890411,6.931506849315069,4.522984109589041,0.0,15,6,1.0,0.0,0.0,0,2400
central-balanced-c97p49-r20p0-single-mode-per-order,single-mode-per-order,0.2,adaptive,19,feasible-heuristic,True,105799.41556618547,16041.89395,29.84808793378996,9.649931221461191,6.506849315068493,2.547945205479452,0.49709041095890405,6.506849315068493,4.139422465753425,0.0,14,6,1.0,0.0,0.0,0,2400
central-balanced-c97p49-r20p0-single-mode-per-order,single-mode-per-order,0.2,adaptive,20,feasible-heuristic,True,106696.45645778699,15938.1463,30.294984954337906,9.727363584474888,6.602739726027397,2.6164383561643834,0.5035413698630137,6.602739726027397,4.242162191780822,0.0,15,6,1.0,0.0,0.0,0,2400
central-balanced-c97p49-r20p0-single-mode-per-order,single-mode-per-order,0.2,adaptive,21,feasible-heuristic,True,112860.15562844352,16046.618149999998,32.067580810502285,9.783951769406393,7.013698630136986,2.9452054794520546,0.5277682191780823,7.013698630136986,4.783258082191781,0.0,16,7,1.0,0.0,0.0,0,2400
central-balanced-c97p49-r20p0-single-mode-per-order,single-mode-per-order,0.2,adaptive,22,feasible-heuristic,True,107788.1210493855,16023.573949999998,30.16834615296804,9.6025921803653,6.616438356164384,2.547945205479452,0.48112602739726024,6.616438356164384,4.30380602739726,0.0,13,5,1.0,0.0,0.0,0,2400
central-balanced-c97p49-r20p0-single-mode-per-order,single-mode-per-order,0.2,adaptive,23,feasible-heuristic,True,108536.188207081,15984.0669,30.583112260273978,9.587683219178084,6.712328767123288,2.712328767123288,0.4998421917808219,6.712328767123288,4.358600547945206,0.0,15,6,1.0,0.0,0.0,0,2400
central-balanced-c97p49-r20p0-single-mode-per-order,single-mode-per-order,0.2,adaptive,24,feasible-heuristic,True,105763.21899852999,16038.397000000003,30.318539178082194,9.72938356164384,6.616438356164384,2.6986301369863015,0.5113769863013699,6.616438356164384,4.146271780821918,0.0,16,6,1.0,0.0,0.0,0,2400
central-balanced-c97p49-r20p0-single-mode-per-order,single-mode-per-order,0.2,adaptive,25,feasible-heuristic,True,108734.2379337355,15966.38895,30.444545650684937,9.520483732876713,6.712328767123288,2.6301369863013697,0.490118904109589,6.712328767123288,4.379148493150685,0.0,14,5,1.0,0.0,0.0,0,2400
central-balanced-c97p49-r20p0-single-mode-per-order,single-mode-per-order,0.2,adaptive,26,feasible-heuristic,True,106519.2606758745,16035.40005,30.78507256849315,9.860149828767124,6.657534246575342,2.73972602739726,0.5252263013698629,6.657534246575342,4.34490191780822,0.0,16,7,1.0,0.0,0.0,0,2400
central-balanced-c97p49-r20p0-single-mode-per-order,single-mode-per-order,0.2,adaptive,27,feasible-heuristic,True,109330.58661238152,16036.174350000001,31.13746496575343,9.693151541095894,6.821917808219178,2.835616438356164,0.5240690410958904,6.821917808219178,4.440792328767124,0.0,17,6,1.0,0.0,0.0,0,2400
central-balanced-c97p49-r20p0-single-mode-per-order,single-mode-per-order,0.2,adaptive,28,feasible-heuristic,True,105487.7291211485,16041.222650000002,30.055884486301373,9.688050513698633,6.561643835616438,2.6301369863013697,0.5023841095890411,6.561643835616438,4.112025205479452,0.0,15,6,1.0,0.0,0.0,0,2400
central-balanced-c97p49-r20p0-single-mode-per-order,single-mode-per-order,0.2,adaptive,29,feasible-heuristic,True,105134.44272491899,16007.733100000001,29.679264315068497,9.62310787671233,6.465753424657534,2.547945205479452,0.4920764383561644,6.465753424657534,4.0846279452054794,0.0,14,6,1.0,0.0,0.0,0,2400
central-balanced-c97p49-r20p0-single-mode-per-order,single-mode-per-order,0.2,catastrophe,0,feasible-heuristic,True,107132.19427495048,15951.392450000003,30.919240102739728,9.822077910958907,6.712328767123288,2.7534246575342465,0.5125342465753424,6.712328767123288,4.406545753424658,0.0,16,6,1.0,0.0,0.0,0,2400
central-balanced-c97p49-r20p0-single-mode-per-order,single-mode-per-order,0.2,catastrophe,1,feasible-heuristic,True,106696.40333019248,16027.41825,30.265258276255718,9.702066495433792,6.616438356164384,2.6164383561643834,0.4991117808219178,6.616438356164384,4.214764931506849,0.0,15,5,1.0,0.0,0.0,0,2400
central-balanced-c97p49-r20p0-single-mode-per-order,single-mode-per-order,0.2,catastrophe,2,feasible-heuristic,True,107335.1912349615,16003.416350000001,30.50509053652968,9.657804509132424,6.671232876712328,2.712328767123288,0.5023841095890411,6.671232876712328,4.290107397260274,0.0,15,6,1.0,0.0,0.0,0,2400
central-balanced-c97p49-r20p0-single-mode-per-order,single-mode-per-order,0.2,catastrophe,3,feasible-heuristic,True,105938.97711264998,16019.985,30.05724228310503,9.734783105022833,6.506849315068493,2.6301369863013697,0.5118038356164384,6.506849315068493,4.166819726027398,0.0,16,5,1.0,0.0,0.0,1,2400
central-balanced-c97p49-r20p0-single-mode-per-order,single-mode-per-order,0.2,catastrophe,4,feasible-heuristic,True,112090.62552365399,16039.984600000002,31.70582579908676,9.735261415525116,6.904109589041096,2.9178082191780823,0.5366213698630138,6.904109589041096,4.707915616438356,0.0,18,6,1.0,0.0,0.0,1,2400
central-balanced-c97p49-r20p0-single-mode-per-order,single-mode-per-order,0.2,catastrophe,5,feasible-heuristic,True,108777.32768016499,15967.358500000002,30.934989794520547,9.6767448630137,6.780821917808219,2.767123287671233,0.502384109589041,6.780821917808219,4.427093698630137,0.0,15,6,1.0,0.0,0.0,0,2400
central-balanced-c97p49-r20p0-single-mode-per-order,single-mode-per-order,0.2,catastrophe,6,feasible-heuristic,True,109722.21677992499,16043.8825,30.955610890410963,9.788559931506851,6.657534246575342,2.808219178082192,0.5276284931506849,6.657534246575342,4.516134794520548,0.0,17,6,1.0,0.0,0.0,1,2400
central-balanced-c97p49-r20p0-single-mode-per-order,single-mode-per-order,0.2,catastrophe,7,feasible-heuristic,True,107026.94126030299,15919.7947,30.887348242009136,9.819747146118727,6.739726027397261,2.767123287671233,0.5240690410958904,6.739726027397261,4.296956712328767,0.0,17,6,1.0,0.0,0.0,2,2400
central-balanced-c97p49-r20p0-single-mode-per-order,single-mode-per-order,0.2,catastrophe,8,feasible-heuristic,True,108863.17933154799,16025.045200000002,31.09345127853881,9.716624429223748,6.808219178082192,2.8219178082191783,0.5113769863013699,6.808219178082192,4.427093698630137,0.0,16,6,1.0,0.0,0.0,2,2400
central-balanced-c97p49-r20p0-single-mode-per-order,single-mode-per-order,0.2,catastrophe,9,feasible-heuristic,True,109802.468048433,15991.7317,31.09843294520548,9.812419520547948,6.712328767123288,2.7945205479452055,0.530152602739726,6.712328767123288,4.536682739726028,0.0,16,7,1.0,0.0,0.0,0,2400
central-balanced-c97p49-r20p0-single-mode-per-order,single-mode-per-order,0.2,catastrophe,10,feasible-heuristic,True,108266.97045350599,16046.2994,30.063230000000008,9.463229452054795,6.63013698630137,2.547945205479452,0.48112602739726024,6.63013698630137,4.310655342465753,0.0,13,5,1.0,0.0,0.0,0,2400
central-balanced-c97p49-r20p0-single-mode-per-order,single-mode-per-order,0.2,catastrophe,11,feasible-heuristic,True,103376.9690586455,15989.147950000002,29.648429303652975,9.709958618721465,6.424657534246576,2.6301369863013697,0.5113769863013699,6.424657534246576,3.9476416438356168,0.0,16,6,1.0,0.0,0.0,0,2400
central-balanced-c97p49-r20p0-single-mode-per-order,single-mode-per-order,0.2,catastrophe,12,feasible-heuristic,True,106756.42875241498,16031.3835,30.512860525114153,9.718225456621008,6.6438356164383565,2.7534246575342465,0.5113769863013699,6.6438356164383565,4.242162191780822,0.0,16,6,1.0,0.0,0.0,0,2400
central-balanced-c97p49-r20p0-single-mode-per-order,single-mode-per-order,0.2,catastrophe,13,feasible-heuristic,True,115393.67519412751,16013.149749999999,32.614171404109584,9.701141267123292,7.1506849315068495,3.0136986301369864,0.5133336986301369,7.1506849315068495,5.0846279452054794,0.0,16,6,1.0,0.0,0.0,1,2400
central-balanced-c97p49-r20p0-single-mode-per-order,single-mode-per-order,0.2,catastrophe,14,feasible-heuristic,True,105712.80811493349,16002.71915,29.999246289954343,9.675780536529683,6.5479452054794525,2.589041095890411,0.4991117808219178,6.5479452054794525,4.139422465753425,0.0,15,5,1.0,0.0,0.0,0,2400
central-balanced-c97p49-r20p0-single-mode-per-order,single-mode-per-order,0.2,catastrophe,15,feasible-heuristic,True,106746.0179532565,16027.711850000002,30.38998891552512,9.758414668949776,6.561643835616438,2.73972602739726,0.5195490410958904,6.561643835616438,4.249011506849315,0.0,17,6,1.0,0.0,0.0,2,2400
central-balanced-c97p49-r20p0-single-mode-per-order,single-mode-per-order,0.2,catastrophe,16,feasible-heuristic,True,115082.614976778,16043.7722,31.104368630136992,9.19248287671233,6.958904109589041,2.671232876712329,0.45054547945205475,6.958904109589041,4.872299178082192,0.0,13,5,1.0,0.0,0.0,1,2400
central-balanced-c97p49-r20p0-single-mode-per-order,single-mode-per-order,0.2,catastrophe,17,feasible-heuristic,True,110986.44994013848,16041.573650000002,31.35023864155251,9.66263042237443,6.917808219178082,2.767123287671233,0.4933912328767124,6.917808219178082,4.591477260273972,0.0,14,6,1.0,0.0,0.0,0,2400
central-balanced-c97p49-r20p0-single-mode-per-order,single-mode-per-order,0.2,catastrophe,18,feasible-heuristic,True,110557.89599932497,16006.942500000001,31.067576187214605,9.629815639269406,6.835616438356165,2.712328767123288,0.4901189041095891,6.835616438356165,4.564080000000001,0.0,14,5,1.0,0.0,0.0,0,2400
central-balanced-c97p49-r20p0-single-mode-per-order,single-mode-per-order,0.2,catastrophe,19,feasible-heuristic,True,107844.72213494549,15959.017950000001,30.39074400684932,9.553579623287671,6.684931506849315,2.6575342465753424,0.4991117808219178,6.684931506849315,4.310655342465753,0.0,15,5,1.0,0.0,0.0,0,2400
central-balanced-c97p49-r20p0-single-mode-per-order,single-mode-per-order,0.2,catastrophe,20,feasible-heuristic,True,108617.596022656,16005.6344,30.27155534246576,9.629171232876715,6.561643835616438,2.6164383561643834,0.5166602739726027,6.561643835616438,4.385997808219178,0.0,15,6,1.0,0.0,0.0,0,2400
central-balanced-c97p49-r20p0-single-mode-per-order,single-mode-per-order,0.2,catastrophe,21,feasible-heuristic,True,112741.63463665299,16033.409699999998,31.764013173515977,9.778418378995436,6.876712328767123,2.9178082191780823,0.5242545205479452,6.876712328767123,4.790107397260274,0.0,17,6,1.0,0.0,0.0,0,2400
central-balanced-c97p49-r20p0-single-mode-per-order,single-mode-per-order,0.2,catastrophe,22,feasible-heuristic,True,105738.27723269498,16030.355500000001,29.49478568493151,9.568559931506849,6.438356164383562,2.452054794520548,0.4785841095890411,6.438356164383562,4.118874520547945,0.0,13,5,1.0,0.0,0.0,0,2400
central-balanced-c97p49-r20p0-single-mode-per-order,single-mode-per-order,0.2,catastrophe,23,feasible-heuristic,True,107759.20843419901,16023.8051,30.876877922374433,9.809276826484023,6.698630136986301,2.808219178082192,0.5240690410958904,6.698630136986301,4.338052602739726,0.0,17,6,1.0,0.0,0.0,0,2400
central-balanced-c97p49-r20p0-single-mode-per-order,single-mode-per-order,0.2,catastrophe,24,feasible-heuristic,True,113649.5966073905,16034.14845,32.002928732876704,9.708142979452056,7.0,2.9452054794520546,0.5252263013698629,7.0,4.82435397260274,0.0,16,7,1.0,0.0,0.0,0,2400
central-balanced-c97p49-r20p0-single-mode-per-order,single-mode-per-order,0.2,catastrophe,25,feasible-heuristic,True,107732.29400662449,16033.575050000003,30.574483527397263,9.608615582191783,6.698630136986301,2.767123287671233,0.5113769863013699,6.698630136986301,4.290107397260274,0.0,16,6,1.0,0.0,0.0,1,2400
central-balanced-c97p49-r20p0-single-mode-per-order,single-mode-per-order,0.2,catastrophe,26,feasible-heuristic,True,107221.869735096,16040.3904,30.494075981735165,9.715283105022834,6.657534246575342,2.6986301369863015,0.5023841095890411,6.657534246575342,4.262710136986302,0.0,15,6,1.0,0.0,0.0,0,2400
central-balanced-c97p49-r20p0-single-mode-per-order,single-mode-per-order,0.2,catastrophe,27,feasible-heuristic,True,110283.554084701,16041.804900000001,31.035054269406405,9.58817865296804,6.835616438356165,2.7534246575342465,0.5060832876712329,6.835616438356165,4.516134794520548,0.0,15,6,1.0,0.0,0.0,0,2400
central-balanced-c97p49-r20p0-single-mode-per-order,single-mode-per-order,0.2,catastrophe,28,feasible-heuristic,True,109470.201512658,16017.184200000002,30.974497488584486,9.614519406392697,6.794520547945205,2.7945205479452055,0.5150761643835616,6.794520547945205,4.461340273972603,0.0,16,6,1.0,0.0,0.0,1,2400
central-balanced-c97p49-r20p0-single-mode-per-order,single-mode-per-order,0.2,catastrophe,29,feasible-heuristic,True,113599.681687038,16029.246200000001,31.31704200913242,9.584584474885846,6.808219178082192,2.780821917808219,0.5108432876712329,6.808219178082192,4.82435397260274,0.0,16,5,1.0,0.0,0.0,0,2400
central-balanced-c97p49-r20p0-single-mode-per-order,single-mode-per-order,0.2,combined,0,feasible-heuristic,True,108902.02722427648,16031.109850000004,31.309287180365292,9.69273430365297,6.890410958904109,2.835616438356164,0.5113769863013699,6.890410958904109,4.488737534246575,0.0,16,6,1.0,0.0,0.0,2,2400
central-balanced-c97p49-r20p0-single-mode-per-order,single-mode-per-order,0.2,combined,1,feasible-heuristic,True,111857.83570714448,15931.523050000002,31.380094166666677,9.516539098173515,6.945205479452055,2.808219178082192,0.5118038356164384,6.945205479452055,4.653121095890411,0.0,16,5,1.0,0.0,0.0,0,2400
central-balanced-c97p49-r20p0-single-mode-per-order,single-mode-per-order,0.2,combined,2,feasible-heuristic,True,116207.9102481625,16042.371250000002,32.02240302511416,9.569630422374429,6.972602739726027,2.8767123287671232,0.5119802739726027,6.972602739726027,5.118874520547945,0.0,16,6,1.0,0.0,0.0,0,2400
central-balanced-c97p49-r20p0-single-mode-per-order,single-mode-per-order,0.2,combined,3,feasible-heuristic,True,110996.22452724751,16042.837749999999,31.2783425,9.626994006849317,6.863013698630137,2.808219178082192,0.5187753424657534,6.863013698630137,4.598326575342466,0.0,15,7,1.0,0.0,0.0,0,2400
central-balanced-c97p49-r20p0-single-mode-per-order,single-mode-per-order,0.2,combined,4,feasible-heuristic,True,105875.42442189399,16041.160600000005,30.104859086757997,9.668531963470322,6.561643835616438,2.6575342465753424,0.502384109589041,6.561643835616438,4.153121095890411,0.0,15,6,1.0,0.0,0.0,1,2400
central-balanced-c97p49-r20p0-single-mode-per-order,single-mode-per-order,0.2,combined,5,feasible-heuristic,True,107193.87827759949,15999.602550000001,30.477034600456623,9.698241723744296,6.6438356164383565,2.712328767123288,0.5023841095890411,6.6438356164383565,4.2764087671232875,0.0,15,6,1.0,0.0,0.0,0,2400
central-balanced-c97p49-r20p0-single-mode-per-order,single-mode-per-order,0.2,combined,6,feasible-heuristic,True,106851.1239775135,16030.961150000003,30.24404514840183,9.603245148401827,6.602739726027397,2.6986301369863015,0.5150761643835616,6.602739726027397,4.221614246575343,0.0,16,6,1.0,0.0,0.0,0,2400
central-balanced-c97p49-r20p0-single-mode-per-order,single-mode-per-order,0.2,combined,7,feasible-heuristic,True,110555.15189185701,15988.9893,31.10135641552512,9.72071175799087,6.794520547945205,2.712328767123288,0.5014961643835616,6.794520547945205,4.5777786301369865,0.0,15,5,1.0,0.0,0.0,1,2400
central-balanced-c97p49-r20p0-single-mode-per-order,single-mode-per-order,0.2,combined,8,feasible-heuristic,True,113244.011109524,16045.647600000004,31.767872602739732,9.640910958904112,6.972602739726027,2.8767123287671232,0.5149364383561643,6.972602739726027,4.790107397260274,0.0,16,6,1.0,0.0,0.0,1,2400
central-balanced-c97p49-r20p0-single-mode-per-order,single-mode-per-order,0.2,combined,9,feasible-heuristic,True,109349.82820389498,15973.235500000003,31.690115913242007,9.885938926940641,6.890410958904109,2.8767123287671232,0.5277682191780823,6.890410958904109,4.618874520547945,0.0,16,7,1.0,0.0,0.0,0,2400
central-balanced-c97p49-r20p0-single-mode-per-order,single-mode-per-order,0.2,combined,10,feasible-heuristic,True,108349.46981801599,16010.098400000003,30.485552511415523,9.545648401826487,6.712328767123288,2.671232876712329,0.4991117808219178,6.712328767123288,4.34490191780822,0.0,15,5,1.0,0.0,0.0,0,2400
central-balanced-c97p49-r20p0-single-mode-per-order,single-mode-per-order,0.2,combined,11,feasible-heuristic,True,115043.8299355645,15864.181050000001,32.78984521689497,9.859370148401826,7.178082191780822,3.0273972602739727,0.5239293150684932,7.178082191780822,5.022984109589041,0.0,17,6,1.0,0.0,0.0,1,2400
central-balanced-c97p49-r20p0-single-mode-per-order,single-mode-per-order,0.2,combined,12,feasible-heuristic,True,107194.56378609598,16020.2904,29.978701461187217,9.584180365296804,6.561643835616438,2.5342465753424657,0.48112602739726035,6.561643835616438,4.255860821917809,0.0,13,5,1.0,0.0,0.0,1,2400
central-balanced-c97p49-r20p0-single-mode-per-order,single-mode-per-order,0.2,combined,13,feasible-heuristic,True,107071.46432850849,16044.486649999999,30.101017591324204,9.823802796803658,6.397260273972603,2.6575342465753424,0.535052602739726,6.397260273972603,4.290107397260274,0.0,17,6,1.0,0.0,0.0,1,2400
central-balanced-c97p49-r20p0-single-mode-per-order,single-mode-per-order,0.2,combined,14,feasible-heuristic,True,103399.26013720251,16034.467250000003,29.590865947488588,9.720888413242013,6.397260273972603,2.6301369863013697,0.5113769863013699,6.397260273972603,3.9339430136986304,0.0,16,6,1.0,0.0,0.0,0,2400
central-balanced-c97p49-r20p0-single-mode-per-order,single-mode-per-order,0.2,combined,15,feasible-heuristic,True,104757.81442402098,15985.872900000002,29.586088561643844,9.633898972602742,6.438356164383562,2.5342465753424657,0.49084931506849316,6.438356164383562,4.050381369863014,0.0,14,6,1.0,0.0,0.0,1,2400
central-balanced-c97p49-r20p0-single-mode-per-order,single-mode-per-order,0.2,combined,16,feasible-heuristic,True,111718.35334283448,16042.70405,31.491140468036527,9.632299372146123,6.945205479452055,2.808219178082192,0.4933912328767124,6.945205479452055,4.666819726027398,0.0,14,6,1.0,0.0,0.0,1,2400
central-balanced-c97p49-r20p0-single-mode-per-order,single-mode-per-order,0.2,combined,17,feasible-heuristic,True,107762.269205672,16021.732800000002,30.51012648401827,9.644436073059364,6.698630136986301,2.6575342465753424,0.49339123287671227,6.698630136986301,4.317504657534247,0.0,14,6,1.0,0.0,0.0,0,2400
central-balanced-c97p49-r20p0-single-mode-per-order,single-mode-per-order,0.2,combined,18,feasible-heuristic,True,115842.16190070349,16040.892150000001,32.8450819063927,9.644903824200913,7.301369863013699,2.9863013698630136,0.4991117808219178,7.301369863013699,5.112025205479452,0.0,15,5,1.0,0.0,0.0,0,2400
central-balanced-c97p49-r20p0-single-mode-per-order,single-mode-per-order,0.2,combined,19,feasible-heuristic,True,112771.082289728,16008.727199999998,31.56326168949773,9.494227168949772,7.0,2.835616438356164,0.5118038356164384,7.0,4.721614246575343,0.0,16,5,1.0,0.0,0.0,0,2400
central-balanced-c97p49-r20p0-single-mode-per-order,single-mode-per-order,0.2,combined,20,feasible-heuristic,True,108179.5946899765,16027.039850000001,30.409860194063935,9.588648687214613,6.63013698630137,2.712328767123288,0.5105561643835617,6.63013698630137,4.338052602739726,0.0,16,6,1.0,0.0,0.0,0,2400
central-balanced-c97p49-r20p0-single-mode-per-order,single-mode-per-order,0.2,combined,21,feasible-heuristic,True,107191.7676693105,16045.956450000001,30.46929001141553,9.643866723744296,6.712328767123288,2.643835616438356,0.5010693150684932,6.712328767123288,4.255860821917809,0.0,15,6,1.0,0.0,0.0,1,2400
central-balanced-c97p49-r20p0-single-mode-per-order,single-mode-per-order,0.2,combined,22,feasible-heuristic,True,112064.95871427601,16041.972400000002,31.485673242009128,9.688317351598176,6.904109589041096,2.780821917808219,0.5003991780821918,6.904109589041096,4.707915616438356,0.0,15,7,1.0,0.0,0.0,1,2400
central-balanced-c97p49-r20p0-single-mode-per-order,single-mode-per-order,0.2,combined,23,feasible-heuristic,True,106059.86268470148,15991.942350000001,30.383134783105028,9.725486015981737,6.616438356164384,2.7260273972602738,0.5113769863013699,6.616438356164384,4.187367671232877,0.0,16,6,1.0,0.0,0.0,0,2400
central-balanced-c97p49-r20p0-single-mode-per-order,single-mode-per-order,0.2,combined,24,feasible-heuristic,True,113061.2547664775,16017.16475,32.36941587899544,9.672814783105025,7.191780821917808,2.9315068493150687,0.5023841095890411,7.191780821917808,4.879148493150685,0.0,15,6,1.0,0.0,0.0,0,2400
central-balanced-c97p49-r20p0-single-mode-per-order,single-mode-per-order,0.2,combined,25,feasible-heuristic,True,110051.67850144648,16010.142850000004,31.50405001141553,9.629366723744294,6.958904109589041,2.835616438356164,0.502384109589041,6.958904109589041,4.618874520547945,0.0,15,6,1.0,0.0,0.0,0,2400
central-balanced-c97p49-r20p0-single-mode-per-order,single-mode-per-order,0.2,combined,26,feasible-heuristic,True,103780.61902600549,16016.411950000002,29.79199094748859,9.716533961187217,6.47945205479452,2.6301369863013697,0.5113769863013699,6.47945205479452,3.975038904109589,0.0,16,6,1.0,0.0,0.0,0,2400
central-balanced-c97p49-r20p0-single-mode-per-order,single-mode-per-order,0.2,combined,27,feasible-heuristic,True,110465.490288674,16013.982600000005,30.961397305936075,9.582398401826486,6.780821917808219,2.767123287671233,0.5066997260273973,6.780821917808219,4.543532054794521,0.0,16,6,1.0,0.0,0.0,1,2400
central-balanced-c97p49-r20p0-single-mode-per-order,single-mode-per-order,0.2,combined,28,feasible-heuristic,True,105771.97488950049,16011.187450000001,29.46277992009133,9.59880622146119,6.397260273972603,2.452054794520548,0.484825205479452,6.397260273972603,4.132573150684932,0.0,13,5,1.0,0.0,0.0,0,2400
central-balanced-c97p49-r20p0-single-mode-per-order,single-mode-per-order,0.2,combined,29,feasible-heuristic,True,112021.65168230252,15962.457250000001,31.318763710045666,9.47146946347032,6.917808219178082,2.835616438356164,0.5092416438356164,6.917808219178082,4.666819726027398,0.0,16,6,1.0,0.0,0.0,0,2400
central-balanced-c97p49-r20p0-single-mode-per-order,single-mode-per-order,0.2,hybrid-seeded,0,feasible-heuristic,True,108902.02722427648,16031.109850000004,31.309287180365292,9.69273430365297,6.890410958904109,2.835616438356164,0.5113769863013699,6.890410958904109,4.488737534246575,0.0,16,6,1.0,0.0,0.0,2,2400
central-balanced-c97p49-r20p0-single-mode-per-order,single-mode-per-order,0.2,hybrid-seeded,1,feasible-heuristic,True,111857.83570714448,15931.523050000002,31.380094166666677,9.516539098173515,6.945205479452055,2.808219178082192,0.5118038356164384,6.945205479452055,4.653121095890411,0.0,16,5,1.0,0.0,0.0,0,2400
central-balanced-c97p49-r20p0-single-mode-per-order,single-mode-per-order,0.2,hybrid-seeded,2,feasible-heuristic,True,116207.9102481625,16042.371250000002,32.02240302511416,9.569630422374429,6.972602739726027,2.8767123287671232,0.5119802739726027,6.972602739726027,5.118874520547945,0.0,16,6,1.0,0.0,0.0,0,2400
central-balanced-c97p49-r20p0-single-mode-per-order,single-mode-per-order,0.2,hybrid-seeded,3,feasible-heuristic,True,110996.22452724751,16042.837749999999,31.2783425,9.626994006849317,6.863013698630137,2.808219178082192,0.5187753424657534,6.863013698630137,4.598326575342466,0.0,15,7,1.0,0.0,0.0,0,2400
central-balanced-c97p49-r20p0-single-mode-per-order,single-mode-per-order,0.2,hybrid-seeded,4,feasible-heuristic,True,105875.42442189399,16041.160600000005,30.104859086757997,9.668531963470322,6.561643835616438,2.6575342465753424,0.502384109589041,6.561643835616438,4.153121095890411,0.0,15,6,1.0,0.0,0.0,1,2400
central-balanced-c97p49-r20p0-single-mode-per-order,single-mode-per-order,0.2,hybrid-seeded,5,feasible-heuristic,True,107193.87827759949,15999.602550000001,30.477034600456623,9.698241723744296,6.6438356164383565,2.712328767123288,0.5023841095890411,6.6438356164383565,4.2764087671232875,0.0,15,6,1.0,0.0,0.0,0,2400
central-balanced-c97p49-r20p0-single-mode-per-order,single-mode-per-order,0.2,hybrid-seeded,6,feasible-heuristic,True,106851.1239775135,16030.961150000003,30.24404514840183,9.603245148401827,6.602739726027397,2.6986301369863015,0.5150761643835616,6.602739726027397,4.221614246575343,0.0,16,6,1.0,0.0,0.0,0,2400
central-balanced-c97p49-r20p0-single-mode-per-order,single-mode-per-order,0.2,hybrid-seeded,7,feasible-heuristic,True,110555.15189185701,15988.9893,31.10135641552512,9.72071175799087,6.794520547945205,2.712328767123288,0.5014961643835616,6.794520547945205,4.5777786301369865,0.0,15,5,1.0,0.0,0.0,1,2400
central-balanced-c97p49-r20p0-single-mode-per-order,single-mode-per-order,0.2,hybrid-seeded,8,feasible-heuristic,True,113244.011109524,16045.647600000004,31.767872602739732,9.640910958904112,6.972602739726027,2.8767123287671232,0.5149364383561643,6.972602739726027,4.790107397260274,0.0,16,6,1.0,0.0,0.0,1,2400
central-balanced-c97p49-r20p0-single-mode-per-order,single-mode-per-order,0.2,hybrid-seeded,9,feasible-heuristic,True,109349.82820389498,15973.235500000003,31.690115913242007,9.885938926940641,6.890410958904109,2.8767123287671232,0.5277682191780823,6.890410958904109,4.618874520547945,0.0,16,7,1.0,0.0,0.0,0,2400
central-balanced-c97p49-r20p0-single-mode-per-order,single-mode-per-order,0.2,hybrid-seeded,10,feasible-heuristic,True,108349.46981801599,16010.098400000003,30.485552511415523,9.545648401826487,6.712328767123288,2.671232876712329,0.4991117808219178,6.712328767123288,4.34490191780822,0.0,15,5,1.0,0.0,0.0,0,2400
central-balanced-c97p49-r20p0-single-mode-per-order,single-mode-per-order,0.2,hybrid-seeded,11,feasible-heuristic,True,115043.8299355645,15864.181050000001,32.78984521689497,9.859370148401826,7.178082191780822,3.0273972602739727,0.5239293150684932,7.178082191780822,5.022984109589041,0.0,17,6,1.0,0.0,0.0,1,2400
central-balanced-c97p49-r20p0-single-mode-per-order,single-mode-per-order,0.2,hybrid-seeded,12,feasible-heuristic,True,107194.56378609598,16020.2904,29.978701461187217,9.584180365296804,6.561643835616438,2.5342465753424657,0.48112602739726035,6.561643835616438,4.255860821917809,0.0,13,5,1.0,0.0,0.0,1,2400
central-balanced-c97p49-r20p0-single-mode-per-order,single-mode-per-order,0.2,hybrid-seeded,13,feasible-heuristic,True,107071.46432850849,16044.486649999999,30.101017591324204,9.823802796803658,6.397260273972603,2.6575342465753424,0.535052602739726,6.397260273972603,4.290107397260274,0.0,17,6,1.0,0.0,0.0,1,2400
central-balanced-c97p49-r20p0-single-mode-per-order,single-mode-per-order,0.2,hybrid-seeded,14,feasible-heuristic,True,103399.26013720251,16034.467250000003,29.590865947488588,9.720888413242013,6.397260273972603,2.6301369863013697,0.5113769863013699,6.397260273972603,3.9339430136986304,0.0,16,6,1.0,0.0,0.0,0,2400
central-balanced-c97p49-r20p0-single-mode-per-order,single-mode-per-order,0.2,hybrid-seeded,15,feasible-heuristic,True,104757.81442402098,15985.872900000002,29.586088561643844,9.633898972602742,6.438356164383562,2.5342465753424657,0.49084931506849316,6.438356164383562,4.050381369863014,0.0,14,6,1.0,0.0,0.0,1,2400
central-balanced-c97p49-r20p0-single-mode-per-order,single-mode-per-order,0.2,hybrid-seeded,16,feasible-heuristic,True,111718.35334283448,16042.70405,31.491140468036527,9.632299372146123,6.945205479452055,2.808219178082192,0.4933912328767124,6.945205479452055,4.666819726027398,0.0,14,6,1.0,0.0,0.0,1,2400
central-balanced-c97p49-r20p0-single-mode-per-order,single-mode-per-order,0.2,hybrid-seeded,17,feasible-heuristic,True,107762.269205672,16021.732800000002,30.51012648401827,9.644436073059364,6.698630136986301,2.6575342465753424,0.49339123287671227,6.698630136986301,4.317504657534247,0.0,14,6,1.0,0.0,0.0,0,2400
central-balanced-c97p49-r20p0-single-mode-per-order,single-mode-per-order,0.2,hybrid-seeded,18,feasible-heuristic,True,115842.16190070349,16040.892150000001,32.8450819063927,9.644903824200913,7.301369863013699,2.9863013698630136,0.4991117808219178,7.301369863013699,5.112025205479452,0.0,15,5,1.0,0.0,0.0,0,2400
central-balanced-c97p49-r20p0-single-mode-per-order,single-mode-per-order,0.2,hybrid-seeded,19,feasible-heuristic,True,112771.082289728,16008.727199999998,31.56326168949773,9.494227168949772,7.0,2.835616438356164,0.5118038356164384,7.0,4.721614246575343,0.0,16,5,1.0,0.0,0.0,0,2400
central-balanced-c97p49-r20p0-single-mode-per-order,single-mode-per-order,0.2,hybrid-seeded,20,feasible-heuristic,True,108179.5946899765,16027.039850000001,30.409860194063935,9.588648687214613,6.63013698630137,2.712328767123288,0.5105561643835617,6.63013698630137,4.338052602739726,0.0,16,6,1.0,0.0,0.0,0,2400
central-balanced-c97p49-r20p0-single-mode-per-order,single-mode-per-order,0.2,hybrid-seeded,21,feasible-heuristic,True,107191.7676693105,16045.956450000001,30.46929001141553,9.643866723744296,6.712328767123288,2.643835616438356,0.5010693150684932,6.712328767123288,4.255860821917809,0.0,15,6,1.0,0.0,0.0,1,2400
central-balanced-c97p49-r20p0-single-mode-per-order,single-mode-per-order,0.2,hybrid-seeded,22,feasible-heuristic,True,112064.95871427601,16041.972400000002,31.485673242009128,9.688317351598176,6.904109589041096,2.780821917808219,0.5003991780821918,6.904109589041096,4.707915616438356,0.0,15,7,1.0,0.0,0.0,1,2400
central-balanced-c97p49-r20p0-single-mode-per-order,single-mode-per-order,0.2,hybrid-seeded,23,feasible-heuristic,True,106059.86268470148,15991.942350000001,30.383134783105028,9.725486015981737,6.616438356164384,2.7260273972602738,0.5113769863013699,6.616438356164384,4.187367671232877,0.0,16,6,1.0,0.0,0.0,0,2400
central-balanced-c97p49-r20p0-single-mode-per-order,single-mode-per-order,0.2,hybrid-seeded,24,feasible-heuristic,True,113061.2547664775,16017.16475,32.36941587899544,9.672814783105025,7.191780821917808,2.9315068493150687,0.5023841095890411,7.191780821917808,4.879148493150685,0.0,15,6,1.0,0.0,0.0,0,2400
central-balanced-c97p49-r20p0-single-mode-per-order,single-mode-per-order,0.2,hybrid-seeded,25,feasible-heuristic,True,110051.67850144648,16010.142850000004,31.50405001141553,9.629366723744294,6.958904109589041,2.835616438356164,0.502384109589041,6.958904109589041,4.618874520547945,0.0,15,6,1.0,0.0,0.0,0,2400
central-balanced-c97p49-r20p0-single-mode-per-order,single-mode-per-order,0.2,hybrid-seeded,26,feasible-heuristic,True,103780.61902600549,16016.411950000002,29.79199094748859,9.716533961187217,6.47945205479452,2.6301369863013697,0.5113769863013699,6.47945205479452,3.975038904109589,0.0,16,6,1.0,0.0,0.0,0,2400
central-balanced-c97p49-r20p0-single-mode-per-order,single-mode-per-order,0.2,hybrid-seeded,27,feasible-heuristic,True,110465.490288674,16013.982600000005,30.961397305936075,9.582398401826486,6.780821917808219,2.767123287671233,0.5066997260273973,6.780821917808219,4.543532054794521,0.0,16,6,1.0,0.0,0.0,1,2400
central-balanced-c97p49-r20p0-single-mode-per-order,single-mode-per-order,0.2,hybrid-seeded,28,feasible-heuristic,True,105771.97488950049,16011.187450000001,29.46277992009133,9.59880622146119,6.397260273972603,2.452054794520548,0.484825205479452,6.397260273972603,4.132573150684932,0.0,13,5,1.0,0.0,0.0,0,2400
central-balanced-c97p49-r20p0-single-mode-per-order,single-mode-per-order,0.2,hybrid-seeded,29,feasible-heuristic,True,112021.65168230252,15962.457250000001,31.318763710045666,9.47146946347032,6.917808219178082,2.835616438356164,0.5092416438356164,6.917808219178082,4.666819726027398,0.0,16,6,1.0,0.0,0.0,0,2400
central-balanced-c97p49-r30p0-single-mode-per-order,single-mode-per-order,0.3,fixed,0,no-feasible-allocation-found,False,139828.18757029253,14395.908249999999,40.13360402968036,10.458662385844752,8.63013698630137,4.123287671232877,0.5971630136986301,8.63013698630137,7.69421698630137,0.0,23,7,1.0,0.02525149820432475,0.02525149820432475,0,2400
central-balanced-c97p49-r30p0-single-mode-per-order,single-mode-per-order,0.3,fixed,1,no-feasible-allocation-found,False,139828.18757029253,14395.908249999999,40.13360402968036,10.458662385844752,8.63013698630137,4.123287671232877,0.5971630136986301,8.63013698630137,7.69421698630137,0.0,23,7,1.0,0.02525149820432475,0.02525149820432475,0,2400
central-balanced-c97p49-r30p0-single-mode-per-order,single-mode-per-order,0.3,fixed,2,no-feasible-allocation-found,False,139828.18757029253,14395.908249999999,40.13360402968036,10.458662385844752,8.63013698630137,4.123287671232877,0.5971630136986301,8.63013698630137,7.69421698630137,0.0,23,7,1.0,0.02525149820432475,0.02525149820432475,0,2400
central-balanced-c97p49-r30p0-single-mode-per-order,single-mode-per-order,0.3,fixed,3,no-feasible-allocation-found,False,139828.18757029253,14395.908249999999,40.13360402968036,10.458662385844752,8.63013698630137,4.123287671232877,0.5971630136986301,8.63013698630137,7.69421698630137,0.0,23,7,1.0,0.02525149820432475,0.02525149820432475,0,2400
central-balanced-c97p49-r30p0-single-mode-per-order,single-mode-per-order,0.3,fixed,4,no-feasible-allocation-found,False,139828.18757029253,14395.908249999999,40.13360402968036,10.458662385844752,8.63013698630137,4.123287671232877,0.5971630136986301,8.63013698630137,7.69421698630137,0.0,23,7,1.0,0.02525149820432475,0.02525149820432475,0,2400
central-balanced-c97p49-r30p0-single-mode-per-order,single-mode-per-order,0.3,fixed,5,no-feasible-allocation-found,False,139828.18757029253,14395.908249999999,40.13360402968036,10.458662385844752,8.63013698630137,4.123287671232877,0.5971630136986301,8.63013698630137,7.69421698630137,0.0,23,7,1.0,0.02525149820432475,0.02525149820432475,0,2400
central-balanced-c97p49-r30p0-single-mode-per-order,single-mode-per-order,0.3,fixed,6,no-feasible-allocation-found,False,139828.18757029253,14395.908249999999,40.13360402968036,10.458662385844752,8.63013698630137,4.123287671232877,0.5971630136986301,8.63013698630137,7.69421698630137,0.0,23,7,1.0,0.02525149820432475,0.02525149820432475,0,2400
central-balanced-c97p49-r30p0-single-mode-per-order,single-mode-per-order,0.3,fixed,7,no-feasible-allocation-found,False,139828.18757029253,14395.908249999999,40.13360402968036,10.458662385844752,8.63013698630137,4.123287671232877,0.5971630136986301,8.63013698630137,7.69421698630137,0.0,23,7,1.0,0.02525149820432475,0.02525149820432475,0,2400
central-balanced-c97p49-r30p0-single-mode-per-order,single-mode-per-order,0.3,fixed,8,no-feasible-allocation-found,False,139828.18757029253,14395.908249999999,40.13360402968036,10.458662385844752,8.63013698630137,4.123287671232877,0.5971630136986301,8.63013698630137,7.69421698630137,0.0,23,7,1.0,0.02525149820432475,0.02525149820432475,0,2400
central-balanced-c97p49-r30p0-single-mode-per-order,single-mode-per-order,0.3,fixed,9,no-feasible-allocation-found,False,139828.18757029253,14395.908249999999,40.13360402968036,10.458662385844752,8.63013698630137,4.123287671232877,0.5971630136986301,8.63013698630137,7.69421698630137,0.0,23,7,1.0,0.02525149820432475,0.02525149820432475,0,2400
central-balanced-c97p49-r30p0-single-mode-per-order,single-mode-per-order,0.3,fixed,10,no-feasible-allocation-found,False,139828.18757029253,14395.908249999999,40.13360402968036,10.458662385844752,8.63013698630137,4.123287671232877,0.5971630136986301,8.63013698630137,7.69421698630137,0.0,23,7,1.0,0.02525149820432475,0.02525149820432475,0,2400
central-balanced-c97p49-r30p0-single-mode-per-order,single-mode-per-order,0.3,fixed,11,no-feasible-allocation-found,False,139828.18757029253,14395.908249999999,40.13360402968036,10.458662385844752,8.63013698630137,4.123287671232877,0.5971630136986301,8.63013698630137,7.69421698630137,0.0,23,7,1.0,0.02525149820432475,0.02525149820432475,0,2400
central-balanced-c97p49-r30p0-single-mode-per-order,single-mode-per-order,0.3,fixed,12,no-feasible-allocation-found,False,139828.18757029253,14395.908249999999,40.13360402968036,10.458662385844752,8.63013698630137,4.123287671232877,0.5971630136986301,8.63013698630137,7.69421698630137,0.0,23,7,1.0,0.02525149820432475,0.02525149820432475,0,2400
central-balanced-c97p49-r30p0-single-mode-per-order,single-mode-per-order,0.3,fixed,13,no-feasible-allocation-found,False,139828.18757029253,14395.908249999999,40.13360402968036,10.458662385844752,8.63013698630137,4.123287671232877,0.5971630136986301,8.63013698630137,7.69421698630137,0.0,23,7,1.0,0.02525149820432475,0.02525149820432475,0,2400
central-balanced-c97p49-r30p0-single-mode-per-order,single-mode-per-order,0.3,fixed,14,no-feasible-allocation-found,False,139828.18757029253,14395.908249999999,40.13360402968036,10.458662385844752,8.63013698630137,4.123287671232877,0.5971630136986301,8.63013698630137,7.69421698630137,0.0,23,7,1.0,0.02525149820432475,0.02525149820432475,0,2400
central-balanced-c97p49-r30p0-single-mode-per-order,single-mode-per-order,0.3,fixed,15,no-feasible-allocation-found,False,139828.18757029253,14395.908249999999,40.13360402968036,10.458662385844752,8.63013698630137,4.123287671232877,0.5971630136986301,8.63013698630137,7.69421698630137,0.0,23,7,1.0,0.02525149820432475,0.02525149820432475,0,2400
central-balanced-c97p49-r30p0-single-mode-per-order,single-mode-per-order,0.3,fixed,16,no-feasible-allocation-found,False,139828.18757029253,14395.908249999999,40.13360402968036,10.458662385844752,8.63013698630137,4.123287671232877,0.5971630136986301,8.63013698630137,7.69421698630137,0.0,23,7,1.0,0.02525149820432475,0.02525149820432475,0,2400
central-balanced-c97p49-r30p0-single-mode-per-order,single-mode-per-order,0.3,fixed,17,no-feasible-allocation-found,False,139828.18757029253,14395.908249999999,40.13360402968036,10.458662385844752,8.63013698630137,4.123287671232877,0.5971630136986301,8.63013698630137,7.69421698630137,0.0,23,7,1.0,0.02525149820432475,0.02525149820432475,0,2400
central-balanced-c97p49-r30p0-single-mode-per-order,single-mode-per-order,0.3,fixed,18,no-feasible-allocation-found,False,139828.18757029253,14395.908249999999,40.13360402968036,10.458662385844752,8.63013698630137,4.123287671232877,0.5971630136986301,8.63013698630137,7.69421698630137,0.0,23,7,1.0,0.02525149820432475,0.02525149820432475,0,2400
central-balanced-c97p49-r30p0-single-mode-per-order,single-mode-per-order,0.3,fixed,19,no-feasible-allocation-found,False,139828.18757029253,14395.908249999999,40.13360402968036,10.458662385844752,8.63013698630137,4.123287671232877,0.5971630136986301,8.63013698630137,7.69421698630137,0.0,23,7,1.0,0.02525149820432475,0.02525149820432475,0,2400
central-balanced-c97p49-r30p0-single-mode-per-order,single-mode-per-order,0.3,fixed,20,no-feasible-allocation-found,False,139828.18757029253,14395.908249999999,40.13360402968036,10.458662385844752,8.63013698630137,4.123287671232877,0.5971630136986301,8.63013698630137,7.69421698630137,0.0,23,7,1.0,0.02525149820432475,0.02525149820432475,0,2400
central-balanced-c97p49-r30p0-single-mode-per-order,single-mode-per-order,0.3,fixed,21,no-feasible-allocation-found,False,139828.18757029253,14395.908249999999,40.13360402968036,10.458662385844752,8.63013698630137,4.123287671232877,0.5971630136986301,8.63013698630137,7.69421698630137,0.0,23,7,1.0,0.02525149820432475,0.02525149820432475,0,2400
central-balanced-c97p49-r30p0-single-mode-per-order,single-mode-per-order,0.3,fixed,22,no-feasible-allocation-found,False,139828.18757029253,14395.908249999999,40.13360402968036,10.458662385844752,8.63013698630137,4.123287671232877,0.5971630136986301,8.63013698630137,7.69421698630137,0.0,23,7,1.0,0.02525149820432475,0.02525149820432475,0,2400
central-balanced-c97p49-r30p0-single-mode-per-order,single-mode-per-order,0.3,fixed,23,no-feasible-allocation-found,False,139828.18757029253,14395.908249999999,40.13360402968036,10.458662385844752,8.63013698630137,4.123287671232877,0.5971630136986301,8.63013698630137,7.69421698630137,0.0,23,7,1.0,0.02525149820432475,0.02525149820432475,0,2400
central-balanced-c97p49-r30p0-single-mode-per-order,single-mode-per-order,0.3,fixed,24,no-feasible-allocation-found,False,139828.18757029253,14395.908249999999,40.13360402968036,10.458662385844752,8.63013698630137,4.123287671232877,0.5971630136986301,8.63013698630137,7.69421698630137,0.0,23,7,1.0,0.02525149820432475,0.02525149820432475,0,2400
central-balanced-c97p49-r30p0-single-mode-per-order,single-mode-per-order,0.3,fixed,25,no-feasible-allocation-found,False,139828.18757029253,14395.908249999999,40.13360402968036,10.458662385844752,8.63013698630137,4.123287671232877,0.5971630136986301,8.63013698630137,7.69421698630137,0.0,23,7,1.0,0.02525149820432475,0.02525149820432475,0,2400
central-balanced-c97p49-r30p0-single-mode-per-order,single-mode-per-order,0.3,fixed,26,no-feasible-allocation-found,False,139828.18757029253,14395.908249999999,40.13360402968036,10.458662385844752,8.63013698630137,4.123287671232877,0.5971630136986301,8.63013698630137,7.69421698630137,0.0,23,7,1.0,0.02525149820432475,0.02525149820432475,0,2400
central-balanced-c97p49-r30p0-single-mode-per-order,single-mode-per-order,0.3,fixed,27,no-feasible-allocation-found,False,139828.18757029253,14395.908249999999,40.13360402968036,10.458662385844752,8.63013698630137,4.123287671232877,0.5971630136986301,8.63013698630137,7.69421698630137,0.0,23,7,1.0,0.02525149820432475,0.02525149820432475,0,2400
central-balanced-c97p49-r30p0-single-mode-per-order,single-mode-per-order,0.3,fixed,28,no-feasible-allocation-found,False,139828.18757029253,14395.908249999999,40.13360402968036,10.458662385844752,8.63013698630137,4.123287671232877,0.5971630136986301,8.63013698630137,7.69421698630137,0.0,23,7,1.0,0.02525149820432475,0.02525149820432475,0,2400
central-balanced-c97p49-r30p0-single-mode-per-order,single-mode-per-order,0.3,fixed,29,no-feasible-allocation-found,False,139828.18757029253,14395.908249999999,40.13360402968036,10.458662385844752,8.63013698630137,4.123287671232877,0.5971630136986301,8.63013698630137,7.69421698630137,0.0,23,7,1.0,0.02525149820432475,0.02525149820432475,0,2400
central-balanced-c97p49-r30p0-single-mode-per-order,single-mode-per-order,0.3,adaptive,0,no-feasible-allocation-found,False,139828.18757029253,14395.908249999999,40.13360402968036,10.458662385844752,8.63013698630137,4.123287671232877,0.5971630136986301,8.63013698630137,7.69421698630137,0.0,23,7,1.0,0.02525149820432475,0.02525149820432475,0,2400
central-balanced-c97p49-r30p0-single-mode-per-order,single-mode-per-order,0.3,adaptive,1,no-feasible-allocation-found,False,139828.18757029253,14395.908249999999,40.13360402968036,10.458662385844752,8.63013698630137,4.123287671232877,0.5971630136986301,8.63013698630137,7.69421698630137,0.0,23,7,1.0,0.02525149820432475,0.02525149820432475,0,2400
central-balanced-c97p49-r30p0-single-mode-per-order,single-mode-per-order,0.3,adaptive,2,no-feasible-allocation-found,False,139828.18757029253,14395.908249999999,40.13360402968036,10.458662385844752,8.63013698630137,4.123287671232877,0.5971630136986301,8.63013698630137,7.69421698630137,0.0,23,7,1.0,0.02525149820432475,0.02525149820432475,0,2400
central-balanced-c97p49-r30p0-single-mode-per-order,single-mode-per-order,0.3,adaptive,3,no-feasible-allocation-found,False,139828.18757029253,14395.908249999999,40.13360402968036,10.458662385844752,8.63013698630137,4.123287671232877,0.5971630136986301,8.63013698630137,7.69421698630137,0.0,23,7,1.0,0.02525149820432475,0.02525149820432475,0,2400
central-balanced-c97p49-r30p0-single-mode-per-order,single-mode-per-order,0.3,adaptive,4,no-feasible-allocation-found,False,139828.18757029253,14395.908249999999,40.13360402968036,10.458662385844752,8.63013698630137,4.123287671232877,0.5971630136986301,8.63013698630137,7.69421698630137,0.0,23,7,1.0,0.02525149820432475,0.02525149820432475,0,2400
central-balanced-c97p49-r30p0-single-mode-per-order,single-mode-per-order,0.3,adaptive,5,no-feasible-allocation-found,False,139828.18757029253,14395.908249999999,40.13360402968036,10.458662385844752,8.63013698630137,4.123287671232877,0.5971630136986301,8.63013698630137,7.69421698630137,0.0,23,7,1.0,0.02525149820432475,0.02525149820432475,0,2400
central-balanced-c97p49-r30p0-single-mode-per-order,single-mode-per-order,0.3,adaptive,6,no-feasible-allocation-found,False,139828.18757029253,14395.908249999999,40.13360402968036,10.458662385844752,8.63013698630137,4.123287671232877,0.5971630136986301,8.63013698630137,7.69421698630137,0.0,23,7,1.0,0.02525149820432475,0.02525149820432475,0,2400
central-balanced-c97p49-r30p0-single-mode-per-order,single-mode-per-order,0.3,adaptive,7,no-feasible-allocation-found,False,139828.18757029253,14395.908249999999,40.13360402968036,10.458662385844752,8.63013698630137,4.123287671232877,0.5971630136986301,8.63013698630137,7.69421698630137,0.0,23,7,1.0,0.02525149820432475,0.02525149820432475,0,2400
central-balanced-c97p49-r30p0-single-mode-per-order,single-mode-per-order,0.3,adaptive,8,no-feasible-allocation-found,False,139828.18757029253,14395.908249999999,40.13360402968036,10.458662385844752,8.63013698630137,4.123287671232877,0.5971630136986301,8.63013698630137,7.69421698630137,0.0,23,7,1.0,0.02525149820432475,0.02525149820432475,0,2400
central-balanced-c97p49-r30p0-single-mode-per-order,single-mode-per-order,0.3,adaptive,9,no-feasible-allocation-found,False,139828.18757029253,14395.908249999999,40.13360402968036,10.458662385844752,8.63013698630137,4.123287671232877,0.5971630136986301,8.63013698630137,7.69421698630137,0.0,23,7,1.0,0.02525149820432475,0.02525149820432475,0,2400
central-balanced-c97p49-r30p0-single-mode-per-order,single-mode-per-order,0.3,adaptive,10,no-feasible-allocation-found,False,139828.18757029253,14395.908249999999,40.13360402968036,10.458662385844752,8.63013698630137,4.123287671232877,0.5971630136986301,8.63013698630137,7.69421698630137,0.0,23,7,1.0,0.02525149820432475,0.02525149820432475,0,2400
central-balanced-c97p49-r30p0-single-mode-per-order,single-mode-per-order,0.3,adaptive,11,no-feasible-allocation-found,False,139828.18757029253,14395.908249999999,40.13360402968036,10.458662385844752,8.63013698630137,4.123287671232877,0.5971630136986301,8.63013698630137,7.69421698630137,0.0,23,7,1.0,0.02525149820432475,0.02525149820432475,0,2400
central-balanced-c97p49-r30p0-single-mode-per-order,single-mode-per-order,0.3,adaptive,12,no-feasible-allocation-found,False,139828.18757029253,14395.908249999999,40.13360402968036,10.458662385844752,8.63013698630137,4.123287671232877,0.5971630136986301,8.63013698630137,7.69421698630137,0.0,23,7,1.0,0.02525149820432475,0.02525149820432475,0,2400
central-balanced-c97p49-r30p0-single-mode-per-order,single-mode-per-order,0.3,adaptive,13,no-feasible-allocation-found,False,139828.18757029253,14395.908249999999,40.13360402968036,10.458662385844752,8.63013698630137,4.123287671232877,0.5971630136986301,8.63013698630137,7.69421698630137,0.0,23,7,1.0,0.02525149820432475,0.02525149820432475,0,2400
central-balanced-c97p49-r30p0-single-mode-per-order,single-mode-per-order,0.3,adaptive,14,no-feasible-allocation-found,False,139828.18757029253,14395.908249999999,40.13360402968036,10.458662385844752,8.63013698630137,4.123287671232877,0.5971630136986301,8.63013698630137,7.69421698630137,0.0,23,7,1.0,0.02525149820432475,0.02525149820432475,0,2400
central-balanced-c97p49-r30p0-single-mode-per-order,single-mode-per-order,0.3,adaptive,15,no-feasible-allocation-found,False,139828.18757029253,14395.908249999999,40.13360402968036,10.458662385844752,8.63013698630137,4.123287671232877,0.5971630136986301,8.63013698630137,7.69421698630137,0.0,23,7,1.0,0.02525149820432475,0.02525149820432475,0,2400
central-balanced-c97p49-r30p0-single-mode-per-order,single-mode-per-order,0.3,adaptive,16,no-feasible-allocation-found,False,139828.18757029253,14395.908249999999,40.13360402968036,10.458662385844752,8.63013698630137,4.123287671232877,0.5971630136986301,8.63013698630137,7.69421698630137,0.0,23,7,1.0,0.02525149820432475,0.02525149820432475,0,2400
central-balanced-c97p49-r30p0-single-mode-per-order,single-mode-per-order,0.3,adaptive,17,no-feasible-allocation-found,False,139828.18757029253,14395.908249999999,40.13360402968036,10.458662385844752,8.63013698630137,4.123287671232877,0.5971630136986301,8.63013698630137,7.69421698630137,0.0,23,7,1.0,0.02525149820432475,0.02525149820432475,0,2400
central-balanced-c97p49-r30p0-single-mode-per-order,single-mode-per-order,0.3,adaptive,18,no-feasible-allocation-found,False,139828.18757029253,14395.908249999999,40.13360402968036,10.458662385844752,8.63013698630137,4.123287671232877,0.5971630136986301,8.63013698630137,7.69421698630137,0.0,23,7,1.0,0.02525149820432475,0.02525149820432475,0,2400
central-balanced-c97p49-r30p0-single-mode-per-order,single-mode-per-order,0.3,adaptive,19,no-feasible-allocation-found,False,139828.18757029253,14395.908249999999,40.13360402968036,10.458662385844752,8.63013698630137,4.123287671232877,0.5971630136986301,8.63013698630137,7.69421698630137,0.0,23,7,1.0,0.02525149820432475,0.02525149820432475,0,2400
central-balanced-c97p49-r30p0-single-mode-per-order,single-mode-per-order,0.3,adaptive,20,no-feasible-allocation-found,False,139828.18757029253,14395.908249999999,40.13360402968036,10.458662385844752,8.63013698630137,4.123287671232877,0.5971630136986301,8.63013698630137,7.69421698630137,0.0,23,7,1.0,0.02525149820432475,0.02525149820432475,0,2400
central-balanced-c97p49-r30p0-single-mode-per-order,single-mode-per-order,0.3,adaptive,21,no-feasible-allocation-found,False,139828.18757029253,14395.908249999999,40.13360402968036,10.458662385844752,8.63013698630137,4.123287671232877,0.5971630136986301,8.63013698630137,7.69421698630137,0.0,23,7,1.0,0.02525149820432475,0.02525149820432475,0,2400
central-balanced-c97p49-r30p0-single-mode-per-order,single-mode-per-order,0.3,adaptive,22,no-feasible-allocation-found,False,139828.18757029253,14395.908249999999,40.13360402968036,10.458662385844752,8.63013698630137,4.123287671232877,0.5971630136986301,8.63013698630137,7.69421698630137,0.0,23,7,1.0,0.02525149820432475,0.02525149820432475,0,2400
central-balanced-c97p49-r30p0-single-mode-per-order,single-mode-per-order,0.3,adaptive,23,no-feasible-allocation-found,False,139828.18757029253,14395.908249999999,40.13360402968036,10.458662385844752,8.63013698630137,4.123287671232877,0.5971630136986301,8.63013698630137,7.69421698630137,0.0,23,7,1.0,0.02525149820432475,0.02525149820432475,0,2400
central-balanced-c97p49-r30p0-single-mode-per-order,single-mode-per-order,0.3,adaptive,24,no-feasible-allocation-found,False,139828.18757029253,14395.908249999999,40.13360402968036,10.458662385844752,8.63013698630137,4.123287671232877,0.5971630136986301,8.63013698630137,7.69421698630137,0.0,23,7,1.0,0.02525149820432475,0.02525149820432475,0,2400
central-balanced-c97p49-r30p0-single-mode-per-order,single-mode-per-order,0.3,adaptive,25,no-feasible-allocation-found,False,139828.18757029253,14395.908249999999,40.13360402968036,10.458662385844752,8.63013698630137,4.123287671232877,0.5971630136986301,8.63013698630137,7.69421698630137,0.0,23,7,1.0,0.02525149820432475,0.02525149820432475,0,2400
central-balanced-c97p49-r30p0-single-mode-per-order,single-mode-per-order,0.3,adaptive,26,no-feasible-allocation-found,False,139828.18757029253,14395.908249999999,40.13360402968036,10.458662385844752,8.63013698630137,4.123287671232877,0.5971630136986301,8.63013698630137,7.69421698630137,0.0,23,7,1.0,0.02525149820432475,0.02525149820432475,0,2400
central-balanced-c97p49-r30p0-single-mode-per-order,single-mode-per-order,0.3,adaptive,27,no-feasible-allocation-found,False,139828.18757029253,14395.908249999999,40.13360402968036,10.458662385844752,8.63013698630137,4.123287671232877,0.5971630136986301,8.63013698630137,7.69421698630137,0.0,23,7,1.0,0.02525149820432475,0.02525149820432475,0,2400
central-balanced-c97p49-r30p0-single-mode-per-order,single-mode-per-order,0.3,adaptive,28,no-feasible-allocation-found,False,139828.18757029253,14395.908249999999,40.13360402968036,10.458662385844752,8.63013698630137,4.123287671232877,0.5971630136986301,8.63013698630137,7.69421698630137,0.0,23,7,1.0,0.02525149820432475,0.02525149820432475,0,2400
central-balanced-c97p49-r30p0-single-mode-per-order,single-mode-per-order,0.3,adaptive,29,no-feasible-allocation-found,False,139828.18757029253,14395.908249999999,40.13360402968036,10.458662385844752,8.63013698630137,4.123287671232877,0.5971630136986301,8.63013698630137,7.69421698630137,0.0,23,7,1.0,0.02525149820432475,0.02525149820432475,0,2400
central-balanced-c97p49-r30p0-single-mode-per-order,single-mode-per-order,0.3,catastrophe,0,no-feasible-allocation-found,False,139828.18757029253,14395.908249999999,40.13360402968036,10.458662385844752,8.63013698630137,4.123287671232877,0.5971630136986301,8.63013698630137,7.69421698630137,0.0,23,7,1.0,0.02525149820432475,0.02525149820432475,4,2400
central-balanced-c97p49-r30p0-single-mode-per-order,single-mode-per-order,0.3,catastrophe,1,no-feasible-allocation-found,False,139828.18757029253,14395.908249999999,40.13360402968036,10.458662385844752,8.63013698630137,4.123287671232877,0.5971630136986301,8.63013698630137,7.69421698630137,0.0,23,7,1.0,0.02525149820432475,0.02525149820432475,4,2400
central-balanced-c97p49-r30p0-single-mode-per-order,single-mode-per-order,0.3,catastrophe,2,no-feasible-allocation-found,False,139828.18757029253,14395.908249999999,40.13360402968036,10.458662385844752,8.63013698630137,4.123287671232877,0.5971630136986301,8.63013698630137,7.69421698630137,0.0,23,7,1.0,0.02525149820432475,0.02525149820432475,4,2400
central-balanced-c97p49-r30p0-single-mode-per-order,single-mode-per-order,0.3,catastrophe,3,no-feasible-allocation-found,False,139828.18757029253,14395.908249999999,40.13360402968036,10.458662385844752,8.63013698630137,4.123287671232877,0.5971630136986301,8.63013698630137,7.69421698630137,0.0,23,7,1.0,0.02525149820432475,0.02525149820432475,4,2400
central-balanced-c97p49-r30p0-single-mode-per-order,single-mode-per-order,0.3,catastrophe,4,no-feasible-allocation-found,False,139828.18757029253,14395.908249999999,40.13360402968036,10.458662385844752,8.63013698630137,4.123287671232877,0.5971630136986301,8.63013698630137,7.69421698630137,0.0,23,7,1.0,0.02525149820432475,0.02525149820432475,4,2400
central-balanced-c97p49-r30p0-single-mode-per-order,single-mode-per-order,0.3,catastrophe,5,no-feasible-allocation-found,False,139828.18757029253,14395.908249999999,40.13360402968036,10.458662385844752,8.63013698630137,4.123287671232877,0.5971630136986301,8.63013698630137,7.69421698630137,0.0,23,7,1.0,0.02525149820432475,0.02525149820432475,4,2400
central-balanced-c97p49-r30p0-single-mode-per-order,single-mode-per-order,0.3,catastrophe,6,no-feasible-allocation-found,False,139828.18757029253,14395.908249999999,40.13360402968036,10.458662385844752,8.63013698630137,4.123287671232877,0.5971630136986301,8.63013698630137,7.69421698630137,0.0,23,7,1.0,0.02525149820432475,0.02525149820432475,4,2400
central-balanced-c97p49-r30p0-single-mode-per-order,single-mode-per-order,0.3,catastrophe,7,no-feasible-allocation-found,False,139828.18757029253,14395.908249999999,40.13360402968036,10.458662385844752,8.63013698630137,4.123287671232877,0.5971630136986301,8.63013698630137,7.69421698630137,0.0,23,7,1.0,0.02525149820432475,0.02525149820432475,4,2400
central-balanced-c97p49-r30p0-single-mode-per-order,single-mode-per-order,0.3,catastrophe,8,no-feasible-allocation-found,False,139828.18757029253,14395.908249999999,40.13360402968036,10.458662385844752,8.63013698630137,4.123287671232877,0.5971630136986301,8.63013698630137,7.69421698630137,0.0,23,7,1.0,0.02525149820432475,0.02525149820432475,4,2400
central-balanced-c97p49-r30p0-single-mode-per-order,single-mode-per-order,0.3,catastrophe,9,no-feasible-allocation-found,False,139828.18757029253,14395.908249999999,40.13360402968036,10.458662385844752,8.63013698630137,4.123287671232877,0.5971630136986301,8.63013698630137,7.69421698630137,0.0,23,7,1.0,0.02525149820432475,0.02525149820432475,4,2400
central-balanced-c97p49-r30p0-single-mode-per-order,single-mode-per-order,0.3,catastrophe,10,no-feasible-allocation-found,False,139828.18757029253,14395.908249999999,40.13360402968036,10.458662385844752,8.63013698630137,4.123287671232877,0.5971630136986301,8.63013698630137,7.69421698630137,0.0,23,7,1.0,0.02525149820432475,0.02525149820432475,4,2400
central-balanced-c97p49-r30p0-single-mode-per-order,single-mode-per-order,0.3,catastrophe,11,no-feasible-allocation-found,False,139828.18757029253,14395.908249999999,40.13360402968036,10.458662385844752,8.63013698630137,4.123287671232877,0.5971630136986301,8.63013698630137,7.69421698630137,0.0,23,7,1.0,0.02525149820432475,0.02525149820432475,4,2400
central-balanced-c97p49-r30p0-single-mode-per-order,single-mode-per-order,0.3,catastrophe,12,no-feasible-allocation-found,False,139828.18757029253,14395.908249999999,40.13360402968036,10.458662385844752,8.63013698630137,4.123287671232877,0.5971630136986301,8.63013698630137,7.69421698630137,0.0,23,7,1.0,0.02525149820432475,0.02525149820432475,4,2400
central-balanced-c97p49-r30p0-single-mode-per-order,single-mode-per-order,0.3,catastrophe,13,no-feasible-allocation-found,False,139828.18757029253,14395.908249999999,40.13360402968036,10.458662385844752,8.63013698630137,4.123287671232877,0.5971630136986301,8.63013698630137,7.69421698630137,0.0,23,7,1.0,0.02525149820432475,0.02525149820432475,4,2400
central-balanced-c97p49-r30p0-single-mode-per-order,single-mode-per-order,0.3,catastrophe,14,no-feasible-allocation-found,False,139828.18757029253,14395.908249999999,40.13360402968036,10.458662385844752,8.63013698630137,4.123287671232877,0.5971630136986301,8.63013698630137,7.69421698630137,0.0,23,7,1.0,0.02525149820432475,0.02525149820432475,4,2400
central-balanced-c97p49-r30p0-single-mode-per-order,single-mode-per-order,0.3,catastrophe,15,no-feasible-allocation-found,False,139828.18757029253,14395.908249999999,40.13360402968036,10.458662385844752,8.63013698630137,4.123287671232877,0.5971630136986301,8.63013698630137,7.69421698630137,0.0,23,7,1.0,0.02525149820432475,0.02525149820432475,4,2400
central-balanced-c97p49-r30p0-single-mode-per-order,single-mode-per-order,0.3,catastrophe,16,no-feasible-allocation-found,False,139828.18757029253,14395.908249999999,40.13360402968036,10.458662385844752,8.63013698630137,4.123287671232877,0.5971630136986301,8.63013698630137,7.69421698630137,0.0,23,7,1.0,0.02525149820432475,0.02525149820432475,4,2400
central-balanced-c97p49-r30p0-single-mode-per-order,single-mode-per-order,0.3,catastrophe,17,no-feasible-allocation-found,False,139828.18757029253,14395.908249999999,40.13360402968036,10.458662385844752,8.63013698630137,4.123287671232877,0.5971630136986301,8.63013698630137,7.69421698630137,0.0,23,7,1.0,0.02525149820432475,0.02525149820432475,4,2400
central-balanced-c97p49-r30p0-single-mode-per-order,single-mode-per-order,0.3,catastrophe,18,no-feasible-allocation-found,False,139828.18757029253,14395.908249999999,40.13360402968036,10.458662385844752,8.63013698630137,4.123287671232877,0.5971630136986301,8.63013698630137,7.69421698630137,0.0,23,7,1.0,0.02525149820432475,0.02525149820432475,4,2400
central-balanced-c97p49-r30p0-single-mode-per-order,single-mode-per-order,0.3,catastrophe,19,no-feasible-allocation-found,False,139828.18757029253,14395.908249999999,40.13360402968036,10.458662385844752,8.63013698630137,4.123287671232877,0.5971630136986301,8.63013698630137,7.69421698630137,0.0,23,7,1.0,0.02525149820432475,0.02525149820432475,4,2400
central-balanced-c97p49-r30p0-single-mode-per-order,single-mode-per-order,0.3,catastrophe,20,no-feasible-allocation-found,False,139828.18757029253,14395.908249999999,40.13360402968036,10.458662385844752,8.63013698630137,4.123287671232877,0.5971630136986301,8.63013698630137,7.69421698630137,0.0,23,7,1.0,0.02525149820432475,0.02525149820432475,4,2400
central-balanced-c97p49-r30p0-single-mode-per-order,single-mode-per-order,0.3,catastrophe,21,no-feasible-allocation-found,False,139828.18757029253,14395.908249999999,40.13360402968036,10.458662385844752,8.63013698630137,4.123287671232877,0.5971630136986301,8.63013698630137,7.69421698630137,0.0,23,7,1.0,0.02525149820432475,0.02525149820432475,4,2400
central-balanced-c97p49-r30p0-single-mode-per-order,single-mode-per-order,0.3,catastrophe,22,no-feasible-allocation-found,False,139828.18757029253,14395.908249999999,40.13360402968036,10.458662385844752,8.63013698630137,4.123287671232877,0.5971630136986301,8.63013698630137,7.69421698630137,0.0,23,7,1.0,0.02525149820432475,0.02525149820432475,4,2400
central-balanced-c97p49-r30p0-single-mode-per-order,single-mode-per-order,0.3,catastrophe,23,no-feasible-allocation-found,False,139828.18757029253,14395.908249999999,40.13360402968036,10.458662385844752,8.63013698630137,4.123287671232877,0.5971630136986301,8.63013698630137,7.69421698630137,0.0,23,7,1.0,0.02525149820432475,0.02525149820432475,4,2400
central-balanced-c97p49-r30p0-single-mode-per-order,single-mode-per-order,0.3,catastrophe,24,no-feasible-allocation-found,False,139828.18757029253,14395.908249999999,40.13360402968036,10.458662385844752,8.63013698630137,4.123287671232877,0.5971630136986301,8.63013698630137,7.69421698630137,0.0,23,7,1.0,0.02525149820432475,0.02525149820432475,4,2400
central-balanced-c97p49-r30p0-single-mode-per-order,single-mode-per-order,0.3,catastrophe,25,no-feasible-allocation-found,False,139828.18757029253,14395.908249999999,40.13360402968036,10.458662385844752,8.63013698630137,4.123287671232877,0.5971630136986301,8.63013698630137,7.69421698630137,0.0,23,7,1.0,0.02525149820432475,0.02525149820432475,4,2400
central-balanced-c97p49-r30p0-single-mode-per-order,single-mode-per-order,0.3,catastrophe,26,no-feasible-allocation-found,False,139828.18757029253,14395.908249999999,40.13360402968036,10.458662385844752,8.63013698630137,4.123287671232877,0.5971630136986301,8.63013698630137,7.69421698630137,0.0,23,7,1.0,0.02525149820432475,0.02525149820432475,4,2400
central-balanced-c97p49-r30p0-single-mode-per-order,single-mode-per-order,0.3,catastrophe,27,no-feasible-allocation-found,False,139828.18757029253,14395.908249999999,40.13360402968036,10.458662385844752,8.63013698630137,4.123287671232877,0.5971630136986301,8.63013698630137,7.69421698630137,0.0,23,7,1.0,0.02525149820432475,0.02525149820432475,4,2400
central-balanced-c97p49-r30p0-single-mode-per-order,single-mode-per-order,0.3,catastrophe,28,no-feasible-allocation-found,False,139828.18757029253,14395.908249999999,40.13360402968036,10.458662385844752,8.63013698630137,4.123287671232877,0.5971630136986301,8.63013698630137,7.69421698630137,0.0,23,7,1.0,0.02525149820432475,0.02525149820432475,4,2400
central-balanced-c97p49-r30p0-single-mode-per-order,single-mode-per-order,0.3,catastrophe,29,no-feasible-allocation-found,False,139828.18757029253,14395.908249999999,40.13360402968036,10.458662385844752,8.63013698630137,4.123287671232877,0.5971630136986301,8.63013698630137,7.69421698630137,0.0,23,7,1.0,0.02525149820432475,0.02525149820432475,4,2400
central-balanced-c97p49-r30p0-single-mode-per-order,single-mode-per-order,0.3,combined,0,no-feasible-allocation-found,False,139828.18757029253,14395.908249999999,40.13360402968036,10.458662385844752,8.63013698630137,4.123287671232877,0.5971630136986301,8.63013698630137,7.69421698630137,0.0,23,7,1.0,0.02525149820432475,0.02525149820432475,4,2400
central-balanced-c97p49-r30p0-single-mode-per-order,single-mode-per-order,0.3,combined,1,no-feasible-allocation-found,False,139828.18757029253,14395.908249999999,40.13360402968036,10.458662385844752,8.63013698630137,4.123287671232877,0.5971630136986301,8.63013698630137,7.69421698630137,0.0,23,7,1.0,0.02525149820432475,0.02525149820432475,4,2400
central-balanced-c97p49-r30p0-single-mode-per-order,single-mode-per-order,0.3,combined,2,no-feasible-allocation-found,False,139828.18757029253,14395.908249999999,40.13360402968036,10.458662385844752,8.63013698630137,4.123287671232877,0.5971630136986301,8.63013698630137,7.69421698630137,0.0,23,7,1.0,0.02525149820432475,0.02525149820432475,4,2400
central-balanced-c97p49-r30p0-single-mode-per-order,single-mode-per-order,0.3,combined,3,no-feasible-allocation-found,False,139828.18757029253,14395.908249999999,40.13360402968036,10.458662385844752,8.63013698630137,4.123287671232877,0.5971630136986301,8.63013698630137,7.69421698630137,0.0,23,7,1.0,0.02525149820432475,0.02525149820432475,4,2400
central-balanced-c97p49-r30p0-single-mode-per-order,single-mode-per-order,0.3,combined,4,no-feasible-allocation-found,False,139828.18757029253,14395.908249999999,40.13360402968036,10.458662385844752,8.63013698630137,4.123287671232877,0.5971630136986301,8.63013698630137,7.69421698630137,0.0,23,7,1.0,0.02525149820432475,0.02525149820432475,4,2400
central-balanced-c97p49-r30p0-single-mode-per-order,single-mode-per-order,0.3,combined,5,no-feasible-allocation-found,False,139828.18757029253,14395.908249999999,40.13360402968036,10.458662385844752,8.63013698630137,4.123287671232877,0.5971630136986301,8.63013698630137,7.69421698630137,0.0,23,7,1.0,0.02525149820432475,0.02525149820432475,4,2400
central-balanced-c97p49-r30p0-single-mode-per-order,single-mode-per-order,0.3,combined,6,no-feasible-allocation-found,False,139828.18757029253,14395.908249999999,40.13360402968036,10.458662385844752,8.63013698630137,4.123287671232877,0.5971630136986301,8.63013698630137,7.69421698630137,0.0,23,7,1.0,0.02525149820432475,0.02525149820432475,4,2400
central-balanced-c97p49-r30p0-single-mode-per-order,single-mode-per-order,0.3,combined,7,no-feasible-allocation-found,False,139828.18757029253,14395.908249999999,40.13360402968036,10.458662385844752,8.63013698630137,4.123287671232877,0.5971630136986301,8.63013698630137,7.69421698630137,0.0,23,7,1.0,0.02525149820432475,0.02525149820432475,4,2400
central-balanced-c97p49-r30p0-single-mode-per-order,single-mode-per-order,0.3,combined,8,no-feasible-allocation-found,False,139828.18757029253,14395.908249999999,40.13360402968036,10.458662385844752,8.63013698630137,4.123287671232877,0.5971630136986301,8.63013698630137,7.69421698630137,0.0,23,7,1.0,0.02525149820432475,0.02525149820432475,4,2400
central-balanced-c97p49-r30p0-single-mode-per-order,single-mode-per-order,0.3,combined,9,no-feasible-allocation-found,False,139828.18757029253,14395.908249999999,40.13360402968036,10.458662385844752,8.63013698630137,4.123287671232877,0.5971630136986301,8.63013698630137,7.69421698630137,0.0,23,7,1.0,0.02525149820432475,0.02525149820432475,4,2400
central-balanced-c97p49-r30p0-single-mode-per-order,single-mode-per-order,0.3,combined,10,no-feasible-allocation-found,False,139828.18757029253,14395.908249999999,40.13360402968036,10.458662385844752,8.63013698630137,4.123287671232877,0.5971630136986301,8.63013698630137,7.69421698630137,0.0,23,7,1.0,0.02525149820432475,0.02525149820432475,4,2400
central-balanced-c97p49-r30p0-single-mode-per-order,single-mode-per-order,0.3,combined,11,no-feasible-allocation-found,False,139828.18757029253,14395.908249999999,40.13360402968036,10.458662385844752,8.63013698630137,4.123287671232877,0.5971630136986301,8.63013698630137,7.69421698630137,0.0,23,7,1.0,0.02525149820432475,0.02525149820432475,4,2400
central-balanced-c97p49-r30p0-single-mode-per-order,single-mode-per-order,0.3,combined,12,no-feasible-allocation-found,False,139828.18757029253,14395.908249999999,40.13360402968036,10.458662385844752,8.63013698630137,4.123287671232877,0.5971630136986301,8.63013698630137,7.69421698630137,0.0,23,7,1.0,0.02525149820432475,0.02525149820432475,4,2400
central-balanced-c97p49-r30p0-single-mode-per-order,single-mode-per-order,0.3,combined,13,no-feasible-allocation-found,False,139828.18757029253,14395.908249999999,40.13360402968036,10.458662385844752,8.63013698630137,4.123287671232877,0.5971630136986301,8.63013698630137,7.69421698630137,0.0,23,7,1.0,0.02525149820432475,0.02525149820432475,4,2400
central-balanced-c97p49-r30p0-single-mode-per-order,single-mode-per-order,0.3,combined,14,no-feasible-allocation-found,False,139828.18757029253,14395.908249999999,40.13360402968036,10.458662385844752,8.63013698630137,4.123287671232877,0.5971630136986301,8.63013698630137,7.69421698630137,0.0,23,7,1.0,0.02525149820432475,0.02525149820432475,4,2400
central-balanced-c97p49-r30p0-single-mode-per-order,single-mode-per-order,0.3,combined,15,no-feasible-allocation-found,False,139828.18757029253,14395.908249999999,40.13360402968036,10.458662385844752,8.63013698630137,4.123287671232877,0.5971630136986301,8.63013698630137,7.69421698630137,0.0,23,7,1.0,0.02525149820432475,0.02525149820432475,4,2400
central-balanced-c97p49-r30p0-single-mode-per-order,single-mode-per-order,0.3,combined,16,no-feasible-allocation-found,False,139828.18757029253,14395.908249999999,40.13360402968036,10.458662385844752,8.63013698630137,4.123287671232877,0.5971630136986301,8.63013698630137,7.69421698630137,0.0,23,7,1.0,0.02525149820432475,0.02525149820432475,4,2400
central-balanced-c97p49-r30p0-single-mode-per-order,single-mode-per-order,0.3,combined,17,no-feasible-allocation-found,False,139828.18757029253,14395.908249999999,40.13360402968036,10.458662385844752,8.63013698630137,4.123287671232877,0.5971630136986301,8.63013698630137,7.69421698630137,0.0,23,7,1.0,0.02525149820432475,0.02525149820432475,4,2400
central-balanced-c97p49-r30p0-single-mode-per-order,single-mode-per-order,0.3,combined,18,no-feasible-allocation-found,False,139828.18757029253,14395.908249999999,40.13360402968036,10.458662385844752,8.63013698630137,4.123287671232877,0.5971630136986301,8.63013698630137,7.69421698630137,0.0,23,7,1.0,0.02525149820432475,0.02525149820432475,4,2400
central-balanced-c97p49-r30p0-single-mode-per-order,single-mode-per-order,0.3,combined,19,no-feasible-allocation-found,False,139828.18757029253,14395.908249999999,40.13360402968036,10.458662385844752,8.63013698630137,4.123287671232877,0.5971630136986301,8.63013698630137,7.69421698630137,0.0,23,7,1.0,0.02525149820432475,0.02525149820432475,4,2400
central-balanced-c97p49-r30p0-single-mode-per-order,single-mode-per-order,0.3,combined,20,no-feasible-allocation-found,False,139828.18757029253,14395.908249999999,40.13360402968036,10.458662385844752,8.63013698630137,4.123287671232877,0.5971630136986301,8.63013698630137,7.69421698630137,0.0,23,7,1.0,0.02525149820432475,0.02525149820432475,4,2400
central-balanced-c97p49-r30p0-single-mode-per-order,single-mode-per-order,0.3,combined,21,no-feasible-allocation-found,False,139828.18757029253,14395.908249999999,40.13360402968036,10.458662385844752,8.63013698630137,4.123287671232877,0.5971630136986301,8.63013698630137,7.69421698630137,0.0,23,7,1.0,0.02525149820432475,0.02525149820432475,4,2400
central-balanced-c97p49-r30p0-single-mode-per-order,single-mode-per-order,0.3,combined,22,no-feasible-allocation-found,False,139828.18757029253,14395.908249999999,40.13360402968036,10.458662385844752,8.63013698630137,4.123287671232877,0.5971630136986301,8.63013698630137,7.69421698630137,0.0,23,7,1.0,0.02525149820432475,0.02525149820432475,4,2400
central-balanced-c97p49-r30p0-single-mode-per-order,single-mode-per-order,0.3,combined,23,no-feasible-allocation-found,False,139828.18757029253,14395.908249999999,40.13360402968036,10.458662385844752,8.63013698630137,4.123287671232877,0.5971630136986301,8.63013698630137,7.69421698630137,0.0,23,7,1.0,0.02525149820432475,0.02525149820432475,4,2400
central-balanced-c97p49-r30p0-single-mode-per-order,single-mode-per-order,0.3,combined,24,no-feasible-allocation-found,False,139828.18757029253,14395.908249999999,40.13360402968036,10.458662385844752,8.63013698630137,4.123287671232877,0.5971630136986301,8.63013698630137,7.69421698630137,0.0,23,7,1.0,0.02525149820432475,0.02525149820432475,4,2400
central-balanced-c97p49-r30p0-single-mode-per-order,single-mode-per-order,0.3,combined,25,no-feasible-allocation-found,False,139828.18757029253,14395.908249999999,40.13360402968036,10.458662385844752,8.63013698630137,4.123287671232877,0.5971630136986301,8.63013698630137,7.69421698630137,0.0,23,7,1.0,0.02525149820432475,0.02525149820432475,4,2400
central-balanced-c97p49-r30p0-single-mode-per-order,single-mode-per-order,0.3,combined,26,no-feasible-allocation-found,False,139828.18757029253,14395.908249999999,40.13360402968036,10.458662385844752,8.63013698630137,4.123287671232877,0.5971630136986301,8.63013698630137,7.69421698630137,0.0,23,7,1.0,0.02525149820432475,0.02525149820432475,4,2400
central-balanced-c97p49-r30p0-single-mode-per-order,single-mode-per-order,0.3,combined,27,no-feasible-allocation-found,False,139828.18757029253,14395.908249999999,40.13360402968036,10.458662385844752,8.63013698630137,4.123287671232877,0.5971630136986301,8.63013698630137,7.69421698630137,0.0,23,7,1.0,0.02525149820432475,0.02525149820432475,4,2400
central-balanced-c97p49-r30p0-single-mode-per-order,single-mode-per-order,0.3,combined,28,no-feasible-allocation-found,False,139828.18757029253,14395.908249999999,40.13360402968036,10.458662385844752,8.63013698630137,4.123287671232877,0.5971630136986301,8.63013698630137,7.69421698630137,0.0,23,7,1.0,0.02525149820432475,0.02525149820432475,4,2400
central-balanced-c97p49-r30p0-single-mode-per-order,single-mode-per-order,0.3,combined,29,no-feasible-allocation-found,False,139828.18757029253,14395.908249999999,40.13360402968036,10.458662385844752,8.63013698630137,4.123287671232877,0.5971630136986301,8.63013698630137,7.69421698630137,0.0,23,7,1.0,0.02525149820432475,0.02525149820432475,4,2400
central-balanced-c97p49-r30p0-single-mode-per-order,single-mode-per-order,0.3,hybrid-seeded,0,no-feasible-allocation-found,False,139828.18757029253,14395.908249999999,40.13360402968036,10.458662385844752,8.63013698630137,4.123287671232877,0.5971630136986301,8.63013698630137,7.69421698630137,0.0,23,7,1.0,0.02525149820432475,0.02525149820432475,4,2400
central-balanced-c97p49-r30p0-single-mode-per-order,single-mode-per-order,0.3,hybrid-seeded,1,no-feasible-allocation-found,False,139828.18757029253,14395.908249999999,40.13360402968036,10.458662385844752,8.63013698630137,4.123287671232877,0.5971630136986301,8.63013698630137,7.69421698630137,0.0,23,7,1.0,0.02525149820432475,0.02525149820432475,4,2400
central-balanced-c97p49-r30p0-single-mode-per-order,single-mode-per-order,0.3,hybrid-seeded,2,no-feasible-allocation-found,False,139828.18757029253,14395.908249999999,40.13360402968036,10.458662385844752,8.63013698630137,4.123287671232877,0.5971630136986301,8.63013698630137,7.69421698630137,0.0,23,7,1.0,0.02525149820432475,0.02525149820432475,4,2400
central-balanced-c97p49-r30p0-single-mode-per-order,single-mode-per-order,0.3,hybrid-seeded,3,no-feasible-allocation-found,False,139828.18757029253,14395.908249999999,40.13360402968036,10.458662385844752,8.63013698630137,4.123287671232877,0.5971630136986301,8.63013698630137,7.69421698630137,0.0,23,7,1.0,0.02525149820432475,0.02525149820432475,4,2400
central-balanced-c97p49-r30p0-single-mode-per-order,single-mode-per-order,0.3,hybrid-seeded,4,no-feasible-allocation-found,False,139828.18757029253,14395.908249999999,40.13360402968036,10.458662385844752,8.63013698630137,4.123287671232877,0.5971630136986301,8.63013698630137,7.69421698630137,0.0,23,7,1.0,0.02525149820432475,0.02525149820432475,4,2400
central-balanced-c97p49-r30p0-single-mode-per-order,single-mode-per-order,0.3,hybrid-seeded,5,no-feasible-allocation-found,False,139828.18757029253,14395.908249999999,40.13360402968036,10.458662385844752,8.63013698630137,4.123287671232877,0.5971630136986301,8.63013698630137,7.69421698630137,0.0,23,7,1.0,0.02525149820432475,0.02525149820432475,4,2400
central-balanced-c97p49-r30p0-single-mode-per-order,single-mode-per-order,0.3,hybrid-seeded,6,no-feasible-allocation-found,False,139828.18757029253,14395.908249999999,40.13360402968036,10.458662385844752,8.63013698630137,4.123287671232877,0.5971630136986301,8.63013698630137,7.69421698630137,0.0,23,7,1.0,0.02525149820432475,0.02525149820432475,4,2400
central-balanced-c97p49-r30p0-single-mode-per-order,single-mode-per-order,0.3,hybrid-seeded,7,no-feasible-allocation-found,False,139828.18757029253,14395.908249999999,40.13360402968036,10.458662385844752,8.63013698630137,4.123287671232877,0.5971630136986301,8.63013698630137,7.69421698630137,0.0,23,7,1.0,0.02525149820432475,0.02525149820432475,4,2400
central-balanced-c97p49-r30p0-single-mode-per-order,single-mode-per-order,0.3,hybrid-seeded,8,no-feasible-allocation-found,False,139828.18757029253,14395.908249999999,40.13360402968036,10.458662385844752,8.63013698630137,4.123287671232877,0.5971630136986301,8.63013698630137,7.69421698630137,0.0,23,7,1.0,0.02525149820432475,0.02525149820432475,4,2400
central-balanced-c97p49-r30p0-single-mode-per-order,single-mode-per-order,0.3,hybrid-seeded,9,no-feasible-allocation-found,False,139828.18757029253,14395.908249999999,40.13360402968036,10.458662385844752,8.63013698630137,4.123287671232877,0.5971630136986301,8.63013698630137,7.69421698630137,0.0,23,7,1.0,0.02525149820432475,0.02525149820432475,4,2400
central-balanced-c97p49-r30p0-single-mode-per-order,single-mode-per-order,0.3,hybrid-seeded,10,no-feasible-allocation-found,False,139828.18757029253,14395.908249999999,40.13360402968036,10.458662385844752,8.63013698630137,4.123287671232877,0.5971630136986301,8.63013698630137,7.69421698630137,0.0,23,7,1.0,0.02525149820432475,0.02525149820432475,4,2400
central-balanced-c97p49-r30p0-single-mode-per-order,single-mode-per-order,0.3,hybrid-seeded,11,no-feasible-allocation-found,False,139828.18757029253,14395.908249999999,40.13360402968036,10.458662385844752,8.63013698630137,4.123287671232877,0.5971630136986301,8.63013698630137,7.69421698630137,0.0,23,7,1.0,0.02525149820432475,0.02525149820432475,4,2400
central-balanced-c97p49-r30p0-single-mode-per-order,single-mode-per-order,0.3,hybrid-seeded,12,no-feasible-allocation-found,False,139828.18757029253,14395.908249999999,40.13360402968036,10.458662385844752,8.63013698630137,4.123287671232877,0.5971630136986301,8.63013698630137,7.69421698630137,0.0,23,7,1.0,0.02525149820432475,0.02525149820432475,4,2400
central-balanced-c97p49-r30p0-single-mode-per-order,single-mode-per-order,0.3,hybrid-seeded,13,no-feasible-allocation-found,False,139828.18757029253,14395.908249999999,40.13360402968036,10.458662385844752,8.63013698630137,4.123287671232877,0.5971630136986301,8.63013698630137,7.69421698630137,0.0,23,7,1.0,0.02525149820432475,0.02525149820432475,4,2400
central-balanced-c97p49-r30p0-single-mode-per-order,single-mode-per-order,0.3,hybrid-seeded,14,no-feasible-allocation-found,False,139828.18757029253,14395.908249999999,40.13360402968036,10.458662385844752,8.63013698630137,4.123287671232877,0.5971630136986301,8.63013698630137,7.69421698630137,0.0,23,7,1.0,0.02525149820432475,0.02525149820432475,4,2400
central-balanced-c97p49-r30p0-single-mode-per-order,single-mode-per-order,0.3,hybrid-seeded,15,no-feasible-allocation-found,False,139828.18757029253,14395.908249999999,40.13360402968036,10.458662385844752,8.63013698630137,4.123287671232877,0.5971630136986301,8.63013698630137,7.69421698630137,0.0,23,7,1.0,0.02525149820432475,0.02525149820432475,4,2400
central-balanced-c97p49-r30p0-single-mode-per-order,single-mode-per-order,0.3,hybrid-seeded,16,no-feasible-allocation-found,False,139828.18757029253,14395.908249999999,40.13360402968036,10.458662385844752,8.63013698630137,4.123287671232877,0.5971630136986301,8.63013698630137,7.69421698630137,0.0,23,7,1.0,0.02525149820432475,0.02525149820432475,4,2400
central-balanced-c97p49-r30p0-single-mode-per-order,single-mode-per-order,0.3,hybrid-seeded,17,no-feasible-allocation-found,False,139828.18757029253,14395.908249999999,40.13360402968036,10.458662385844752,8.63013698630137,4.123287671232877,0.5971630136986301,8.63013698630137,7.69421698630137,0.0,23,7,1.0,0.02525149820432475,0.02525149820432475,4,2400
central-balanced-c97p49-r30p0-single-mode-per-order,single-mode-per-order,0.3,hybrid-seeded,18,no-feasible-allocation-found,False,139828.18757029253,14395.908249999999,40.13360402968036,10.458662385844752,8.63013698630137,4.123287671232877,0.5971630136986301,8.63013698630137,7.69421698630137,0.0,23,7,1.0,0.02525149820432475,0.02525149820432475,4,2400
central-balanced-c97p49-r30p0-single-mode-per-order,single-mode-per-order,0.3,hybrid-seeded,19,no-feasible-allocation-found,False,139828.18757029253,14395.908249999999,40.13360402968036,10.458662385844752,8.63013698630137,4.123287671232877,0.5971630136986301,8.63013698630137,7.69421698630137,0.0,23,7,1.0,0.02525149820432475,0.02525149820432475,4,2400
central-balanced-c97p49-r30p0-single-mode-per-order,single-mode-per-order,0.3,hybrid-seeded,20,no-feasible-allocation-found,False,139828.18757029253,14395.908249999999,40.13360402968036,10.458662385844752,8.63013698630137,4.123287671232877,0.5971630136986301,8.63013698630137,7.69421698630137,0.0,23,7,1.0,0.02525149820432475,0.02525149820432475,4,2400
central-balanced-c97p49-r30p0-single-mode-per-order,single-mode-per-order,0.3,hybrid-seeded,21,no-feasible-allocation-found,False,139828.18757029253,14395.908249999999,40.13360402968036,10.458662385844752,8.63013698630137,4.123287671232877,0.5971630136986301,8.63013698630137,7.69421698630137,0.0,23,7,1.0,0.02525149820432475,0.02525149820432475,4,2400
central-balanced-c97p49-r30p0-single-mode-per-order,single-mode-per-order,0.3,hybrid-seeded,22,no-feasible-allocation-found,False,139828.18757029253,14395.908249999999,40.13360402968036,10.458662385844752,8.63013698630137,4.123287671232877,0.5971630136986301,8.63013698630137,7.69421698630137,0.0,23,7,1.0,0.02525149820432475,0.02525149820432475,4,2400
central-balanced-c97p49-r30p0-single-mode-per-order,single-mode-per-order,0.3,hybrid-seeded,23,no-feasible-allocation-found,False,139828.18757029253,14395.908249999999,40.13360402968036,10.458662385844752,8.63013698630137,4.123287671232877,0.5971630136986301,8.63013698630137,7.69421698630137,0.0,23,7,1.0,0.02525149820432475,0.02525149820432475,4,2400
central-balanced-c97p49-r30p0-single-mode-per-order,single-mode-per-order,0.3,hybrid-seeded,24,no-feasible-allocation-found,False,139828.18757029253,14395.908249999999,40.13360402968036,10.458662385844752,8.63013698630137,4.123287671232877,0.5971630136986301,8.63013698630137,7.69421698630137,0.0,23,7,1.0,0.02525149820432475,0.02525149820432475,4,2400
central-balanced-c97p49-r30p0-single-mode-per-order,single-mode-per-order,0.3,hybrid-seeded,25,no-feasible-allocation-found,False,139828.18757029253,14395.908249999999,40.13360402968036,10.458662385844752,8.63013698630137,4.123287671232877,0.5971630136986301,8.63013698630137,7.69421698630137,0.0,23,7,1.0,0.02525149820432475,0.02525149820432475,4,2400
central-balanced-c97p49-r30p0-single-mode-per-order,single-mode-per-order,0.3,hybrid-seeded,26,no-feasible-allocation-found,False,139828.18757029253,14395.908249999999,40.13360402968036,10.458662385844752,8.63013698630137,4.123287671232877,0.5971630136986301,8.63013698630137,7.69421698630137,0.0,23,7,1.0,0.02525149820432475,0.02525149820432475,4,2400
central-balanced-c97p49-r30p0-single-mode-per-order,single-mode-per-order,0.3,hybrid-seeded,27,no-feasible-allocation-found,False,139828.18757029253,14395.908249999999,40.13360402968036,10.458662385844752,8.63013698630137,4.123287671232877,0.5971630136986301,8.63013698630137,7.69421698630137,0.0,23,7,1.0,0.02525149820432475,0.02525149820432475,4,2400
central-balanced-c97p49-r30p0-single-mode-per-order,single-mode-per-order,0.3,hybrid-seeded,28,no-feasible-allocation-found,False,139828.18757029253,14395.908249999999,40.13360402968036,10.458662385844752,8.63013698630137,4.123287671232877,0.5971630136986301,8.63013698630137,7.69421698630137,0.0,23,7,1.0,0.02525149820432475,0.02525149820432475,4,2400
central-balanced-c97p49-r30p0-single-mode-per-order,single-mode-per-order,0.3,hybrid-seeded,29,no-feasible-allocation-found,False,139828.18757029253,14395.908249999999,40.13360402968036,10.458662385844752,8.63013698630137,4.123287671232877,0.5971630136986301,8.63013698630137,7.69421698630137,0.0,23,7,1.0,0.02525149820432475,0.02525149820432475,4,2400
central-balanced-c97p49-r0p0-multimodal-enabled,multimodal-enabled,0.0,fixed,0,feasible-heuristic,True,90241.39165516649,19912.77085,23.385461929223744,8.796736586757993,4.986301369863014,1.643835616438356,0.5092583561643835,4.986301369863014,2.017823150684932,0.4452054794520548,12,6,1.0,0.0,0.0,0,2400
central-balanced-c97p49-r0p0-multimodal-enabled,multimodal-enabled,0.0,fixed,1,feasible-heuristic,True,89946.8619775745,18940.23005,24.124279280821916,8.91740325342466,5.123287671232877,1.6986301369863013,0.5092583561643835,5.123287671232877,2.168508082191781,0.583904109589041,12,6,1.0,0.0,0.0,0,2400
central-balanced-c97p49-r0p0-multimodal-enabled,multimodal-enabled,0.0,fixed,2,feasible-heuristic,True,90453.034228096,19521.090399999997,24.193255022831053,8.917885844748861,5.136986301369863,1.7123287671232876,0.5092583561643835,5.136986301369863,2.1959053424657538,0.583904109589041,12,6,1.0,0.0,0.0,0,2400
central-balanced-c97p49-r0p0-multimodal-enabled,multimodal-enabled,0.0,fixed,3,feasible-heuristic,True,90358.06105513599,20546.8864,22.495498310502285,8.593872146118724,4.835616438356165,1.4657534246575343,0.4522961643835616,4.835616438356165,1.8671382191780825,0.4452054794520548,11,5,1.0,0.0,0.0,0,2400
central-balanced-c97p49-r0p0-multimodal-enabled,multimodal-enabled,0.0,fixed,4,feasible-heuristic,True,90639.48738120148,20162.29235,23.74692140410959,8.863675513698631,5.013698630136986,1.6575342465753424,0.5092583561643835,5.013698630136986,2.0520697260273977,0.636986301369863,12,6,1.0,0.0,0.0,0,2400
central-balanced-c97p49-r0p0-multimodal-enabled,multimodal-enabled,0.0,fixed,5,feasible-heuristic,True,91418.77736333349,19880.37915,24.155407888127858,8.781049942922374,5.095890410958904,1.6164383561643836,0.5079435616438356,5.095890410958904,2.200318493150685,0.8578767123287672,12,6,1.0,0.0,0.0,0,2400
central-balanced-c97p49-r0p0-multimodal-enabled,multimodal-enabled,0.0,fixed,6,feasible-heuristic,True,89529.38565345349,19811.867150000002,23.735064965753423,8.82227825342466,5.109589041095891,1.6849315068493151,0.5182512328767123,5.109589041095891,2.0452204109589043,0.4452054794520548,13,6,1.0,0.0,0.0,0,2400
central-balanced-c97p49-r0p0-multimodal-enabled,multimodal-enabled,0.0,fixed,7,feasible-heuristic,True,93279.456229148,19377.7852,24.581434885844747,8.81660159817352,5.383561643835616,1.8356164383561644,0.5291265753424658,5.383561643835616,2.331597123287671,0.3013698630136986,14,6,1.0,0.0,0.0,0,2400
central-balanced-c97p49-r0p0-multimodal-enabled,multimodal-enabled,0.0,fixed,8,feasible-heuristic,True,90948.84156460452,19804.777049999993,23.49935864155251,8.70802425799087,5.054794520547945,1.5753424657534247,0.5008331506849315,5.054794520547945,2.1124190410958903,0.4931506849315068,11,6,1.0,0.0,0.0,0,2400
central-balanced-c97p49-r0p0-multimodal-enabled,multimodal-enabled,0.0,fixed,9,feasible-heuristic,True,89877.33582817398,20210.0326,23.436839497716896,8.848114155251144,5.027397260273973,1.6027397260273972,0.5092583561643835,5.027397260273973,1.976727260273973,0.4452054794520548,12,6,1.0,0.0,0.0,0,2400
central-balanced-c97p49-r0p0-multimodal-enabled,multimodal-enabled,0.0,fixed,10,feasible-heuristic,True,91643.43499431999,19731.068,24.03265890410959,8.831613013698632,5.205479452054795,1.7534246575342465,0.520133698630137,5.205479452054795,2.2151587671232877,0.3013698630136986,13,6,1.0,0.0,0.0,0,2400
central-balanced-c97p49-r0p0-multimodal-enabled,multimodal-enabled,0.0,fixed,11,feasible-heuristic,True,91219.57021685499,19588.439499999997,23.3293257762557,8.79405194063927,4.945205479452055,1.6027397260273972,0.48320410958904114,4.945205479452055,2.113713561643836,0.4452054794520548,11,6,1.0,0.0,0.0,0,2400
central-balanced-c97p49-r0p0-multimodal-enabled,multimodal-enabled,0.0,fixed,12,feasible-heuristic,True,90189.21886996899,19889.478099999997,23.544609474885846,8.784651255707765,5.068493150684931,1.63013698630137,0.5092583561643835,5.068493150684931,2.0383710958904113,0.4452054794520548,12,6,1.0,0.0,0.0,0,2400
central-balanced-c97p49-r0p0-multimodal-enabled,multimodal-enabled,0.0,fixed,13,feasible-heuristic,True,91418.8213075655,19532.255949999995,24.416729623287672,9.040333047945206,5.287671232876712,1.6575342465753424,0.5092583561643835,5.287671232876712,2.189056027397261,0.4452054794520548,12,6,1.0,0.0,0.0,0,2400
central-balanced-c97p49-r0p0-multimodal-enabled,multimodal-enabled,0.0,fixed,14,feasible-heuristic,True,90956.47385131549,19754.130949999995,24.080312956621007,8.738162956621006,5.328767123287672,1.6027397260273972,0.5092583561643835,5.328767123287672,2.1274121917808224,0.4452054794520548,12,6,1.0,0.0,0.0,0,2400
central-balanced-c97p49-r0p0-multimodal-enabled,multimodal-enabled,0.0,fixed,15,feasible-heuristic,True,89449.64635953649,20336.58384999999,22.216449874429223,8.449791381278539,4.808219178082192,1.4383561643835616,0.45431479452054796,4.808219178082192,1.8123436986301373,0.4452054794520548,11,5,1.0,0.0,0.0,0,2400
central-balanced-c97p49-r0p0-multimodal-enabled,multimodal-enabled,0.0,fixed,16,feasible-heuristic,True,89699.27245921399,20397.928599999996,21.645383059360725,8.066689497716895,4.7534246575342465,1.4383561643835616,0.4033361643835617,4.7534246575342465,1.7849464383561646,0.4452054794520548,11,5,1.0,0.0,0.0,0,2400
central-balanced-c97p49-r0p0-multimodal-enabled,multimodal-enabled,0.0,fixed,17,feasible-heuristic,True,90981.38349631352,19319.081149999995,24.369776152968033,8.840551084474887,5.273972602739726,1.7671232876712328,0.5182512328767123,5.273972602739726,2.2506998630136987,0.4452054794520548,13,6,1.0,0.0,0.0,0,2400
central-balanced-c97p49-r0p0-multimodal-enabled,multimodal-enabled,0.0,fixed,18,feasible-heuristic,True,90348.50101242798,20181.457199999997,23.046276164383563,8.80288698630137,4.876712328767123,1.5753424657534247,0.5008331506849315,4.876712328767123,2.0233779452054796,0.3904109589041096,11,6,1.0,0.0,0.0,0,2400
central-balanced-c97p49-r0p0-multimodal-enabled,multimodal-enabled,0.0,fixed,19,feasible-heuristic,True,89776.913335744,19781.0256,23.518453652968034,8.758495433789955,5.068493150684931,1.63013698630137,0.5092583561643835,5.068493150684931,2.0383710958904113,0.4452054794520548,12,6,1.0,0.0,0.0,0,2400
central-balanced-c97p49-r0p0-multimodal-enabled,multimodal-enabled,0.0,fixed,20,feasible-heuristic,True,90348.74900978299,19886.846700000002,23.75314801369863,8.840361301369864,5.109589041095891,1.6849315068493151,0.5182512328767123,5.109589041095891,2.0452204109589043,0.4452054794520548,13,6,1.0,0.0,0.0,0,2400
central-balanced-c97p49-r0p0-multimodal-enabled,multimodal-enabled,0.0,fixed,21,feasible-heuristic,True,89137.88016212448,20090.525049999997,22.77117599315069,8.753814212328768,4.876712328767123,1.5205479452054795,0.5008331506849315,4.876712328767123,1.9411861643835617,0.3013698630136986,11,6,1.0,0.0,0.0,0,2400
central-balanced-c97p49-r0p0-multimodal-enabled,multimodal-enabled,0.0,fixed,22,feasible-heuristic,True,90210.63716381449,19830.10605,24.099469372146118,8.896867865296807,5.178082191780822,1.7671232876712328,0.5272441095890411,5.178082191780822,2.1068642465753427,0.4452054794520548,14,6,1.0,0.0,0.0,0,2400
central-balanced-c97p49-r0p0-multimodal-enabled,multimodal-enabled,0.0,fixed,23,feasible-heuristic,True,89790.74167149099,19562.875899999995,23.320679703196348,8.753660388127855,4.972602739726027,1.5890410958904109,0.5008331506849315,4.972602739726027,2.091871095890411,0.4400684931506849,11,6,1.0,0.0,0.0,0,2400
central-balanced-c97p49-r0p0-multimodal-enabled,multimodal-enabled,0.0,fixed,24,feasible-heuristic,True,90675.0214305245,19036.185050000004,24.451616906392694,8.990884988584476,5.273972602739726,1.7397260273972603,0.5182512328767123,5.273972602739726,2.20960397260274,0.4452054794520548,13,6,1.0,0.0,0.0,0,2400
central-balanced-c97p49-r0p0-multimodal-enabled,multimodal-enabled,0.0,fixed,25,feasible-heuristic,True,89930.3447165495,20109.457549999996,23.618062956621007,8.823858162100457,5.109589041095891,1.6027397260273972,0.5092583561643835,5.109589041095891,2.017823150684932,0.4452054794520548,12,6,1.0,0.0,0.0,0,2400
central-balanced-c97p49-r0p0-multimodal-enabled,multimodal-enabled,0.0,fixed,26,feasible-heuristic,True,89833.10339206,19772.293999999998,23.00902388127854,8.786182648401827,4.931506849315069,1.547945205479452,0.5008331506849315,4.931506849315069,2.0096793150684933,0.3013698630136986,11,6,1.0,0.0,0.0,0,2400
central-balanced-c97p49-r0p0-multimodal-enabled,multimodal-enabled,0.0,fixed,27,feasible-heuristic,True,89328.59425122701,19719.8023,23.29820878995434,8.743730022831052,4.986301369863014,1.63013698630137,0.5092583561643835,4.986301369863014,1.9972752054794523,0.4452054794520548,12,6,1.0,0.0,0.0,0,2400
central-balanced-c97p49-r0p0-multimodal-enabled,multimodal-enabled,0.0,fixed,28,feasible-heuristic,True,89908.06110323801,19357.6262,23.76270365296804,8.79726598173516,5.095890410958904,1.6849315068493151,0.5092583561643835,5.095890410958904,2.1342615068493154,0.4452054794520548,12,6,1.0,0.0,0.0,0,2400
central-balanced-c97p49-r0p0-multimodal-enabled,multimodal-enabled,0.0,fixed,29,feasible-heuristic,True,89599.2501654935,19959.163149999993,22.983058847031966,8.706734874429227,4.835616438356165,1.4794520547945205,0.49895068493150685,4.835616438356165,1.9605924657534248,0.666095890410959,11,6,1.0,0.0,0.0,0,2400
central-balanced-c97p49-r0p0-multimodal-enabled,multimodal-enabled,0.0,adaptive,0,feasible-heuristic,True,90782.09579102648,19623.18485,23.711196906392697,8.84595348173516,5.095890410958904,1.7123287671232876,0.5130983561643836,5.095890410958904,2.1466656164383564,0.3013698630136986,12,7,1.0,0.0,0.0,0,2400
central-balanced-c97p49-r0p0-multimodal-enabled,multimodal-enabled,0.0,adaptive,1,feasible-heuristic,True,89543.7754893475,20001.62775,22.570543778538816,8.548317066210045,4.835616438356165,1.547945205479452,0.46330767123287675,4.835616438356165,1.894535479452055,0.4452054794520548,12,5,1.0,0.0,0.0,0,2400
central-balanced-c97p49-r0p0-multimodal-enabled,multimodal-enabled,0.0,adaptive,2,feasible-heuristic,True,90426.13044361999,19548.638,23.13528913242009,8.66987557077626,4.986301369863014,1.5753424657534247,0.4612890410958904,4.986301369863014,2.0109738356164386,0.4452054794520548,12,5,1.0,0.0,0.0,0,2400
central-balanced-c97p49-r0p0-multimodal-enabled,multimodal-enabled,0.0,adaptive,3,feasible-heuristic,True,89171.70606256998,19925.492999999995,23.162736757990867,8.77949086757991,4.945205479452055,1.6027397260273972,0.5092583561643835,4.945205479452055,1.935631369863014,0.4452054794520548,12,6,1.0,0.0,0.0,0,2400
central-balanced-c97p49-r0p0-multimodal-enabled,multimodal-enabled,0.0,adaptive,4,feasible-heuristic,True,89464.05268440799,19788.7592,23.610045570776254,8.886896118721463,4.986301369863014,1.7671232876712328,0.5272441095890411,4.986301369863014,2.0109738356164386,0.4452054794520548,14,6,1.0,0.0,0.0,0,2400
central-balanced-c97p49-r0p0-multimodal-enabled,multimodal-enabled,0.0,adaptive,5,feasible-heuristic,True,92014.1658752645,20055.211049999994,24.0805473173516,8.913748002283107,5.178082191780822,1.7671232876712328,0.520133698630137,5.178082191780822,2.2220080821917807,0.3013698630136986,13,6,1.0,0.0,0.0,0,2400
central-balanced-c97p49-r0p0-multimodal-enabled,multimodal-enabled,0.0,adaptive,6,feasible-heuristic,True,88254.86127348649,19676.43885,22.568569828767128,8.653947773972604,4.835616438356165,1.5205479452054795,0.5008331506849315,4.835616438356165,1.9206382191780822,0.3013698630136986,11,6,1.0,0.0,0.0,0,2400
central-balanced-c97p49-r0p0-multimodal-enabled,multimodal-enabled,0.0,adaptive,7,feasible-heuristic,True,90203.3184769025,19887.99725,23.051410833333335,8.637281107305938,4.931506849315069,1.6027397260273972,0.4921969863013699,4.931506849315069,2.0109738356164386,0.4452054794520548,12,6,1.0,0.0,0.0,0,2400
central-balanced-c97p49-r0p0-multimodal-enabled,multimodal-enabled,0.0,adaptive,8,feasible-heuristic,True,88787.66212541598,19796.858399999994,22.631858356164383,8.682989726027397,4.8493150684931505,1.5205479452054795,0.5008331506849315,4.8493150684931505,1.9274875342465754,0.3013698630136986,11,6,1.0,0.0,0.0,0,2400
central-balanced-c97p49-r0p0-multimodal-enabled,multimodal-enabled,0.0,adaptive,9,feasible-heuristic,True,89740.12796569099,20138.455899999994,23.16328573059361,8.749975456621005,4.890410958904109,1.4794520547945205,0.49895068493150685,4.890410958904109,1.9879897260273973,0.666095890410959,11,6,1.0,0.0,0.0,0,2400
central-balanced-c97p49-r0p0-multimodal-enabled,multimodal-enabled,0.0,adaptive,10,feasible-heuristic,True,89894.725767588,19839.941199999994,22.77923506849315,8.693380136986303,4.904109589041096,1.5205479452054795,0.5008331506849315,4.904109589041096,1.954884794520548,0.3013698630136986,11,6,1.0,0.0,0.0,0,2400
central-balanced-c97p49-r0p0-multimodal-enabled,multimodal-enabled,0.0,adaptive,11,feasible-heuristic,True,88906.33067727549,19643.03495,22.772370627853885,8.755008847031965,4.8493150684931505,1.547945205479452,0.5008331506849315,4.8493150684931505,1.9685834246575342,0.3013698630136986,11,6,1.0,0.0,0.0,0,2400
central-balanced-c97p49-r0p0-multimodal-enabled,multimodal-enabled,0.0,adaptive,12,feasible-heuristic,True,91822.102095455,19853.079499999996,23.013440433789953,8.512774543378997,5.013698630136986,1.5205479452054795,0.47728794520547946,5.013698630136986,2.1740628767123287,0.3013698630136986,12,5,1.0,0.0,0.0,0,2400
central-balanced-c97p49-r0p0-multimodal-enabled,multimodal-enabled,0.0,adaptive,13,feasible-heuristic,True,91045.8027641695,19795.19555,23.81864971461187,8.784718892694066,5.1506849315068495,1.6575342465753424,0.5092583561643835,5.1506849315068495,2.120562876712329,0.4452054794520548,12,6,1.0,0.0,0.0,0,2400
central-balanced-c97p49-r0p0-multimodal-enabled,multimodal-enabled,0.0,adaptive,14,feasible-heuristic,True,90360.36795352898,19835.1221,23.599989611872154,8.77153824200913,5.095890410958904,1.63013698630137,0.5092583561643835,5.095890410958904,2.0520697260273977,0.4452054794520548,12,6,1.0,0.0,0.0,0,2400
central-balanced-c97p49-r0p0-multimodal-enabled,multimodal-enabled,0.0,adaptive,15,feasible-heuristic,True,89302.753970348,19873.6652,22.90764803652968,8.771704337899545,4.876712328767123,1.6027397260273972,0.5098260273972602,4.876712328767123,1.9685834246575342,0.3013698630136986,12,6,1.0,0.0,0.0,0,2400
central-balanced-c97p49-r0p0-multimodal-enabled,multimodal-enabled,0.0,adaptive,16,feasible-heuristic,True,89923.1584953275,19905.529749999998,23.107110216894977,8.693799942922375,4.890410958904109,1.4794520547945205,0.49895068493150685,4.890410958904109,1.9879897260273973,0.666095890410959,11,6,1.0,0.0,0.0,0,2400
central-balanced-c97p49-r0p0-multimodal-enabled,multimodal-enabled,0.0,adaptive,17,feasible-heuristic,True,89315.75444355949,19864.50655,23.371047842465757,8.834973458904111,4.958904109589041,1.6849315068493151,0.5182512328767123,4.958904109589041,1.9698779452054798,0.4452054794520548,13,6,1.0,0.0,0.0,0,2400
central-balanced-c97p49-r0p0-multimodal-enabled,multimodal-enabled,0.0,adaptive,18,feasible-heuristic,True,91689.00858868199,20446.181799999995,23.404896027397264,8.83958904109589,5.095890410958904,1.5205479452054795,0.5008331506849315,5.095890410958904,2.050775205479452,0.3013698630136986,11,6,1.0,0.0,0.0,0,2400
central-balanced-c97p49-r0p0-multimodal-enabled,multimodal-enabled,0.0,adaptive,19,feasible-heuristic,True,90143.3170447625,20400.21125,21.85141302511415,8.067240011415526,4.835616438356165,1.4383561643835616,0.4033361643835617,4.835616438356165,1.8260423287671237,0.4452054794520548,11,5,1.0,0.0,0.0,0,2400
central-balanced-c97p49-r0p0-multimodal-enabled,multimodal-enabled,0.0,adaptive,20,feasible-heuristic,True,91683.832746403,19553.684699999998,23.578262671232878,8.699871575342465,5.123287671232877,1.6027397260273972,0.46330767123287675,5.123287671232877,2.120562876712329,0.4452054794520548,12,5,1.0,0.0,0.0,0,2400
central-balanced-c97p49-r0p0-multimodal-enabled,multimodal-enabled,0.0,adaptive,21,feasible-heuristic,True,89975.118919776,19916.422399999992,22.694940547945205,8.711825342465753,4.863013698630137,1.5205479452054795,0.5008331506849315,4.863013698630137,1.9343368493150686,0.3013698630136986,11,6,1.0,0.0,0.0,0,2400
central-balanced-c97p49-r0p0-multimodal-enabled,multimodal-enabled,0.0,adaptive,22,feasible-heuristic,True,89352.0500327795,20036.08455,22.76188418949772,8.725286244292239,4.739726027397261,1.4794520547945205,0.49895068493150685,4.739726027397261,1.9126472602739728,0.666095890410959,11,6,1.0,0.0,0.0,0,2400
central-balanced-c97p49-r0p0-multimodal-enabled,multimodal-enabled,0.0,adaptive,23,feasible-heuristic,True,90176.6730266665,18953.12085,23.646593801369864,8.944300513698632,5.068493150684931,1.6027397260273972,0.5008331506849315,5.068493150684931,2.1603642465753428,0.3013698630136986,11,6,1.0,0.0,0.0,0,2400
central-balanced-c97p49-r0p0-multimodal-enabled,multimodal-enabled,0.0,adaptive,24,feasible-heuristic,True,89791.82852291301,19601.2837,23.873050707762555,8.841682077625572,5.109589041095891,1.7671232876712328,0.5272441095890411,5.109589041095891,2.072617671232877,0.4452054794520548,14,6,1.0,0.0,0.0,0,2400
central-balanced-c97p49-r0p0-multimodal-enabled,multimodal-enabled,0.0,adaptive,25,feasible-heuristic,True,89074.7490328385,19982.303649999994,23.313424257990867,8.793192066210047,5.0,1.6027397260273972,0.5092583561643835,5.0,1.9630286301369866,0.4452054794520548,12,6,1.0,0.0,0.0,0,2400
central-balanced-c97p49-r0p0-multimodal-enabled,multimodal-enabled,0.0,adaptive,26,feasible-heuristic,True,92374.3449705,20307.95,23.58292420091324,8.636039954337901,5.178082191780822,1.5753424657534247,0.46330767123287675,5.178082191780822,2.1068642465753427,0.4452054794520548,12,5,1.0,0.0,0.0,0,2400
central-balanced-c97p49-r0p0-multimodal-enabled,multimodal-enabled,0.0,adaptive,27,feasible-heuristic,True,90339.4928545785,19656.129650000003,23.371746175799085,8.714527682648404,5.054794520547945,1.6027397260273972,0.5092583561643835,5.054794520547945,1.9904258904109593,0.4452054794520548,12,6,1.0,0.0,0.0,0,2400
central-balanced-c97p49-r0p0-multimodal-enabled,multimodal-enabled,0.0,adaptive,28,feasible-heuristic,True,90016.06016332899,20509.142099999997,22.340405639269406,8.50525399543379,4.808219178082192,1.4657534246575343,0.45431479452054796,4.808219178082192,1.8534395890410962,0.4452054794520548,11,5,1.0,0.0,0.0,0,2400
central-balanced-c97p49-r0p0-multimodal-enabled,multimodal-enabled,0.0,adaptive,29,feasible-heuristic,True,90408.87558038448,19247.699049999996,24.20126613013699,8.991416952054797,5.1506849315068495,1.7808219178082192,0.5207931506849316,5.1506849315068495,2.161658767123288,0.4452054794520548,13,6,1.0,0.0,0.0,0,2400
central-balanced-c97p49-r0p0-multimodal-enabled,multimodal-enabled,0.0,catastrophe,0,feasible-heuristic,True,90241.39165516649,19912.77085,23.385461929223744,8.796736586757993,4.986301369863014,1.643835616438356,0.5092583561643835,4.986301369863014,2.017823150684932,0.4452054794520548,12,6,1.0,0.0,0.0,0,2400
central-balanced-c97p49-r0p0-multimodal-enabled,multimodal-enabled,0.0,catastrophe,1,feasible-heuristic,True,89946.8619775745,18940.23005,24.124279280821916,8.91740325342466,5.123287671232877,1.6986301369863013,0.5092583561643835,5.123287671232877,2.168508082191781,0.583904109589041,12,6,1.0,0.0,0.0,0,2400
central-balanced-c97p49-r0p0-multimodal-enabled,multimodal-enabled,0.0,catastrophe,2,feasible-heuristic,True,90453.034228096,19521.090399999997,24.193255022831053,8.917885844748861,5.136986301369863,1.7123287671232876,0.5092583561643835,5.136986301369863,2.1959053424657538,0.583904109589041,12,6,1.0,0.0,0.0,0,2400
central-balanced-c97p49-r0p0-multimodal-enabled,multimodal-enabled,0.0,catastrophe,3,feasible-heuristic,True,90358.06105513599,20546.8864,22.495498310502285,8.593872146118724,4.835616438356165,1.4657534246575343,0.4522961643835616,4.835616438356165,1.8671382191780825,0.4452054794520548,11,5,1.0,0.0,0.0,0,2400
central-balanced-c97p49-r0p0-multimodal-enabled,multimodal-enabled,0.0,catastrophe,4,feasible-heuristic,True,90639.48738120148,20162.29235,23.74692140410959,8.863675513698631,5.013698630136986,1.6575342465753424,0.5092583561643835,5.013698630136986,2.0520697260273977,0.636986301369863,12,6,1.0,0.0,0.0,0,2400
central-balanced-c97p49-r0p0-multimodal-enabled,multimodal-enabled,0.0,catastrophe,5,feasible-heuristic,True,91418.77736333349,19880.37915,24.155407888127858,8.781049942922374,5.095890410958904,1.6164383561643836,0.5079435616438356,5.095890410958904,2.200318493150685,0.8578767123287672,12,6,1.0,0.0,0.0,0,2400
central-balanced-c97p49-r0p0-multimodal-enabled,multimodal-enabled,0.0,catastrophe,6,feasible-heuristic,True,89529.38565345349,19811.867150000002,23.735064965753423,8.82227825342466,5.109589041095891,1.6849315068493151,0.5182512328767123,5.109589041095891,2.0452204109589043,0.4452054794520548,13,6,1.0,0.0,0.0,0,2400
central-balanced-c97p49-r0p0-multimodal-enabled,multimodal-enabled,0.0,catastrophe,7,feasible-heuristic,True,93279.456229148,19377.7852,24.581434885844747,8.81660159817352,5.383561643835616,1.8356164383561644,0.5291265753424658,5.383561643835616,2.331597123287671,0.3013698630136986,14,6,1.0,0.0,0.0,0,2400
central-balanced-c97p49-r0p0-multimodal-enabled,multimodal-enabled,0.0,catastrophe,8,feasible-heuristic,True,90948.84156460452,19804.777049999993,23.49935864155251,8.70802425799087,5.054794520547945,1.5753424657534247,0.5008331506849315,5.054794520547945,2.1124190410958903,0.4931506849315068,11,6,1.0,0.0,0.0,0,2400
central-balanced-c97p49-r0p0-multimodal-enabled,multimodal-enabled,0.0,catastrophe,9,feasible-heuristic,True,89877.33582817398,20210.0326,23.436839497716896,8.848114155251144,5.027397260273973,1.6027397260273972,0.5092583561643835,5.027397260273973,1.976727260273973,0.4452054794520548,12,6,1.0,0.0,0.0,0,2400
central-balanced-c97p49-r0p0-multimodal-enabled,multimodal-enabled,0.0,catastrophe,10,feasible-heuristic,True,91643.43499431999,19731.068,24.03265890410959,8.831613013698632,5.205479452054795,1.7534246575342465,0.520133698630137,5.205479452054795,2.2151587671232877,0.3013698630136986,13,6,1.0,0.0,0.0,0,2400
central-balanced-c97p49-r0p0-multimodal-enabled,multimodal-enabled,0.0,catastrophe,11,feasible-heuristic,True,91219.57021685499,19588.439499999997,23.3293257762557,8.79405194063927,4.945205479452055,1.6027397260273972,0.48320410958904114,4.945205479452055,2.113713561643836,0.4452054794520548,11,6,1.0,0.0,0.0,0,2400
central-balanced-c97p49-r0p0-multimodal-enabled,multimodal-enabled,0.0,catastrophe,12,feasible-heuristic,True,90189.21886996899,19889.478099999997,23.544609474885846,8.784651255707765,5.068493150684931,1.63013698630137,0.5092583561643835,5.068493150684931,2.0383710958904113,0.4452054794520548,12,6,1.0,0.0,0.0,0,2400
central-balanced-c97p49-r0p0-multimodal-enabled,multimodal-enabled,0.0,catastrophe,13,feasible-heuristic,True,91418.8213075655,19532.255949999995,24.416729623287672,9.040333047945206,5.287671232876712,1.6575342465753424,0.5092583561643835,5.287671232876712,2.189056027397261,0.4452054794520548,12,6,1.0,0.0,0.0,0,2400
central-balanced-c97p49-r0p0-multimodal-enabled,multimodal-enabled,0.0,catastrophe,14,feasible-heuristic,True,90956.47385131549,19754.130949999995,24.080312956621007,8.738162956621006,5.328767123287672,1.6027397260273972,0.5092583561643835,5.328767123287672,2.1274121917808224,0.4452054794520548,12,6,1.0,0.0,0.0,0,2400
central-balanced-c97p49-r0p0-multimodal-enabled,multimodal-enabled,0.0,catastrophe,15,feasible-heuristic,True,89449.64635953649,20336.58384999999,22.216449874429223,8.449791381278539,4.808219178082192,1.4383561643835616,0.45431479452054796,4.808219178082192,1.8123436986301373,0.4452054794520548,11,5,1.0,0.0,0.0,0,2400
central-balanced-c97p49-r0p0-multimodal-enabled,multimodal-enabled,0.0,catastrophe,16,feasible-heuristic,True,89699.27245921399,20397.928599999996,21.645383059360725,8.066689497716895,4.7534246575342465,1.4383561643835616,0.4033361643835617,4.7534246575342465,1.7849464383561646,0.4452054794520548,11,5,1.0,0.0,0.0,0,2400
central-balanced-c97p49-r0p0-multimodal-enabled,multimodal-enabled,0.0,catastrophe,17,feasible-heuristic,True,90981.38349631352,19319.081149999995,24.369776152968033,8.840551084474887,5.273972602739726,1.7671232876712328,0.5182512328767123,5.273972602739726,2.2506998630136987,0.4452054794520548,13,6,1.0,0.0,0.0,0,2400
central-balanced-c97p49-r0p0-multimodal-enabled,multimodal-enabled,0.0,catastrophe,18,feasible-heuristic,True,90348.50101242798,20181.457199999997,23.046276164383563,8.80288698630137,4.876712328767123,1.5753424657534247,0.5008331506849315,4.876712328767123,2.0233779452054796,0.3904109589041096,11,6,1.0,0.0,0.0,0,2400
central-balanced-c97p49-r0p0-multimodal-enabled,multimodal-enabled,0.0,catastrophe,19,feasible-heuristic,True,89776.913335744,19781.0256,23.518453652968034,8.758495433789955,5.068493150684931,1.63013698630137,0.5092583561643835,5.068493150684931,2.0383710958904113,0.4452054794520548,12,6,1.0,0.0,0.0,0,2400
central-balanced-c97p49-r0p0-multimodal-enabled,multimodal-enabled,0.0,catastrophe,20,feasible-heuristic,True,90348.74900978299,19886.846700000002,23.75314801369863,8.840361301369864,5.109589041095891,1.6849315068493151,0.5182512328767123,5.109589041095891,2.0452204109589043,0.4452054794520548,13,6,1.0,0.0,0.0,0,2400
central-balanced-c97p49-r0p0-multimodal-enabled,multimodal-enabled,0.0,catastrophe,21,feasible-heuristic,True,89137.88016212448,20090.525049999997,22.77117599315069,8.753814212328768,4.876712328767123,1.5205479452054795,0.5008331506849315,4.876712328767123,1.9411861643835617,0.3013698630136986,11,6,1.0,0.0,0.0,0,2400
central-balanced-c97p49-r0p0-multimodal-enabled,multimodal-enabled,0.0,catastrophe,22,feasible-heuristic,True,90210.63716381449,19830.10605,24.099469372146118,8.896867865296807,5.178082191780822,1.7671232876712328,0.5272441095890411,5.178082191780822,2.1068642465753427,0.4452054794520548,14,6,1.0,0.0,0.0,0,2400
central-balanced-c97p49-r0p0-multimodal-enabled,multimodal-enabled,0.0,catastrophe,23,feasible-heuristic,True,89790.74167149099,19562.875899999995,23.320679703196348,8.753660388127855,4.972602739726027,1.5890410958904109,0.5008331506849315,4.972602739726027,2.091871095890411,0.4400684931506849,11,6,1.0,0.0,0.0,0,2400
central-balanced-c97p49-r0p0-multimodal-enabled,multimodal-enabled,0.0,catastrophe,24,feasible-heuristic,True,90675.0214305245,19036.185050000004,24.451616906392694,8.990884988584476,5.273972602739726,1.7397260273972603,0.5182512328767123,5.273972602739726,2.20960397260274,0.4452054794520548,13,6,1.0,0.0,0.0,0,2400
central-balanced-c97p49-r0p0-multimodal-enabled,multimodal-enabled,0.0,catastrophe,25,feasible-heuristic,True,89930.3447165495,20109.457549999996,23.618062956621007,8.823858162100457,5.109589041095891,1.6027397260273972,0.5092583561643835,5.109589041095891,2.017823150684932,0.4452054794520548,12,6,1.0,0.0,0.0,0,2400
central-balanced-c97p49-r0p0-multimodal-enabled,multimodal-enabled,0.0,catastrophe,26,feasible-heuristic,True,89833.10339206,19772.293999999998,23.00902388127854,8.786182648401827,4.931506849315069,1.547945205479452,0.5008331506849315,4.931506849315069,2.0096793150684933,0.3013698630136986,11,6,1.0,0.0,0.0,0,2400
central-balanced-c97p49-r0p0-multimodal-enabled,multimodal-enabled,0.0,catastrophe,27,feasible-heuristic,True,89328.59425122701,19719.8023,23.29820878995434,8.743730022831052,4.986301369863014,1.63013698630137,0.5092583561643835,4.986301369863014,1.9972752054794523,0.4452054794520548,12,6,1.0,0.0,0.0,0,2400
central-balanced-c97p49-r0p0-multimodal-enabled,multimodal-enabled,0.0,catastrophe,28,feasible-heuristic,True,89908.06110323801,19357.6262,23.76270365296804,8.79726598173516,5.095890410958904,1.6849315068493151,0.5092583561643835,5.095890410958904,2.1342615068493154,0.4452054794520548,12,6,1.0,0.0,0.0,0,2400
central-balanced-c97p49-r0p0-multimodal-enabled,multimodal-enabled,0.0,catastrophe,29,feasible-heuristic,True,89599.2501654935,19959.163149999993,22.983058847031966,8.706734874429227,4.835616438356165,1.4794520547945205,0.49895068493150685,4.835616438356165,1.9605924657534248,0.666095890410959,11,6,1.0,0.0,0.0,0,2400
central-balanced-c97p49-r0p0-multimodal-enabled,multimodal-enabled,0.0,combined,0,feasible-heuristic,True,90276.37194564697,19758.3603,23.195634589041095,8.725395547945208,4.904109589041096,1.6712328767123288,0.4935117808219178,4.904109589041096,2.0520697260273977,0.4452054794520548,12,6,1.0,0.0,0.0,0,2400
central-balanced-c97p49-r0p0-multimodal-enabled,multimodal-enabled,0.0,combined,1,feasible-heuristic,True,88427.12099860849,19752.47665,22.98402357305936,8.737763984018265,4.890410958904109,1.6027397260273972,0.5092583561643835,4.890410958904109,1.9082341095890414,0.4452054794520548,12,6,1.0,0.0,0.0,0,2400
central-balanced-c97p49-r0p0-multimodal-enabled,multimodal-enabled,0.0,combined,2,feasible-heuristic,True,89003.537511355,19901.4895,23.3688046803653,8.882819063926943,4.958904109589041,1.63013698630137,0.5092583561643835,4.958904109589041,1.9835765753424661,0.4452054794520548,12,6,1.0,0.0,0.0,0,2400
central-balanced-c97p49-r0p0-multimodal-enabled,multimodal-enabled,0.0,combined,3,feasible-heuristic,True,89709.507059519,19996.77309999999,22.851305273972606,8.731203767123286,4.917808219178082,1.5205479452054795,0.5008331506849315,4.917808219178082,1.9617341095890413,0.3013698630136986,11,6,1.0,0.0,0.0,0,2400
central-balanced-c97p49-r0p0-multimodal-enabled,multimodal-enabled,0.0,combined,4,feasible-heuristic,True,89399.05466771299,20024.3037,23.39204668949772,8.803321347031964,5.027397260273973,1.6027397260273972,0.5092583561643835,5.027397260273973,1.976727260273973,0.4452054794520548,12,6,1.0,0.0,0.0,0,2400
central-balanced-c97p49-r0p0-multimodal-enabled,multimodal-enabled,0.0,combined,5,feasible-heuristic,True,89953.29863419551,19647.842950000002,23.832493047945203,8.782720034246577,5.164383561643835,1.6849315068493151,0.5182512328767123,5.164383561643835,2.072617671232877,0.4452054794520548,13,6,1.0,0.0,0.0,0,2400
central-balanced-c97p49-r0p0-multimodal-enabled,multimodal-enabled,0.0,combined,6,feasible-heuristic,True,89787.2067091075,19593.65175,23.4893825913242,8.832164098173516,4.986301369863014,1.6712328767123288,0.5092583561643835,4.986301369863014,2.0589190410958906,0.4452054794520548,12,6,1.0,0.0,0.0,0,2400
central-balanced-c97p49-r0p0-multimodal-enabled,multimodal-enabled,0.0,combined,7,feasible-heuristic,True,90788.4658007665,19755.710849999992,23.517345490867584,8.776120148401827,5.068493150684931,1.6712328767123288,0.5123679452054795,5.068493150684931,2.1192683561643837,0.3013698630136986,12,6,1.0,0.0,0.0,0,2400
central-balanced-c97p49-r0p0-multimodal-enabled,multimodal-enabled,0.0,combined,8,feasible-heuristic,True,89753.246061647,19714.260299999994,23.7544547716895,8.818578196347033,5.095890410958904,1.726027397260274,0.5207931506849316,5.095890410958904,2.0520697260273977,0.4452054794520548,13,6,1.0,0.0,0.0,0,2400
central-balanced-c97p49-r0p0-multimodal-enabled,multimodal-enabled,0.0,combined,9,feasible-heuristic,True,92163.80690516498,19859.858500000002,24.59640002283106,8.976819063926941,5.301369863013699,1.7945205479452055,0.5195660273972603,5.301369863013699,2.257549178082192,0.4452054794520548,13,6,1.0,0.0,0.0,0,2400
central-balanced-c97p49-r0p0-multimodal-enabled,multimodal-enabled,0.0,combined,10,feasible-heuristic,True,90528.6145178565,19793.751849999993,23.13825361872146,8.709932933789956,4.986301369863014,1.5753424657534247,0.5008331506849315,4.986301369863014,2.0781724657534246,0.3013698630136986,11,6,1.0,0.0,0.0,0,2400
central-balanced-c97p49-r0p0-multimodal-enabled,multimodal-enabled,0.0,combined,11,feasible-heuristic,True,90179.54124303198,20194.496800000004,23.656112054794523,8.914558219178083,5.041095890410959,1.6849315068493151,0.5182512328767123,5.041095890410959,2.0109738356164386,0.4452054794520548,13,6,1.0,0.0,0.0,0,2400
central-balanced-c97p49-r0p0-multimodal-enabled,multimodal-enabled,0.0,combined,12,feasible-heuristic,True,90043.6940236635,19325.096149999998,22.99217533105023,8.677571632420092,4.917808219178082,1.547945205479452,0.45431479452054796,4.917808219178082,2.031521780821918,0.4452054794520548,11,5,1.0,0.0,0.0,0,2400
central-balanced-c97p49-r0p0-multimodal-enabled,multimodal-enabled,0.0,combined,13,feasible-heuristic,True,89252.44658174747,19827.387749999998,23.2936026369863,8.826021404109591,4.931506849315069,1.6849315068493151,0.5182512328767123,4.931506849315069,1.9561793150684934,0.4452054794520548,13,6,1.0,0.0,0.0,0,2400
central-balanced-c97p49-r0p0-multimodal-enabled,multimodal-enabled,0.0,combined,14,feasible-heuristic,True,88728.7070161835,20038.844149999997,22.72446537671233,8.741350171232877,4.863013698630137,1.5205479452054795,0.5008331506849315,4.863013698630137,1.9343368493150686,0.3013698630136986,11,6,1.0,0.0,0.0,0,2400
central-balanced-c97p49-r0p0-multimodal-enabled,multimodal-enabled,0.0,combined,15,feasible-heuristic,True,90396.45654576349,19915.38615,23.639751312785386,8.777053367579908,5.136986301369863,1.6027397260273972,0.5092583561643835,5.136986301369863,2.031521780821918,0.4452054794520548,12,6,1.0,0.0,0.0,0,2400
central-balanced-c97p49-r0p0-multimodal-enabled,multimodal-enabled,0.0,combined,16,feasible-heuristic,True,88958.74628303302,19698.271699999998,23.244923401826487,8.724691210045664,5.0,1.6027397260273972,0.5092583561643835,5.0,1.9630286301369866,0.4452054794520548,12,6,1.0,0.0,0.0,0,2400
central-balanced-c97p49-r0p0-multimodal-enabled,multimodal-enabled,0.0,combined,17,feasible-heuristic,True,89855.87912003898,20068.7211,23.319803538812785,8.83381792237443,4.945205479452055,1.643835616438356,0.5092583561643835,4.945205479452055,1.9972752054794523,0.4452054794520548,12,6,1.0,0.0,0.0,0,2400
central-balanced-c97p49-r0p0-multimodal-enabled,multimodal-enabled,0.0,combined,18,feasible-heuristic,True,89866.80339489199,19840.8108,23.39984634703196,8.776874429223746,5.0,1.643835616438356,0.5092583561643835,5.0,2.024672465753425,0.4452054794520548,12,6,1.0,0.0,0.0,0,2400
central-balanced-c97p49-r0p0-multimodal-enabled,multimodal-enabled,0.0,combined,19,feasible-heuristic,True,91437.3602472555,19548.036949999994,24.259344920091323,8.848701769406395,5.273972602739726,1.6849315068493151,0.5092583561643835,5.273972602739726,2.2233026027397265,0.4452054794520548,12,6,1.0,0.0,0.0,0,2400
central-balanced-c97p49-r0p0-multimodal-enabled,multimodal-enabled,0.0,combined,20,feasible-heuristic,True,89858.36383457448,19549.530049999998,22.77549859589041,8.599899828767127,4.917808219178082,1.4931506849315068,0.4522961643835616,4.917808219178082,1.9493300000000002,0.4452054794520548,11,5,1.0,0.0,0.0,0,2400
central-balanced-c97p49-r0p0-multimodal-enabled,multimodal-enabled,0.0,combined,21,feasible-heuristic,True,91281.888135388,20520.661199999995,22.486310273972602,8.592260273972604,4.863013698630137,1.4657534246575343,0.45286383561643834,4.863013698630137,1.948035479452055,0.3013698630136986,11,5,1.0,0.0,0.0,0,2400
central-balanced-c97p49-r0p0-multimodal-enabled,multimodal-enabled,0.0,combined,22,feasible-heuristic,True,90514.188886226,19493.5274,23.67164589041096,8.950116438356165,4.958904109589041,1.5342465753424657,0.49895068493150685,4.958904109589041,2.104428082191781,0.666095890410959,11,6,1.0,0.0,0.0,0,2400
central-balanced-c97p49-r0p0-multimodal-enabled,multimodal-enabled,0.0,combined,23,feasible-heuristic,True,90453.64845790599,19813.359399999994,23.652906027397265,8.866277397260276,5.109589041095891,1.63013698630137,0.5098260273972602,5.109589041095891,2.1261176712328766,0.3013698630136986,12,6,1.0,0.0,0.0,0,2400
central-balanced-c97p49-r0p0-multimodal-enabled,multimodal-enabled,0.0,combined,24,feasible-heuristic,True,89483.9492539985,19739.187649999996,23.080695125570777,8.739271974885847,4.958904109589041,1.6027397260273972,0.5098260273972602,4.958904109589041,2.0096793150684933,0.3013698630136986,12,6,1.0,0.0,0.0,0,2400
central-balanced-c97p49-r0p0-multimodal-enabled,multimodal-enabled,0.0,combined,25,feasible-heuristic,True,89890.6252031315,19888.34935,23.770217066210048,8.770532819634706,5.191780821917808,1.6027397260273972,0.5092583561643835,5.191780821917808,2.0589190410958906,0.4452054794520548,12,6,1.0,0.0,0.0,0,2400
central-balanced-c97p49-r0p0-multimodal-enabled,multimodal-enabled,0.0,combined,26,feasible-heuristic,True,89518.94710122049,19660.515450000003,23.71610293378995,8.855967180365298,5.041095890410959,1.7671232876712328,0.5272441095890411,5.041095890410959,2.0383710958904113,0.4452054794520548,14,6,1.0,0.0,0.0,0,2400
central-balanced-c97p49-r0p0-multimodal-enabled,multimodal-enabled,0.0,combined,27,feasible-heuristic,True,91662.080010461,19598.228900000002,24.17358892694064,8.831438926940642,5.232876712328767,1.6986301369863013,0.5092583561643835,5.232876712328767,2.2233026027397265,0.4452054794520548,12,6,1.0,0.0,0.0,0,2400
central-balanced-c97p49-r0p0-multimodal-enabled,multimodal-enabled,0.0,combined,28,feasible-heuristic,True,89833.11709665702,19671.009299999998,23.655684817351602,8.827233447488588,5.095890410958904,1.63013698630137,0.5092583561643835,5.095890410958904,2.0520697260273977,0.4452054794520548,12,6,1.0,0.0,0.0,0,2400
central-balanced-c97p49-r0p0-multimodal-enabled,multimodal-enabled,0.0,combined,29,feasible-heuristic,True,90300.30573230599,19088.419399999995,23.79312634703197,8.938004566210049,5.109589041095891,1.6575342465753424,0.5098260273972602,5.109589041095891,2.1672135616438357,0.3013698630136986,12,6,1.0,0.0,0.0,0,2400
central-balanced-c97p49-r0p0-multimodal-enabled,multimodal-enabled,0.0,hybrid-seeded,0,feasible-heuristic,True,88091.2077922505,19624.66245,23.021691381278544,8.706938641552512,4.917808219178082,1.6027397260273972,0.5092583561643835,4.917808219178082,1.9219327397260277,0.4452054794520548,12,6,1.0,0.0,0.0,4,2400
central-balanced-c97p49-r0p0-multimodal-enabled,multimodal-enabled,0.0,hybrid-seeded,1,feasible-heuristic,True,88091.2077922505,19624.66245,23.021691381278544,8.706938641552512,4.917808219178082,1.6027397260273972,0.5092583561643835,4.917808219178082,1.9219327397260277,0.4452054794520548,12,6,1.0,0.0,0.0,4,2400
central-balanced-c97p49-r0p0-multimodal-enabled,multimodal-enabled,0.0,hybrid-seeded,2,feasible-heuristic,True,88091.2077922505,19624.66245,23.021691381278544,8.706938641552512,4.917808219178082,1.6027397260273972,0.5092583561643835,4.917808219178082,1.9219327397260277,0.4452054794520548,12,6,1.0,0.0,0.0,4,2400
central-balanced-c97p49-r0p0-multimodal-enabled,multimodal-enabled,0.0,hybrid-seeded,3,feasible-heuristic,True,88091.2077922505,19624.66245,23.021691381278544,8.706938641552512,4.917808219178082,1.6027397260273972,0.5092583561643835,4.917808219178082,1.9219327397260277,0.4452054794520548,12,6,1.0,0.0,0.0,4,2400
central-balanced-c97p49-r0p0-multimodal-enabled,multimodal-enabled,0.0,hybrid-seeded,4,feasible-heuristic,True,88091.2077922505,19624.66245,23.021691381278544,8.706938641552512,4.917808219178082,1.6027397260273972,0.5092583561643835,4.917808219178082,1.9219327397260277,0.4452054794520548,12,6,1.0,0.0,0.0,4,2400
central-balanced-c97p49-r0p0-multimodal-enabled,multimodal-enabled,0.0,hybrid-seeded,5,feasible-heuristic,True,88091.2077922505,19624.66245,23.021691381278544,8.706938641552512,4.917808219178082,1.6027397260273972,0.5092583561643835,4.917808219178082,1.9219327397260277,0.4452054794520548,12,6,1.0,0.0,0.0,4,2400
central-balanced-c97p49-r0p0-multimodal-enabled,multimodal-enabled,0.0,hybrid-seeded,6,feasible-heuristic,True,88091.2077922505,19624.66245,23.021691381278544,8.706938641552512,4.917808219178082,1.6027397260273972,0.5092583561643835,4.917808219178082,1.9219327397260277,0.4452054794520548,12,6,1.0,0.0,0.0,4,2400
central-balanced-c97p49-r0p0-multimodal-enabled,multimodal-enabled,0.0,hybrid-seeded,7,feasible-heuristic,True,88091.2077922505,19624.66245,23.021691381278544,8.706938641552512,4.917808219178082,1.6027397260273972,0.5092583561643835,4.917808219178082,1.9219327397260277,0.4452054794520548,12,6,1.0,0.0,0.0,4,2400
central-balanced-c97p49-r0p0-multimodal-enabled,multimodal-enabled,0.0,hybrid-seeded,8,feasible-heuristic,True,88091.2077922505,19624.66245,23.021691381278544,8.706938641552512,4.917808219178082,1.6027397260273972,0.5092583561643835,4.917808219178082,1.9219327397260277,0.4452054794520548,12,6,1.0,0.0,0.0,4,2400
central-balanced-c97p49-r0p0-multimodal-enabled,multimodal-enabled,0.0,hybrid-seeded,9,feasible-heuristic,True,88091.2077922505,19624.66245,23.021691381278544,8.706938641552512,4.917808219178082,1.6027397260273972,0.5092583561643835,4.917808219178082,1.9219327397260277,0.4452054794520548,12,6,1.0,0.0,0.0,4,2400
central-balanced-c97p49-r0p0-multimodal-enabled,multimodal-enabled,0.0,hybrid-seeded,10,feasible-heuristic,True,88091.2077922505,19624.66245,23.021691381278544,8.706938641552512,4.917808219178082,1.6027397260273972,0.5092583561643835,4.917808219178082,1.9219327397260277,0.4452054794520548,12,6,1.0,0.0,0.0,4,2400
central-balanced-c97p49-r0p0-multimodal-enabled,multimodal-enabled,0.0,hybrid-seeded,11,feasible-heuristic,True,88091.2077922505,19624.66245,23.021691381278544,8.706938641552512,4.917808219178082,1.6027397260273972,0.5092583561643835,4.917808219178082,1.9219327397260277,0.4452054794520548,12,6,1.0,0.0,0.0,4,2400
central-balanced-c97p49-r0p0-multimodal-enabled,multimodal-enabled,0.0,hybrid-seeded,12,feasible-heuristic,True,88091.2077922505,19624.66245,23.021691381278544,8.706938641552512,4.917808219178082,1.6027397260273972,0.5092583561643835,4.917808219178082,1.9219327397260277,0.4452054794520548,12,6,1.0,0.0,0.0,4,2400
central-balanced-c97p49-r0p0-multimodal-enabled,multimodal-enabled,0.0,hybrid-seeded,13,feasible-heuristic,True,88091.2077922505,19624.66245,23.021691381278544,8.706938641552512,4.917808219178082,1.6027397260273972,0.5092583561643835,4.917808219178082,1.9219327397260277,0.4452054794520548,12,6,1.0,0.0,0.0,4,2400
central-balanced-c97p49-r0p0-multimodal-enabled,multimodal-enabled,0.0,hybrid-seeded,14,feasible-heuristic,True,88091.2077922505,19624.66245,23.021691381278544,8.706938641552512,4.917808219178082,1.6027397260273972,0.5092583561643835,4.917808219178082,1.9219327397260277,0.4452054794520548,12,6,1.0,0.0,0.0,4,2400
central-balanced-c97p49-r0p0-multimodal-enabled,multimodal-enabled,0.0,hybrid-seeded,15,feasible-heuristic,True,88091.2077922505,19624.66245,23.021691381278544,8.706938641552512,4.917808219178082,1.6027397260273972,0.5092583561643835,4.917808219178082,1.9219327397260277,0.4452054794520548,12,6,1.0,0.0,0.0,4,2400
central-balanced-c97p49-r0p0-multimodal-enabled,multimodal-enabled,0.0,hybrid-seeded,16,feasible-heuristic,True,88091.2077922505,19624.66245,23.021691381278544,8.706938641552512,4.917808219178082,1.6027397260273972,0.5092583561643835,4.917808219178082,1.9219327397260277,0.4452054794520548,12,6,1.0,0.0,0.0,4,2400
central-balanced-c97p49-r0p0-multimodal-enabled,multimodal-enabled,0.0,hybrid-seeded,17,feasible-heuristic,True,88091.2077922505,19624.66245,23.021691381278544,8.706938641552512,4.917808219178082,1.6027397260273972,0.5092583561643835,4.917808219178082,1.9219327397260277,0.4452054794520548,12,6,1.0,0.0,0.0,4,2400
central-balanced-c97p49-r0p0-multimodal-enabled,multimodal-enabled,0.0,hybrid-seeded,18,feasible-heuristic,True,88091.2077922505,19624.66245,23.021691381278544,8.706938641552512,4.917808219178082,1.6027397260273972,0.5092583561643835,4.917808219178082,1.9219327397260277,0.4452054794520548,12,6,1.0,0.0,0.0,4,2400
central-balanced-c97p49-r0p0-multimodal-enabled,multimodal-enabled,0.0,hybrid-seeded,19,feasible-heuristic,True,88091.2077922505,19624.66245,23.021691381278544,8.706938641552512,4.917808219178082,1.6027397260273972,0.5092583561643835,4.917808219178082,1.9219327397260277,0.4452054794520548,12,6,1.0,0.0,0.0,4,2400
central-balanced-c97p49-r0p0-multimodal-enabled,multimodal-enabled,0.0,hybrid-seeded,20,feasible-heuristic,True,88091.2077922505,19624.66245,23.021691381278544,8.706938641552512,4.917808219178082,1.6027397260273972,0.5092583561643835,4.917808219178082,1.9219327397260277,0.4452054794520548,12,6,1.0,0.0,0.0,4,2400
central-balanced-c97p49-r0p0-multimodal-enabled,multimodal-enabled,0.0,hybrid-seeded,21,feasible-heuristic,True,88091.2077922505,19624.66245,23.021691381278544,8.706938641552512,4.917808219178082,1.6027397260273972,0.5092583561643835,4.917808219178082,1.9219327397260277,0.4452054794520548,12,6,1.0,0.0,0.0,4,2400
central-balanced-c97p49-r0p0-multimodal-enabled,multimodal-enabled,0.0,hybrid-seeded,22,feasible-heuristic,True,88091.2077922505,19624.66245,23.021691381278544,8.706938641552512,4.917808219178082,1.6027397260273972,0.5092583561643835,4.917808219178082,1.9219327397260277,0.4452054794520548,12,6,1.0,0.0,0.0,4,2400
central-balanced-c97p49-r0p0-multimodal-enabled,multimodal-enabled,0.0,hybrid-seeded,23,feasible-heuristic,True,88091.2077922505,19624.66245,23.021691381278544,8.706938641552512,4.917808219178082,1.6027397260273972,0.5092583561643835,4.917808219178082,1.9219327397260277,0.4452054794520548,12,6,1.0,0.0,0.0,4,2400
central-balanced-c97p49-r0p0-multimodal-enabled,multimodal-enabled,0.0,hybrid-seeded,24,feasible-heuristic,True,88091.2077922505,19624.66245,23.021691381278544,8.706938641552512,4.917808219178082,1.6027397260273972,0.5092583561643835,4.917808219178082,1.9219327397260277,0.4452054794520548,12,6,1.0,0.0,0.0,4,2400
central-balanced-c97p49-r0p0-multimodal-enabled,multimodal-enabled,0.0,hybrid-seeded,25,feasible-heuristic,True,88091.2077922505,19624.66245,23.021691381278544,8.706938641552512,4.917808219178082,1.6027397260273972,0.5092583561643835,4.917808219178082,1.9219327397260277,0.4452054794520548,12,6,1.0,0.0,0.0,4,2400
central-balanced-c97p49-r0p0-multimodal-enabled,multimodal-enabled,0.0,hybrid-seeded,26,feasible-heuristic,True,88091.2077922505,19624.66245,23.021691381278544,8.706938641552512,4.917808219178082,1.6027397260273972,0.5092583561643835,4.917808219178082,1.9219327397260277,0.4452054794520548,12,6,1.0,0.0,0.0,4,2400
central-balanced-c97p49-r0p0-multimodal-enabled,multimodal-enabled,0.0,hybrid-seeded,27,feasible-heuristic,True,88091.2077922505,19624.66245,23.021691381278544,8.706938641552512,4.917808219178082,1.6027397260273972,0.5092583561643835,4.917808219178082,1.9219327397260277,0.4452054794520548,12,6,1.0,0.0,0.0,4,2400
central-balanced-c97p49-r0p0-multimodal-enabled,multimodal-enabled,0.0,hybrid-seeded,28,feasible-heuristic,True,88091.2077922505,19624.66245,23.021691381278544,8.706938641552512,4.917808219178082,1.6027397260273972,0.5092583561643835,4.917808219178082,1.9219327397260277,0.4452054794520548,12,6,1.0,0.0,0.0,4,2400
central-balanced-c97p49-r0p0-multimodal-enabled,multimodal-enabled,0.0,hybrid-seeded,29,feasible-heuristic,True,88091.2077922505,19624.66245,23.021691381278544,8.706938641552512,4.917808219178082,1.6027397260273972,0.5092583561643835,4.917808219178082,1.9219327397260277,0.4452054794520548,12,6,1.0,0.0,0.0,4,2400
central-balanced-c97p49-r9p5-multimodal-enabled,multimodal-enabled,0.095,fixed,0,feasible-heuristic,True,94216.59652136998,17867.113,26.377450867579913,9.311247716894977,5.726027397260274,2.0136986301369864,0.5291265753424658,5.726027397260274,2.769953287671233,0.3013698630136986,14,6,1.0,0.0,0.0,0,2400
central-balanced-c97p49-r9p5-multimodal-enabled,multimodal-enabled,0.095,fixed,1,feasible-heuristic,True,96317.434918784,18076.2216,27.98419232876713,9.542434931506852,5.904109589041096,2.4246575342465753,0.552358904109589,5.904109589041096,3.072617671232877,0.583904109589041,16,7,1.0,0.0,0.0,0,2400
central-balanced-c97p49-r9p5-multimodal-enabled,multimodal-enabled,0.095,fixed,2,feasible-heuristic,True,93320.9225562325,18090.814250000003,25.94698448630137,9.285910102739727,5.52054794520548,1.917808219178082,0.5182512328767123,5.52054794520548,2.6000149315068497,0.583904109589041,13,6,1.0,0.0,0.0,0,2400
central-balanced-c97p49-r9p5-multimodal-enabled,multimodal-enabled,0.095,fixed,3,feasible-heuristic,True,93215.68224868349,17925.59415,25.554668847031962,9.135032819634704,5.52054794520548,1.8767123287671232,0.5182512328767123,5.52054794520548,2.5383710958904113,0.4452054794520548,13,6,1.0,0.0,0.0,0,2400
central-balanced-c97p49-r9p5-multimodal-enabled,multimodal-enabled,0.095,fixed,4,feasible-heuristic,True,91856.52906279899,18075.9451,24.96879157534247,9.150059931506853,5.287671232876712,1.7534246575342465,0.5008331506849315,5.287671232876712,2.495980684931507,0.4931506849315068,11,6,1.0,0.0,0.0,0,2400
central-balanced-c97p49-r9p5-multimodal-enabled,multimodal-enabled,0.095,fixed,5,feasible-heuristic,True,95192.2412795705,17958.93045,26.458159965753424,9.330502568493152,5.657534246575342,2.041095890410959,0.5207931506849316,5.657534246575342,2.805494383561644,0.4452054794520548,13,6,1.0,0.0,0.0,0,2400
central-balanced-c97p49-r9p5-multimodal-enabled,multimodal-enabled,0.095,fixed,6,feasible-heuristic,True,95393.6463523155,17979.030950000004,27.43335355022831,9.407725742009134,5.917808219178082,2.2465753424657535,0.5420512328767123,5.917808219178082,2.9561793150684936,0.4452054794520548,15,7,1.0,0.0,0.0,0,2400
central-balanced-c97p49-r9p5-multimodal-enabled,multimodal-enabled,0.095,fixed,7,feasible-heuristic,True,91854.79866796499,18088.578500000003,25.38884805936073,9.120328196347034,5.438356164383562,1.8082191780821917,0.5092583561643835,5.438356164383562,2.4904258904109593,0.583904109589041,12,6,1.0,0.0,0.0,0,2400
central-balanced-c97p49-r9p5-multimodal-enabled,multimodal-enabled,0.095,fixed,8,feasible-heuristic,True,95034.08492503599,18134.8964,27.04860575342466,9.35716095890411,5.890410958904109,2.0684931506849313,0.5297860273972603,5.890410958904109,2.8671382191780825,0.4452054794520548,14,6,1.0,0.0,0.0,0,2400
central-balanced-c97p49-r9p5-multimodal-enabled,multimodal-enabled,0.095,fixed,9,feasible-heuristic,True,93871.87922571399,18121.2786,26.092241643835617,9.258188356164386,5.6438356164383565,1.9726027397260273,0.5285589041095891,5.6438356164383565,2.6000149315068497,0.4452054794520548,14,6,1.0,0.0,0.0,0,2400
central-balanced-c97p49-r9p5-multimodal-enabled,multimodal-enabled,0.095,fixed,10,feasible-heuristic,True,92063.19902890899,18112.0841,23.900176780821923,8.924059931506848,5.123287671232877,1.6027397260273972,0.44588958904109594,5.123287671232877,2.3795423287671236,0.3013698630136986,10,5,1.0,0.0,0.0,0,2400
central-balanced-c97p49-r9p5-multimodal-enabled,multimodal-enabled,0.095,fixed,11,feasible-heuristic,True,93628.1803395405,18114.68345,25.394291883561646,9.25620462328767,5.424657534246576,1.8904109589041096,0.5188189041095891,5.424657534246576,2.5781724657534246,0.3013698630136986,13,6,1.0,0.0,0.0,0,2400
central-balanced-c97p49-r9p5-multimodal-enabled,multimodal-enabled,0.095,fixed,12,feasible-heuristic,True,96270.14518486899,17917.988100000002,26.826869794520547,9.181933219178083,5.890410958904109,2.0273972602739727,0.5188189041095891,5.890410958904109,3.0165286301369862,0.3013698630136986,13,6,1.0,0.0,0.0,0,2400
central-balanced-c97p49-r9p5-multimodal-enabled,multimodal-enabled,0.095,fixed,13,feasible-heuristic,True,92784.56560001349,18096.211149999996,24.887767888127858,9.192323915525119,5.273972602739726,1.7945205479452055,0.5008331506849315,5.273972602739726,2.550775205479452,0.3013698630136986,11,6,1.0,0.0,0.0,0,2400
central-balanced-c97p49-r9p5-multimodal-enabled,multimodal-enabled,0.095,fixed,14,feasible-heuristic,True,94374.15574557747,18101.75475,26.309847751141554,9.14623144977169,5.671232876712328,1.9863013698630136,0.5207931506849316,5.671232876712328,2.7301519178082194,0.583904109589041,13,6,1.0,0.0,0.0,0,2400
central-balanced-c97p49-r9p5-multimodal-enabled,multimodal-enabled,0.095,fixed,15,feasible-heuristic,True,91940.67857255299,18044.8197,25.5722344977169,9.336215182648402,5.424657534246576,1.917808219178082,0.5195660273972603,5.424657534246576,2.5041245205479457,0.4452054794520548,13,6,1.0,0.0,0.0,0,2400
central-balanced-c97p49-r9p5-multimodal-enabled,multimodal-enabled,0.095,fixed,16,feasible-heuristic,True,93201.08567156548,17643.355950000005,26.034263595890412,9.30640839041096,5.589041095890411,1.9315068493150684,0.5182512328767123,5.589041095890411,2.6548094520547947,0.4452054794520548,13,6,1.0,0.0,0.0,0,2400
central-balanced-c97p49-r9p5-multimodal-enabled,multimodal-enabled,0.095,fixed,17,feasible-heuristic,True,93749.86184160499,18139.714500000006,26.00372650684932,9.19153595890411,5.575342465753424,2.0136986301369864,0.5272441095890411,5.575342465753424,2.6753573972602744,0.4452054794520548,14,6,1.0,0.0,0.0,0,2400
central-balanced-c97p49-r9p5-multimodal-enabled,multimodal-enabled,0.095,fixed,18,feasible-heuristic,True,94470.02822186101,17987.088900000002,25.973506187214618,9.125253995433793,5.602739726027397,2.0136986301369864,0.530353698630137,5.602739726027397,2.708309452054795,0.3904109589041096,14,6,1.0,0.0,0.0,0,2400
central-balanced-c97p49-r9p5-multimodal-enabled,multimodal-enabled,0.095,fixed,19,feasible-heuristic,True,92929.6602177795,17850.08455,25.632253915525112,9.20007734018265,5.506849315068493,1.8356164383561644,0.5098260273972602,5.506849315068493,2.63296698630137,0.4400684931506849,12,6,1.0,0.0,0.0,0,2400
central-balanced-c97p49-r9p5-multimodal-enabled,multimodal-enabled,0.095,fixed,20,feasible-heuristic,True,92642.55370280099,18134.9949,25.361123219178083,9.22303595890411,5.438356164383562,1.8767123287671232,0.5188189041095891,5.438356164383562,2.5644738356164383,0.3013698630136986,13,6,1.0,0.0,0.0,0,2400
central-balanced-c97p49-r9p5-multimodal-enabled,multimodal-enabled,0.095,fixed,21,feasible-heuristic,True,91285.5934197495,17811.63755,25.01922651826484,9.17095405251142,5.36986301369863,1.7945205479452055,0.5098260273972602,5.36986301369863,2.50283,0.3013698630136986,12,6,1.0,0.0,0.0,0,2400
central-balanced-c97p49-r9p5-multimodal-enabled,multimodal-enabled,0.095,fixed,22,feasible-heuristic,True,93155.1398157535,17893.137150000002,25.758247111872148,9.123009988584476,5.534246575342466,1.9863013698630136,0.5215235616438356,5.534246575342466,2.613713561643836,0.4452054794520548,13,7,1.0,0.0,0.0,0,2400
central-balanced-c97p49-r9p5-multimodal-enabled,multimodal-enabled,0.095,fixed,23,feasible-heuristic,True,94345.98701022351,17827.94015,26.027173184931513,9.198983732876716,5.602739726027397,1.9863013698630136,0.5291265753424658,5.602739726027397,2.6672135616438357,0.4400684931506849,14,6,1.0,0.0,0.0,0,2400
central-balanced-c97p49-r9p5-multimodal-enabled,multimodal-enabled,0.095,fixed,24,feasible-heuristic,True,92957.79198242299,17788.082700000003,25.791211940639272,9.303082762557079,5.52054794520548,1.904109589041096,0.5182512328767123,5.52054794520548,2.57946698630137,0.4452054794520548,13,6,1.0,0.0,0.0,0,2400
central-balanced-c97p49-r9p5-multimodal-enabled,multimodal-enabled,0.095,fixed,25,feasible-heuristic,True,95902.4843802285,18049.81465,26.81566119863014,9.234047089041097,5.821917808219178,2.0684931506849313,0.5291265753424658,5.821917808219178,2.900090273972603,0.4400684931506849,14,6,1.0,0.0,0.0,0,2400
central-balanced-c97p49-r9p5-multimodal-enabled,multimodal-enabled,0.095,fixed,26,feasible-heuristic,True,94460.1106640895,18063.203550000002,27.15372857305936,9.29587528538813,5.876712328767123,2.2739726027397262,0.5523589041095891,5.876712328767123,2.832891643835617,0.4452054794520548,16,7,1.0,0.0,0.0,0,2400
central-balanced-c97p49-r9p5-multimodal-enabled,multimodal-enabled,0.095,fixed,27,feasible-heuristic,True,94810.97762240499,17964.134500000004,27.018489109589037,9.265121575342466,5.794520547945205,2.2054794520547945,0.5420512328767123,5.794520547945205,2.832891643835617,0.583904109589041,15,7,1.0,0.0,0.0,0,2400
central-balanced-c97p49-r9p5-multimodal-enabled,multimodal-enabled,0.095,fixed,28,feasible-heuristic,True,93477.244507412,18085.058800000003,25.940067899543383,9.288988584474888,5.5479452054794525,2.0136986301369864,0.5305164383561644,5.5479452054794525,2.565768356164384,0.4452054794520548,14,7,1.0,0.0,0.0,0,2400
central-balanced-c97p49-r9p5-multimodal-enabled,multimodal-enabled,0.095,fixed,29,feasible-heuristic,True,92781.88826347399,18099.002600000007,26.09475415525114,9.259473744292242,5.575342465753424,2.041095890410959,0.5297860273972603,5.575342465753424,2.668508082191781,0.4452054794520548,14,6,1.0,0.0,0.0,0,2400
central-balanced-c97p49-r9p5-multimodal-enabled,multimodal-enabled,0.095,adaptive,0,feasible-heuristic,True,94903.72215593599,18134.306400000005,26.9583998173516,9.195587899543382,5.904109589041096,2.136986301369863,0.5395093150684932,5.904109589041096,2.832891643835617,0.4452054794520548,15,7,1.0,0.0,0.0,0,2400
central-balanced-c97p49-r9p5-multimodal-enabled,multimodal-enabled,0.095,adaptive,1,feasible-heuristic,True,91600.43319479149,18105.68335,25.7207125,9.212055650684933,5.52054794520548,2.0,0.5387789041095891,5.52054794520548,2.483576575342466,0.4452054794520548,15,6,1.0,0.0,0.0,0,2400
central-balanced-c97p49-r9p5-multimodal-enabled,multimodal-enabled,0.095,adaptive,2,feasible-heuristic,True,93261.487233195,18097.8055,26.04923878995434,9.233918378995435,5.63013698630137,2.0273972602739727,0.531668493150685,5.63013698630137,2.6946108219178084,0.3013698630136986,14,6,1.0,0.0,0.0,0,2400
central-balanced-c97p49-r9p5-multimodal-enabled,multimodal-enabled,0.095,adaptive,3,feasible-heuristic,True,91561.064422577,18103.9173,24.952268150684933,9.199159246575345,5.315068493150685,1.7808219178082192,0.5092583561643835,5.315068493150685,2.387686164383562,0.4452054794520548,12,6,1.0,0.0,0.0,0,2400
central-balanced-c97p49-r9p5-multimodal-enabled,multimodal-enabled,0.095,adaptive,4,feasible-heuristic,True,95070.269967796,18072.120400000003,26.384733378995435,9.227625570776258,5.63013698630137,2.0684931506849313,0.5296956164383562,5.63013698630137,2.853439589041096,0.4452054794520548,14,7,1.0,0.0,0.0,0,2400
central-balanced-c97p49-r9p5-multimodal-enabled,multimodal-enabled,0.095,adaptive,5,feasible-heuristic,True,91375.9159796765,18043.069850000003,24.440100650684933,9.189862157534249,5.178082191780822,1.7123287671232876,0.5008331506849315,5.178082191780822,2.3795423287671236,0.3013698630136986,11,6,1.0,0.0,0.0,0,2400
central-balanced-c97p49-r9p5-multimodal-enabled,multimodal-enabled,0.095,adaptive,6,feasible-heuristic,True,93046.621076069,17791.3681,25.674775000000004,9.26926883561644,5.438356164383562,1.8630136986301369,0.5092583561643835,5.438356164383562,2.572617671232877,0.583904109589041,12,6,1.0,0.0,0.0,0,2400
central-balanced-c97p49-r9p5-multimodal-enabled,multimodal-enabled,0.095,adaptive,7,feasible-heuristic,True,93241.921845567,18081.368300000002,26.23123075342466,9.258964041095892,5.698630136986301,1.9726027397260273,0.5297860273972603,5.698630136986301,2.6274121917808224,0.4452054794520548,14,6,1.0,0.0,0.0,0,2400
central-balanced-c97p49-r9p5-multimodal-enabled,multimodal-enabled,0.095,adaptive,8,feasible-heuristic,True,93179.44738806598,17346.843400000005,25.977593515981734,9.336635844748859,5.52054794520548,2.0,0.5272441095890411,5.52054794520548,2.6274121917808224,0.4452054794520548,14,6,1.0,0.0,0.0,0,2400
central-balanced-c97p49-r9p5-multimodal-enabled,multimodal-enabled,0.095,adaptive,9,feasible-heuristic,True,93266.74585913398,17913.4366,25.99520593607306,9.19415182648402,5.561643835616438,1.8767123287671232,0.5092583561643835,5.561643835616438,2.6548094520547947,0.636986301369863,12,6,1.0,0.0,0.0,0,2400
central-balanced-c97p49-r9p5-multimodal-enabled,multimodal-enabled,0.095,adaptive,10,feasible-heuristic,True,92545.6097610815,17898.804350000002,25.253448801369863,9.245100171232878,5.410958904109589,1.8356164383561644,0.5123679452054795,5.410958904109589,2.537076575342466,0.3013698630136986,12,6,1.0,0.0,0.0,0,2400
central-balanced-c97p49-r9p5-multimodal-enabled,multimodal-enabled,0.095,adaptive,11,feasible-heuristic,True,95196.588075812,18113.218800000002,26.843981095890413,9.273195205479453,5.767123287671233,2.1232876712328768,0.5375517808219178,5.767123287671233,2.791795753424658,0.583904109589041,15,6,1.0,0.0,0.0,0,2400
central-balanced-c97p49-r9p5-multimodal-enabled,multimodal-enabled,0.095,adaptive,12,feasible-heuristic,True,93455.55395167698,18011.0073,26.500114908675798,9.421650114155252,5.616438356164384,2.1506849315068495,0.540093698630137,5.616438356164384,2.70960397260274,0.4452054794520548,15,6,1.0,0.0,0.0,0,2400
central-balanced-c97p49-r9p5-multimodal-enabled,multimodal-enabled,0.095,adaptive,13,feasible-heuristic,True,93287.10537378449,17805.859050000003,25.845850102739725,9.262557363013702,5.589041095890411,1.904109589041096,0.5188189041095891,5.589041095890411,2.680912191780822,0.3013698630136986,13,6,1.0,0.0,0.0,0,2400
central-balanced-c97p49-r9p5-multimodal-enabled,multimodal-enabled,0.095,adaptive,14,feasible-heuristic,True,91653.427138644,18098.235600000004,25.48105095890411,9.26220890410959,5.397260273972603,1.9726027397260273,0.5297860273972603,5.397260273972603,2.476727260273973,0.4452054794520548,14,6,1.0,0.0,0.0,0,2400
central-balanced-c97p49-r9p5-multimodal-enabled,multimodal-enabled,0.095,adaptive,15,feasible-heuristic,True,93615.4200198675,18011.57575,25.93688688356164,9.174785102739728,5.589041095890411,1.9452054794520548,0.5182512328767123,5.589041095890411,2.6753573972602744,0.4452054794520548,13,6,1.0,0.0,0.0,0,2400
central-balanced-c97p49-r9p5-multimodal-enabled,multimodal-enabled,0.095,adaptive,16,feasible-heuristic,True,93629.625565703,18074.2547,25.949893264840185,9.185246004566213,5.589041095890411,2.0136986301369864,0.5220912328767123,5.589041095890411,2.7494053424657534,0.3013698630136986,13,7,1.0,0.0,0.0,0,2400
central-balanced-c97p49-r9p5-multimodal-enabled,multimodal-enabled,0.095,adaptive,17,feasible-heuristic,True,94922.09508333099,18030.1919,25.202857146118724,8.72334303652968,5.534246575342466,1.917808219178082,0.4218895890410959,5.534246575342466,2.769953287671233,0.3013698630136986,13,5,1.0,0.0,0.0,0,2400
central-balanced-c97p49-r9p5-multimodal-enabled,multimodal-enabled,0.095,adaptive,18,feasible-heuristic,True,93133.57025910998,17991.839,25.552900045662103,9.271805936073061,5.493150684931507,1.8630136986301369,0.5111408219178083,5.493150684931507,2.6192683561643837,0.3013698630136986,12,6,1.0,0.0,0.0,0,2400
central-balanced-c97p49-r9p5-multimodal-enabled,multimodal-enabled,0.095,adaptive,19,feasible-heuristic,True,92783.61052805299,18049.269700000004,25.50407299086758,9.331739155251142,5.4520547945205475,1.8767123287671232,0.5188189041095891,5.4520547945205475,2.5713231506849317,0.3013698630136986,13,6,1.0,0.0,0.0,0,2400
central-balanced-c97p49-r9p5-multimodal-enabled,multimodal-enabled,0.095,adaptive,20,feasible-heuristic,True,92650.54109051298,17754.5237,25.397451118721463,9.172466324200917,5.465753424657534,1.8493150684931507,0.5098260273972602,5.465753424657534,2.63296698630137,0.3013698630136986,12,6,1.0,0.0,0.0,0,2400
central-balanced-c97p49-r9p5-multimodal-enabled,multimodal-enabled,0.095,adaptive,21,feasible-heuristic,True,92221.004940801,17721.1949,24.63644568493151,9.112234589041098,5.287671232876712,1.7123287671232876,0.5008331506849315,5.287671232876712,2.4343368493150686,0.3013698630136986,11,6,1.0,0.0,0.0,0,2400
central-balanced-c97p49-r9p5-multimodal-enabled,multimodal-enabled,0.095,adaptive,22,feasible-heuristic,True,92990.7155202785,18084.559650000003,24.85371795662101,9.108185216894977,5.342465753424658,1.7808219178082192,0.5098260273972602,5.342465753424658,2.468583424657534,0.3013698630136986,12,6,1.0,0.0,0.0,0,2400
central-balanced-c97p49-r9p5-multimodal-enabled,multimodal-enabled,0.095,adaptive,23,feasible-heuristic,True,91480.2795744685,18141.39065,24.091675993150684,9.046916952054795,5.123287671232877,1.6849315068493151,0.5008331506849315,5.123287671232877,2.311049178082192,0.3013698630136986,11,6,1.0,0.0,0.0,0,2400
central-balanced-c97p49-r9p5-multimodal-enabled,multimodal-enabled,0.095,adaptive,24,feasible-heuristic,True,93171.23956785949,17929.57655,25.562265878995433,9.245369577625572,5.424657534246576,1.9315068493150684,0.5182512328767123,5.424657534246576,2.572617671232877,0.4452054794520548,13,6,1.0,0.0,0.0,0,2400
central-balanced-c97p49-r9p5-multimodal-enabled,multimodal-enabled,0.095,adaptive,25,feasible-heuristic,True,93970.91547286899,17996.688100000003,26.885759885844745,9.402356735159819,5.808219178082192,2.136986301369863,0.5477717808219178,5.808219178082192,2.737001232876713,0.4452054794520548,16,6,1.0,0.0,0.0,0,2400
central-balanced-c97p49-r9p5-multimodal-enabled,multimodal-enabled,0.095,adaptive,26,feasible-heuristic,True,95730.61390965749,18097.346749999997,26.15969035388128,9.016618436073061,5.671232876712328,2.0273972602739727,0.5220912328767123,5.671232876712328,2.811049178082192,0.4400684931506849,13,7,1.0,0.0,0.0,0,2400
central-balanced-c97p49-r9p5-multimodal-enabled,multimodal-enabled,0.095,adaptive,27,feasible-heuristic,True,94912.8979213775,18054.174750000002,27.20411126712329,9.238812500000003,5.904109589041096,2.219178082191781,0.5433660273972603,5.904109589041096,2.860288904109589,0.5342465753424658,15,7,1.0,0.0,0.0,0,2400
central-balanced-c97p49-r9p5-multimodal-enabled,multimodal-enabled,0.095,adaptive,28,feasible-heuristic,True,93532.12719795298,18114.779700000003,26.49643171232877,9.35415924657534,5.739726027397261,2.0,0.5285589041095891,5.739726027397261,2.689056027397261,0.4452054794520548,14,6,1.0,0.0,0.0,0,2400
central-balanced-c97p49-r9p5-multimodal-enabled,multimodal-enabled,0.095,adaptive,29,feasible-heuristic,True,95239.13351769,18115.481,26.494856347031963,9.14241894977169,5.726027397260274,2.1506849315068495,0.540093698630137,5.726027397260274,2.764398493150685,0.4452054794520548,15,6,1.0,0.0,0.0,0,2400
central-balanced-c97p49-r9p5-multimodal-enabled,multimodal-enabled,0.095,catastrophe,0,feasible-heuristic,True,94216.59652136998,17867.113,26.377450867579913,9.311247716894977,5.726027397260274,2.0136986301369864,0.5291265753424658,5.726027397260274,2.769953287671233,0.3013698630136986,14,6,1.0,0.0,0.0,0,2400
central-balanced-c97p49-r9p5-multimodal-enabled,multimodal-enabled,0.095,catastrophe,1,feasible-heuristic,True,96317.434918784,18076.2216,27.98419232876713,9.542434931506852,5.904109589041096,2.4246575342465753,0.552358904109589,5.904109589041096,3.072617671232877,0.583904109589041,16,7,1.0,0.0,0.0,0,2400
central-balanced-c97p49-r9p5-multimodal-enabled,multimodal-enabled,0.095,catastrophe,2,feasible-heuristic,True,93320.9225562325,18090.814250000003,25.94698448630137,9.285910102739727,5.52054794520548,1.917808219178082,0.5182512328767123,5.52054794520548,2.6000149315068497,0.583904109589041,13,6,1.0,0.0,0.0,0,2400
central-balanced-c97p49-r9p5-multimodal-enabled,multimodal-enabled,0.095,catastrophe,3,feasible-heuristic,True,93215.68224868349,17925.59415,25.554668847031962,9.135032819634704,5.52054794520548,1.8767123287671232,0.5182512328767123,5.52054794520548,2.5383710958904113,0.4452054794520548,13,6,1.0,0.0,0.0,0,2400
central-balanced-c97p49-r9p5-multimodal-enabled,multimodal-enabled,0.095,catastrophe,4,feasible-heuristic,True,91856.52906279899,18075.9451,24.96879157534247,9.150059931506853,5.287671232876712,1.7534246575342465,0.5008331506849315,5.287671232876712,2.495980684931507,0.4931506849315068,11,6,1.0,0.0,0.0,0,2400
central-balanced-c97p49-r9p5-multimodal-enabled,multimodal-enabled,0.095,catastrophe,5,feasible-heuristic,True,95192.2412795705,17958.93045,26.458159965753424,9.330502568493152,5.657534246575342,2.041095890410959,0.5207931506849316,5.657534246575342,2.805494383561644,0.4452054794520548,13,6,1.0,0.0,0.0,0,2400
central-balanced-c97p49-r9p5-multimodal-enabled,multimodal-enabled,0.095,catastrophe,6,feasible-heuristic,True,95393.6463523155,17979.030950000004,27.43335355022831,9.407725742009134,5.917808219178082,2.2465753424657535,0.5420512328767123,5.917808219178082,2.9561793150684936,0.4452054794520548,15,7,1.0,0.0,0.0,0,2400
central-balanced-c97p49-r9p5-multimodal-enabled,multimodal-enabled,0.095,catastrophe,7,feasible-heuristic,True,91854.79866796499,18088.578500000003,25.38884805936073,9.120328196347034,5.438356164383562,1.8082191780821917,0.5092583561643835,5.438356164383562,2.4904258904109593,0.583904109589041,12,6,1.0,0.0,0.0,0,2400
central-balanced-c97p49-r9p5-multimodal-enabled,multimodal-enabled,0.095,catastrophe,8,feasible-heuristic,True,95034.08492503599,18134.8964,27.04860575342466,9.35716095890411,5.890410958904109,2.0684931506849313,0.5297860273972603,5.890410958904109,2.8671382191780825,0.4452054794520548,14,6,1.0,0.0,0.0,0,2400
central-balanced-c97p49-r9p5-multimodal-enabled,multimodal-enabled,0.095,catastrophe,9,feasible-heuristic,True,93871.87922571399,18121.2786,26.092241643835617,9.258188356164386,5.6438356164383565,1.9726027397260273,0.5285589041095891,5.6438356164383565,2.6000149315068497,0.4452054794520548,14,6,1.0,0.0,0.0,0,2400
central-balanced-c97p49-r9p5-multimodal-enabled,multimodal-enabled,0.095,catastrophe,10,feasible-heuristic,True,92063.19902890899,18112.0841,23.900176780821923,8.924059931506848,5.123287671232877,1.6027397260273972,0.44588958904109594,5.123287671232877,2.3795423287671236,0.3013698630136986,10,5,1.0,0.0,0.0,0,2400
central-balanced-c97p49-r9p5-multimodal-enabled,multimodal-enabled,0.095,catastrophe,11,feasible-heuristic,True,93628.1803395405,18114.68345,25.394291883561646,9.25620462328767,5.424657534246576,1.8904109589041096,0.5188189041095891,5.424657534246576,2.5781724657534246,0.3013698630136986,13,6,1.0,0.0,0.0,0,2400
central-balanced-c97p49-r9p5-multimodal-enabled,multimodal-enabled,0.095,catastrophe,12,feasible-heuristic,True,96270.14518486899,17917.988100000002,26.826869794520547,9.181933219178083,5.890410958904109,2.0273972602739727,0.5188189041095891,5.890410958904109,3.0165286301369862,0.3013698630136986,13,6,1.0,0.0,0.0,0,2400
central-balanced-c97p49-r9p5-multimodal-enabled,multimodal-enabled,0.095,catastrophe,13,feasible-heuristic,True,92784.56560001349,18096.211149999996,24.887767888127858,9.192323915525119,5.273972602739726,1.7945205479452055,0.5008331506849315,5.273972602739726,2.550775205479452,0.3013698630136986,11,6,1.0,0.0,0.0,0,2400
central-balanced-c97p49-r9p5-multimodal-enabled,multimodal-enabled,0.095,catastrophe,14,feasible-heuristic,True,94374.15574557747,18101.75475,26.309847751141554,9.14623144977169,5.671232876712328,1.9863013698630136,0.5207931506849316,5.671232876712328,2.7301519178082194,0.583904109589041,13,6,1.0,0.0,0.0,0,2400
central-balanced-c97p49-r9p5-multimodal-enabled,multimodal-enabled,0.095,catastrophe,15,feasible-heuristic,True,91940.67857255299,18044.8197,25.5722344977169,9.336215182648402,5.424657534246576,1.917808219178082,0.5195660273972603,5.424657534246576,2.5041245205479457,0.4452054794520548,13,6,1.0,0.0,0.0,0,2400
central-balanced-c97p49-r9p5-multimodal-enabled,multimodal-enabled,0.095,catastrophe,16,feasible-heuristic,True,93201.08567156548,17643.355950000005,26.034263595890412,9.30640839041096,5.589041095890411,1.9315068493150684,0.5182512328767123,5.589041095890411,2.6548094520547947,0.4452054794520548,13,6,1.0,0.0,0.0,0,2400
central-balanced-c97p49-r9p5-multimodal-enabled,multimodal-enabled,0.095,catastrophe,17,feasible-heuristic,True,93749.86184160499,18139.714500000006,26.00372650684932,9.19153595890411,5.575342465753424,2.0136986301369864,0.5272441095890411,5.575342465753424,2.6753573972602744,0.4452054794520548,14,6,1.0,0.0,0.0,0,2400
central-balanced-c97p49-r9p5-multimodal-enabled,multimodal-enabled,0.095,catastrophe,18,feasible-heuristic,True,94470.02822186101,17987.088900000002,25.973506187214618,9.125253995433793,5.602739726027397,2.0136986301369864,0.530353698630137,5.602739726027397,2.708309452054795,0.3904109589041096,14,6,1.0,0.0,0.0,0,2400
central-balanced-c97p49-r9p5-multimodal-enabled,multimodal-enabled,0.095,catastrophe,19,feasible-heuristic,True,92929.6602177795,17850.08455,25.632253915525112,9.20007734018265,5.506849315068493,1.8356164383561644,0.5098260273972602,5.506849315068493,2.63296698630137,0.4400684931506849,12,6,1.0,0.0,0.0,0,2400
central-balanced-c97p49-r9p5-multimodal-enabled,multimodal-enabled,0.095,catastrophe,20,feasible-heuristic,True,92642.55370280099,18134.9949,25.361123219178083,9.22303595890411,5.438356164383562,1.8767123287671232,0.5188189041095891,5.438356164383562,2.5644738356164383,0.3013698630136986,13,6,1.0,0.0,0.0,0,2400
central-balanced-c97p49-r9p5-multimodal-enabled,multimodal-enabled,0.095,catastrophe,21,feasible-heuristic,True,91285.5934197495,17811.63755,25.01922651826484,9.17095405251142,5.36986301369863,1.7945205479452055,0.5098260273972602,5.36986301369863,2.50283,0.3013698630136986,12,6,1.0,0.0,0.0,0,2400
central-balanced-c97p49-r9p5-multimodal-enabled,multimodal-enabled,0.095,catastrophe,22,feasible-heuristic,True,93155.1398157535,17893.137150000002,25.758247111872148,9.123009988584476,5.534246575342466,1.9863013698630136,0.5215235616438356,5.534246575342466,2.613713561643836,0.4452054794520548,13,7,1.0,0.0,0.0,0,2400
central-balanced-c97p49-r9p5-multimodal-enabled,multimodal-enabled,0.095,catastrophe,23,feasible-heuristic,True,94345.98701022351,17827.94015,26.027173184931513,9.198983732876716,5.602739726027397,1.9863013698630136,0.5291265753424658,5.602739726027397,2.6672135616438357,0.4400684931506849,14,6,1.0,0.0,0.0,0,2400
central-balanced-c97p49-r9p5-multimodal-enabled,multimodal-enabled,0.095,catastrophe,24,feasible-heuristic,True,92957.79198242299,17788.082700000003,25.791211940639272,9.303082762557079,5.52054794520548,1.904109589041096,0.5182512328767123,5.52054794520548,2.57946698630137,0.4452054794520548,13,6,1.0,0.0,0.0,0,2400
central-balanced-c97p49-r9p5-multimodal-enabled,multimodal-enabled,0.095,catastrophe,25,feasible-heuristic,True,95902.4843802285,18049.81465,26.81566119863014,9.234047089041097,5.821917808219178,2.0684931506849313,0.5291265753424658,5.821917808219178,2.900090273972603,0.4400684931506849,14,6,1.0,0.0,0.0,0,2400
central-balanced-c97p49-r9p5-multimodal-enabled,multimodal-enabled,0.095,catastrophe,26,feasible-heuristic,True,94460.1106640895,18063.203550000002,27.15372857305936,9.29587528538813,5.876712328767123,2.2739726027397262,0.5523589041095891,5.876712328767123,2.832891643835617,0.4452054794520548,16,7,1.0,0.0,0.0,0,2400
central-balanced-c97p49-r9p5-multimodal-enabled,multimodal-enabled,0.095,catastrophe,27,feasible-heuristic,True,94810.97762240499,17964.134500000004,27.018489109589037,9.265121575342466,5.794520547945205,2.2054794520547945,0.5420512328767123,5.794520547945205,2.832891643835617,0.583904109589041,15,7,1.0,0.0,0.0,0,2400
central-balanced-c97p49-r9p5-multimodal-enabled,multimodal-enabled,0.095,catastrophe,28,feasible-heuristic,True,93477.244507412,18085.058800000003,25.940067899543383,9.288988584474888,5.5479452054794525,2.0136986301369864,0.5305164383561644,5.5479452054794525,2.565768356164384,0.4452054794520548,14,7,1.0,0.0,0.0,0,2400
central-balanced-c97p49-r9p5-multimodal-enabled,multimodal-enabled,0.095,catastrophe,29,feasible-heuristic,True,92781.88826347399,18099.002600000007,26.09475415525114,9.259473744292242,5.575342465753424,2.041095890410959,0.5297860273972603,5.575342465753424,2.668508082191781,0.4452054794520548,14,6,1.0,0.0,0.0,0,2400
central-balanced-c97p49-r9p5-multimodal-enabled,multimodal-enabled,0.095,combined,0,feasible-heuristic,True,93139.01696746501,17901.128500000003,25.846020479452058,9.262727739726028,5.616438356164384,1.8767123287671232,0.5188189041095891,5.616438356164384,2.6535149315068494,0.3013698630136986,13,6,1.0,0.0,0.0,0,2400
central-balanced-c97p49-r9p5-multimodal-enabled,multimodal-enabled,0.095,combined,1,feasible-heuristic,True,92314.14674839997,17927.66,25.777126894977172,9.35749086757991,5.4520547945205475,1.9452054794520548,0.5182512328767123,5.4520547945205475,2.6068642465753427,0.4452054794520548,13,6,1.0,0.0,0.0,0,2400
central-balanced-c97p49-r9p5-multimodal-enabled,multimodal-enabled,0.095,combined,2,feasible-heuristic,True,92218.17085798347,18124.664150000004,25.033695696347035,9.151176655251144,5.383561643835616,1.7945205479452055,0.5098260273972602,5.383561643835616,2.5096793150684933,0.3013698630136986,12,6,1.0,0.0,0.0,0,2400
central-balanced-c97p49-r9p5-multimodal-enabled,multimodal-enabled,0.095,combined,3,feasible-heuristic,True,93165.66736997348,17790.71515,25.838167705479457,9.315791952054795,5.506849315068493,1.9315068493150684,0.5182512328767123,5.506849315068493,2.613713561643836,0.4452054794520548,13,6,1.0,0.0,0.0,0,2400
central-balanced-c97p49-r9p5-multimodal-enabled,multimodal-enabled,0.095,combined,4,feasible-heuristic,True,91380.75104420849,18120.416650000003,25.04466430365297,9.196391837899546,5.342465753424658,1.821917808219178,0.5098260273972602,5.342465753424658,2.5302272602739726,0.3013698630136986,12,6,1.0,0.0,0.0,0,2400
central-balanced-c97p49-r9p5-multimodal-enabled,multimodal-enabled,0.095,combined,5,feasible-heuristic,True,92595.0785570795,18088.65455,25.499952819634707,9.21417323059361,5.465753424657534,1.9452054794520548,0.5226756164383561,5.465753424657534,2.585021780821918,0.3013698630136986,13,6,1.0,0.0,0.0,0,2400
central-balanced-c97p49-r9p5-multimodal-enabled,multimodal-enabled,0.095,combined,6,feasible-heuristic,True,93766.81002301848,18052.78565,26.032989874429227,9.24779823059361,5.616438356164384,1.9452054794520548,0.5207931506849316,5.616438356164384,2.6411108219178083,0.4452054794520548,13,6,1.0,0.0,0.0,0,2400
central-balanced-c97p49-r9p5-multimodal-enabled,multimodal-enabled,0.095,combined,7,feasible-heuristic,True,91634.46463149149,18079.51335,25.74159291095891,9.214531678082196,5.506849315068493,1.9863013698630136,0.5297860273972603,5.506849315068493,2.5520697260273977,0.4452054794520548,14,6,1.0,0.0,0.0,0,2400
central-balanced-c97p49-r9p5-multimodal-enabled,multimodal-enabled,0.095,combined,8,feasible-heuristic,True,95464.94043805651,17984.231849999996,26.023125993150686,9.015269691780825,5.589041095890411,1.9589041095890412,0.5037317808219178,5.589041095890411,2.7301519178082194,0.636986301369863,13,6,1.0,0.0,0.0,0,2400
central-balanced-c97p49-r9p5-multimodal-enabled,multimodal-enabled,0.095,combined,9,feasible-heuristic,True,93524.620234245,18093.9505,25.829374086757994,9.224218607305936,5.602739726027397,1.917808219178082,0.520133698630137,5.602739726027397,2.6603642465753428,0.3013698630136986,13,6,1.0,0.0,0.0,0,2400
central-balanced-c97p49-r9p5-multimodal-enabled,multimodal-enabled,0.095,combined,10,feasible-heuristic,True,92645.031266925,17722.682500000003,26.390288515981737,9.380901255707766,5.616438356164384,2.1232876712328768,0.5395093150684931,5.616438356164384,2.668508082191781,0.4452054794520548,15,7,1.0,0.0,0.0,0,2400
central-balanced-c97p49-r9p5-multimodal-enabled,multimodal-enabled,0.095,combined,11,feasible-heuristic,True,94323.59027516298,18102.3087,26.38931979452055,9.314313356164384,5.684931506849315,2.0273972602739727,0.5297860273972603,5.684931506849315,2.7027546575342467,0.4452054794520548,14,6,1.0,0.0,0.0,0,2400
central-balanced-c97p49-r9p5-multimodal-enabled,multimodal-enabled,0.095,combined,12,feasible-heuristic,True,93688.5550863535,18056.07715,25.667494783105028,9.442509988584478,5.424657534246576,1.8904109589041096,0.5098260273972602,5.424657534246576,2.6740628767123287,0.3013698630136986,12,6,1.0,0.0,0.0,0,2400
central-balanced-c97p49-r9p5-multimodal-enabled,multimodal-enabled,0.095,combined,13,feasible-heuristic,True,93251.98392130849,17837.70665,25.182251518264845,9.166928367579908,5.342465753424658,1.6986301369863013,0.49951835616438356,5.342465753424658,2.6099828767123285,0.5222602739726028,11,6,1.0,0.0,0.0,0,2400
central-balanced-c97p49-r9p5-multimodal-enabled,multimodal-enabled,0.095,combined,14,feasible-heuristic,True,91992.46219303449,18070.18405,25.58215311643836,9.173673801369864,5.52054794520548,1.8904109589041096,0.5207931506849316,5.52054794520548,2.5109738356164386,0.4452054794520548,13,6,1.0,0.0,0.0,0,2400
central-balanced-c97p49-r9p5-multimodal-enabled,multimodal-enabled,0.095,combined,15,feasible-heuristic,True,93054.32749286148,18140.12635,25.85725587899544,9.17948944063927,5.63013698630137,1.8356164383561644,0.5092583561643835,5.63013698630137,2.6274121917808224,0.4452054794520548,12,6,1.0,0.0,0.0,0,2400
central-balanced-c97p49-r9p5-multimodal-enabled,multimodal-enabled,0.095,combined,16,feasible-heuristic,True,92514.64236668548,17604.34395,26.194351495433796,9.295263413242012,5.671232876712328,1.917808219178082,0.5182512328767123,5.671232876712328,2.6753573972602744,0.4452054794520548,13,6,1.0,0.0,0.0,0,2400
central-balanced-c97p49-r9p5-multimodal-enabled,multimodal-enabled,0.095,combined,17,feasible-heuristic,True,92813.307117341,17684.540900000004,26.272417146118723,9.288993721461189,5.671232876712328,1.9863013698630136,0.5272441095890411,5.671232876712328,2.6822067123287674,0.4452054794520548,14,6,1.0,0.0,0.0,0,2400
central-balanced-c97p49-r9p5-multimodal-enabled,multimodal-enabled,0.095,combined,18,feasible-heuristic,True,91229.3479702935,18036.18315,25.05251843607306,9.196669805936075,5.328767123287672,1.8082191780821917,0.5092583561643835,5.328767123287672,2.435631369863014,0.4452054794520548,12,6,1.0,0.0,0.0,0,2400
central-balanced-c97p49-r9p5-multimodal-enabled,multimodal-enabled,0.095,combined,19,feasible-heuristic,True,94705.10806328048,17970.809450000004,26.59495078767123,9.346999143835617,5.684931506849315,2.041095890410959,0.5297860273972603,5.684931506849315,2.7233026027397265,0.583904109589041,14,6,1.0,0.0,0.0,0,2400
central-balanced-c97p49-r9p5-multimodal-enabled,multimodal-enabled,0.095,combined,20,feasible-heuristic,True,93932.81039714898,18111.2601,26.219918607305935,9.34681107305936,5.684931506849315,1.9589041095890412,0.5278117808219178,5.684931506849315,2.7151587671232877,0.3013698630136986,14,6,1.0,0.0,0.0,0,2400
central-balanced-c97p49-r9p5-multimodal-enabled,multimodal-enabled,0.095,combined,21,feasible-heuristic,True,91682.27782152849,17610.684650000003,25.519632568493147,9.316632705479453,5.36986301369863,1.9589041095890412,0.5207931506849316,5.36986301369863,2.5383710958904113,0.4452054794520548,13,6,1.0,0.0,0.0,0,2400
central-balanced-c97p49-r9p5-multimodal-enabled,multimodal-enabled,0.095,combined,22,feasible-heuristic,True,93977.942635439,18092.1811,26.07340399543379,9.361390981735163,5.534246575342466,1.9452054794520548,0.5092583561643835,5.534246575342466,2.7438505479452058,0.4452054794520548,12,6,1.0,0.0,0.0,0,2400
central-balanced-c97p49-r9p5-multimodal-enabled,multimodal-enabled,0.095,combined,23,feasible-heuristic,True,92545.30984340649,18047.44685,25.168274166666667,9.267350742009135,5.36986301369863,1.7808219178082192,0.5008331506849315,5.36986301369863,2.5781724657534246,0.3013698630136986,11,6,1.0,0.0,0.0,0,2400
central-balanced-c97p49-r9p5-multimodal-enabled,multimodal-enabled,0.095,combined,24,feasible-heuristic,True,99119.931825746,18130.0754,26.718174566210045,9.00079908675799,5.780821917808219,2.0684931506849313,0.459826301369863,5.780821917808219,2.9904258904109593,0.636986301369863,13,6,1.0,0.0,0.0,0,2400
central-balanced-c97p49-r9p5-multimodal-enabled,multimodal-enabled,0.095,combined,25,feasible-heuristic,True,92677.2520123325,18095.204250000003,25.6877576826484,9.192397545662104,5.52054794520548,2.0273972602739727,0.5336260273972603,5.52054794520548,2.591871095890411,0.3013698630136986,14,7,1.0,0.0,0.0,0,2400
central-balanced-c97p49-r9p5-multimodal-enabled,multimodal-enabled,0.095,combined,26,feasible-heuristic,True,93476.3484762575,17590.68675,25.74406734018265,9.200741723744294,5.5479452054794525,1.9315068493150684,0.5130983561643836,5.5479452054794525,2.7014601369863014,0.3013698630136986,12,7,1.0,0.0,0.0,0,2400
central-balanced-c97p49-r9p5-multimodal-enabled,multimodal-enabled,0.095,combined,27,feasible-heuristic,True,94104.95974377399,17983.472600000005,26.71547196347032,9.420371004566208,5.698630136986301,2.136986301369863,0.5375517808219178,5.698630136986301,2.7780971232876714,0.4452054794520548,15,6,1.0,0.0,0.0,0,2400
central-balanced-c97p49-r9p5-multimodal-enabled,multimodal-enabled,0.095,combined,28,feasible-heuristic,True,93414.92347400798,17857.2992,24.847569543378995,9.063084474885844,5.328767123287672,1.7397260273972603,0.5008331506849315,5.328767123287672,2.495980684931507,0.3904109589041096,11,6,1.0,0.0,0.0,0,2400
central-balanced-c97p49-r9p5-multimodal-enabled,multimodal-enabled,0.095,combined,29,feasible-heuristic,True,93633.37408138499,18092.736500000003,25.738344360730594,9.195420662100457,5.438356164383562,1.9315068493150684,0.5182512328767123,5.438356164383562,2.57946698630137,0.636986301369863,13,6,1.0,0.0,0.0,0,2400
central-balanced-c97p49-r9p5-multimodal-enabled,multimodal-enabled,0.095,hybrid-seeded,0,feasible-heuristic,True,93139.01696746501,17901.128500000003,25.846020479452058,9.262727739726028,5.616438356164384,1.8767123287671232,0.5188189041095891,5.616438356164384,2.6535149315068494,0.3013698630136986,13,6,1.0,0.0,0.0,0,2400
central-balanced-c97p49-r9p5-multimodal-enabled,multimodal-enabled,0.095,hybrid-seeded,1,feasible-heuristic,True,92314.14674839997,17927.66,25.777126894977172,9.35749086757991,5.4520547945205475,1.9452054794520548,0.5182512328767123,5.4520547945205475,2.6068642465753427,0.4452054794520548,13,6,1.0,0.0,0.0,0,2400
central-balanced-c97p49-r9p5-multimodal-enabled,multimodal-enabled,0.095,hybrid-seeded,2,feasible-heuristic,True,92218.17085798347,18124.664150000004,25.033695696347035,9.151176655251144,5.383561643835616,1.7945205479452055,0.5098260273972602,5.383561643835616,2.5096793150684933,0.3013698630136986,12,6,1.0,0.0,0.0,0,2400
central-balanced-c97p49-r9p5-multimodal-enabled,multimodal-enabled,0.095,hybrid-seeded,3,feasible-heuristic,True,93165.66736997348,17790.71515,25.838167705479457,9.315791952054795,5.506849315068493,1.9315068493150684,0.5182512328767123,5.506849315068493,2.613713561643836,0.4452054794520548,13,6,1.0,0.0,0.0,0,2400
central-balanced-c97p49-r9p5-multimodal-enabled,multimodal-enabled,0.095,hybrid-seeded,4,feasible-heuristic,True,91380.75104420849,18120.416650000003,25.04466430365297,9.196391837899546,5.342465753424658,1.821917808219178,0.5098260273972602,5.342465753424658,2.5302272602739726,0.3013698630136986,12,6,1.0,0.0,0.0,0,2400
central-balanced-c97p49-r9p5-multimodal-enabled,multimodal-enabled,0.095,hybrid-seeded,5,feasible-heuristic,True,92595.0785570795,18088.65455,25.499952819634707,9.21417323059361,5.465753424657534,1.9452054794520548,0.5226756164383561,5.465753424657534,2.585021780821918,0.3013698630136986,13,6,1.0,0.0,0.0,0,2400
central-balanced-c97p49-r9p5-multimodal-enabled,multimodal-enabled,0.095,hybrid-seeded,6,feasible-heuristic,True,93766.81002301848,18052.78565,26.032989874429227,9.24779823059361,5.616438356164384,1.9452054794520548,0.5207931506849316,5.616438356164384,2.6411108219178083,0.4452054794520548,13,6,1.0,0.0,0.0,0,2400
central-balanced-c97p49-r9p5-multimodal-enabled,multimodal-enabled,0.095,hybrid-seeded,7,feasible-heuristic,True,91634.46463149149,18079.51335,25.74159291095891,9.214531678082196,5.506849315068493,1.9863013698630136,0.5297860273972603,5.506849315068493,2.5520697260273977,0.4452054794520548,14,6,1.0,0.0,0.0,0,2400
central-balanced-c97p49-r9p5-multimodal-enabled,multimodal-enabled,0.095,hybrid-seeded,8,feasible-heuristic,True,95464.94043805651,17984.231849999996,26.023125993150686,9.015269691780825,5.589041095890411,1.9589041095890412,0.5037317808219178,5.589041095890411,2.7301519178082194,0.636986301369863,13,6,1.0,0.0,0.0,0,2400
central-balanced-c97p49-r9p5-multimodal-enabled,multimodal-enabled,0.095,hybrid-seeded,9,feasible-heuristic,True,93524.620234245,18093.9505,25.829374086757994,9.224218607305936,5.602739726027397,1.917808219178082,0.520133698630137,5.602739726027397,2.6603642465753428,0.3013698630136986,13,6,1.0,0.0,0.0,0,2400
central-balanced-c97p49-r9p5-multimodal-enabled,multimodal-enabled,0.095,hybrid-seeded,10,feasible-heuristic,True,92645.031266925,17722.682500000003,26.390288515981737,9.380901255707766,5.616438356164384,2.1232876712328768,0.5395093150684931,5.616438356164384,2.668508082191781,0.4452054794520548,15,7,1.0,0.0,0.0,0,2400
central-balanced-c97p49-r9p5-multimodal-enabled,multimodal-enabled,0.095,hybrid-seeded,11,feasible-heuristic,True,94323.59027516298,18102.3087,26.38931979452055,9.314313356164384,5.684931506849315,2.0273972602739727,0.5297860273972603,5.684931506849315,2.7027546575342467,0.4452054794520548,14,6,1.0,0.0,0.0,0,2400
central-balanced-c97p49-r9p5-multimodal-enabled,multimodal-enabled,0.095,hybrid-seeded,12,feasible-heuristic,True,93688.5550863535,18056.07715,25.667494783105028,9.442509988584478,5.424657534246576,1.8904109589041096,0.5098260273972602,5.424657534246576,2.6740628767123287,0.3013698630136986,12,6,1.0,0.0,0.0,0,2400
central-balanced-c97p49-r9p5-multimodal-enabled,multimodal-enabled,0.095,hybrid-seeded,13,feasible-heuristic,True,93251.98392130849,17837.70665,25.182251518264845,9.166928367579908,5.342465753424658,1.6986301369863013,0.49951835616438356,5.342465753424658,2.6099828767123285,0.5222602739726028,11,6,1.0,0.0,0.0,0,2400
central-balanced-c97p49-r9p5-multimodal-enabled,multimodal-enabled,0.095,hybrid-seeded,14,feasible-heuristic,True,91992.46219303449,18070.18405,25.58215311643836,9.173673801369864,5.52054794520548,1.8904109589041096,0.5207931506849316,5.52054794520548,2.5109738356164386,0.4452054794520548,13,6,1.0,0.0,0.0,0,2400
central-balanced-c97p49-r9p5-multimodal-enabled,multimodal-enabled,0.095,hybrid-seeded,15,feasible-heuristic,True,93054.32749286148,18140.12635,25.85725587899544,9.17948944063927,5.63013698630137,1.8356164383561644,0.5092583561643835,5.63013698630137,2.6274121917808224,0.4452054794520548,12,6,1.0,0.0,0.0,0,2400
central-balanced-c97p49-r9p5-multimodal-enabled,multimodal-enabled,0.095,hybrid-seeded,16,feasible-heuristic,True,92514.64236668548,17604.34395,26.194351495433796,9.295263413242012,5.671232876712328,1.917808219178082,0.5182512328767123,5.671232876712328,2.6753573972602744,0.4452054794520548,13,6,1.0,0.0,0.0,0,2400
central-balanced-c97p49-r9p5-multimodal-enabled,multimodal-enabled,0.095,hybrid-seeded,17,feasible-heuristic,True,92813.307117341,17684.540900000004,26.272417146118723,9.288993721461189,5.671232876712328,1.9863013698630136,0.5272441095890411,5.671232876712328,2.6822067123287674,0.4452054794520548,14,6,1.0,0.0,0.0,0,2400
central-balanced-c97p49-r9p5-multimodal-enabled,multimodal-enabled,0.095,hybrid-seeded,18,feasible-heuristic,True,91229.3479702935,18036.18315,25.05251843607306,9.196669805936075,5.328767123287672,1.8082191780821917,0.5092583561643835,5.328767123287672,2.435631369863014,0.4452054794520548,12,6,1.0,0.0,0.0,0,2400
central-balanced-c97p49-r9p5-multimodal-enabled,multimodal-enabled,0.095,hybrid-seeded,19,feasible-heuristic,True,94705.10806328048,17970.809450000004,26.59495078767123,9.346999143835617,5.684931506849315,2.041095890410959,0.5297860273972603,5.684931506849315,2.7233026027397265,0.583904109589041,14,6,1.0,0.0,0.0,0,2400
central-balanced-c97p49-r9p5-multimodal-enabled,multimodal-enabled,0.095,hybrid-seeded,20,feasible-heuristic,True,93932.81039714898,18111.2601,26.219918607305935,9.34681107305936,5.684931506849315,1.9589041095890412,0.5278117808219178,5.684931506849315,2.7151587671232877,0.3013698630136986,14,6,1.0,0.0,0.0,0,2400
central-balanced-c97p49-r9p5-multimodal-enabled,multimodal-enabled,0.095,hybrid-seeded,21,feasible-heuristic,True,91682.27782152849,17610.684650000003,25.519632568493147,9.316632705479453,5.36986301369863,1.9589041095890412,0.5207931506849316,5.36986301369863,2.5383710958904113,0.4452054794520548,13,6,1.0,0.0,0.0,0,2400
central-balanced-c97p49-r9p5-multimodal-enabled,multimodal-enabled,0.095,hybrid-seeded,22,feasible-heuristic,True,93977.942635439,18092.1811,26.07340399543379,9.361390981735163,5.534246575342466,1.9452054794520548,0.5092583561643835,5.534246575342466,2.7438505479452058,0.4452054794520548,12,6,1.0,0.0,0.0,0,2400
central-balanced-c97p49-r9p5-multimodal-enabled,multimodal-enabled,0.095,hybrid-seeded,23,feasible-heuristic,True,92545.30984340649,18047.44685,25.168274166666667,9.267350742009135,5.36986301369863,1.7808219178082192,0.5008331506849315,5.36986301369863,2.5781724657534246,0.3013698630136986,11,6,1.0,0.0,0.0,0,2400
central-balanced-c97p49-r9p5-multimodal-enabled,multimodal-enabled,0.095,hybrid-seeded,24,feasible-heuristic,True,99119.931825746,18130.0754,26.718174566210045,9.00079908675799,5.780821917808219,2.0684931506849313,0.459826301369863,5.780821917808219,2.9904258904109593,0.636986301369863,13,6,1.0,0.0,0.0,0,2400
central-balanced-c97p49-r9p5-multimodal-enabled,multimodal-enabled,0.095,hybrid-seeded,25,feasible-heuristic,True,92677.2520123325,18095.204250000003,25.6877576826484,9.192397545662104,5.52054794520548,2.0273972602739727,0.5336260273972603,5.52054794520548,2.591871095890411,0.3013698630136986,14,7,1.0,0.0,0.0,0,2400
central-balanced-c97p49-r9p5-multimodal-enabled,multimodal-enabled,0.095,hybrid-seeded,26,feasible-heuristic,True,93476.3484762575,17590.68675,25.74406734018265,9.200741723744294,5.5479452054794525,1.9315068493150684,0.5130983561643836,5.5479452054794525,2.7014601369863014,0.3013698630136986,12,7,1.0,0.0,0.0,0,2400
central-balanced-c97p49-r9p5-multimodal-enabled,multimodal-enabled,0.095,hybrid-seeded,27,feasible-heuristic,True,94104.95974377399,17983.472600000005,26.71547196347032,9.420371004566208,5.698630136986301,2.136986301369863,0.5375517808219178,5.698630136986301,2.7780971232876714,0.4452054794520548,15,6,1.0,0.0,0.0,0,2400
central-balanced-c97p49-r9p5-multimodal-enabled,multimodal-enabled,0.095,hybrid-seeded,28,feasible-heuristic,True,93414.92347400798,17857.2992,24.847569543378995,9.063084474885844,5.328767123287672,1.7397260273972603,0.5008331506849315,5.328767123287672,2.495980684931507,0.3904109589041096,11,6,1.0,0.0,0.0,0,2400
central-balanced-c97p49-r9p5-multimodal-enabled,multimodal-enabled,0.095,hybrid-seeded,29,feasible-heuristic,True,93633.37408138499,18092.736500000003,25.738344360730594,9.195420662100457,5.438356164383562,1.9315068493150684,0.5182512328767123,5.438356164383562,2.57946698630137,0.636986301369863,13,6,1.0,0.0,0.0,0,2400
central-balanced-c97p49-r20p0-multimodal-enabled,multimodal-enabled,0.2,fixed,0,feasible-heuristic,True,107846.432517443,15992.580700000004,32.662212579908676,10.015420662100457,7.013698630136986,3.1232876712328768,0.6084208219178082,7.013698630136986,4.442480684931507,0.4452054794520548,20,8,1.0,0.0,0.0,0,2400
central-balanced-c97p49-r20p0-multimodal-enabled,multimodal-enabled,0.2,fixed,1,feasible-heuristic,True,106902.49808608701,16022.816300000002,32.17304536529681,9.811336187214613,6.986301369863014,2.9452054794520546,0.5613517808219177,6.986301369863014,4.298645068493151,0.583904109589041,17,7,1.0,0.0,0.0,0,2400
central-balanced-c97p49-r20p0-multimodal-enabled,multimodal-enabled,0.2,fixed,2,feasible-heuristic,True,100014.7828428295,16046.329550000002,30.178819349315066,9.892021404109594,6.4520547945205475,2.73972602739726,0.5703446575342466,6.4520547945205475,3.6274121917808224,0.4452054794520548,18,7,1.0,0.0,0.0,0,2400
central-balanced-c97p49-r20p0-multimodal-enabled,multimodal-enabled,0.2,fixed,3,feasible-heuristic,True,111455.44512698449,16015.539050000003,32.97092599315069,9.746482020547946,7.260273972602739,3.0,0.5490865753424657,7.260273972602739,4.70960397260274,0.4452054794520548,16,6,1.0,0.0,0.0,0,2400
central-balanced-c97p49-r20p0-multimodal-enabled,multimodal-enabled,0.2,fixed,4,feasible-heuristic,True,103165.7012879605,15972.84145,30.741004851598177,9.750850742009133,6.63013698630137,2.643835616438356,0.5408241095890411,6.63013698630137,3.9082341095890416,0.636986301369863,15,7,1.0,0.0,0.0,0,2400
central-balanced-c97p49-r20p0-multimodal-enabled,multimodal-enabled,0.2,fixed,5,feasible-heuristic,True,101467.30260647301,16046.927699999998,29.379751073059364,9.78275970319635,6.328767123287672,2.3698630136986303,0.5188189041095891,6.328767123287672,3.7494053424657534,0.3013698630136986,13,6,1.0,0.0,0.0,0,2400
central-balanced-c97p49-r20p0-multimodal-enabled,multimodal-enabled,0.2,fixed,6,feasible-heuristic,True,100999.31812322549,15912.189950000002,30.11408734018265,9.935043093607309,6.438356164383562,2.671232876712329,0.5529265753424657,6.438356164383562,3.776802602739726,0.3013698630136986,16,7,1.0,0.0,0.0,0,2400
central-balanced-c97p49-r20p0-multimodal-enabled,multimodal-enabled,0.2,fixed,7,feasible-heuristic,True,102192.9360297895,15991.633550000002,30.909598162100455,9.917751997716897,6.589041095890411,2.7945205479452055,0.5613517808219178,6.589041095890411,3.8739875342465755,0.583904109589041,17,7,1.0,0.0,0.0,0,2400
central-balanced-c97p49-r20p0-multimodal-enabled,multimodal-enabled,0.2,fixed,8,feasible-heuristic,True,104070.89014980399,16033.619600000002,30.961470045662107,9.926261415525117,6.712328767123288,2.73972602739726,0.5529265753424658,6.712328767123288,4.016528630136986,0.3013698630136986,16,7,1.0,0.0,0.0,0,2400
central-balanced-c97p49-r20p0-multimodal-enabled,multimodal-enabled,0.2,fixed,9,feasible-heuristic,True,105652.617032181,16014.056900000001,30.85318125570777,9.754164954337899,6.712328767123288,2.712328767123288,0.5413917808219179,6.712328767123288,4.119268356164383,0.3013698630136986,15,7,1.0,0.0,0.0,0,2400
central-balanced-c97p49-r20p0-multimodal-enabled,multimodal-enabled,0.2,fixed,10,feasible-heuristic,True,102599.91148335699,15907.339300000005,30.738882077625576,9.934788242009134,6.63013698630137,2.643835616438356,0.5465446575342465,6.63013698630137,3.9082341095890416,0.4452054794520548,16,6,1.0,0.0,0.0,0,2400
central-balanced-c97p49-r20p0-multimodal-enabled,multimodal-enabled,0.2,fixed,11,feasible-heuristic,True,99278.52023243599,15979.156400000002,29.86499908675799,9.89652168949772,6.328767123287672,2.5342465753424657,0.5465446575342465,6.328767123287672,3.5931656164383563,0.636986301369863,16,6,1.0,0.0,0.0,0,2400
central-balanced-c97p49-r20p0-multimodal-enabled,multimodal-enabled,0.2,fixed,12,feasible-heuristic,True,105262.27496464198,16007.5858,31.496662374429228,9.894398401826486,6.794520547945205,2.7945205479452055,0.5566257534246575,6.794520547945205,4.222008082191781,0.4400684931506849,16,7,1.0,0.0,0.0,0,2400
central-balanced-c97p49-r20p0-multimodal-enabled,multimodal-enabled,0.2,fixed,13,feasible-heuristic,True,101452.495483454,15984.0046,29.753283835616443,9.731359589041096,6.342465753424658,2.493150684931507,0.5297860273972603,6.342465753424658,3.730151917808219,0.583904109589041,14,6,1.0,0.0,0.0,0,2400
central-balanced-c97p49-r20p0-multimodal-enabled,multimodal-enabled,0.2,fixed,14,feasible-heuristic,True,102903.75054263798,16028.686200000002,30.92468255707763,9.892019406392695,6.671232876712328,2.712328767123288,0.5490865753424659,6.671232876712328,3.983576575342466,0.4452054794520548,16,6,1.0,0.0,0.0,0,2400
central-balanced-c97p49-r20p0-multimodal-enabled,multimodal-enabled,0.2,fixed,15,feasible-heuristic,True,102407.53385411447,16038.576050000001,30.26870023972603,9.729619006849315,6.493150684931507,2.6027397260273974,0.540093698630137,6.493150684931507,3.8260423287671235,0.583904109589041,15,6,1.0,0.0,0.0,0,2400
central-balanced-c97p49-r20p0-multimodal-enabled,multimodal-enabled,0.2,fixed,16,feasible-heuristic,True,101039.27540582248,16008.105249999999,30.208418595890418,9.919029965753426,6.465753424657534,2.6027397260273974,0.5592367123287671,6.465753424657534,3.7506998630136987,0.4452054794520548,17,6,1.0,0.0,0.0,0,2400
central-balanced-c97p49-r20p0-multimodal-enabled,multimodal-enabled,0.2,fixed,17,feasible-heuristic,True,101626.59547414749,16030.647749999998,30.103072089041095,9.738250856164383,6.4520547945205475,2.5342465753424657,0.5387789041095891,6.4520547945205475,3.7506998630136987,0.636986301369863,15,6,1.0,0.0,0.0,0,2400
central-balanced-c97p49-r20p0-multimodal-enabled,multimodal-enabled,0.2,fixed,18,feasible-heuristic,True,103068.12279543499,16027.5815,30.15881897260274,9.836827054794522,6.4520547945205475,2.589041095890411,0.5520386301369863,6.4520547945205475,3.8863916438356165,0.3904109589041096,16,6,1.0,0.0,0.0,0,2400
central-balanced-c97p49-r20p0-multimodal-enabled,multimodal-enabled,0.2,fixed,19,feasible-heuristic,True,100137.351611155,15954.009500000002,29.562894954337896,9.863870433789959,6.287671232876712,2.493150684931507,0.5305164383561644,6.287671232876712,3.6548094520547947,0.4452054794520548,14,7,1.0,0.0,0.0,0,2400
central-balanced-c97p49-r20p0-multimodal-enabled,multimodal-enabled,0.2,fixed,20,feasible-heuristic,True,102992.257146983,16008.126700000003,31.069017146118725,9.928925228310506,6.698630136986301,2.7945205479452055,0.5619194520547945,6.698630136986301,3.995980684931507,0.3904109589041096,17,7,1.0,0.0,0.0,0,2400
central-balanced-c97p49-r20p0-multimodal-enabled,multimodal-enabled,0.2,fixed,21,feasible-heuristic,True,100965.797093909,15993.084100000002,30.33183696347032,9.810728881278541,6.465753424657534,2.671232876712329,0.5580794520547946,6.465753424657534,3.7233026027397265,0.636986301369863,17,6,1.0,0.0,0.0,0,2400
central-balanced-c97p49-r20p0-multimodal-enabled,multimodal-enabled,0.2,fixed,22,feasible-heuristic,True,102973.71117644898,15838.330100000001,30.74221819634704,9.938910388127855,6.561643835616438,2.712328767123288,0.5731558904109589,6.561643835616438,3.9493300000000002,0.4452054794520548,17,7,1.0,0.0,0.0,0,2400
central-balanced-c97p49-r20p0-multimodal-enabled,multimodal-enabled,0.2,fixed,23,feasible-heuristic,True,101546.3006856225,15990.125250000001,29.269785901826488,9.650931792237445,6.328767123287672,2.3972602739726026,0.520133698630137,6.328767123287672,3.7425560273972605,0.3013698630136986,13,6,1.0,0.0,0.0,0,2400
central-balanced-c97p49-r20p0-multimodal-enabled,multimodal-enabled,0.2,fixed,24,feasible-heuristic,True,102070.4752545465,16022.33285,30.391369280821927,9.902221746575346,6.506849315068493,2.643835616438356,0.5535161643835617,6.506849315068493,3.832891643835616,0.4452054794520548,16,7,1.0,0.0,0.0,0,2400
central-balanced-c97p49-r20p0-multimodal-enabled,multimodal-enabled,0.2,fixed,25,feasible-heuristic,True,100878.40322257999,15994.742,30.303618036529677,9.868591324200915,6.438356164383562,2.5205479452054793,0.5387789041095891,6.438356164383562,3.7233026027397265,0.7756849315068494,15,6,1.0,0.0,0.0,0,2400
central-balanced-c97p49-r20p0-multimodal-enabled,multimodal-enabled,0.2,fixed,26,feasible-heuristic,True,98520.22051602749,15983.459750000004,30.411538527397262,10.056247431506852,6.4520547945205475,2.767123287671233,0.5703446575342466,6.4520547945205475,3.668508082191781,0.4452054794520548,18,7,1.0,0.0,0.0,0,2400
central-balanced-c97p49-r20p0-multimodal-enabled,multimodal-enabled,0.2,fixed,27,feasible-heuristic,True,101926.84669078549,15899.433950000002,30.579638116438357,9.904154965753428,6.561643835616438,2.589041095890411,0.5395093150684931,6.561643835616438,3.83974095890411,0.583904109589041,15,7,1.0,0.0,0.0,0,2400
central-balanced-c97p49-r20p0-multimodal-enabled,multimodal-enabled,0.2,fixed,28,feasible-heuristic,True,103713.8549968895,16017.423550000005,31.23122455479453,10.025240582191783,6.657534246575342,2.8493150684931505,0.5854210958904109,6.657534246575342,4.010973835616439,0.4452054794520548,18,8,1.0,0.0,0.0,0,2400
central-balanced-c97p49-r20p0-multimodal-enabled,multimodal-enabled,0.2,fixed,29,feasible-heuristic,True,105352.18070597001,16003.652999999998,31.019164885844752,9.789495433789957,6.6438356164383565,2.712328767123288,0.5457504109589041,6.6438356164383565,4.100014931506849,0.583904109589041,15,7,1.0,0.0,0.0,0,2400
central-balanced-c97p49-r20p0-multimodal-enabled,multimodal-enabled,0.2,adaptive,0,feasible-heuristic,True,101613.50518809499,16014.815500000002,30.58950253424658,9.998950342465756,6.493150684931507,2.767123287671233,0.5727290410958904,6.493150684931507,3.8191930136986296,0.4452054794520548,18,7,1.0,0.0,0.0,0,2400
central-balanced-c97p49-r20p0-multimodal-enabled,multimodal-enabled,0.2,adaptive,1,feasible-heuristic,True,102891.525950993,16020.475700000003,30.785126643835614,9.959368150684934,6.534246575342466,2.808219178082192,0.5682093150684931,6.534246575342466,3.935631369863014,0.4452054794520548,18,7,1.0,0.0,0.0,0,2400
central-balanced-c97p49-r20p0-multimodal-enabled,multimodal-enabled,0.2,adaptive,2,feasible-heuristic,True,103713.621009593,16009.6157,30.90679705479452,9.781422945205481,6.6438356164383565,2.73972602739726,0.5510441095890412,6.6438356164383565,3.9630286301369866,0.583904109589041,16,7,1.0,0.0,0.0,0,2400
central-balanced-c97p49-r20p0-multimodal-enabled,multimodal-enabled,0.2,adaptive,3,feasible-heuristic,True,99120.587655292,16007.270800000002,28.931370913242013,9.809146118721463,6.164383561643835,2.3972602739726026,0.530353698630137,6.164383561643835,3.5644738356164383,0.3013698630136986,14,6,1.0,0.0,0.0,0,2400
central-balanced-c97p49-r20p0-multimodal-enabled,multimodal-enabled,0.2,adaptive,4,feasible-heuristic,True,108366.009045152,16009.784800000003,32.170904109589046,9.873270547945207,6.863013698630137,2.904109589041096,0.5743309589041096,6.863013698630137,4.456179315068494,0.636986301369863,18,6,1.0,0.0,0.0,0,2400
central-balanced-c97p49-r20p0-multimodal-enabled,multimodal-enabled,0.2,adaptive,5,feasible-heuristic,True,100870.190069893,15991.085700000001,30.050576461187212,9.795462899543383,6.438356164383562,2.671232876712329,0.552358904109589,6.438356164383562,3.70960397260274,0.4452054794520548,16,7,1.0,0.0,0.0,0,2400
central-balanced-c97p49-r20p0-multimodal-enabled,multimodal-enabled,0.2,adaptive,6,feasible-heuristic,True,102399.04066305199,16045.494800000002,30.20336063926941,9.704526255707762,6.465753424657534,2.4657534246575343,0.5272441095890411,6.465753424657534,3.7986450684931503,0.7756849315068494,14,6,1.0,0.0,0.0,0,2400
central-balanced-c97p49-r20p0-multimodal-enabled,multimodal-enabled,0.2,adaptive,7,feasible-heuristic,True,102831.4216738985,15977.197650000002,31.378443481735168,9.995049372146124,6.698630136986301,2.8767123287671232,0.5830367123287672,6.698630136986301,3.9424806849315064,0.583904109589041,19,7,1.0,0.0,0.0,0,2400
central-balanced-c97p49-r20p0-multimodal-enabled,multimodal-enabled,0.2,adaptive,8,feasible-heuristic,True,100059.61634671049,15958.216450000004,30.097581883561645,9.910961472602741,6.424657534246576,2.6575342465753424,0.5523589041095891,6.424657534246576,3.6822067123287674,0.4452054794520548,16,7,1.0,0.0,0.0,0,2400
central-balanced-c97p49-r20p0-multimodal-enabled,multimodal-enabled,0.2,adaptive,9,feasible-heuristic,True,102545.089285538,15971.896200000003,31.310595022831052,9.923200913242011,6.684931506849315,2.835616438356164,0.5613517808219177,6.684931506849315,3.983576575342466,0.636986301369863,17,7,1.0,0.0,0.0,0,2400
central-balanced-c97p49-r20p0-multimodal-enabled,multimodal-enabled,0.2,adaptive,10,feasible-heuristic,True,100074.125417052,15935.0948,30.812295342465756,10.083044520547949,6.493150684931507,2.767123287671233,0.5727290410958904,6.493150684931507,3.8191930136986305,0.583904109589041,18,7,1.0,0.0,0.0,0,2400
central-balanced-c97p49-r20p0-multimodal-enabled,multimodal-enabled,0.2,adaptive,11,feasible-heuristic,True,102066.20133612599,16008.537399999997,30.700625844748853,9.847478310502286,6.6438356164383565,2.73972602739726,0.5613517808219178,6.6438356164383565,3.8191930136986305,0.4452054794520548,17,7,1.0,0.0,0.0,0,2400
central-balanced-c97p49-r20p0-multimodal-enabled,multimodal-enabled,0.2,adaptive,12,feasible-heuristic,True,102326.44794431199,16008.8688,31.401956301369864,10.016575342465757,6.657534246575342,2.863013698630137,0.586735890410959,6.657534246575342,3.983576575342466,0.636986301369863,18,8,1.0,0.0,0.0,0,2400
central-balanced-c97p49-r20p0-multimodal-enabled,multimodal-enabled,0.2,adaptive,13,feasible-heuristic,True,103019.10319589499,16044.0355,30.965331255707767,10.006853310502285,6.63013698630137,2.671232876712329,0.5502438356164383,6.63013698630137,4.031521780821918,0.4452054794520548,16,6,1.0,0.0,0.0,0,2400
central-balanced-c97p49-r20p0-multimodal-enabled,multimodal-enabled,0.2,adaptive,14,feasible-heuristic,True,103691.45045696899,15998.278100000001,31.08394545662101,9.855831621004567,6.684931506849315,2.73972602739726,0.5510441095890412,6.684931506849315,3.983576575342466,0.583904109589041,16,7,1.0,0.0,0.0,0,2400
central-balanced-c97p49-r20p0-multimodal-enabled,multimodal-enabled,0.2,adaptive,15,feasible-heuristic,True,103067.94466471148,16041.691350000001,31.19276085616438,9.863134417808219,6.726027397260274,2.73972602739726,0.5498169863013699,6.726027397260274,4.004124520547945,0.583904109589041,16,7,1.0,0.0,0.0,0,2400
central-balanced-c97p49-r20p0-multimodal-enabled,multimodal-enabled,0.2,adaptive,16,feasible-heuristic,True,100792.99320129999,16029.87,30.424346666666676,9.922074200913244,6.493150684931507,2.6575342465753424,0.5580794520547946,6.493150684931507,3.7164532876712326,0.583904109589041,17,6,1.0,0.0,0.0,0,2400
central-balanced-c97p49-r20p0-multimodal-enabled,multimodal-enabled,0.2,adaptive,17,feasible-heuristic,True,105270.9317549545,16024.492050000003,31.113440924657535,9.773142979452057,6.739726027397261,2.767123287671233,0.5485021917808219,6.739726027397261,4.100014931506849,0.4452054794520548,16,7,1.0,0.0,0.0,0,2400
central-balanced-c97p49-r20p0-multimodal-enabled,multimodal-enabled,0.2,adaptive,18,feasible-heuristic,True,104259.71650821349,16040.391150000001,31.29945660958904,9.862404965753425,6.726027397260274,2.835616438356164,0.5613517808219178,6.726027397260274,4.004124520547945,0.583904109589041,17,7,1.0,0.0,0.0,0,2400
central-balanced-c97p49-r20p0-multimodal-enabled,multimodal-enabled,0.2,adaptive,19,feasible-heuristic,True,106188.78178700998,15841.549,31.469358949771692,9.89162100456621,6.780821917808219,2.73972602739726,0.5406613698630137,6.780821917808219,4.24255602739726,0.4931506849315068,15,6,1.0,0.0,0.0,0,2400
central-balanced-c97p49-r20p0-multimodal-enabled,multimodal-enabled,0.2,adaptive,20,feasible-heuristic,True,102802.86126772051,16033.865449999998,30.38701371004566,9.974942066210048,6.465753424657534,2.684931506849315,0.5667758904109589,6.465753424657534,3.9274875342465756,0.3013698630136986,16,8,1.0,0.0,0.0,0,2400
central-balanced-c97p49-r20p0-multimodal-enabled,multimodal-enabled,0.2,adaptive,21,feasible-heuristic,True,99461.81406894699,15996.0303,29.954431986301373,9.913207191780822,6.36986301369863,2.5616438356164384,0.5490865753424659,6.36986301369863,3.6068642465753427,0.583904109589041,16,6,1.0,0.0,0.0,0,2400
central-balanced-c97p49-r20p0-multimodal-enabled,multimodal-enabled,0.2,adaptive,22,feasible-heuristic,True,103073.8988439235,16032.070150000001,30.735129166666667,9.84177368721461,6.561643835616438,2.671232876712329,0.5604638356164383,6.561643835616438,3.901384794520548,0.636986301369863,17,6,1.0,0.0,0.0,0,2400
central-balanced-c97p49-r20p0-multimodal-enabled,multimodal-enabled,0.2,adaptive,23,feasible-heuristic,True,103658.076073995,16023.725499999997,30.708534269406396,9.896483447488587,6.52054794520548,2.6986301369863015,0.5540838356164384,6.52054794520548,3.989131369863014,0.5291095890410958,16,7,1.0,0.0,0.0,0,2400
central-balanced-c97p49-r20p0-multimodal-enabled,multimodal-enabled,0.2,adaptive,24,feasible-heuristic,True,99683.17045268198,16019.7818,29.749912374429226,9.862100456621008,6.315068493150685,2.5205479452054793,0.5395093150684932,6.315068493150685,3.613713561643836,0.583904109589041,15,7,1.0,0.0,0.0,0,2400
central-balanced-c97p49-r20p0-multimodal-enabled,multimodal-enabled,0.2,adaptive,25,feasible-heuristic,True,107302.3288645155,15947.810950000003,32.37333674657534,9.806148116438358,7.041095890410959,2.9726027397260273,0.5613517808219178,7.041095890410959,4.3671382191780825,0.583904109589041,17,7,1.0,0.0,0.0,0,2400
central-balanced-c97p49-r20p0-multimodal-enabled,multimodal-enabled,0.2,adaptive,26,feasible-heuristic,True,103191.4164305435,16023.908150000003,30.978809623287678,9.885230308219182,6.589041095890411,2.835616438356164,0.5740438356164383,6.589041095890411,3.921932739726027,0.583904109589041,18,7,1.0,0.0,0.0,0,2400
central-balanced-c97p49-r20p0-multimodal-enabled,multimodal-enabled,0.2,adaptive,27,feasible-heuristic,True,107190.60978353,16044.897,31.950498812785398,9.798734018264842,6.945205479452055,2.8493150684931505,0.5637361643835617,6.945205479452055,4.2643984931506855,0.583904109589041,17,7,1.0,0.0,0.0,0,2400
central-balanced-c97p49-r20p0-multimodal-enabled,multimodal-enabled,0.2,adaptive,28,feasible-heuristic,True,105170.589827789,16006.696100000006,31.71707961187215,9.991219748858452,6.739726027397261,2.9726027397260273,0.5830367123287672,6.739726027397261,4.106864246575343,0.583904109589041,19,7,1.0,0.0,0.0,0,2400
central-balanced-c97p49-r20p0-multimodal-enabled,multimodal-enabled,0.2,adaptive,29,feasible-heuristic,True,103579.35153729499,16019.895500000002,31.02153280821918,9.969912671232878,6.561643835616438,2.7534246575342465,0.5611942465753424,6.561643835616438,3.976727260273973,0.636986301369863,17,7,1.0,0.0,0.0,0,2400
central-balanced-c97p49-r20p0-multimodal-enabled,multimodal-enabled,0.2,catastrophe,0,feasible-heuristic,True,107846.432517443,15992.580700000004,32.662212579908676,10.015420662100457,7.013698630136986,3.1232876712328768,0.6084208219178082,7.013698630136986,4.442480684931507,0.4452054794520548,20,8,1.0,0.0,0.0,1,2400
central-balanced-c97p49-r20p0-multimodal-enabled,multimodal-enabled,0.2,catastrophe,1,feasible-heuristic,True,106902.49808608701,16022.816300000002,32.17304536529681,9.811336187214613,6.986301369863014,2.9452054794520546,0.5613517808219177,6.986301369863014,4.298645068493151,0.583904109589041,17,7,1.0,0.0,0.0,0,2400
central-balanced-c97p49-r20p0-multimodal-enabled,multimodal-enabled,0.2,catastrophe,2,feasible-heuristic,True,100014.7828428295,16046.329550000002,30.178819349315066,9.892021404109594,6.4520547945205475,2.73972602739726,0.5703446575342466,6.4520547945205475,3.6274121917808224,0.4452054794520548,18,7,1.0,0.0,0.0,0,2400
central-balanced-c97p49-r20p0-multimodal-enabled,multimodal-enabled,0.2,catastrophe,3,feasible-heuristic,True,111455.44512698449,16015.539050000003,32.97092599315069,9.746482020547946,7.260273972602739,3.0,0.5490865753424657,7.260273972602739,4.70960397260274,0.4452054794520548,16,6,1.0,0.0,0.0,1,2400
central-balanced-c97p49-r20p0-multimodal-enabled,multimodal-enabled,0.2,catastrophe,4,feasible-heuristic,True,103165.7012879605,15972.84145,30.741004851598177,9.750850742009133,6.63013698630137,2.643835616438356,0.5408241095890411,6.63013698630137,3.9082341095890416,0.636986301369863,15,7,1.0,0.0,0.0,0,2400
central-balanced-c97p49-r20p0-multimodal-enabled,multimodal-enabled,0.2,catastrophe,5,feasible-heuristic,True,101467.30260647301,16046.927699999998,29.379751073059364,9.78275970319635,6.328767123287672,2.3698630136986303,0.5188189041095891,6.328767123287672,3.7494053424657534,0.3013698630136986,13,6,1.0,0.0,0.0,0,2400
central-balanced-c97p49-r20p0-multimodal-enabled,multimodal-enabled,0.2,catastrophe,6,feasible-heuristic,True,100999.31812322549,15912.189950000002,30.11408734018265,9.935043093607309,6.438356164383562,2.671232876712329,0.5529265753424657,6.438356164383562,3.776802602739726,0.3013698630136986,16,7,1.0,0.0,0.0,0,2400
central-balanced-c97p49-r20p0-multimodal-enabled,multimodal-enabled,0.2,catastrophe,7,feasible-heuristic,True,102192.9360297895,15991.633550000002,30.909598162100455,9.917751997716897,6.589041095890411,2.7945205479452055,0.5613517808219178,6.589041095890411,3.8739875342465755,0.583904109589041,17,7,1.0,0.0,0.0,0,2400
central-balanced-c97p49-r20p0-multimodal-enabled,multimodal-enabled,0.2,catastrophe,8,feasible-heuristic,True,104070.89014980399,16033.619600000002,30.961470045662107,9.926261415525117,6.712328767123288,2.73972602739726,0.5529265753424658,6.712328767123288,4.016528630136986,0.3013698630136986,16,7,1.0,0.0,0.0,0,2400
central-balanced-c97p49-r20p0-multimodal-enabled,multimodal-enabled,0.2,catastrophe,9,feasible-heuristic,True,105652.617032181,16014.056900000001,30.85318125570777,9.754164954337899,6.712328767123288,2.712328767123288,0.5413917808219179,6.712328767123288,4.119268356164383,0.3013698630136986,15,7,1.0,0.0,0.0,0,2400
central-balanced-c97p49-r20p0-multimodal-enabled,multimodal-enabled,0.2,catastrophe,10,feasible-heuristic,True,102599.91148335699,15907.339300000005,30.738882077625576,9.934788242009134,6.63013698630137,2.643835616438356,0.5465446575342465,6.63013698630137,3.9082341095890416,0.4452054794520548,16,6,1.0,0.0,0.0,0,2400
central-balanced-c97p49-r20p0-multimodal-enabled,multimodal-enabled,0.2,catastrophe,11,feasible-heuristic,True,99278.52023243599,15979.156400000002,29.86499908675799,9.89652168949772,6.328767123287672,2.5342465753424657,0.5465446575342465,6.328767123287672,3.5931656164383563,0.636986301369863,16,6,1.0,0.0,0.0,0,2400
central-balanced-c97p49-r20p0-multimodal-enabled,multimodal-enabled,0.2,catastrophe,12,feasible-heuristic,True,105262.27496464198,16007.5858,31.496662374429228,9.894398401826486,6.794520547945205,2.7945205479452055,0.5566257534246575,6.794520547945205,4.222008082191781,0.4400684931506849,16,7,1.0,0.0,0.0,0,2400
central-balanced-c97p49-r20p0-multimodal-enabled,multimodal-enabled,0.2,catastrophe,13,feasible-heuristic,True,101452.495483454,15984.0046,29.753283835616443,9.731359589041096,6.342465753424658,2.493150684931507,0.5297860273972603,6.342465753424658,3.730151917808219,0.583904109589041,14,6,1.0,0.0,0.0,0,2400
central-balanced-c97p49-r20p0-multimodal-enabled,multimodal-enabled,0.2,catastrophe,14,feasible-heuristic,True,102903.75054263798,16028.686200000002,30.92468255707763,9.892019406392695,6.671232876712328,2.712328767123288,0.5490865753424659,6.671232876712328,3.983576575342466,0.4452054794520548,16,6,1.0,0.0,0.0,0,2400
central-balanced-c97p49-r20p0-multimodal-enabled,multimodal-enabled,0.2,catastrophe,15,feasible-heuristic,True,102407.53385411447,16038.576050000001,30.26870023972603,9.729619006849315,6.493150684931507,2.6027397260273974,0.540093698630137,6.493150684931507,3.8260423287671235,0.583904109589041,15,6,1.0,0.0,0.0,0,2400
central-balanced-c97p49-r20p0-multimodal-enabled,multimodal-enabled,0.2,catastrophe,16,feasible-heuristic,True,101039.27540582248,16008.105249999999,30.208418595890418,9.919029965753426,6.465753424657534,2.6027397260273974,0.5592367123287671,6.465753424657534,3.7506998630136987,0.4452054794520548,17,6,1.0,0.0,0.0,0,2400
central-balanced-c97p49-r20p0-multimodal-enabled,multimodal-enabled,0.2,catastrophe,17,feasible-heuristic,True,103506.6756400475,16036.557749999998,30.488971632420093,9.767986015981734,6.616438356164384,2.589041095890411,0.5387789041095891,6.616438356164384,3.9150834246575346,0.4452054794520548,15,6,1.0,0.0,0.0,1,2400
central-balanced-c97p49-r20p0-multimodal-enabled,multimodal-enabled,0.2,catastrophe,18,feasible-heuristic,True,103068.12279543499,16027.5815,30.15881897260274,9.836827054794522,6.4520547945205475,2.589041095890411,0.5520386301369863,6.4520547945205475,3.8863916438356165,0.3904109589041096,16,6,1.0,0.0,0.0,0,2400
central-balanced-c97p49-r20p0-multimodal-enabled,multimodal-enabled,0.2,catastrophe,19,feasible-heuristic,True,100137.351611155,15954.009500000002,29.562894954337896,9.863870433789959,6.287671232876712,2.493150684931507,0.5305164383561644,6.287671232876712,3.6548094520547947,0.4452054794520548,14,7,1.0,0.0,0.0,0,2400
central-balanced-c97p49-r20p0-multimodal-enabled,multimodal-enabled,0.2,catastrophe,20,feasible-heuristic,True,102992.257146983,16008.126700000003,31.069017146118725,9.928925228310506,6.698630136986301,2.7945205479452055,0.5619194520547945,6.698630136986301,3.995980684931507,0.3904109589041096,17,7,1.0,0.0,0.0,0,2400
central-balanced-c97p49-r20p0-multimodal-enabled,multimodal-enabled,0.2,catastrophe,21,feasible-heuristic,True,100965.797093909,15993.084100000002,30.33183696347032,9.810728881278541,6.465753424657534,2.671232876712329,0.5580794520547946,6.465753424657534,3.7233026027397265,0.636986301369863,17,6,1.0,0.0,0.0,0,2400
central-balanced-c97p49-r20p0-multimodal-enabled,multimodal-enabled,0.2,catastrophe,22,feasible-heuristic,True,102973.71117644898,15838.330100000001,30.74221819634704,9.938910388127855,6.561643835616438,2.712328767123288,0.5731558904109589,6.561643835616438,3.9493300000000002,0.4452054794520548,17,7,1.0,0.0,0.0,0,2400
central-balanced-c97p49-r20p0-multimodal-enabled,multimodal-enabled,0.2,catastrophe,23,feasible-heuristic,True,101546.3006856225,15990.125250000001,29.269785901826488,9.650931792237445,6.328767123287672,2.3972602739726026,0.520133698630137,6.328767123287672,3.7425560273972605,0.3013698630136986,13,6,1.0,0.0,0.0,0,2400
central-balanced-c97p49-r20p0-multimodal-enabled,multimodal-enabled,0.2,catastrophe,24,feasible-heuristic,True,102070.4752545465,16022.33285,30.391369280821927,9.902221746575346,6.506849315068493,2.643835616438356,0.5535161643835617,6.506849315068493,3.832891643835616,0.4452054794520548,16,7,1.0,0.0,0.0,0,2400
central-balanced-c97p49-r20p0-multimodal-enabled,multimodal-enabled,0.2,catastrophe,25,feasible-heuristic,True,100878.40322257999,15994.742,30.303618036529677,9.868591324200915,6.438356164383562,2.5205479452054793,0.5387789041095891,6.438356164383562,3.7233026027397265,0.7756849315068494,15,6,1.0,0.0,0.0,0,2400
central-balanced-c97p49-r20p0-multimodal-enabled,multimodal-enabled,0.2,catastrophe,26,feasible-heuristic,True,98520.22051602749,15983.459750000004,30.411538527397262,10.056247431506852,6.4520547945205475,2.767123287671233,0.5703446575342466,6.4520547945205475,3.668508082191781,0.4452054794520548,18,7,1.0,0.0,0.0,0,2400
central-balanced-c97p49-r20p0-multimodal-enabled,multimodal-enabled,0.2,catastrophe,27,feasible-heuristic,True,101926.84669078549,15899.433950000002,30.579638116438357,9.904154965753428,6.561643835616438,2.589041095890411,0.5395093150684931,6.561643835616438,3.83974095890411,0.583904109589041,15,7,1.0,0.0,0.0,0,2400
central-balanced-c97p49-r20p0-multimodal-enabled,multimodal-enabled,0.2,catastrophe,28,feasible-heuristic,True,103713.8549968895,16017.423550000005,31.23122455479453,10.025240582191783,6.657534246575342,2.8493150684931505,0.5854210958904109,6.657534246575342,4.010973835616439,0.4452054794520548,18,8,1.0,0.0,0.0,0,2400
central-balanced-c97p49-r20p0-multimodal-enabled,multimodal-enabled,0.2,catastrophe,29,feasible-heuristic,True,105352.18070597001,16003.652999999998,31.019164885844752,9.789495433789957,6.6438356164383565,2.712328767123288,0.5457504109589041,6.6438356164383565,4.100014931506849,0.583904109589041,15,7,1.0,0.0,0.0,0,2400
central-balanced-c97p49-r20p0-multimodal-enabled,multimodal-enabled,0.2,combined,0,feasible-heuristic,True,104441.31074422301,16004.402700000002,31.38595714611872,9.913678652968038,6.684931506849315,2.835616438356164,0.5777430136986301,6.684931506849315,4.052069726027397,0.636986301369863,17,8,1.0,0.0,0.0,1,2400
central-balanced-c97p49-r20p0-multimodal-enabled,multimodal-enabled,0.2,combined,1,feasible-heuristic,True,104588.5540469175,16025.12075,31.25181720319635,9.938323915525114,6.726027397260274,2.73972602739726,0.5559441095890411,6.726027397260274,4.120562876712329,0.4452054794520548,17,6,1.0,0.0,0.0,0,2400
central-balanced-c97p49-r20p0-multimodal-enabled,multimodal-enabled,0.2,combined,2,feasible-heuristic,True,108000.9784876055,15800.25195,32.4496511757991,10.049289668949772,6.945205479452055,2.8904109589041096,0.5533534246575343,6.945205479452055,4.537076575342466,0.5291095890410958,16,6,1.0,0.0,0.0,1,2400
central-balanced-c97p49-r20p0-multimodal-enabled,multimodal-enabled,0.2,combined,3,feasible-heuristic,True,101584.2467392,15973.580000000002,30.246174063926944,9.81982762557078,6.47945205479452,2.6986301369863015,0.552358904109589,6.47945205479452,3.7712478082191785,0.4452054794520548,16,7,1.0,0.0,0.0,0,2400
central-balanced-c97p49-r20p0-multimodal-enabled,multimodal-enabled,0.2,combined,4,feasible-heuristic,True,108112.12287086398,16043.0136,31.410676347031966,9.725028538812788,6.698630136986301,2.767123287671233,0.5441191780821918,6.698630136986301,4.345295753424658,0.6318493150684932,15,7,1.0,0.0,0.0,1,2400
central-balanced-c97p49-r20p0-multimodal-enabled,multimodal-enabled,0.2,combined,5,feasible-heuristic,True,103717.7157366425,16045.523250000002,30.158296997716896,9.803195490867582,6.493150684931507,2.5616438356164384,0.530353698630137,6.493150684931507,3.9754327397260276,0.3013698630136986,14,6,1.0,0.0,0.0,0,2400
central-balanced-c97p49-r20p0-multimodal-enabled,multimodal-enabled,0.2,combined,6,feasible-heuristic,True,100304.89609468248,16010.719250000002,30.355013116438357,9.823783390410963,6.493150684931507,2.684931506849315,0.5613517808219178,6.493150684931507,3.661658767123288,0.636986301369863,17,7,1.0,0.0,0.0,0,2400
central-balanced-c97p49-r20p0-multimodal-enabled,multimodal-enabled,0.2,combined,7,feasible-heuristic,True,103611.3076589255,16046.11995,31.42475966894977,10.025680079908678,6.698630136986301,2.904109589041096,0.586735890410959,6.698630136986301,4.065768356164384,0.4452054794520548,18,8,1.0,0.0,0.0,1,2400
central-balanced-c97p49-r20p0-multimodal-enabled,multimodal-enabled,0.2,combined,8,feasible-heuristic,True,108213.11442603,16028.147000000003,32.22013479452055,10.01881849315069,6.890410958904109,2.9863013698630136,0.573904109589041,6.890410958904109,4.415083424657534,0.4452054794520548,18,7,1.0,0.0,0.0,1,2400
central-balanced-c97p49-r20p0-multimodal-enabled,multimodal-enabled,0.2,combined,9,feasible-heuristic,True,103439.91467066851,15919.270650000004,31.08887156392694,9.879141837899548,6.63013698630137,2.6575342465753424,0.5395093150684931,6.63013698630137,3.976727260273973,0.7756849315068494,15,7,1.0,0.0,0.0,0,2400
central-balanced-c97p49-r20p0-multimodal-enabled,multimodal-enabled,0.2,combined,10,feasible-heuristic,True,100917.8577905705,16025.330450000003,30.013708869863017,9.814704623287673,6.438356164383562,2.6301369863013697,0.5510441095890412,6.438356164383562,3.6959053424657538,0.4452054794520548,16,7,1.0,0.0,0.0,0,2400
central-balanced-c97p49-r20p0-multimodal-enabled,multimodal-enabled,0.2,combined,11,feasible-heuristic,True,104949.9035363515,16030.527349999998,31.547248573059367,9.911443778538812,6.863013698630137,2.7945205479452055,0.5439336986301371,6.863013698630137,4.269953287671233,0.3013698630136986,15,7,1.0,0.0,0.0,1,2400
central-balanced-c97p49-r20p0-multimodal-enabled,multimodal-enabled,0.2,combined,12,feasible-heuristic,True,101356.2294761535,16002.09715,29.90761154109589,9.758696061643839,6.410958904109589,2.6027397260273974,0.5420512328767123,6.410958904109589,3.737001232876713,0.4452054794520548,15,7,1.0,0.0,0.0,0,2400
central-balanced-c97p49-r20p0-multimodal-enabled,multimodal-enabled,0.2,combined,13,feasible-heuristic,True,100875.97885972599,16026.177400000002,30.156380091324202,9.904724885844752,6.493150684931507,2.5616438356164384,0.5420512328767123,6.493150684931507,3.716453287671233,0.4452054794520548,15,7,1.0,0.0,0.0,0,2400
central-balanced-c97p49-r20p0-multimodal-enabled,multimodal-enabled,0.2,combined,14,feasible-heuristic,True,103700.60323741152,16016.921349999997,30.139880582191783,9.905374143835617,6.424657534246576,2.547945205479452,0.5467449315068493,6.424657534246576,3.989131369863014,0.3013698630136986,14,7,1.0,0.0,0.0,0,2400
central-balanced-c97p49-r20p0-multimodal-enabled,multimodal-enabled,0.2,combined,15,feasible-heuristic,True,101999.830949995,15996.1255,30.567014178082193,9.909351027397262,6.506849315068493,2.671232876712329,0.5490865753424659,6.506849315068493,3.8397409589041094,0.583904109589041,16,6,1.0,0.0,0.0,0,2400
central-balanced-c97p49-r20p0-multimodal-enabled,multimodal-enabled,0.2,combined,16,feasible-heuristic,True,100672.814262917,16043.3833,29.4989151369863,9.790162671232878,6.260273972602739,2.506849315068493,0.5539430136986301,6.260273972602739,3.6822067123287674,0.4452054794520548,15,7,1.0,0.0,0.0,1,2400
central-balanced-c97p49-r20p0-multimodal-enabled,multimodal-enabled,0.2,combined,17,feasible-heuristic,True,103458.2792981515,16044.347350000004,31.435860993150683,10.022384417808222,6.739726027397261,2.8493150684931505,0.5600369863013699,6.739726027397261,4.07946698630137,0.4452054794520548,17,7,1.0,0.0,0.0,0,2400
central-balanced-c97p49-r20p0-multimodal-enabled,multimodal-enabled,0.2,combined,18,feasible-heuristic,True,101346.51262363349,15999.349150000002,30.27340807077626,9.942403824200916,6.383561643835616,2.6301369863013697,0.5648934246575342,6.383561643835616,3.784946438356164,0.583904109589041,16,8,1.0,0.0,0.0,0,2400
central-balanced-c97p49-r20p0-multimodal-enabled,multimodal-enabled,0.2,combined,19,feasible-heuristic,True,99091.61583691499,16025.433500000001,29.548988470319635,9.853687785388129,6.273972602739726,2.4657534246575343,0.5387789041095891,6.273972602739726,3.5589190410958906,0.583904109589041,15,6,1.0,0.0,0.0,0,2400
central-balanced-c97p49-r20p0-multimodal-enabled,multimodal-enabled,0.2,combined,20,feasible-heuristic,True,105855.034598989,16012.076100000004,32.34991979452055,10.05670376712329,6.945205479452055,2.958904109589041,0.5613517808219177,6.945205479452055,4.298645068493151,0.583904109589041,17,7,1.0,0.0,0.0,0,2400
central-balanced-c97p49-r20p0-multimodal-enabled,multimodal-enabled,0.2,combined,21,feasible-heuristic,True,108277.123077105,16026.1645,32.27068605022831,9.843202625570779,7.054794520547945,2.958904109589041,0.5740438356164383,7.054794520547945,4.339740958904109,0.4452054794520548,18,7,1.0,0.0,0.0,0,2400
central-balanced-c97p49-r20p0-multimodal-enabled,multimodal-enabled,0.2,combined,22,feasible-heuristic,True,110117.31134112249,16002.075250000004,32.77518284246575,9.989505993150686,7.0,2.9863013698630136,0.5760728767123288,7.0,4.586316301369863,0.636986301369863,19,7,1.0,0.0,0.0,0,2400
central-balanced-c97p49-r20p0-multimodal-enabled,multimodal-enabled,0.2,combined,23,feasible-heuristic,True,102942.04046133951,15994.72855,31.061443367579916,10.031532819634707,6.589041095890411,2.684931506849315,0.5514709589041096,6.589041095890411,4.031521780821918,0.583904109589041,16,6,1.0,0.0,0.0,0,2400
central-balanced-c97p49-r20p0-multimodal-enabled,multimodal-enabled,0.2,combined,24,feasible-heuristic,True,103053.1629857605,16038.061450000003,30.871725171232878,9.887591609589041,6.602739726027397,2.684931506849315,0.5485021917808219,6.602739726027397,3.9082341095890416,0.636986301369863,16,7,1.0,0.0,0.0,1,2400
central-balanced-c97p49-r20p0-multimodal-enabled,multimodal-enabled,0.2,combined,25,feasible-heuristic,True,108883.2657409035,16016.872150000003,32.58314236301371,9.91939126712329,7.082191780821918,2.9726027397260273,0.5637361643835617,7.082191780821918,4.517823150684932,0.4452054794520548,17,7,1.0,0.0,0.0,0,2400
central-balanced-c97p49-r20p0-multimodal-enabled,multimodal-enabled,0.2,combined,26,feasible-heuristic,True,103786.76826704449,16038.03305,31.136185445205484,9.99970119863014,6.616438356164384,2.863013698630137,0.5981131506849314,6.616438356164384,3.9972752054794523,0.4452054794520548,19,8,1.0,0.0,0.0,1,2400
central-balanced-c97p49-r20p0-multimodal-enabled,multimodal-enabled,0.2,combined,27,feasible-heuristic,True,106770.91837747801,15996.202200000003,31.869693789954344,9.765992009132423,6.904109589041096,2.863013698630137,0.5529265753424657,6.904109589041096,4.297350547945205,0.5821917808219178,16,7,1.0,0.0,0.0,1,2400
central-balanced-c97p49-r20p0-multimodal-enabled,multimodal-enabled,0.2,combined,28,feasible-heuristic,True,103617.318464627,16018.462300000003,30.57945710045663,9.829992579908678,6.52054794520548,2.73972602739726,0.5672578082191782,6.52054794520548,3.9561793150684936,0.4452054794520548,18,6,1.0,0.0,0.0,1,2400
central-balanced-c97p49-r20p0-multimodal-enabled,multimodal-enabled,0.2,combined,29,feasible-heuristic,True,105466.56037464549,16032.547950000004,32.00064720319635,10.11073829908676,6.821917808219178,2.958904109589041,0.5981131506849314,6.821917808219178,4.243850547945206,0.4452054794520548,19,8,1.0,0.0,0.0,0,2400
central-balanced-c97p49-r20p0-multimodal-enabled,multimodal-enabled,0.2,hybrid-seeded,0,feasible-heuristic,True,104441.31074422301,16004.402700000002,31.38595714611872,9.913678652968038,6.684931506849315,2.835616438356164,0.5777430136986301,6.684931506849315,4.052069726027397,0.636986301369863,17,8,1.0,0.0,0.0,1,2400
central-balanced-c97p49-r20p0-multimodal-enabled,multimodal-enabled,0.2,hybrid-seeded,1,feasible-heuristic,True,104588.5540469175,16025.12075,31.25181720319635,9.938323915525114,6.726027397260274,2.73972602739726,0.5559441095890411,6.726027397260274,4.120562876712329,0.4452054794520548,17,6,1.0,0.0,0.0,0,2400
central-balanced-c97p49-r20p0-multimodal-enabled,multimodal-enabled,0.2,hybrid-seeded,2,feasible-heuristic,True,108000.9784876055,15800.25195,32.4496511757991,10.049289668949772,6.945205479452055,2.8904109589041096,0.5533534246575343,6.945205479452055,4.537076575342466,0.5291095890410958,16,6,1.0,0.0,0.0,1,2400
central-balanced-c97p49-r20p0-multimodal-enabled,multimodal-enabled,0.2,hybrid-seeded,3,feasible-heuristic,True,101584.2467392,15973.580000000002,30.246174063926944,9.81982762557078,6.47945205479452,2.6986301369863015,0.552358904109589,6.47945205479452,3.7712478082191785,0.4452054794520548,16,7,1.0,0.0,0.0,0,2400
central-balanced-c97p49-r20p0-multimodal-enabled,multimodal-enabled,0.2,hybrid-seeded,4,feasible-heuristic,True,108112.12287086398,16043.0136,31.410676347031966,9.725028538812788,6.698630136986301,2.767123287671233,0.5441191780821918,6.698630136986301,4.345295753424658,0.6318493150684932,15,7,1.0,0.0,0.0,1,2400
central-balanced-c97p49-r20p0-multimodal-enabled,multimodal-enabled,0.2,hybrid-seeded,5,feasible-heuristic,True,103717.7157366425,16045.523250000002,30.158296997716896,9.803195490867582,6.493150684931507,2.5616438356164384,0.530353698630137,6.493150684931507,3.9754327397260276,0.3013698630136986,14,6,1.0,0.0,0.0,0,2400
central-balanced-c97p49-r20p0-multimodal-enabled,multimodal-enabled,0.2,hybrid-seeded,6,feasible-heuristic,True,100304.89609468248,16010.719250000002,30.355013116438357,9.823783390410963,6.493150684931507,2.684931506849315,0.5613517808219178,6.493150684931507,3.661658767123288,0.636986301369863,17,7,1.0,0.0,0.0,0,2400
central-balanced-c97p49-r20p0-multimodal-enabled,multimodal-enabled,0.2,hybrid-seeded,7,feasible-heuristic,True,103611.3076589255,16046.11995,31.42475966894977,10.025680079908678,6.698630136986301,2.904109589041096,0.586735890410959,6.698630136986301,4.065768356164384,0.4452054794520548,18,8,1.0,0.0,0.0,1,2400
central-balanced-c97p49-r20p0-multimodal-enabled,multimodal-enabled,0.2,hybrid-seeded,8,feasible-heuristic,True,108213.11442603,16028.147000000003,32.22013479452055,10.01881849315069,6.890410958904109,2.9863013698630136,0.573904109589041,6.890410958904109,4.415083424657534,0.4452054794520548,18,7,1.0,0.0,0.0,1,2400
central-balanced-c97p49-r20p0-multimodal-enabled,multimodal-enabled,0.2,hybrid-seeded,9,feasible-heuristic,True,103439.91467066851,15919.270650000004,31.08887156392694,9.879141837899548,6.63013698630137,2.6575342465753424,0.5395093150684931,6.63013698630137,3.976727260273973,0.7756849315068494,15,7,1.0,0.0,0.0,0,2400
central-balanced-c97p49-r20p0-multimodal-enabled,multimodal-enabled,0.2,hybrid-seeded,10,feasible-heuristic,True,100917.8577905705,16025.330450000003,30.013708869863017,9.814704623287673,6.438356164383562,2.6301369863013697,0.5510441095890412,6.438356164383562,3.6959053424657538,0.4452054794520548,16,7,1.0,0.0,0.0,0,2400
central-balanced-c97p49-r20p0-multimodal-enabled,multimodal-enabled,0.2,hybrid-seeded,11,feasible-heuristic,True,104949.9035363515,16030.527349999998,31.547248573059367,9.911443778538812,6.863013698630137,2.7945205479452055,0.5439336986301371,6.863013698630137,4.269953287671233,0.3013698630136986,15,7,1.0,0.0,0.0,1,2400
central-balanced-c97p49-r20p0-multimodal-enabled,multimodal-enabled,0.2,hybrid-seeded,12,feasible-heuristic,True,101356.2294761535,16002.09715,29.90761154109589,9.758696061643839,6.410958904109589,2.6027397260273974,0.5420512328767123,6.410958904109589,3.737001232876713,0.4452054794520548,15,7,1.0,0.0,0.0,0,2400
central-balanced-c97p49-r20p0-multimodal-enabled,multimodal-enabled,0.2,hybrid-seeded,13,feasible-heuristic,True,100875.97885972599,16026.177400000002,30.156380091324202,9.904724885844752,6.493150684931507,2.5616438356164384,0.5420512328767123,6.493150684931507,3.716453287671233,0.4452054794520548,15,7,1.0,0.0,0.0,0,2400
central-balanced-c97p49-r20p0-multimodal-enabled,multimodal-enabled,0.2,hybrid-seeded,14,feasible-heuristic,True,103700.60323741152,16016.921349999997,30.139880582191783,9.905374143835617,6.424657534246576,2.547945205479452,0.5467449315068493,6.424657534246576,3.989131369863014,0.3013698630136986,14,7,1.0,0.0,0.0,0,2400
central-balanced-c97p49-r20p0-multimodal-enabled,multimodal-enabled,0.2,hybrid-seeded,15,feasible-heuristic,True,101999.830949995,15996.1255,30.567014178082193,9.909351027397262,6.506849315068493,2.671232876712329,0.5490865753424659,6.506849315068493,3.8397409589041094,0.583904109589041,16,6,1.0,0.0,0.0,0,2400
central-balanced-c97p49-r20p0-multimodal-enabled,multimodal-enabled,0.2,hybrid-seeded,16,feasible-heuristic,True,100672.814262917,16043.3833,29.4989151369863,9.790162671232878,6.260273972602739,2.506849315068493,0.5539430136986301,6.260273972602739,3.6822067123287674,0.4452054794520548,15,7,1.0,0.0,0.0,1,2400
central-balanced-c97p49-r20p0-multimodal-enabled,multimodal-enabled,0.2,hybrid-seeded,17,feasible-heuristic,True,103458.2792981515,16044.347350000004,31.435860993150683,10.022384417808222,6.739726027397261,2.8493150684931505,0.5600369863013699,6.739726027397261,4.07946698630137,0.4452054794520548,17,7,1.0,0.0,0.0,0,2400
central-balanced-c97p49-r20p0-multimodal-enabled,multimodal-enabled,0.2,hybrid-seeded,18,feasible-heuristic,True,101346.51262363349,15999.349150000002,30.27340807077626,9.942403824200916,6.383561643835616,2.6301369863013697,0.5648934246575342,6.383561643835616,3.784946438356164,0.583904109589041,16,8,1.0,0.0,0.0,0,2400
central-balanced-c97p49-r20p0-multimodal-enabled,multimodal-enabled,0.2,hybrid-seeded,19,feasible-heuristic,True,99091.61583691499,16025.433500000001,29.548988470319635,9.853687785388129,6.273972602739726,2.4657534246575343,0.5387789041095891,6.273972602739726,3.5589190410958906,0.583904109589041,15,6,1.0,0.0,0.0,0,2400
central-balanced-c97p49-r20p0-multimodal-enabled,multimodal-enabled,0.2,hybrid-seeded,20,feasible-heuristic,True,105855.034598989,16012.076100000004,32.34991979452055,10.05670376712329,6.945205479452055,2.958904109589041,0.5613517808219177,6.945205479452055,4.298645068493151,0.583904109589041,17,7,1.0,0.0,0.0,0,2400
central-balanced-c97p49-r20p0-multimodal-enabled,multimodal-enabled,0.2,hybrid-seeded,21,feasible-heuristic,True,108277.123077105,16026.1645,32.27068605022831,9.843202625570779,7.054794520547945,2.958904109589041,0.5740438356164383,7.054794520547945,4.339740958904109,0.4452054794520548,18,7,1.0,0.0,0.0,0,2400
central-balanced-c97p49-r20p0-multimodal-enabled,multimodal-enabled,0.2,hybrid-seeded,22,feasible-heuristic,True,110117.31134112249,16002.075250000004,32.77518284246575,9.989505993150686,7.0,2.9863013698630136,0.5760728767123288,7.0,4.586316301369863,0.636986301369863,19,7,1.0,0.0,0.0,0,2400
central-balanced-c97p49-r20p0-multimodal-enabled,multimodal-enabled,0.2,hybrid-seeded,23,feasible-heuristic,True,102942.04046133951,15994.72855,31.061443367579916,10.031532819634707,6.589041095890411,2.684931506849315,0.5514709589041096,6.589041095890411,4.031521780821918,0.583904109589041,16,6,1.0,0.0,0.0,0,2400
central-balanced-c97p49-r20p0-multimodal-enabled,multimodal-enabled,0.2,hybrid-seeded,24,feasible-heuristic,True,103053.1629857605,16038.061450000003,30.871725171232878,9.887591609589041,6.602739726027397,2.684931506849315,0.5485021917808219,6.602739726027397,3.9082341095890416,0.636986301369863,16,7,1.0,0.0,0.0,1,2400
central-balanced-c97p49-r20p0-multimodal-enabled,multimodal-enabled,0.2,hybrid-seeded,25,feasible-heuristic,True,108883.2657409035,16016.872150000003,32.58314236301371,9.91939126712329,7.082191780821918,2.9726027397260273,0.5637361643835617,7.082191780821918,4.517823150684932,0.4452054794520548,17,7,1.0,0.0,0.0,0,2400
central-balanced-c97p49-r20p0-multimodal-enabled,multimodal-enabled,0.2,hybrid-seeded,26,feasible-heuristic,True,103786.76826704449,16038.03305,31.136185445205484,9.99970119863014,6.616438356164384,2.863013698630137,0.5981131506849314,6.616438356164384,3.9972752054794523,0.4452054794520548,19,8,1.0,0.0,0.0,1,2400
central-balanced-c97p49-r20p0-multimodal-enabled,multimodal-enabled,0.2,hybrid-seeded,27,feasible-heuristic,True,106770.91837747801,15996.202200000003,31.869693789954344,9.765992009132423,6.904109589041096,2.863013698630137,0.5529265753424657,6.904109589041096,4.297350547945205,0.5821917808219178,16,7,1.0,0.0,0.0,1,2400
central-balanced-c97p49-r20p0-multimodal-enabled,multimodal-enabled,0.2,hybrid-seeded,28,feasible-heuristic,True,103617.318464627,16018.462300000003,30.57945710045663,9.829992579908678,6.52054794520548,2.73972602739726,0.5672578082191782,6.52054794520548,3.9561793150684936,0.4452054794520548,18,6,1.0,0.0,0.0,1,2400
central-balanced-c97p49-r20p0-multimodal-enabled,multimodal-enabled,0.2,hybrid-seeded,29,feasible-heuristic,True,105466.56037464549,16032.547950000004,32.00064720319635,10.11073829908676,6.821917808219178,2.958904109589041,0.5981131506849314,6.821917808219178,4.243850547945206,0.4452054794520548,19,8,1.0,0.0,0.0,0,2400
central-balanced-c97p49-r30p0-multimodal-enabled,multimodal-enabled,0.3,fixed,0,feasible-heuristic,True,136680.57436786452,14038.451049999998,40.94702466894977,10.715620148401829,8.767123287671232,4.232876712328767,0.6395334246575343,8.767123287671232,7.52337794520548,0.3013698630136986,23,8,1.0,0.0,0.0,0,2400
central-balanced-c97p49-r30p0-multimodal-enabled,multimodal-enabled,0.3,fixed,1,feasible-heuristic,True,136823.11067919052,14021.96845,41.30315389269406,10.800432933789955,8.767123287671232,4.315068493150685,0.6561306849315068,8.767123287671232,7.552069726027399,0.4452054794520548,25,8,1.0,0.0,0.0,0,2400
central-balanced-c97p49-r30p0-multimodal-enabled,multimodal-enabled,0.3,fixed,2,feasible-heuristic,True,136823.11067919052,14021.96845,41.30315389269406,10.800432933789955,8.767123287671232,4.315068493150685,0.6561306849315068,8.767123287671232,7.552069726027399,0.4452054794520548,25,8,1.0,0.0,0.0,0,2400
central-balanced-c97p49-r30p0-multimodal-enabled,multimodal-enabled,0.3,fixed,3,feasible-heuristic,True,136823.11067919052,14021.96845,41.30315389269406,10.800432933789955,8.767123287671232,4.315068493150685,0.6561306849315068,8.767123287671232,7.552069726027399,0.4452054794520548,25,8,1.0,0.0,0.0,0,2400
central-balanced-c97p49-r30p0-multimodal-enabled,multimodal-enabled,0.3,fixed,4,feasible-heuristic,True,136823.11067919052,14021.96845,41.30315389269406,10.800432933789955,8.767123287671232,4.315068493150685,0.6561306849315068,8.767123287671232,7.552069726027399,0.4452054794520548,25,8,1.0,0.0,0.0,0,2400
central-balanced-c97p49-r30p0-multimodal-enabled,multimodal-enabled,0.3,fixed,5,feasible-heuristic,True,136680.57436786452,14038.451049999998,40.94702466894977,10.715620148401829,8.767123287671232,4.232876712328767,0.6395334246575343,8.767123287671232,7.52337794520548,0.3013698630136986,23,8,1.0,0.0,0.0,0,2400
central-balanced-c97p49-r30p0-multimodal-enabled,multimodal-enabled,0.3,fixed,6,feasible-heuristic,True,136680.57436786452,14038.451049999998,40.94702466894977,10.715620148401829,8.767123287671232,4.232876712328767,0.6395334246575343,8.767123287671232,7.52337794520548,0.3013698630136986,23,8,1.0,0.0,0.0,0,2400
central-balanced-c97p49-r30p0-multimodal-enabled,multimodal-enabled,0.3,fixed,7,feasible-heuristic,True,136680.57436786452,14038.451049999998,40.94702466894977,10.715620148401829,8.767123287671232,4.232876712328767,0.6395334246575343,8.767123287671232,7.52337794520548,0.3013698630136986,23,8,1.0,0.0,0.0,0,2400
central-balanced-c97p49-r30p0-multimodal-enabled,multimodal-enabled,0.3,fixed,8,feasible-heuristic,True,136823.11067919052,14021.96845,41.30315389269406,10.800432933789955,8.767123287671232,4.315068493150685,0.6561306849315068,8.767123287671232,7.552069726027399,0.4452054794520548,25,8,1.0,0.0,0.0,0,2400
central-balanced-c97p49-r30p0-multimodal-enabled,multimodal-enabled,0.3,fixed,9,feasible-heuristic,True,136680.57436786452,14038.451049999998,40.94702466894977,10.715620148401829,8.767123287671232,4.232876712328767,0.6395334246575343,8.767123287671232,7.52337794520548,0.3013698630136986,23,8,1.0,0.0,0.0,0,2400
central-balanced-c97p49-r30p0-multimodal-enabled,multimodal-enabled,0.3,fixed,10,feasible-heuristic,True,136680.57436786452,14038.451049999998,40.94702466894977,10.715620148401829,8.767123287671232,4.232876712328767,0.6395334246575343,8.767123287671232,7.52337794520548,0.3013698630136986,23,8,1.0,0.0,0.0,0,2400
central-balanced-c97p49-r30p0-multimodal-enabled,multimodal-enabled,0.3,fixed,11,feasible-heuristic,True,136823.11067919052,14021.96845,41.30315389269406,10.800432933789955,8.767123287671232,4.315068493150685,0.6561306849315068,8.767123287671232,7.552069726027399,0.4452054794520548,25,8,1.0,0.0,0.0,0,2400
central-balanced-c97p49-r30p0-multimodal-enabled,multimodal-enabled,0.3,fixed,12,feasible-heuristic,True,136680.57436786452,14038.451049999998,40.94702466894977,10.715620148401829,8.767123287671232,4.232876712328767,0.6395334246575343,8.767123287671232,7.52337794520548,0.3013698630136986,23,8,1.0,0.0,0.0,0,2400
central-balanced-c97p49-r30p0-multimodal-enabled,multimodal-enabled,0.3,fixed,13,feasible-heuristic,True,136823.11067919052,14021.96845,41.30315389269406,10.800432933789955,8.767123287671232,4.315068493150685,0.6561306849315068,8.767123287671232,7.552069726027399,0.4452054794520548,25,8,1.0,0.0,0.0,0,2400
central-balanced-c97p49-r30p0-multimodal-enabled,multimodal-enabled,0.3,fixed,14,feasible-heuristic,True,136823.11067919052,14021.96845,41.30315389269406,10.800432933789955,8.767123287671232,4.315068493150685,0.6561306849315068,8.767123287671232,7.552069726027399,0.4452054794520548,25,8,1.0,0.0,0.0,0,2400
central-balanced-c97p49-r30p0-multimodal-enabled,multimodal-enabled,0.3,fixed,15,feasible-heuristic,True,136823.11067919052,14021.96845,41.30315389269406,10.800432933789955,8.767123287671232,4.315068493150685,0.6561306849315068,8.767123287671232,7.552069726027399,0.4452054794520548,25,8,1.0,0.0,0.0,0,2400
central-balanced-c97p49-r30p0-multimodal-enabled,multimodal-enabled,0.3,fixed,16,feasible-heuristic,True,136680.57436786452,14038.451049999998,40.94702466894977,10.715620148401829,8.767123287671232,4.232876712328767,0.6395334246575343,8.767123287671232,7.52337794520548,0.3013698630136986,23,8,1.0,0.0,0.0,0,2400
central-balanced-c97p49-r30p0-multimodal-enabled,multimodal-enabled,0.3,fixed,17,feasible-heuristic,True,136823.11067919052,14021.96845,41.30315389269406,10.800432933789955,8.767123287671232,4.315068493150685,0.6561306849315068,8.767123287671232,7.552069726027399,0.4452054794520548,25,8,1.0,0.0,0.0,0,2400
central-balanced-c97p49-r30p0-multimodal-enabled,multimodal-enabled,0.3,fixed,18,feasible-heuristic,True,136680.57436786452,14038.451049999998,40.94702466894977,10.715620148401829,8.767123287671232,4.232876712328767,0.6395334246575343,8.767123287671232,7.52337794520548,0.3013698630136986,23,8,1.0,0.0,0.0,0,2400
central-balanced-c97p49-r30p0-multimodal-enabled,multimodal-enabled,0.3,fixed,19,feasible-heuristic,True,136823.11067919052,14021.96845,41.30315389269406,10.800432933789955,8.767123287671232,4.315068493150685,0.6561306849315068,8.767123287671232,7.552069726027399,0.4452054794520548,25,8,1.0,0.0,0.0,0,2400
central-balanced-c97p49-r30p0-multimodal-enabled,multimodal-enabled,0.3,fixed,20,feasible-heuristic,True,137671.51198860852,14040.976649999999,41.150187591324205,10.753076769406393,8.73972602739726,4.260273972602739,0.6477054794520548,8.73972602739726,7.619268356164384,0.3904109589041096,24,8,1.0,0.0,0.0,0,2400
central-balanced-c97p49-r30p0-multimodal-enabled,multimodal-enabled,0.3,fixed,21,feasible-heuristic,True,136680.57436786452,14038.451049999998,40.94702466894977,10.715620148401829,8.767123287671232,4.232876712328767,0.6395334246575343,8.767123287671232,7.52337794520548,0.3013698630136986,23,8,1.0,0.0,0.0,0,2400
central-balanced-c97p49-r30p0-multimodal-enabled,multimodal-enabled,0.3,fixed,22,feasible-heuristic,True,136680.57436786452,14038.451049999998,40.94702466894977,10.715620148401829,8.767123287671232,4.232876712328767,0.6395334246575343,8.767123287671232,7.52337794520548,0.3013698630136986,23,8,1.0,0.0,0.0,0,2400
central-balanced-c97p49-r30p0-multimodal-enabled,multimodal-enabled,0.3,fixed,23,feasible-heuristic,True,136680.57436786452,14038.451049999998,40.94702466894977,10.715620148401829,8.767123287671232,4.232876712328767,0.6395334246575343,8.767123287671232,7.52337794520548,0.3013698630136986,23,8,1.0,0.0,0.0,0,2400
central-balanced-c97p49-r30p0-multimodal-enabled,multimodal-enabled,0.3,fixed,24,feasible-heuristic,True,136823.11067919052,14021.96845,41.30315389269406,10.800432933789955,8.767123287671232,4.315068493150685,0.6561306849315068,8.767123287671232,7.552069726027399,0.4452054794520548,25,8,1.0,0.0,0.0,0,2400
central-balanced-c97p49-r30p0-multimodal-enabled,multimodal-enabled,0.3,fixed,25,feasible-heuristic,True,136823.11067919052,14021.96845,41.30315389269406,10.800432933789955,8.767123287671232,4.315068493150685,0.6561306849315068,8.767123287671232,7.552069726027399,0.4452054794520548,25,8,1.0,0.0,0.0,0,2400
central-balanced-c97p49-r30p0-multimodal-enabled,multimodal-enabled,0.3,fixed,26,feasible-heuristic,True,136823.11067919052,14021.96845,41.30315389269406,10.800432933789955,8.767123287671232,4.315068493150685,0.6561306849315068,8.767123287671232,7.552069726027399,0.4452054794520548,25,8,1.0,0.0,0.0,0,2400
central-balanced-c97p49-r30p0-multimodal-enabled,multimodal-enabled,0.3,fixed,27,feasible-heuristic,True,136823.11067919052,14021.96845,41.30315389269406,10.800432933789955,8.767123287671232,4.315068493150685,0.6561306849315068,8.767123287671232,7.552069726027399,0.4452054794520548,25,8,1.0,0.0,0.0,0,2400
central-balanced-c97p49-r30p0-multimodal-enabled,multimodal-enabled,0.3,fixed,28,feasible-heuristic,True,136680.57436786452,14038.451049999998,40.94702466894977,10.715620148401829,8.767123287671232,4.232876712328767,0.6395334246575343,8.767123287671232,7.52337794520548,0.3013698630136986,23,8,1.0,0.0,0.0,0,2400
central-balanced-c97p49-r30p0-multimodal-enabled,multimodal-enabled,0.3,fixed,29,feasible-heuristic,True,136680.57436786452,14038.451049999998,40.94702466894977,10.715620148401829,8.767123287671232,4.232876712328767,0.6395334246575343,8.767123287671232,7.52337794520548,0.3013698630136986,23,8,1.0,0.0,0.0,0,2400
central-balanced-c97p49-r30p0-multimodal-enabled,multimodal-enabled,0.3,adaptive,0,feasible-heuristic,True,136823.11067919052,14021.96845,41.30315389269406,10.800432933789955,8.767123287671232,4.315068493150685,0.6561306849315068,8.767123287671232,7.552069726027399,0.4452054794520548,25,8,1.0,0.0,0.0,0,2400
central-balanced-c97p49-r30p0-multimodal-enabled,multimodal-enabled,0.3,adaptive,1,feasible-heuristic,True,136680.57436786452,14038.451049999998,40.94702466894977,10.715620148401829,8.767123287671232,4.232876712328767,0.6395334246575343,8.767123287671232,7.52337794520548,0.3013698630136986,23,8,1.0,0.0,0.0,0,2400
central-balanced-c97p49-r30p0-multimodal-enabled,multimodal-enabled,0.3,adaptive,2,feasible-heuristic,True,136823.11067919052,14021.96845,41.30315389269406,10.800432933789955,8.767123287671232,4.315068493150685,0.6561306849315068,8.767123287671232,7.552069726027399,0.4452054794520548,25,8,1.0,0.0,0.0,0,2400
central-balanced-c97p49-r30p0-multimodal-enabled,multimodal-enabled,0.3,adaptive,3,feasible-heuristic,True,136680.57436786452,14038.451049999998,40.94702466894977,10.715620148401829,8.767123287671232,4.232876712328767,0.6395334246575343,8.767123287671232,7.52337794520548,0.3013698630136986,23,8,1.0,0.0,0.0,0,2400
central-balanced-c97p49-r30p0-multimodal-enabled,multimodal-enabled,0.3,adaptive,4,feasible-heuristic,True,136680.57436786452,14038.451049999998,40.94702466894977,10.715620148401829,8.767123287671232,4.232876712328767,0.6395334246575343,8.767123287671232,7.52337794520548,0.3013698630136986,23,8,1.0,0.0,0.0,0,2400
central-balanced-c97p49-r30p0-multimodal-enabled,multimodal-enabled,0.3,adaptive,5,feasible-heuristic,True,136823.11067919052,14021.96845,41.30315389269406,10.800432933789955,8.767123287671232,4.315068493150685,0.6561306849315068,8.767123287671232,7.552069726027399,0.4452054794520548,25,8,1.0,0.0,0.0,0,2400
central-balanced-c97p49-r30p0-multimodal-enabled,multimodal-enabled,0.3,adaptive,6,feasible-heuristic,True,136823.11067919052,14021.96845,41.30315389269406,10.800432933789955,8.767123287671232,4.315068493150685,0.6561306849315068,8.767123287671232,7.552069726027399,0.4452054794520548,25,8,1.0,0.0,0.0,0,2400
central-balanced-c97p49-r30p0-multimodal-enabled,multimodal-enabled,0.3,adaptive,7,feasible-heuristic,True,136823.11067919052,14021.96845,41.30315389269406,10.800432933789955,8.767123287671232,4.315068493150685,0.6561306849315068,8.767123287671232,7.552069726027399,0.4452054794520548,25,8,1.0,0.0,0.0,0,2400
central-balanced-c97p49-r30p0-multimodal-enabled,multimodal-enabled,0.3,adaptive,8,feasible-heuristic,True,136823.11067919052,14021.96845,41.30315389269406,10.800432933789955,8.767123287671232,4.315068493150685,0.6561306849315068,8.767123287671232,7.552069726027399,0.4452054794520548,25,8,1.0,0.0,0.0,0,2400
central-balanced-c97p49-r30p0-multimodal-enabled,multimodal-enabled,0.3,adaptive,9,feasible-heuristic,True,136680.57436786452,14038.451049999998,40.94702466894977,10.715620148401829,8.767123287671232,4.232876712328767,0.6395334246575343,8.767123287671232,7.52337794520548,0.3013698630136986,23,8,1.0,0.0,0.0,0,2400
central-balanced-c97p49-r30p0-multimodal-enabled,multimodal-enabled,0.3,adaptive,10,feasible-heuristic,True,136823.11067919052,14021.96845,41.30315389269406,10.800432933789955,8.767123287671232,4.315068493150685,0.6561306849315068,8.767123287671232,7.552069726027399,0.4452054794520548,25,8,1.0,0.0,0.0,0,2400
central-balanced-c97p49-r30p0-multimodal-enabled,multimodal-enabled,0.3,adaptive,11,feasible-heuristic,True,136823.11067919052,14021.96845,41.30315389269406,10.800432933789955,8.767123287671232,4.315068493150685,0.6561306849315068,8.767123287671232,7.552069726027399,0.4452054794520548,25,8,1.0,0.0,0.0,0,2400
central-balanced-c97p49-r30p0-multimodal-enabled,multimodal-enabled,0.3,adaptive,12,feasible-heuristic,True,136680.57436786452,14038.451049999998,40.94702466894977,10.715620148401829,8.767123287671232,4.232876712328767,0.6395334246575343,8.767123287671232,7.52337794520548,0.3013698630136986,23,8,1.0,0.0,0.0,0,2400
central-balanced-c97p49-r30p0-multimodal-enabled,multimodal-enabled,0.3,adaptive,13,feasible-heuristic,True,136680.57436786452,14038.451049999998,40.94702466894977,10.715620148401829,8.767123287671232,4.232876712328767,0.6395334246575343,8.767123287671232,7.52337794520548,0.3013698630136986,23,8,1.0,0.0,0.0,0,2400
central-balanced-c97p49-r30p0-multimodal-enabled,multimodal-enabled,0.3,adaptive,14,feasible-heuristic,True,136823.11067919052,14021.96845,41.30315389269406,10.800432933789955,8.767123287671232,4.315068493150685,0.6561306849315068,8.767123287671232,7.552069726027399,0.4452054794520548,25,8,1.0,0.0,0.0,0,2400
central-balanced-c97p49-r30p0-multimodal-enabled,multimodal-enabled,0.3,adaptive,15,feasible-heuristic,True,136823.11067919052,14021.96845,41.30315389269406,10.800432933789955,8.767123287671232,4.315068493150685,0.6561306849315068,8.767123287671232,7.552069726027399,0.4452054794520548,25,8,1.0,0.0,0.0,0,2400
central-balanced-c97p49-r30p0-multimodal-enabled,multimodal-enabled,0.3,adaptive,16,feasible-heuristic,True,136680.57436786452,14038.451049999998,40.94702466894977,10.715620148401829,8.767123287671232,4.232876712328767,0.6395334246575343,8.767123287671232,7.52337794520548,0.3013698630136986,23,8,1.0,0.0,0.0,0,2400
central-balanced-c97p49-r30p0-multimodal-enabled,multimodal-enabled,0.3,adaptive,17,feasible-heuristic,True,136823.11067919052,14021.96845,41.30315389269406,10.800432933789955,8.767123287671232,4.315068493150685,0.6561306849315068,8.767123287671232,7.552069726027399,0.4452054794520548,25,8,1.0,0.0,0.0,0,2400
central-balanced-c97p49-r30p0-multimodal-enabled,multimodal-enabled,0.3,adaptive,18,feasible-heuristic,True,136823.11067919052,14021.96845,41.30315389269406,10.800432933789955,8.767123287671232,4.315068493150685,0.6561306849315068,8.767123287671232,7.552069726027399,0.4452054794520548,25,8,1.0,0.0,0.0,0,2400
central-balanced-c97p49-r30p0-multimodal-enabled,multimodal-enabled,0.3,adaptive,19,feasible-heuristic,True,136680.57436786452,14038.451049999998,40.94702466894977,10.715620148401829,8.767123287671232,4.232876712328767,0.6395334246575343,8.767123287671232,7.52337794520548,0.3013698630136986,23,8,1.0,0.0,0.0,0,2400
central-balanced-c97p49-r30p0-multimodal-enabled,multimodal-enabled,0.3,adaptive,20,feasible-heuristic,True,136680.57436786452,14038.451049999998,40.94702466894977,10.715620148401829,8.767123287671232,4.232876712328767,0.6395334246575343,8.767123287671232,7.52337794520548,0.3013698630136986,23,8,1.0,0.0,0.0,0,2400
central-balanced-c97p49-r30p0-multimodal-enabled,multimodal-enabled,0.3,adaptive,21,feasible-heuristic,True,136680.57436786452,14038.451049999998,40.94702466894977,10.715620148401829,8.767123287671232,4.232876712328767,0.6395334246575343,8.767123287671232,7.52337794520548,0.3013698630136986,23,8,1.0,0.0,0.0,0,2400
central-balanced-c97p49-r30p0-multimodal-enabled,multimodal-enabled,0.3,adaptive,22,feasible-heuristic,True,136680.57436786452,14038.451049999998,40.94702466894977,10.715620148401829,8.767123287671232,4.232876712328767,0.6395334246575343,8.767123287671232,7.52337794520548,0.3013698630136986,23,8,1.0,0.0,0.0,0,2400
central-balanced-c97p49-r30p0-multimodal-enabled,multimodal-enabled,0.3,adaptive,23,feasible-heuristic,True,136680.57436786452,14038.451049999998,40.94702466894977,10.715620148401829,8.767123287671232,4.232876712328767,0.6395334246575343,8.767123287671232,7.52337794520548,0.3013698630136986,23,8,1.0,0.0,0.0,0,2400
central-balanced-c97p49-r30p0-multimodal-enabled,multimodal-enabled,0.3,adaptive,24,feasible-heuristic,True,136823.11067919052,14021.96845,41.30315389269406,10.800432933789955,8.767123287671232,4.315068493150685,0.6561306849315068,8.767123287671232,7.552069726027399,0.4452054794520548,25,8,1.0,0.0,0.0,0,2400
central-balanced-c97p49-r30p0-multimodal-enabled,multimodal-enabled,0.3,adaptive,25,feasible-heuristic,True,136823.11067919052,14021.96845,41.30315389269406,10.800432933789955,8.767123287671232,4.315068493150685,0.6561306849315068,8.767123287671232,7.552069726027399,0.4452054794520548,25,8,1.0,0.0,0.0,0,2400
central-balanced-c97p49-r30p0-multimodal-enabled,multimodal-enabled,0.3,adaptive,26,feasible-heuristic,True,136680.57436786452,14038.451049999998,40.94702466894977,10.715620148401829,8.767123287671232,4.232876712328767,0.6395334246575343,8.767123287671232,7.52337794520548,0.3013698630136986,23,8,1.0,0.0,0.0,0,2400
central-balanced-c97p49-r30p0-multimodal-enabled,multimodal-enabled,0.3,adaptive,27,feasible-heuristic,True,136823.11067919052,14021.96845,41.30315389269406,10.800432933789955,8.767123287671232,4.315068493150685,0.6561306849315068,8.767123287671232,7.552069726027399,0.4452054794520548,25,8,1.0,0.0,0.0,0,2400
central-balanced-c97p49-r30p0-multimodal-enabled,multimodal-enabled,0.3,adaptive,28,feasible-heuristic,True,136680.57436786452,14038.451049999998,40.94702466894977,10.715620148401829,8.767123287671232,4.232876712328767,0.6395334246575343,8.767123287671232,7.52337794520548,0.3013698630136986,23,8,1.0,0.0,0.0,0,2400
central-balanced-c97p49-r30p0-multimodal-enabled,multimodal-enabled,0.3,adaptive,29,feasible-heuristic,True,136680.57436786452,14038.451049999998,40.94702466894977,10.715620148401829,8.767123287671232,4.232876712328767,0.6395334246575343,8.767123287671232,7.52337794520548,0.3013698630136986,23,8,1.0,0.0,0.0,0,2400
central-balanced-c97p49-r30p0-multimodal-enabled,multimodal-enabled,0.3,catastrophe,0,feasible-heuristic,True,136680.57436786452,14038.451049999998,40.94702466894977,10.715620148401829,8.767123287671232,4.232876712328767,0.6395334246575343,8.767123287671232,7.52337794520548,0.3013698630136986,23,8,1.0,0.0,0.0,4,2400
central-balanced-c97p49-r30p0-multimodal-enabled,multimodal-enabled,0.3,catastrophe,1,feasible-heuristic,True,136823.11067919052,14021.96845,41.30315389269406,10.800432933789955,8.767123287671232,4.315068493150685,0.6561306849315068,8.767123287671232,7.552069726027399,0.4452054794520548,25,8,1.0,0.0,0.0,3,2400
central-balanced-c97p49-r30p0-multimodal-enabled,multimodal-enabled,0.3,catastrophe,2,feasible-heuristic,True,136823.11067919052,14021.96845,41.30315389269406,10.800432933789955,8.767123287671232,4.315068493150685,0.6561306849315068,8.767123287671232,7.552069726027399,0.4452054794520548,25,8,1.0,0.0,0.0,3,2400
central-balanced-c97p49-r30p0-multimodal-enabled,multimodal-enabled,0.3,catastrophe,3,feasible-heuristic,True,136823.11067919052,14021.96845,41.30315389269406,10.800432933789955,8.767123287671232,4.315068493150685,0.6561306849315068,8.767123287671232,7.552069726027399,0.4452054794520548,25,8,1.0,0.0,0.0,4,2400
central-balanced-c97p49-r30p0-multimodal-enabled,multimodal-enabled,0.3,catastrophe,4,feasible-heuristic,True,136823.11067919052,14021.96845,41.30315389269406,10.800432933789955,8.767123287671232,4.315068493150685,0.6561306849315068,8.767123287671232,7.552069726027399,0.4452054794520548,25,8,1.0,0.0,0.0,4,2400
central-balanced-c97p49-r30p0-multimodal-enabled,multimodal-enabled,0.3,catastrophe,5,feasible-heuristic,True,136823.11067919052,14021.96845,41.30315389269406,10.800432933789955,8.767123287671232,4.315068493150685,0.6561306849315068,8.767123287671232,7.552069726027399,0.4452054794520548,25,8,1.0,0.0,0.0,3,2400
central-balanced-c97p49-r30p0-multimodal-enabled,multimodal-enabled,0.3,catastrophe,6,feasible-heuristic,True,136680.57436786452,14038.451049999998,40.94702466894977,10.715620148401829,8.767123287671232,4.232876712328767,0.6395334246575343,8.767123287671232,7.52337794520548,0.3013698630136986,23,8,1.0,0.0,0.0,3,2400
central-balanced-c97p49-r30p0-multimodal-enabled,multimodal-enabled,0.3,catastrophe,7,feasible-heuristic,True,136680.57436786452,14038.451049999998,40.94702466894977,10.715620148401829,8.767123287671232,4.232876712328767,0.6395334246575343,8.767123287671232,7.52337794520548,0.3013698630136986,23,8,1.0,0.0,0.0,4,2400
central-balanced-c97p49-r30p0-multimodal-enabled,multimodal-enabled,0.3,catastrophe,8,feasible-heuristic,True,137671.51198860852,14040.976649999999,41.150187591324205,10.753076769406393,8.73972602739726,4.260273972602739,0.6477054794520548,8.73972602739726,7.619268356164384,0.3904109589041096,24,8,1.0,0.0,0.0,4,2400
central-balanced-c97p49-r30p0-multimodal-enabled,multimodal-enabled,0.3,catastrophe,9,feasible-heuristic,True,136680.57436786452,14038.451049999998,40.94702466894977,10.715620148401829,8.767123287671232,4.232876712328767,0.6395334246575343,8.767123287671232,7.52337794520548,0.3013698630136986,23,8,1.0,0.0,0.0,3,2400
central-balanced-c97p49-r30p0-multimodal-enabled,multimodal-enabled,0.3,catastrophe,10,feasible-heuristic,True,136680.57436786452,14038.451049999998,40.94702466894977,10.715620148401829,8.767123287671232,4.232876712328767,0.6395334246575343,8.767123287671232,7.52337794520548,0.3013698630136986,23,8,1.0,0.0,0.0,4,2400
central-balanced-c97p49-r30p0-multimodal-enabled,multimodal-enabled,0.3,catastrophe,11,feasible-heuristic,True,136823.11067919052,14021.96845,41.30315389269406,10.800432933789955,8.767123287671232,4.315068493150685,0.6561306849315068,8.767123287671232,7.552069726027399,0.4452054794520548,25,8,1.0,0.0,0.0,3,2400
central-balanced-c97p49-r30p0-multimodal-enabled,multimodal-enabled,0.3,catastrophe,12,feasible-heuristic,True,136680.57436786452,14038.451049999998,40.94702466894977,10.715620148401829,8.767123287671232,4.232876712328767,0.6395334246575343,8.767123287671232,7.52337794520548,0.3013698630136986,23,8,1.0,0.0,0.0,3,2400
central-balanced-c97p49-r30p0-multimodal-enabled,multimodal-enabled,0.3,catastrophe,13,feasible-heuristic,True,137671.51198860852,14040.976649999999,41.150187591324205,10.753076769406393,8.73972602739726,4.260273972602739,0.6477054794520548,8.73972602739726,7.619268356164384,0.3904109589041096,24,8,1.0,0.0,0.0,3,2400
central-balanced-c97p49-r30p0-multimodal-enabled,multimodal-enabled,0.3,catastrophe,14,feasible-heuristic,True,136823.11067919052,14021.96845,41.30315389269406,10.800432933789955,8.767123287671232,4.315068493150685,0.6561306849315068,8.767123287671232,7.552069726027399,0.4452054794520548,25,8,1.0,0.0,0.0,3,2400
central-balanced-c97p49-r30p0-multimodal-enabled,multimodal-enabled,0.3,catastrophe,15,feasible-heuristic,True,136823.11067919052,14021.96845,41.30315389269406,10.800432933789955,8.767123287671232,4.315068493150685,0.6561306849315068,8.767123287671232,7.552069726027399,0.4452054794520548,25,8,1.0,0.0,0.0,3,2400
central-balanced-c97p49-r30p0-multimodal-enabled,multimodal-enabled,0.3,catastrophe,16,feasible-heuristic,True,136823.11067919052,14021.96845,41.30315389269406,10.800432933789955,8.767123287671232,4.315068493150685,0.6561306849315068,8.767123287671232,7.552069726027399,0.4452054794520548,25,8,1.0,0.0,0.0,4,2400
central-balanced-c97p49-r30p0-multimodal-enabled,multimodal-enabled,0.3,catastrophe,17,feasible-heuristic,True,136823.11067919052,14021.96845,41.30315389269406,10.800432933789955,8.767123287671232,4.315068493150685,0.6561306849315068,8.767123287671232,7.552069726027399,0.4452054794520548,25,8,1.0,0.0,0.0,3,2400
central-balanced-c97p49-r30p0-multimodal-enabled,multimodal-enabled,0.3,catastrophe,18,feasible-heuristic,True,136680.57436786452,14038.451049999998,40.94702466894977,10.715620148401829,8.767123287671232,4.232876712328767,0.6395334246575343,8.767123287671232,7.52337794520548,0.3013698630136986,23,8,1.0,0.0,0.0,4,2400
central-balanced-c97p49-r30p0-multimodal-enabled,multimodal-enabled,0.3,catastrophe,19,feasible-heuristic,True,136823.11067919052,14021.96845,41.30315389269406,10.800432933789955,8.767123287671232,4.315068493150685,0.6561306849315068,8.767123287671232,7.552069726027399,0.4452054794520548,25,8,1.0,0.0,0.0,3,2400
central-balanced-c97p49-r30p0-multimodal-enabled,multimodal-enabled,0.3,catastrophe,20,feasible-heuristic,True,137671.51198860852,14040.976649999999,41.150187591324205,10.753076769406393,8.73972602739726,4.260273972602739,0.6477054794520548,8.73972602739726,7.619268356164384,0.3904109589041096,24,8,1.0,0.0,0.0,3,2400
central-balanced-c97p49-r30p0-multimodal-enabled,multimodal-enabled,0.3,catastrophe,21,feasible-heuristic,True,136680.57436786452,14038.451049999998,40.94702466894977,10.715620148401829,8.767123287671232,4.232876712328767,0.6395334246575343,8.767123287671232,7.52337794520548,0.3013698630136986,23,8,1.0,0.0,0.0,3,2400
central-balanced-c97p49-r30p0-multimodal-enabled,multimodal-enabled,0.3,catastrophe,22,feasible-heuristic,True,136823.11067919052,14021.96845,41.30315389269406,10.800432933789955,8.767123287671232,4.315068493150685,0.6561306849315068,8.767123287671232,7.552069726027399,0.4452054794520548,25,8,1.0,0.0,0.0,4,2400
central-balanced-c97p49-r30p0-multimodal-enabled,multimodal-enabled,0.3,catastrophe,23,feasible-heuristic,True,136680.57436786452,14038.451049999998,40.94702466894977,10.715620148401829,8.767123287671232,4.232876712328767,0.6395334246575343,8.767123287671232,7.52337794520548,0.3013698630136986,23,8,1.0,0.0,0.0,3,2400
central-balanced-c97p49-r30p0-multimodal-enabled,multimodal-enabled,0.3,catastrophe,24,feasible-heuristic,True,136823.11067919052,14021.96845,41.30315389269406,10.800432933789955,8.767123287671232,4.315068493150685,0.6561306849315068,8.767123287671232,7.552069726027399,0.4452054794520548,25,8,1.0,0.0,0.0,4,2400
central-balanced-c97p49-r30p0-multimodal-enabled,multimodal-enabled,0.3,catastrophe,25,feasible-heuristic,True,136823.11067919052,14021.96845,41.30315389269406,10.800432933789955,8.767123287671232,4.315068493150685,0.6561306849315068,8.767123287671232,7.552069726027399,0.4452054794520548,25,8,1.0,0.0,0.0,3,2400
central-balanced-c97p49-r30p0-multimodal-enabled,multimodal-enabled,0.3,catastrophe,26,feasible-heuristic,True,136823.11067919052,14021.96845,41.30315389269406,10.800432933789955,8.767123287671232,4.315068493150685,0.6561306849315068,8.767123287671232,7.552069726027399,0.4452054794520548,25,8,1.0,0.0,0.0,3,2400
central-balanced-c97p49-r30p0-multimodal-enabled,multimodal-enabled,0.3,catastrophe,27,feasible-heuristic,True,136823.11067919052,14021.96845,41.30315389269406,10.800432933789955,8.767123287671232,4.315068493150685,0.6561306849315068,8.767123287671232,7.552069726027399,0.4452054794520548,25,8,1.0,0.0,0.0,3,2400
central-balanced-c97p49-r30p0-multimodal-enabled,multimodal-enabled,0.3,catastrophe,28,feasible-heuristic,True,136680.57436786452,14038.451049999998,40.94702466894977,10.715620148401829,8.767123287671232,4.232876712328767,0.6395334246575343,8.767123287671232,7.52337794520548,0.3013698630136986,23,8,1.0,0.0,0.0,3,2400
central-balanced-c97p49-r30p0-multimodal-enabled,multimodal-enabled,0.3,catastrophe,29,feasible-heuristic,True,136823.11067919052,14021.96845,41.30315389269406,10.800432933789955,8.767123287671232,4.315068493150685,0.6561306849315068,8.767123287671232,7.552069726027399,0.4452054794520548,25,8,1.0,0.0,0.0,4,2400
central-balanced-c97p49-r30p0-multimodal-enabled,multimodal-enabled,0.3,combined,0,feasible-heuristic,True,136823.11067919052,14021.96845,41.30315389269406,10.800432933789955,8.767123287671232,4.315068493150685,0.6561306849315068,8.767123287671232,7.552069726027399,0.4452054794520548,25,8,1.0,0.0,0.0,3,2400
central-balanced-c97p49-r30p0-multimodal-enabled,multimodal-enabled,0.3,combined,1,feasible-heuristic,True,136680.57436786452,14038.451049999998,40.94702466894977,10.715620148401829,8.767123287671232,4.232876712328767,0.6395334246575343,8.767123287671232,7.52337794520548,0.3013698630136986,23,8,1.0,0.0,0.0,4,2400
central-balanced-c97p49-r30p0-multimodal-enabled,multimodal-enabled,0.3,combined,2,feasible-heuristic,True,136680.57436786452,14038.451049999998,40.94702466894977,10.715620148401829,8.767123287671232,4.232876712328767,0.6395334246575343,8.767123287671232,7.52337794520548,0.3013698630136986,23,8,1.0,0.0,0.0,4,2400
central-balanced-c97p49-r30p0-multimodal-enabled,multimodal-enabled,0.3,combined,3,feasible-heuristic,True,136823.11067919052,14021.96845,41.30315389269406,10.800432933789955,8.767123287671232,4.315068493150685,0.6561306849315068,8.767123287671232,7.552069726027399,0.4452054794520548,25,8,1.0,0.0,0.0,3,2400
central-balanced-c97p49-r30p0-multimodal-enabled,multimodal-enabled,0.3,combined,4,feasible-heuristic,True,136823.11067919052,14021.96845,41.30315389269406,10.800432933789955,8.767123287671232,4.315068493150685,0.6561306849315068,8.767123287671232,7.552069726027399,0.4452054794520548,25,8,1.0,0.0,0.0,4,2400
central-balanced-c97p49-r30p0-multimodal-enabled,multimodal-enabled,0.3,combined,5,feasible-heuristic,True,136823.11067919052,14021.96845,41.30315389269406,10.800432933789955,8.767123287671232,4.315068493150685,0.6561306849315068,8.767123287671232,7.552069726027399,0.4452054794520548,25,8,1.0,0.0,0.0,3,2400
central-balanced-c97p49-r30p0-multimodal-enabled,multimodal-enabled,0.3,combined,6,feasible-heuristic,True,136823.11067919052,14021.96845,41.30315389269406,10.800432933789955,8.767123287671232,4.315068493150685,0.6561306849315068,8.767123287671232,7.552069726027399,0.4452054794520548,25,8,1.0,0.0,0.0,4,2400
central-balanced-c97p49-r30p0-multimodal-enabled,multimodal-enabled,0.3,combined,7,feasible-heuristic,True,137671.51198860852,14040.976649999999,41.150187591324205,10.753076769406393,8.73972602739726,4.260273972602739,0.6477054794520548,8.73972602739726,7.619268356164384,0.3904109589041096,24,8,1.0,0.0,0.0,3,2400
central-balanced-c97p49-r30p0-multimodal-enabled,multimodal-enabled,0.3,combined,8,feasible-heuristic,True,136823.11067919052,14021.96845,41.30315389269406,10.800432933789955,8.767123287671232,4.315068493150685,0.6561306849315068,8.767123287671232,7.552069726027399,0.4452054794520548,25,8,1.0,0.0,0.0,3,2400
central-balanced-c97p49-r30p0-multimodal-enabled,multimodal-enabled,0.3,combined,9,feasible-heuristic,True,136823.11067919052,14021.96845,41.30315389269406,10.800432933789955,8.767123287671232,4.315068493150685,0.6561306849315068,8.767123287671232,7.552069726027399,0.4452054794520548,25,8,1.0,0.0,0.0,3,2400
central-balanced-c97p49-r30p0-multimodal-enabled,multimodal-enabled,0.3,combined,10,feasible-heuristic,True,136680.57436786452,14038.451049999998,40.94702466894977,10.715620148401829,8.767123287671232,4.232876712328767,0.6395334246575343,8.767123287671232,7.52337794520548,0.3013698630136986,23,8,1.0,0.0,0.0,4,2400
central-balanced-c97p49-r30p0-multimodal-enabled,multimodal-enabled,0.3,combined,11,feasible-heuristic,True,136680.57436786452,14038.451049999998,40.94702466894977,10.715620148401829,8.767123287671232,4.232876712328767,0.6395334246575343,8.767123287671232,7.52337794520548,0.3013698630136986,23,8,1.0,0.0,0.0,3,2400
central-balanced-c97p49-r30p0-multimodal-enabled,multimodal-enabled,0.3,combined,12,feasible-heuristic,True,136823.11067919052,14021.96845,41.30315389269406,10.800432933789955,8.767123287671232,4.315068493150685,0.6561306849315068,8.767123287671232,7.552069726027399,0.4452054794520548,25,8,1.0,0.0,0.0,3,2400
central-balanced-c97p49-r30p0-multimodal-enabled,multimodal-enabled,0.3,combined,13,feasible-heuristic,True,136680.57436786452,14038.451049999998,40.94702466894977,10.715620148401829,8.767123287671232,4.232876712328767,0.6395334246575343,8.767123287671232,7.52337794520548,0.3013698630136986,23,8,1.0,0.0,0.0,4,2400
central-balanced-c97p49-r30p0-multimodal-enabled,multimodal-enabled,0.3,combined,14,feasible-heuristic,True,136823.11067919052,14021.96845,41.30315389269406,10.800432933789955,8.767123287671232,4.315068493150685,0.6561306849315068,8.767123287671232,7.552069726027399,0.4452054794520548,25,8,1.0,0.0,0.0,3,2400
central-balanced-c97p49-r30p0-multimodal-enabled,multimodal-enabled,0.3,combined,15,feasible-heuristic,True,136680.57436786452,14038.451049999998,40.94702466894977,10.715620148401829,8.767123287671232,4.232876712328767,0.6395334246575343,8.767123287671232,7.52337794520548,0.3013698630136986,23,8,1.0,0.0,0.0,4,2400
central-balanced-c97p49-r30p0-multimodal-enabled,multimodal-enabled,0.3,combined,16,feasible-heuristic,True,136680.57436786452,14038.451049999998,40.94702466894977,10.715620148401829,8.767123287671232,4.232876712328767,0.6395334246575343,8.767123287671232,7.52337794520548,0.3013698630136986,23,8,1.0,0.0,0.0,4,2400
central-balanced-c97p49-r30p0-multimodal-enabled,multimodal-enabled,0.3,combined,17,feasible-heuristic,True,136680.57436786452,14038.451049999998,40.94702466894977,10.715620148401829,8.767123287671232,4.232876712328767,0.6395334246575343,8.767123287671232,7.52337794520548,0.3013698630136986,23,8,1.0,0.0,0.0,3,2400
central-balanced-c97p49-r30p0-multimodal-enabled,multimodal-enabled,0.3,combined,18,feasible-heuristic,True,136680.57436786452,14038.451049999998,40.94702466894977,10.715620148401829,8.767123287671232,4.232876712328767,0.6395334246575343,8.767123287671232,7.52337794520548,0.3013698630136986,23,8,1.0,0.0,0.0,3,2400
central-balanced-c97p49-r30p0-multimodal-enabled,multimodal-enabled,0.3,combined,19,feasible-heuristic,True,136823.11067919052,14021.96845,41.30315389269406,10.800432933789955,8.767123287671232,4.315068493150685,0.6561306849315068,8.767123287671232,7.552069726027399,0.4452054794520548,25,8,1.0,0.0,0.0,3,2400
central-balanced-c97p49-r30p0-multimodal-enabled,multimodal-enabled,0.3,combined,20,feasible-heuristic,True,136823.11067919052,14021.96845,41.30315389269406,10.800432933789955,8.767123287671232,4.315068493150685,0.6561306849315068,8.767123287671232,7.552069726027399,0.4452054794520548,25,8,1.0,0.0,0.0,4,2400
central-balanced-c97p49-r30p0-multimodal-enabled,multimodal-enabled,0.3,combined,21,feasible-heuristic,True,136823.11067919052,14021.96845,41.30315389269406,10.800432933789955,8.767123287671232,4.315068493150685,0.6561306849315068,8.767123287671232,7.552069726027399,0.4452054794520548,25,8,1.0,0.0,0.0,3,2400
central-balanced-c97p49-r30p0-multimodal-enabled,multimodal-enabled,0.3,combined,22,feasible-heuristic,True,136680.57436786452,14038.451049999998,40.94702466894977,10.715620148401829,8.767123287671232,4.232876712328767,0.6395334246575343,8.767123287671232,7.52337794520548,0.3013698630136986,23,8,1.0,0.0,0.0,4,2400
central-balanced-c97p49-r30p0-multimodal-enabled,multimodal-enabled,0.3,combined,23,feasible-heuristic,True,136680.57436786452,14038.451049999998,40.94702466894977,10.715620148401829,8.767123287671232,4.232876712328767,0.6395334246575343,8.767123287671232,7.52337794520548,0.3013698630136986,23,8,1.0,0.0,0.0,4,2400
central-balanced-c97p49-r30p0-multimodal-enabled,multimodal-enabled,0.3,combined,24,feasible-heuristic,True,136680.57436786452,14038.451049999998,40.94702466894977,10.715620148401829,8.767123287671232,4.232876712328767,0.6395334246575343,8.767123287671232,7.52337794520548,0.3013698630136986,23,8,1.0,0.0,0.0,3,2400
central-balanced-c97p49-r30p0-multimodal-enabled,multimodal-enabled,0.3,combined,25,feasible-heuristic,True,136680.57436786452,14038.451049999998,40.94702466894977,10.715620148401829,8.767123287671232,4.232876712328767,0.6395334246575343,8.767123287671232,7.52337794520548,0.3013698630136986,23,8,1.0,0.0,0.0,4,2400
central-balanced-c97p49-r30p0-multimodal-enabled,multimodal-enabled,0.3,combined,26,feasible-heuristic,True,136823.11067919052,14021.96845,41.30315389269406,10.800432933789955,8.767123287671232,4.315068493150685,0.6561306849315068,8.767123287671232,7.552069726027399,0.4452054794520548,25,8,1.0,0.0,0.0,3,2400
central-balanced-c97p49-r30p0-multimodal-enabled,multimodal-enabled,0.3,combined,27,feasible-heuristic,True,136680.57436786452,14038.451049999998,40.94702466894977,10.715620148401829,8.767123287671232,4.232876712328767,0.6395334246575343,8.767123287671232,7.52337794520548,0.3013698630136986,23,8,1.0,0.0,0.0,4,2400
central-balanced-c97p49-r30p0-multimodal-enabled,multimodal-enabled,0.3,combined,28,feasible-heuristic,True,136823.11067919052,14021.96845,41.30315389269406,10.800432933789955,8.767123287671232,4.315068493150685,0.6561306849315068,8.767123287671232,7.552069726027399,0.4452054794520548,25,8,1.0,0.0,0.0,4,2400
central-balanced-c97p49-r30p0-multimodal-enabled,multimodal-enabled,0.3,combined,29,feasible-heuristic,True,137671.51198860852,14040.976649999999,41.150187591324205,10.753076769406393,8.73972602739726,4.260273972602739,0.6477054794520548,8.73972602739726,7.619268356164384,0.3904109589041096,24,8,1.0,0.0,0.0,4,2400
central-balanced-c97p49-r30p0-multimodal-enabled,multimodal-enabled,0.3,hybrid-seeded,0,feasible-heuristic,True,136823.11067919052,14021.96845,41.30315389269406,10.800432933789955,8.767123287671232,4.315068493150685,0.6561306849315068,8.767123287671232,7.552069726027399,0.4452054794520548,25,8,1.0,0.0,0.0,3,2400
central-balanced-c97p49-r30p0-multimodal-enabled,multimodal-enabled,0.3,hybrid-seeded,1,feasible-heuristic,True,136680.57436786452,14038.451049999998,40.94702466894977,10.715620148401829,8.767123287671232,4.232876712328767,0.6395334246575343,8.767123287671232,7.52337794520548,0.3013698630136986,23,8,1.0,0.0,0.0,4,2400
central-balanced-c97p49-r30p0-multimodal-enabled,multimodal-enabled,0.3,hybrid-seeded,2,feasible-heuristic,True,136680.57436786452,14038.451049999998,40.94702466894977,10.715620148401829,8.767123287671232,4.232876712328767,0.6395334246575343,8.767123287671232,7.52337794520548,0.3013698630136986,23,8,1.0,0.0,0.0,4,2400
central-balanced-c97p49-r30p0-multimodal-enabled,multimodal-enabled,0.3,hybrid-seeded,3,feasible-heuristic,True,136823.11067919052,14021.96845,41.30315389269406,10.800432933789955,8.767123287671232,4.315068493150685,0.6561306849315068,8.767123287671232,7.552069726027399,0.4452054794520548,25,8,1.0,0.0,0.0,3,2400
central-balanced-c97p49-r30p0-multimodal-enabled,multimodal-enabled,0.3,hybrid-seeded,4,feasible-heuristic,True,136823.11067919052,14021.96845,41.30315389269406,10.800432933789955,8.767123287671232,4.315068493150685,0.6561306849315068,8.767123287671232,7.552069726027399,0.4452054794520548,25,8,1.0,0.0,0.0,4,2400
central-balanced-c97p49-r30p0-multimodal-enabled,multimodal-enabled,0.3,hybrid-seeded,5,feasible-heuristic,True,136823.11067919052,14021.96845,41.30315389269406,10.800432933789955,8.767123287671232,4.315068493150685,0.6561306849315068,8.767123287671232,7.552069726027399,0.4452054794520548,25,8,1.0,0.0,0.0,3,2400
central-balanced-c97p49-r30p0-multimodal-enabled,multimodal-enabled,0.3,hybrid-seeded,6,feasible-heuristic,True,136823.11067919052,14021.96845,41.30315389269406,10.800432933789955,8.767123287671232,4.315068493150685,0.6561306849315068,8.767123287671232,7.552069726027399,0.4452054794520548,25,8,1.0,0.0,0.0,4,2400
central-balanced-c97p49-r30p0-multimodal-enabled,multimodal-enabled,0.3,hybrid-seeded,7,feasible-heuristic,True,137671.51198860852,14040.976649999999,41.150187591324205,10.753076769406393,8.73972602739726,4.260273972602739,0.6477054794520548,8.73972602739726,7.619268356164384,0.3904109589041096,24,8,1.0,0.0,0.0,3,2400
central-balanced-c97p49-r30p0-multimodal-enabled,multimodal-enabled,0.3,hybrid-seeded,8,feasible-heuristic,True,136823.11067919052,14021.96845,41.30315389269406,10.800432933789955,8.767123287671232,4.315068493150685,0.6561306849315068,8.767123287671232,7.552069726027399,0.4452054794520548,25,8,1.0,0.0,0.0,3,2400
central-balanced-c97p49-r30p0-multimodal-enabled,multimodal-enabled,0.3,hybrid-seeded,9,feasible-heuristic,True,136823.11067919052,14021.96845,41.30315389269406,10.800432933789955,8.767123287671232,4.315068493150685,0.6561306849315068,8.767123287671232,7.552069726027399,0.4452054794520548,25,8,1.0,0.0,0.0,3,2400
central-balanced-c97p49-r30p0-multimodal-enabled,multimodal-enabled,0.3,hybrid-seeded,10,feasible-heuristic,True,136680.57436786452,14038.451049999998,40.94702466894977,10.715620148401829,8.767123287671232,4.232876712328767,0.6395334246575343,8.767123287671232,7.52337794520548,0.3013698630136986,23,8,1.0,0.0,0.0,4,2400
central-balanced-c97p49-r30p0-multimodal-enabled,multimodal-enabled,0.3,hybrid-seeded,11,feasible-heuristic,True,136680.57436786452,14038.451049999998,40.94702466894977,10.715620148401829,8.767123287671232,4.232876712328767,0.6395334246575343,8.767123287671232,7.52337794520548,0.3013698630136986,23,8,1.0,0.0,0.0,3,2400
central-balanced-c97p49-r30p0-multimodal-enabled,multimodal-enabled,0.3,hybrid-seeded,12,feasible-heuristic,True,136823.11067919052,14021.96845,41.30315389269406,10.800432933789955,8.767123287671232,4.315068493150685,0.6561306849315068,8.767123287671232,7.552069726027399,0.4452054794520548,25,8,1.0,0.0,0.0,3,2400
central-balanced-c97p49-r30p0-multimodal-enabled,multimodal-enabled,0.3,hybrid-seeded,13,feasible-heuristic,True,136680.57436786452,14038.451049999998,40.94702466894977,10.715620148401829,8.767123287671232,4.232876712328767,0.6395334246575343,8.767123287671232,7.52337794520548,0.3013698630136986,23,8,1.0,0.0,0.0,4,2400
central-balanced-c97p49-r30p0-multimodal-enabled,multimodal-enabled,0.3,hybrid-seeded,14,feasible-heuristic,True,136823.11067919052,14021.96845,41.30315389269406,10.800432933789955,8.767123287671232,4.315068493150685,0.6561306849315068,8.767123287671232,7.552069726027399,0.4452054794520548,25,8,1.0,0.0,0.0,3,2400
central-balanced-c97p49-r30p0-multimodal-enabled,multimodal-enabled,0.3,hybrid-seeded,15,feasible-heuristic,True,136680.57436786452,14038.451049999998,40.94702466894977,10.715620148401829,8.767123287671232,4.232876712328767,0.6395334246575343,8.767123287671232,7.52337794520548,0.3013698630136986,23,8,1.0,0.0,0.0,4,2400
central-balanced-c97p49-r30p0-multimodal-enabled,multimodal-enabled,0.3,hybrid-seeded,16,feasible-heuristic,True,136680.57436786452,14038.451049999998,40.94702466894977,10.715620148401829,8.767123287671232,4.232876712328767,0.6395334246575343,8.767123287671232,7.52337794520548,0.3013698630136986,23,8,1.0,0.0,0.0,4,2400
central-balanced-c97p49-r30p0-multimodal-enabled,multimodal-enabled,0.3,hybrid-seeded,17,feasible-heuristic,True,136680.57436786452,14038.451049999998,40.94702466894977,10.715620148401829,8.767123287671232,4.232876712328767,0.6395334246575343,8.767123287671232,7.52337794520548,0.3013698630136986,23,8,1.0,0.0,0.0,3,2400
central-balanced-c97p49-r30p0-multimodal-enabled,multimodal-enabled,0.3,hybrid-seeded,18,feasible-heuristic,True,136680.57436786452,14038.451049999998,40.94702466894977,10.715620148401829,8.767123287671232,4.232876712328767,0.6395334246575343,8.767123287671232,7.52337794520548,0.3013698630136986,23,8,1.0,0.0,0.0,3,2400
central-balanced-c97p49-r30p0-multimodal-enabled,multimodal-enabled,0.3,hybrid-seeded,19,feasible-heuristic,True,136823.11067919052,14021.96845,41.30315389269406,10.800432933789955,8.767123287671232,4.315068493150685,0.6561306849315068,8.767123287671232,7.552069726027399,0.4452054794520548,25,8,1.0,0.0,0.0,3,2400
central-balanced-c97p49-r30p0-multimodal-enabled,multimodal-enabled,0.3,hybrid-seeded,20,feasible-heuristic,True,136823.11067919052,14021.96845,41.30315389269406,10.800432933789955,8.767123287671232,4.315068493150685,0.6561306849315068,8.767123287671232,7.552069726027399,0.4452054794520548,25,8,1.0,0.0,0.0,4,2400
central-balanced-c97p49-r30p0-multimodal-enabled,multimodal-enabled,0.3,hybrid-seeded,21,feasible-heuristic,True,136823.11067919052,14021.96845,41.30315389269406,10.800432933789955,8.767123287671232,4.315068493150685,0.6561306849315068,8.767123287671232,7.552069726027399,0.4452054794520548,25,8,1.0,0.0,0.0,3,2400
central-balanced-c97p49-r30p0-multimodal-enabled,multimodal-enabled,0.3,hybrid-seeded,22,feasible-heuristic,True,136680.57436786452,14038.451049999998,40.94702466894977,10.715620148401829,8.767123287671232,4.232876712328767,0.6395334246575343,8.767123287671232,7.52337794520548,0.3013698630136986,23,8,1.0,0.0,0.0,4,2400
central-balanced-c97p49-r30p0-multimodal-enabled,multimodal-enabled,0.3,hybrid-seeded,23,feasible-heuristic,True,136680.57436786452,14038.451049999998,40.94702466894977,10.715620148401829,8.767123287671232,4.232876712328767,0.6395334246575343,8.767123287671232,7.52337794520548,0.3013698630136986,23,8,1.0,0.0,0.0,4,2400
central-balanced-c97p49-r30p0-multimodal-enabled,multimodal-enabled,0.3,hybrid-seeded,24,feasible-heuristic,True,136680.57436786452,14038.451049999998,40.94702466894977,10.715620148401829,8.767123287671232,4.232876712328767,0.6395334246575343,8.767123287671232,7.52337794520548,0.3013698630136986,23,8,1.0,0.0,0.0,3,2400
central-balanced-c97p49-r30p0-multimodal-enabled,multimodal-enabled,0.3,hybrid-seeded,25,feasible-heuristic,True,136680.57436786452,14038.451049999998,40.94702466894977,10.715620148401829,8.767123287671232,4.232876712328767,0.6395334246575343,8.767123287671232,7.52337794520548,0.3013698630136986,23,8,1.0,0.0,0.0,4,2400
central-balanced-c97p49-r30p0-multimodal-enabled,multimodal-enabled,0.3,hybrid-seeded,26,feasible-heuristic,True,136823.11067919052,14021.96845,41.30315389269406,10.800432933789955,8.767123287671232,4.315068493150685,0.6561306849315068,8.767123287671232,7.552069726027399,0.4452054794520548,25,8,1.0,0.0,0.0,3,2400
central-balanced-c97p49-r30p0-multimodal-enabled,multimodal-enabled,0.3,hybrid-seeded,27,feasible-heuristic,True,136680.57436786452,14038.451049999998,40.94702466894977,10.715620148401829,8.767123287671232,4.232876712328767,0.6395334246575343,8.767123287671232,7.52337794520548,0.3013698630136986,23,8,1.0,0.0,0.0,4,2400
central-balanced-c97p49-r30p0-multimodal-enabled,multimodal-enabled,0.3,hybrid-seeded,28,feasible-heuristic,True,136823.11067919052,14021.96845,41.30315389269406,10.800432933789955,8.767123287671232,4.315068493150685,0.6561306849315068,8.767123287671232,7.552069726027399,0.4452054794520548,25,8,1.0,0.0,0.0,4,2400
central-balanced-c97p49-r30p0-multimodal-enabled,multimodal-enabled,0.3,hybrid-seeded,29,feasible-heuristic,True,137671.51198860852,14040.976649999999,41.150187591324205,10.753076769406393,8.73972602739726,4.260273972602739,0.6477054794520548,8.73972602739726,7.619268356164384,0.3904109589041096,24,8,1.0,0.0,0.0,4,2400
