time_case,payload_tonnes,deadline_hours,carbon_price_cny_per_tonne,status,best_route,route_nodes,modes,arrival_hours,transport_cost_cny,transfer_cost_cny,carbon_cost_cny,total_cost_cny,emissions_kg
optimistic,10,48,0,infeasible,,,,,,,,,
optimistic,10,48,62.36,infeasible,,,,,,,,,
optimistic,10,48,97.49,infeasible,,,,,,,,,
optimistic,10,48,500,infeasible,,,,,,,,,
optimistic,10,48,1000,infeasible,,,,,,,,,
optimistic,10,48,3000,infeasible,,,,,,,,,
optimistic,10,48,6000,infeasible,,,,,,,,,
optimistic,10,48,6500,infeasible,,,,,,,,,
optimistic,10,48,7000,infeasible,,,,,,,,,
optimistic,10,48,10000,infeasible,,,,,,,,,
optimistic,10,55,0,infeasible,,,,,,,,,
optimistic,10,55,62.36,infeasible,,,,,,,,,
optimistic,10,55,97.49,infeasible,,,,,,,,,
optimistic,10,55,500,infeasible,,,,,,,,,
optimistic,10,55,1000,infeasible,,,,,,,,,
optimistic,10,55,3000,infeasible,,,,,,,,,
optimistic,10,55,6000,infeasible,,,,,,,,,
optimistic,10,55,6500,infeasible,,,,,,,,,
optimistic,10,55,7000,infeasible,,,,,,,,,
optimistic,10,55,10000,infeasible,,,,,,,,,
optimistic,10,60,0,optimal,rail-road-via-luchaogang,cq-guoyuan-port>sh-luchaogang-rail>sh-yangshan-port,rail+road,58.5,4800.0,20.0,0.0,4820.0,87.47
optimistic,10,60,62.36,optimal,rail-road-via-luchaogang,cq-guoyuan-port>sh-luchaogang-rail>sh-yangshan-port,rail+road,58.5,4800.0,20.0,5.454629199999999,4825.4546291999995,87.47
optimistic,10,60,97.49,optimal,rail-road-via-luchaogang,cq-guoyuan-port>sh-luchaogang-rail>sh-yangshan-port,rail+road,58.5,4800.0,20.0,8.5274503,4828.5274503,87.47
optimistic,10,60,500,optimal,rail-road-via-luchaogang,cq-guoyuan-port>sh-luchaogang-rail>sh-yangshan-port,rail+road,58.5,4800.0,20.0,43.735,4863.735,87.47
optimistic,10,60,1000,optimal,rail-road-via-luchaogang,cq-guoyuan-port>sh-luchaogang-rail>sh-yangshan-port,rail+road,58.5,4800.0,20.0,87.47,4907.47,87.47
optimistic,10,60,3000,optimal,rail-road-via-luchaogang,cq-guoyuan-port>sh-luchaogang-rail>sh-yangshan-port,rail+road,58.5,4800.0,20.0,262.40999999999997,5082.41,87.47
optimistic,10,60,6000,optimal,rail-road-via-luchaogang,cq-guoyuan-port>sh-luchaogang-rail>sh-yangshan-port,rail+road,58.5,4800.0,20.0,524.8199999999999,5344.82,87.47
optimistic,10,60,6500,optimal,rail-road-via-luchaogang,cq-guoyuan-port>sh-luchaogang-rail>sh-yangshan-port,rail+road,58.5,4800.0,20.0,568.555,5388.555,87.47
optimistic,10,60,7000,optimal,rail-road-via-luchaogang,cq-guoyuan-port>sh-luchaogang-rail>sh-yangshan-port,rail+road,58.5,4800.0,20.0,612.29,5432.29,87.47
optimistic,10,60,10000,optimal,rail-road-via-luchaogang,cq-guoyuan-port>sh-luchaogang-rail>sh-yangshan-port,rail+road,58.5,4800.0,20.0,874.7,5694.7,87.47
optimistic,10,66,0,optimal,rail-road-via-luchaogang,cq-guoyuan-port>sh-luchaogang-rail>sh-yangshan-port,rail+road,58.5,4800.0,20.0,0.0,4820.0,87.47
optimistic,10,66,62.36,optimal,rail-road-via-luchaogang,cq-guoyuan-port>sh-luchaogang-rail>sh-yangshan-port,rail+road,58.5,4800.0,20.0,5.454629199999999,4825.4546291999995,87.47
optimistic,10,66,97.49,optimal,rail-road-via-luchaogang,cq-guoyuan-port>sh-luchaogang-rail>sh-yangshan-port,rail+road,58.5,4800.0,20.0,8.5274503,4828.5274503,87.47
optimistic,10,66,500,optimal,rail-road-via-luchaogang,cq-guoyuan-port>sh-luchaogang-rail>sh-yangshan-port,rail+road,58.5,4800.0,20.0,43.735,4863.735,87.47
optimistic,10,66,1000,optimal,rail-road-via-luchaogang,cq-guoyuan-port>sh-luchaogang-rail>sh-yangshan-port,rail+road,58.5,4800.0,20.0,87.47,4907.47,87.47
optimistic,10,66,3000,optimal,rail-road-via-luchaogang,cq-guoyuan-port>sh-luchaogang-rail>sh-yangshan-port,rail+road,58.5,4800.0,20.0,262.40999999999997,5082.41,87.47
optimistic,10,66,6000,optimal,rail-road-via-luchaogang,cq-guoyuan-port>sh-luchaogang-rail>sh-yangshan-port,rail+road,58.5,4800.0,20.0,524.8199999999999,5344.82,87.47
optimistic,10,66,6500,optimal,rail-road-via-luchaogang,cq-guoyuan-port>sh-luchaogang-rail>sh-yangshan-port,rail+road,58.5,4800.0,20.0,568.555,5388.555,87.47
optimistic,10,66,7000,optimal,rail-road-via-luchaogang,cq-guoyuan-port>sh-luchaogang-rail>sh-yangshan-port,rail+road,58.5,4800.0,20.0,612.29,5432.29,87.47
optimistic,10,66,10000,optimal,rail-road-via-luchaogang,cq-guoyuan-port>sh-luchaogang-rail>sh-yangshan-port,rail+road,58.5,4800.0,20.0,874.7,5694.7,87.47
optimistic,10,72,0,optimal,rail-road-via-luchaogang,cq-guoyuan-port>sh-luchaogang-rail>sh-yangshan-port,rail+road,58.5,4800.0,20.0,0.0,4820.0,87.47
optimistic,10,72,62.36,optimal,rail-road-via-luchaogang,cq-guoyuan-port>sh-luchaogang-rail>sh-yangshan-port,rail+road,58.5,4800.0,20.0,5.454629199999999,4825.4546291999995,87.47
optimistic,10,72,97.49,optimal,rail-road-via-luchaogang,cq-guoyuan-port>sh-luchaogang-rail>sh-yangshan-port,rail+road,58.5,4800.0,20.0,8.5274503,4828.5274503,87.47
optimistic,10,72,500,optimal,rail-road-via-luchaogang,cq-guoyuan-port>sh-luchaogang-rail>sh-yangshan-port,rail+road,58.5,4800.0,20.0,43.735,4863.735,87.47
optimistic,10,72,1000,optimal,rail-road-via-luchaogang,cq-guoyuan-port>sh-luchaogang-rail>sh-yangshan-port,rail+road,58.5,4800.0,20.0,87.47,4907.47,87.47
optimistic,10,72,3000,optimal,rail-road-via-luchaogang,cq-guoyuan-port>sh-luchaogang-rail>sh-yangshan-port,rail+road,58.5,4800.0,20.0,262.40999999999997,5082.41,87.47
optimistic,10,72,6000,optimal,rail-road-via-luchaogang,cq-guoyuan-port>sh-luchaogang-rail>sh-yangshan-port,rail+road,58.5,4800.0,20.0,524.8199999999999,5344.82,87.47
optimistic,10,72,6500,optimal,rail-road-via-luchaogang,cq-guoyuan-port>sh-luchaogang-rail>sh-yangshan-port,rail+road,58.5,4800.0,20.0,568.555,5388.555,87.47
optimistic,10,72,7000,optimal,rail-road-via-luchaogang,cq-guoyuan-port>sh-luchaogang-rail>sh-yangshan-port,rail+road,58.5,4800.0,20.0,612.29,5432.29,87.47
optimistic,10,72,10000,optimal,rail-road-via-luchaogang,cq-guoyuan-port>sh-luchaogang-rail>sh-yangshan-port,rail+road,58.5,4800.0,20.0,874.7,5694.7,87.47
optimistic,10,96,0,optimal,rail-road-via-luchaogang,cq-guoyuan-port>sh-luchaogang-rail>sh-yangshan-port,rail+road,58.5,4800.0,20.0,0.0,4820.0,87.47
optimistic,10,96,62.36,optimal,rail-road-via-luchaogang,cq-guoyuan-port>sh-luchaogang-rail>sh-yangshan-port,rail+road,58.5,4800.0,20.0,5.454629199999999,4825.4546291999995,87.47
optimistic,10,96,97.49,optimal,rail-road-via-luchaogang,cq-guoyuan-port>sh-luchaogang-rail>sh-yangshan-port,rail+road,58.5,4800.0,20.0,8.5274503,4828.5274503,87.47
optimistic,10,96,500,optimal,rail-road-via-luchaogang,cq-guoyuan-port>sh-luchaogang-rail>sh-yangshan-port,rail+road,58.5,4800.0,20.0,43.735,4863.735,87.47
optimistic,10,96,1000,optimal,rail-road-via-luchaogang,cq-guoyuan-port>sh-luchaogang-rail>sh-yangshan-port,rail+road,58.5,4800.0,20.0,87.47,4907.47,87.47
optimistic,10,96,3000,optimal,rail-road-via-luchaogang,cq-guoyuan-port>sh-luchaogang-rail>sh-yangshan-port,rail+road,58.5,4800.0,20.0,262.40999999999997,5082.41,87.47
optimistic,10,96,6000,optimal,rail-road-via-luchaogang,cq-guoyuan-port>sh-luchaogang-rail>sh-yangshan-port,rail+road,58.5,4800.0,20.0,524.8199999999999,5344.82,87.47
optimistic,10,96,6500,optimal,rail-road-via-luchaogang,cq-guoyuan-port>sh-luchaogang-rail>sh-yangshan-port,rail+road,58.5,4800.0,20.0,568.555,5388.555,87.47
optimistic,10,96,7000,optimal,rail-road-via-luchaogang,cq-guoyuan-port>sh-luchaogang-rail>sh-yangshan-port,rail+road,58.5,4800.0,20.0,612.29,5432.29,87.47
optimistic,10,96,10000,optimal,rail-road-via-luchaogang,cq-guoyuan-port>sh-luchaogang-rail>sh-yangshan-port,rail+road,58.5,4800.0,20.0,874.7,5694.7,87.47
optimistic,10,120,0,optimal,rail-road-via-luchaogang,cq-guoyuan-port>sh-luchaogang-rail>sh-yangshan-port,rail+road,58.5,4800.0,20.0,0.0,4820.0,87.47
optimistic,10,120,62.36,optimal,rail-road-via-luchaogang,cq-guoyuan-port>sh-luchaogang-rail>sh-yangshan-port,rail+road,58.5,4800.0,20.0,5.454629199999999,4825.4546291999995,87.47
optimistic,10,120,97.49,optimal,rail-road-via-luchaogang,cq-guoyuan-port>sh-luchaogang-rail>sh-yangshan-port,rail+road,58.5,4800.0,20.0,8.5274503,4828.5274503,87.47
optimistic,10,120,500,optimal,rail-road-via-luchaogang,cq-guoyuan-port>sh-luchaogang-rail>sh-yangshan-port,rail+road,58.5,4800.0,20.0,43.735,4863.735,87.47
optimistic,10,120,1000,optimal,rail-road-via-luchaogang,cq-guoyuan-port>sh-luchaogang-rail>sh-yangshan-port,rail+road,58.5,4800.0,20.0,87.47,4907.47,87.47
optimistic,10,120,3000,optimal,rail-road-via-luchaogang,cq-guoyuan-port>sh-luchaogang-rail>sh-yangshan-port,rail+road,58.5,4800.0,20.0,262.40999999999997,5082.41,87.47
optimistic,10,120,6000,optimal,rail-road-via-luchaogang,cq-guoyuan-port>sh-luchaogang-rail>sh-yangshan-port,rail+road,58.5,4800.0,20.0,524.8199999999999,5344.82,87.47
optimistic,10,120,6500,optimal,rail-road-via-luchaogang,cq-guoyuan-port>sh-luchaogang-rail>sh-yangshan-port,rail+road,58.5,4800.0,20.0,568.555,5388.555,87.47
optimistic,10,120,7000,optimal,rail-road-via-luchaogang,cq-guoyuan-port>sh-luchaogang-rail>sh-yangshan-port,rail+road,58.5,4800.0,20.0,612.29,5432.29,87.47
optimistic,10,120,10000,optimal,rail-road-via-luchaogang,cq-guoyuan-port>sh-luchaogang-rail>sh-yangshan-port,rail+road,58.5,4800.0,20.0,874.7,5694.7,87.47
optimistic,10,168,0,optimal,rail-road-via-luchaogang,cq-guoyuan-port>sh-luchaogang-rail>sh-yangshan-port,rail+road,58.5,4800.0,20.0,0.0,4820.0,87.47
optimistic,10,168,62.36,optimal,rail-road-via-luchaogang,cq-guoyuan-port>sh-luchaogang-rail>sh-yangshan-port,rail+road,58.5,4800.0,20.0,5.454629199999999,4825.4546291999995,87.47
optimistic,10,168,97.49,optimal,rail-road-via-luchaogang,cq-guoyuan-port>sh-luchaogang-rail>sh-yangshan-port,rail+road,58.5,4800.0,20.0,8.5274503,4828.5274503,87.47
optimistic,10,168,500,optimal,rail-road-via-luchaogang,cq-guoyuan-port>sh-luchaogang-rail>sh-yangshan-port,rail+road,58.5,4800.0,20.0,43.735,4863.735,87.47
optimistic,10,168,1000,optimal,rail-road-via-luchaogang,cq-guoyuan-port>sh-luchaogang-rail>sh-yangshan-port,rail+road,58.5,4800.0,20.0,87.47,4907.47,87.47
optimistic,10,168,3000,optimal,rail-road-via-luchaogang,cq-guoyuan-port>sh-luchaogang-rail>sh-yangshan-port,rail+road,58.5,4800.0,20.0,262.40999999999997,5082.41,87.47
optimistic,10,168,6000,optimal,rail-road-via-luchaogang,cq-guoyuan-port>sh-luchaogang-rail>sh-yangshan-port,rail+road,58.5,4800.0,20.0,524.8199999999999,5344.82,87.47
optimistic,10,168,6500,optimal,rail-road-via-luchaogang,cq-guoyuan-port>sh-luchaogang-rail>sh-yangshan-port,rail+road,58.5,4800.0,20.0,568.555,5388.555,87.47
optimistic,10,168,7000,optimal,rail-road-via-luchaogang,cq-guoyuan-port>sh-luchaogang-rail>sh-yangshan-port,rail+road,58.5,4800.0,20.0,612.29,5432.29,87.47
optimistic,10,168,10000,optimal,rail-road-via-luchaogang,cq-guoyuan-port>sh-luchaogang-rail>sh-yangshan-port,rail+road,58.5,4800.0,20.0,874.7,5694.7,87.47
optimistic,10,192,0,optimal,water-express-bundled,cq-guoyuan-port>sh-yangshan-port,water,192.0,1400.0,0.0,0.0,1400.0,479.80000000000007
optimistic,10,192,62.36,optimal,water-express-bundled,cq-guoyuan-port>sh-yangshan-port,water,192.0,1400.0,0.0,29.920328000000005,1429.920328,479.80000000000007
optimistic,10,192,97.49,optimal,water-express-bundled,cq-guoyuan-port>sh-yangshan-port,water,192.0,1400.0,0.0,46.775702,1446.775702,479.80000000000007
optimistic,10,192,500,optimal,water-express-bundled,cq-guoyuan-port>sh-yangshan-port,water,192.0,1400.0,0.0,239.90000000000003,1639.9,479.80000000000007
optimistic,10,192,1000,optimal,water-express-bundled,cq-guoyuan-port>sh-yangshan-port,water,192.0,1400.0,0.0,479.80000000000007,1879.8000000000002,479.80000000000007
optimistic,10,192,3000,optimal,water-express-bundled,cq-guoyuan-port>sh-yangshan-port,water,192.0,1400.0,0.0,1439.4,2839.4,479.80000000000007
optimistic,10,192,6000,optimal,water-express-bundled,cq-guoyuan-port>sh-yangshan-port,water,192.0,1400.0,0.0,2878.8,4278.8,479.80000000000007
optimistic,10,192,6500,optimal,water-express-bundled,cq-guoyuan-port>sh-yangshan-port,water,192.0,1400.0,0.0,3118.7000000000003,4518.700000000001,479.80000000000007
optimistic,10,192,7000,optimal,water-express-bundled,cq-guoyuan-port>sh-yangshan-port,water,192.0,1400.0,0.0,3358.6000000000004,4758.6,479.80000000000007
optimistic,10,192,10000,optimal,rail-road-via-luchaogang,cq-guoyuan-port>sh-luchaogang-rail>sh-yangshan-port,rail+road,58.5,4800.0,20.0,874.7,5694.7,87.47
optimistic,10,204,0,optimal,water-express-bundled,cq-guoyuan-port>sh-yangshan-port,water,192.0,1400.0,0.0,0.0,1400.0,479.80000000000007
optimistic,10,204,62.36,optimal,water-express-bundled,cq-guoyuan-port>sh-yangshan-port,water,192.0,1400.0,0.0,29.920328000000005,1429.920328,479.80000000000007
optimistic,10,204,97.49,optimal,water-express-bundled,cq-guoyuan-port>sh-yangshan-port,water,192.0,1400.0,0.0,46.775702,1446.775702,479.80000000000007
optimistic,10,204,500,optimal,water-express-bundled,cq-guoyuan-port>sh-yangshan-port,water,192.0,1400.0,0.0,239.90000000000003,1639.9,479.80000000000007
optimistic,10,204,1000,optimal,water-express-bundled,cq-guoyuan-port>sh-yangshan-port,water,192.0,1400.0,0.0,479.80000000000007,1879.8000000000002,479.80000000000007
optimistic,10,204,3000,optimal,water-express-bundled,cq-guoyuan-port>sh-yangshan-port,water,192.0,1400.0,0.0,1439.4,2839.4,479.80000000000007
optimistic,10,204,6000,optimal,water-express-bundled,cq-guoyuan-port>sh-yangshan-port,water,192.0,1400.0,0.0,2878.8,4278.8,479.80000000000007
optimistic,10,204,6500,optimal,water-express-bundled,cq-guoyuan-port>sh-yangshan-port,water,192.0,1400.0,0.0,3118.7000000000003,4518.700000000001,479.80000000000007
optimistic,10,204,7000,optimal,water-express-bundled,cq-guoyuan-port>sh-yangshan-port,water,192.0,1400.0,0.0,3358.6000000000004,4758.6,479.80000000000007
optimistic,10,204,10000,optimal,rail-road-via-luchaogang,cq-guoyuan-port>sh-luchaogang-rail>sh-yangshan-port,rail+road,58.5,4800.0,20.0,874.7,5694.7,87.47
optimistic,10,216,0,optimal,water-express-bundled,cq-guoyuan-port>sh-yangshan-port,water,192.0,1400.0,0.0,0.0,1400.0,479.80000000000007
optimistic,10,216,62.36,optimal,water-express-bundled,cq-guoyuan-port>sh-yangshan-port,water,192.0,1400.0,0.0,29.920328000000005,1429.920328,479.80000000000007
optimistic,10,216,97.49,optimal,water-express-bundled,cq-guoyuan-port>sh-yangshan-port,water,192.0,1400.0,0.0,46.775702,1446.775702,479.80000000000007
optimistic,10,216,500,optimal,water-express-bundled,cq-guoyuan-port>sh-yangshan-port,water,192.0,1400.0,0.0,239.90000000000003,1639.9,479.80000000000007
optimistic,10,216,1000,optimal,water-express-bundled,cq-guoyuan-port>sh-yangshan-port,water,192.0,1400.0,0.0,479.80000000000007,1879.8000000000002,479.80000000000007
optimistic,10,216,3000,optimal,water-express-bundled,cq-guoyuan-port>sh-yangshan-port,water,192.0,1400.0,0.0,1439.4,2839.4,479.80000000000007
optimistic,10,216,6000,optimal,water-express-bundled,cq-guoyuan-port>sh-yangshan-port,water,192.0,1400.0,0.0,2878.8,4278.8,479.80000000000007
optimistic,10,216,6500,optimal,water-express-bundled,cq-guoyuan-port>sh-yangshan-port,water,192.0,1400.0,0.0,3118.7000000000003,4518.700000000001,479.80000000000007
optimistic,10,216,7000,optimal,water-express-bundled,cq-guoyuan-port>sh-yangshan-port,water,192.0,1400.0,0.0,3358.6000000000004,4758.6,479.80000000000007
optimistic,10,216,10000,optimal,rail-road-via-luchaogang,cq-guoyuan-port>sh-luchaogang-rail>sh-yangshan-port,rail+road,58.5,4800.0,20.0,874.7,5694.7,87.47
optimistic,10,240,0,optimal,water-regular-bundled,cq-guoyuan-port>sh-yangshan-port,water,240.0,1130.0,0.0,0.0,1130.0,479.80000000000007
optimistic,10,240,62.36,optimal,water-regular-bundled,cq-guoyuan-port>sh-yangshan-port,water,240.0,1130.0,0.0,29.920328000000005,1159.920328,479.80000000000007
optimistic,10,240,97.49,optimal,water-regular-bundled,cq-guoyuan-port>sh-yangshan-port,water,240.0,1130.0,0.0,46.775702,1176.775702,479.80000000000007
optimistic,10,240,500,optimal,water-regular-bundled,cq-guoyuan-port>sh-yangshan-port,water,240.0,1130.0,0.0,239.90000000000003,1369.9,479.80000000000007
optimistic,10,240,1000,optimal,water-regular-bundled,cq-guoyuan-port>sh-yangshan-port,water,240.0,1130.0,0.0,479.80000000000007,1609.8000000000002,479.80000000000007
optimistic,10,240,3000,optimal,water-regular-bundled,cq-guoyuan-port>sh-yangshan-port,water,240.0,1130.0,0.0,1439.4,2569.4,479.80000000000007
optimistic,10,240,6000,optimal,water-regular-bundled,cq-guoyuan-port>sh-yangshan-port,water,240.0,1130.0,0.0,2878.8,4008.8,479.80000000000007
optimistic,10,240,6500,optimal,water-regular-bundled,cq-guoyuan-port>sh-yangshan-port,water,240.0,1130.0,0.0,3118.7000000000003,4248.700000000001,479.80000000000007
optimistic,10,240,7000,optimal,water-regular-bundled,cq-guoyuan-port>sh-yangshan-port,water,240.0,1130.0,0.0,3358.6000000000004,4488.6,479.80000000000007
optimistic,10,240,10000,optimal,rail-road-via-luchaogang,cq-guoyuan-port>sh-luchaogang-rail>sh-yangshan-port,rail+road,58.5,4800.0,20.0,874.7,5694.7,87.47
optimistic,10,276,0,optimal,water-regular-bundled,cq-guoyuan-port>sh-yangshan-port,water,240.0,1130.0,0.0,0.0,1130.0,479.80000000000007
optimistic,10,276,62.36,optimal,water-regular-bundled,cq-guoyuan-port>sh-yangshan-port,water,240.0,1130.0,0.0,29.920328000000005,1159.920328,479.80000000000007
optimistic,10,276,97.49,optimal,water-regular-bundled,cq-guoyuan-port>sh-yangshan-port,water,240.0,1130.0,0.0,46.775702,1176.775702,479.80000000000007
optimistic,10,276,500,optimal,water-regular-bundled,cq-guoyuan-port>sh-yangshan-port,water,240.0,1130.0,0.0,239.90000000000003,1369.9,479.80000000000007
optimistic,10,276,1000,optimal,water-regular-bundled,cq-guoyuan-port>sh-yangshan-port,water,240.0,1130.0,0.0,479.80000000000007,1609.8000000000002,479.80000000000007
optimistic,10,276,3000,optimal,water-regular-bundled,cq-guoyuan-port>sh-yangshan-port,water,240.0,1130.0,0.0,1439.4,2569.4,479.80000000000007
optimistic,10,276,6000,optimal,water-regular-bundled,cq-guoyuan-port>sh-yangshan-port,water,240.0,1130.0,0.0,2878.8,4008.8,479.80000000000007
optimistic,10,276,6500,optimal,water-regular-bundled,cq-guoyuan-port>sh-yangshan-port,water,240.0,1130.0,0.0,3118.7000000000003,4248.700000000001,479.80000000000007
optimistic,10,276,7000,optimal,water-regular-bundled,cq-guoyuan-port>sh-yangshan-port,water,240.0,1130.0,0.0,3358.6000000000004,4488.6,479.80000000000007
optimistic,10,276,10000,optimal,rail-road-via-luchaogang,cq-guoyuan-port>sh-luchaogang-rail>sh-yangshan-port,rail+road,58.5,4800.0,20.0,874.7,5694.7,87.47
optimistic,10,360,0,optimal,water-regular-bundled,cq-guoyuan-port>sh-yangshan-port,water,240.0,1130.0,0.0,0.0,1130.0,479.80000000000007
optimistic,10,360,62.36,optimal,water-regular-bundled,cq-guoyuan-port>sh-yangshan-port,water,240.0,1130.0,0.0,29.920328000000005,1159.920328,479.80000000000007
optimistic,10,360,97.49,optimal,water-regular-bundled,cq-guoyuan-port>sh-yangshan-port,water,240.0,1130.0,0.0,46.775702,1176.775702,479.80000000000007
optimistic,10,360,500,optimal,water-regular-bundled,cq-guoyuan-port>sh-yangshan-port,water,240.0,1130.0,0.0,239.90000000000003,1369.9,479.80000000000007
optimistic,10,360,1000,optimal,water-regular-bundled,cq-guoyuan-port>sh-yangshan-port,water,240.0,1130.0,0.0,479.80000000000007,1609.8000000000002,479.80000000000007
optimistic,10,360,3000,optimal,water-regular-bundled,cq-guoyuan-port>sh-yangshan-port,water,240.0,1130.0,0.0,1439.4,2569.4,479.80000000000007
optimistic,10,360,6000,optimal,water-regular-bundled,cq-guoyuan-port>sh-yangshan-port,water,240.0,1130.0,0.0,2878.8,4008.8,479.80000000000007
optimistic,10,360,6500,optimal,water-regular-bundled,cq-guoyuan-port>sh-yangshan-port,water,240.0,1130.0,0.0,3118.7000000000003,4248.700000000001,479.80000000000007
optimistic,10,360,7000,optimal,water-regular-bundled,cq-guoyuan-port>sh-yangshan-port,water,240.0,1130.0,0.0,3358.6000000000004,4488.6,479.80000000000007
optimistic,10,360,10000,optimal,rail-road-via-luchaogang,cq-guoyuan-port>sh-luchaogang-rail>sh-yangshan-port,rail+road,58.5,4800.0,20.0,874.7,5694.7,87.47
optimistic,15,48,0,infeasible,,,,,,,,,
optimistic,15,48,62.36,infeasible,,,,,,,,,
optimistic,15,48,97.49,infeasible,,,,,,,,,
optimistic,15,48,500,infeasible,,,,,,,,,
optimistic,15,48,1000,infeasible,,,,,,,,,
optimistic,15,48,3000,infeasible,,,,,,,,,
optimistic,15,48,6000,infeasible,,,,,,,,,
optimistic,15,48,6500,infeasible,,,,,,,,,
optimistic,15,48,7000,infeasible,,,,,,,,,
optimistic,15,48,10000,infeasible,,,,,,,,,
optimistic,15,55,0,infeasible,,,,,,,,,
optimistic,15,55,62.36,infeasible,,,,,,,,,
optimistic,15,55,97.49,infeasible,,,,,,,,,
optimistic,15,55,500,infeasible,,,,,,,,,
optimistic,15,55,1000,infeasible,,,,,,,,,
optimistic,15,55,3000,infeasible,,,,,,,,,
optimistic,15,55,6000,infeasible,,,,,,,,,
optimistic,15,55,6500,infeasible,,,,,,,,,
optimistic,15,55,7000,infeasible,,,,,,,,,
optimistic,15,55,10000,infeasible,,,,,,,,,
optimistic,15,60,0,optimal,rail-road-via-luchaogang,cq-guoyuan-port>sh-luchaogang-rail>sh-yangshan-port,rail+road,58.75,4800.0,30.0,0.0,4830.0,131.20499999999998
optimistic,15,60,62.36,optimal,rail-road-via-luchaogang,cq-guoyuan-port>sh-luchaogang-rail>sh-yangshan-port,rail+road,58.75,4800.0,30.0,8.181943799999999,4838.1819438,131.20499999999998
optimistic,15,60,97.49,optimal,rail-road-via-luchaogang,cq-guoyuan-port>sh-luchaogang-rail>sh-yangshan-port,rail+road,58.75,4800.0,30.0,12.791175449999997,4842.79117545,131.20499999999998
optimistic,15,60,500,optimal,rail-road-via-luchaogang,cq-guoyuan-port>sh-luchaogang-rail>sh-yangshan-port,rail+road,58.75,4800.0,30.0,65.60249999999999,4895.6025,131.20499999999998
optimistic,15,60,1000,optimal,rail-road-via-luchaogang,cq-guoyuan-port>sh-luchaogang-rail>sh-yangshan-port,rail+road,58.75,4800.0,30.0,131.20499999999998,4961.205,131.20499999999998
optimistic,15,60,3000,optimal,rail-road-via-luchaogang,cq-guoyuan-port>sh-luchaogang-rail>sh-yangshan-port,rail+road,58.75,4800.0,30.0,393.61499999999995,5223.615,131.20499999999998
optimistic,15,60,6000,optimal,rail-road-via-luchaogang,cq-guoyuan-port>sh-luchaogang-rail>sh-yangshan-port,rail+road,58.75,4800.0,30.0,787.2299999999999,5617.23,131.20499999999998
optimistic,15,60,6500,optimal,rail-road-via-luchaogang,cq-guoyuan-port>sh-luchaogang-rail>sh-yangshan-port,rail+road,58.75,4800.0,30.0,852.8324999999999,5682.8324999999995,131.20499999999998
optimistic,15,60,7000,optimal,rail-road-via-luchaogang,cq-guoyuan-port>sh-luchaogang-rail>sh-yangshan-port,rail+road,58.75,4800.0,30.0,918.435,5748.4349999999995,131.20499999999998
optimistic,15,60,10000,optimal,rail-road-via-luchaogang,cq-guoyuan-port>sh-luchaogang-rail>sh-yangshan-port,rail+road,58.75,4800.0,30.0,1312.0499999999997,6142.049999999999,131.20499999999998
optimistic,15,66,0,optimal,rail-road-via-luchaogang,cq-guoyuan-port>sh-luchaogang-rail>sh-yangshan-port,rail+road,58.75,4800.0,30.0,0.0,4830.0,131.20499999999998
optimistic,15,66,62.36,optimal,rail-road-via-luchaogang,cq-guoyuan-port>sh-luchaogang-rail>sh-yangshan-port,rail+road,58.75,4800.0,30.0,8.181943799999999,4838.1819438,131.20499999999998
optimistic,15,66,97.49,optimal,rail-road-via-luchaogang,cq-guoyuan-port>sh-luchaogang-rail>sh-yangshan-port,rail+road,58.75,4800.0,30.0,12.791175449999997,4842.79117545,131.20499999999998
optimistic,15,66,500,optimal,rail-road-via-luchaogang,cq-guoyuan-port>sh-luchaogang-rail>sh-yangshan-port,rail+road,58.75,4800.0,30.0,65.60249999999999,4895.6025,131.20499999999998
optimistic,15,66,1000,optimal,rail-road-via-luchaogang,cq-guoyuan-port>sh-luchaogang-rail>sh-yangshan-port,rail+road,58.75,4800.0,30.0,131.20499999999998,4961.205,131.20499999999998
optimistic,15,66,3000,optimal,rail-road-via-luchaogang,cq-guoyuan-port>sh-luchaogang-rail>sh-yangshan-port,rail+road,58.75,4800.0,30.0,393.61499999999995,5223.615,131.20499999999998
optimistic,15,66,6000,optimal,rail-road-via-luchaogang,cq-guoyuan-port>sh-luchaogang-rail>sh-yangshan-port,rail+road,58.75,4800.0,30.0,787.2299999999999,5617.23,131.20499999999998
optimistic,15,66,6500,optimal,rail-road-via-luchaogang,cq-guoyuan-port>sh-luchaogang-rail>sh-yangshan-port,rail+road,58.75,4800.0,30.0,852.8324999999999,5682.8324999999995,131.20499999999998
optimistic,15,66,7000,optimal,rail-road-via-luchaogang,cq-guoyuan-port>sh-luchaogang-rail>sh-yangshan-port,rail+road,58.75,4800.0,30.0,918.435,5748.4349999999995,131.20499999999998
optimistic,15,66,10000,optimal,rail-road-via-luchaogang,cq-guoyuan-port>sh-luchaogang-rail>sh-yangshan-port,rail+road,58.75,4800.0,30.0,1312.0499999999997,6142.049999999999,131.20499999999998
optimistic,15,72,0,optimal,rail-road-via-luchaogang,cq-guoyuan-port>sh-luchaogang-rail>sh-yangshan-port,rail+road,58.75,4800.0,30.0,0.0,4830.0,131.20499999999998
optimistic,15,72,62.36,optimal,rail-road-via-luchaogang,cq-guoyuan-port>sh-luchaogang-rail>sh-yangshan-port,rail+road,58.75,4800.0,30.0,8.181943799999999,4838.1819438,131.20499999999998
optimistic,15,72,97.49,optimal,rail-road-via-luchaogang,cq-guoyuan-port>sh-luchaogang-rail>sh-yangshan-port,rail+road,58.75,4800.0,30.0,12.791175449999997,4842.79117545,131.20499999999998
optimistic,15,72,500,optimal,rail-road-via-luchaogang,cq-guoyuan-port>sh-luchaogang-rail>sh-yangshan-port,rail+road,58.75,4800.0,30.0,65.60249999999999,4895.6025,131.20499999999998
optimistic,15,72,1000,optimal,rail-road-via-luchaogang,cq-guoyuan-port>sh-luchaogang-rail>sh-yangshan-port,rail+road,58.75,4800.0,30.0,131.20499999999998,4961.205,131.20499999999998
optimistic,15,72,3000,optimal,rail-road-via-luchaogang,cq-guoyuan-port>sh-luchaogang-rail>sh-yangshan-port,rail+road,58.75,4800.0,30.0,393.61499999999995,5223.615,131.20499999999998
optimistic,15,72,6000,optimal,rail-road-via-luchaogang,cq-guoyuan-port>sh-luchaogang-rail>sh-yangshan-port,rail+road,58.75,4800.0,30.0,787.2299999999999,5617.23,131.20499999999998
optimistic,15,72,6500,optimal,rail-road-via-luchaogang,cq-guoyuan-port>sh-luchaogang-rail>sh-yangshan-port,rail+road,58.75,4800.0,30.0,852.8324999999999,5682.8324999999995,131.20499999999998
optimistic,15,72,7000,optimal,rail-road-via-luchaogang,cq-guoyuan-port>sh-luchaogang-rail>sh-yangshan-port,rail+road,58.75,4800.0,30.0,918.435,5748.4349999999995,131.20499999999998
optimistic,15,72,10000,optimal,rail-road-via-luchaogang,cq-guoyuan-port>sh-luchaogang-rail>sh-yangshan-port,rail+road,58.75,4800.0,30.0,1312.0499999999997,6142.049999999999,131.20499999999998
optimistic,15,96,0,optimal,rail-road-via-luchaogang,cq-guoyuan-port>sh-luchaogang-rail>sh-yangshan-port,rail+road,58.75,4800.0,30.0,0.0,4830.0,131.20499999999998
optimistic,15,96,62.36,optimal,rail-road-via-luchaogang,cq-guoyuan-port>sh-luchaogang-rail>sh-yangshan-port,rail+road,58.75,4800.0,30.0,8.181943799999999,4838.1819438,131.20499999999998
optimistic,15,96,97.49,optimal,rail-road-via-luchaogang,cq-guoyuan-port>sh-luchaogang-rail>sh-yangshan-port,rail+road,58.75,4800.0,30.0,12.791175449999997,4842.79117545,131.20499999999998
optimistic,15,96,500,optimal,rail-road-via-luchaogang,cq-guoyuan-port>sh-luchaogang-rail>sh-yangshan-port,rail+road,58.75,4800.0,30.0,65.60249999999999,4895.6025,131.20499999999998
optimistic,15,96,1000,optimal,rail-road-via-luchaogang,cq-guoyuan-port>sh-luchaogang-rail>sh-yangshan-port,rail+road,58.75,4800.0,30.0,131.20499999999998,4961.205,131.20499999999998
optimistic,15,96,3000,optimal,rail-road-via-luchaogang,cq-guoyuan-port>sh-luchaogang-rail>sh-yangshan-port,rail+road,58.75,4800.0,30.0,393.61499999999995,5223.615,131.20499999999998
optimistic,15,96,6000,optimal,rail-road-via-luchaogang,cq-guoyuan-port>sh-luchaogang-rail>sh-yangshan-port,rail+road,58.75,4800.0,30.0,787.2299999999999,5617.23,131.20499999999998
optimistic,15,96,6500,optimal,rail-road-via-luchaogang,cq-guoyuan-port>sh-luchaogang-rail>sh-yangshan-port,rail+road,58.75,4800.0,30.0,852.8324999999999,5682.8324999999995,131.20499999999998
optimistic,15,96,7000,optimal,rail-road-via-luchaogang,cq-guoyuan-port>sh-luchaogang-rail>sh-yangshan-port,rail+road,58.75,4800.0,30.0,918.435,5748.4349999999995,131.20499999999998
optimistic,15,96,10000,optimal,rail-road-via-luchaogang,cq-guoyuan-port>sh-luchaogang-rail>sh-yangshan-port,rail+road,58.75,4800.0,30.0,1312.0499999999997,6142.049999999999,131.20499999999998
optimistic,15,120,0,optimal,rail-road-via-luchaogang,cq-guoyuan-port>sh-luchaogang-rail>sh-yangshan-port,rail+road,58.75,4800.0,30.0,0.0,4830.0,131.20499999999998
optimistic,15,120,62.36,optimal,rail-road-via-luchaogang,cq-guoyuan-port>sh-luchaogang-rail>sh-yangshan-port,rail+road,58.75,4800.0,30.0,8.181943799999999,4838.1819438,131.20499999999998
optimistic,15,120,97.49,optimal,rail-road-via-luchaogang,cq-guoyuan-port>sh-luchaogang-rail>sh-yangshan-port,rail+road,58.75,4800.0,30.0,12.791175449999997,4842.79117545,131.20499999999998
optimistic,15,120,500,optimal,rail-road-via-luchaogang,cq-guoyuan-port>sh-luchaogang-rail>sh-yangshan-port,rail+road,58.75,4800.0,30.0,65.60249999999999,4895.6025,131.20499999999998
optimistic,15,120,1000,optimal,rail-road-via-luchaogang,cq-guoyuan-port>sh-luchaogang-rail>sh-yangshan-port,rail+road,58.75,4800.0,30.0,131.20499999999998,4961.205,131.20499999999998
optimistic,15,120,3000,optimal,rail-road-via-luchaogang,cq-guoyuan-port>sh-luchaogang-rail>sh-yangshan-port,rail+road,58.75,4800.0,30.0,393.61499999999995,5223.615,131.20499999999998
optimistic,15,120,6000,optimal,rail-road-via-luchaogang,cq-guoyuan-port>sh-luchaogang-rail>sh-yangshan-port,rail+road,58.75,4800.0,30.0,787.2299999999999,5617.23,131.20499999999998
optimistic,15,120,6500,optimal,rail-road-via-luchaogang,cq-guoyuan-port>sh-luchaogang-rail>sh-yangshan-port,rail+road,58.75,4800.0,30.0,852.8324999999999,5682.8324999999995,131.20499999999998
optimistic,15,120,7000,optimal,rail-road-via-luchaogang,cq-guoyuan-port>sh-luchaogang-rail>sh-yangshan-port,rail+road,58.75,4800.0,30.0,918.435,5748.4349999999995,131.20499999999998
optimistic,15,120,10000,optimal,rail-road-via-luchaogang,cq-guoyuan-port>sh-luchaogang-rail>sh-yangshan-port,rail+road,58.75,4800.0,30.0,1312.0499999999997,6142.049999999999,131.20499999999998
optimistic,15,168,0,optimal,rail-road-via-luchaogang,cq-guoyuan-port>sh-luchaogang-rail>sh-yangshan-port,rail+road,58.75,4800.0,30.0,0.0,4830.0,131.20499999999998
optimistic,15,168,62.36,optimal,rail-road-via-luchaogang,cq-guoyuan-port>sh-luchaogang-rail>sh-yangshan-port,rail+road,58.75,4800.0,30.0,8.181943799999999,4838.1819438,131.20499999999998
optimistic,15,168,97.49,optimal,rail-road-via-luchaogang,cq-guoyuan-port>sh-luchaogang-rail>sh-yangshan-port,rail+road,58.75,4800.0,30.0,12.791175449999997,4842.79117545,131.20499999999998
optimistic,15,168,500,optimal,rail-road-via-luchaogang,cq-guoyuan-port>sh-luchaogang-rail>sh-yangshan-port,rail+road,58.75,4800.0,30.0,65.60249999999999,4895.6025,131.20499999999998
optimistic,15,168,1000,optimal,rail-road-via-luchaogang,cq-guoyuan-port>sh-luchaogang-rail>sh-yangshan-port,rail+road,58.75,4800.0,30.0,131.20499999999998,4961.205,131.20499999999998
optimistic,15,168,3000,optimal,rail-road-via-luchaogang,cq-guoyuan-port>sh-luchaogang-rail>sh-yangshan-port,rail+road,58.75,4800.0,30.0,393.61499999999995,5223.615,131.20499999999998
optimistic,15,168,6000,optimal,rail-road-via-luchaogang,cq-guoyuan-port>sh-luchaogang-rail>sh-yangshan-port,rail+road,58.75,4800.0,30.0,787.2299999999999,5617.23,131.20499999999998
optimistic,15,168,6500,optimal,rail-road-via-luchaogang,cq-guoyuan-port>sh-luchaogang-rail>sh-yangshan-port,rail+road,58.75,4800.0,30.0,852.8324999999999,5682.8324999999995,131.20499999999998
optimistic,15,168,7000,optimal,rail-road-via-luchaogang,cq-guoyuan-port>sh-luchaogang-rail>sh-yangshan-port,rail+road,58.75,4800.0,30.0,918.435,5748.4349999999995,131.20499999999998
optimistic,15,168,10000,optimal,rail-road-via-luchaogang,cq-guoyuan-port>sh-luchaogang-rail>sh-yangshan-port,rail+road,58.75,4800.0,30.0,1312.0499999999997,6142.049999999999,131.20499999999998
optimistic,15,192,0,optimal,water-express-bundled,cq-guoyuan-port>sh-yangshan-port,water,192.0,1400.0,0.0,0.0,1400.0,719.7
optimistic,15,192,62.36,optimal,water-express-bundled,cq-guoyuan-port>sh-yangshan-port,water,192.0,1400.0,0.0,44.880492000000004,1444.880492,719.7
optimistic,15,192,97.49,optimal,water-express-bundled,cq-guoyuan-port>sh-yangshan-port,water,192.0,1400.0,0.0,70.163553,1470.163553,719.7
optimistic,15,192,500,optimal,water-express-bundled,cq-guoyuan-port>sh-yangshan-port,water,192.0,1400.0,0.0,359.85,1759.85,719.7
optimistic,15,192,1000,optimal,water-express-bundled,cq-guoyuan-port>sh-yangshan-port,water,192.0,1400.0,0.0,719.7,2119.7,719.7
optimistic,15,192,3000,optimal,water-express-bundled,cq-guoyuan-port>sh-yangshan-port,water,192.0,1400.0,0.0,2159.1000000000004,3559.1000000000004,719.7
optimistic,15,192,6000,optimal,rail-road-via-luchaogang,cq-guoyuan-port>sh-luchaogang-rail>sh-yangshan-port,rail+road,58.75,4800.0,30.0,787.2299999999999,5617.23,131.20499999999998
optimistic,15,192,6500,optimal,rail-road-via-luchaogang,cq-guoyuan-port>sh-luchaogang-rail>sh-yangshan-port,rail+road,58.75,4800.0,30.0,852.8324999999999,5682.8324999999995,131.20499999999998
optimistic,15,192,7000,optimal,rail-road-via-luchaogang,cq-guoyuan-port>sh-luchaogang-rail>sh-yangshan-port,rail+road,58.75,4800.0,30.0,918.435,5748.4349999999995,131.20499999999998
optimistic,15,192,10000,optimal,rail-road-via-luchaogang,cq-guoyuan-port>sh-luchaogang-rail>sh-yangshan-port,rail+road,58.75,4800.0,30.0,1312.0499999999997,6142.049999999999,131.20499999999998
optimistic,15,204,0,optimal,water-express-bundled,cq-guoyuan-port>sh-yangshan-port,water,192.0,1400.0,0.0,0.0,1400.0,719.7
optimistic,15,204,62.36,optimal,water-express-bundled,cq-guoyuan-port>sh-yangshan-port,water,192.0,1400.0,0.0,44.880492000000004,1444.880492,719.7
optimistic,15,204,97.49,optimal,water-express-bundled,cq-guoyuan-port>sh-yangshan-port,water,192.0,1400.0,0.0,70.163553,1470.163553,719.7
optimistic,15,204,500,optimal,water-express-bundled,cq-guoyuan-port>sh-yangshan-port,water,192.0,1400.0,0.0,359.85,1759.85,719.7
optimistic,15,204,1000,optimal,water-express-bundled,cq-guoyuan-port>sh-yangshan-port,water,192.0,1400.0,0.0,719.7,2119.7,719.7
optimistic,15,204,3000,optimal,water-express-bundled,cq-guoyuan-port>sh-yangshan-port,water,192.0,1400.0,0.0,2159.1000000000004,3559.1000000000004,719.7
optimistic,15,204,6000,optimal,rail-road-via-luchaogang,cq-guoyuan-port>sh-luchaogang-rail>sh-yangshan-port,rail+road,58.75,4800.0,30.0,787.2299999999999,5617.23,131.20499999999998
optimistic,15,204,6500,optimal,rail-road-via-luchaogang,cq-guoyuan-port>sh-luchaogang-rail>sh-yangshan-port,rail+road,58.75,4800.0,30.0,852.8324999999999,5682.8324999999995,131.20499999999998
optimistic,15,204,7000,optimal,rail-road-via-luchaogang,cq-guoyuan-port>sh-luchaogang-rail>sh-yangshan-port,rail+road,58.75,4800.0,30.0,918.435,5748.4349999999995,131.20499999999998
optimistic,15,204,10000,optimal,rail-road-via-luchaogang,cq-guoyuan-port>sh-luchaogang-rail>sh-yangshan-port,rail+road,58.75,4800.0,30.0,1312.0499999999997,6142.049999999999,131.20499999999998
optimistic,15,216,0,optimal,water-express-bundled,cq-guoyuan-port>sh-yangshan-port,water,192.0,1400.0,0.0,0.0,1400.0,719.7
optimistic,15,216,62.36,optimal,water-express-bundled,cq-guoyuan-port>sh-yangshan-port,water,192.0,1400.0,0.0,44.880492000000004,1444.880492,719.7
optimistic,15,216,97.49,optimal,water-express-bundled,cq-guoyuan-port>sh-yangshan-port,water,192.0,1400.0,0.0,70.163553,1470.163553,719.7
optimistic,15,216,500,optimal,water-express-bundled,cq-guoyuan-port>sh-yangshan-port,water,192.0,1400.0,0.0,359.85,1759.85,719.7
optimistic,15,216,1000,optimal,water-express-bundled,cq-guoyuan-port>sh-yangshan-port,water,192.0,1400.0,0.0,719.7,2119.7,719.7
optimistic,15,216,3000,optimal,water-express-bundled,cq-guoyuan-port>sh-yangshan-port,water,192.0,1400.0,0.0,2159.1000000000004,3559.1000000000004,719.7
optimistic,15,216,6000,optimal,rail-road-via-luchaogang,cq-guoyuan-port>sh-luchaogang-rail>sh-yangshan-port,rail+road,58.75,4800.0,30.0,787.2299999999999,5617.23,131.20499999999998
optimistic,15,216,6500,optimal,rail-road-via-luchaogang,cq-guoyuan-port>sh-luchaogang-rail>sh-yangshan-port,rail+road,58.75,4800.0,30.0,852.8324999999999,5682.8324999999995,131.20499999999998
optimistic,15,216,7000,optimal,rail-road-via-luchaogang,cq-guoyuan-port>sh-luchaogang-rail>sh-yangshan-port,rail+road,58.75,4800.0,30.0,918.435,5748.4349999999995,131.20499999999998
optimistic,15,216,10000,optimal,rail-road-via-luchaogang,cq-guoyuan-port>sh-luchaogang-rail>sh-yangshan-port,rail+road,58.75,4800.0,30.0,1312.0499999999997,6142.049999999999,131.20499999999998
optimistic,15,240,0,optimal,water-regular-bundled,cq-guoyuan-port>sh-yangshan-port,water,240.0,1130.0,0.0,0.0,1130.0,719.7
optimistic,15,240,62.36,optimal,water-regular-bundled,cq-guoyuan-port>sh-yangshan-port,water,240.0,1130.0,0.0,44.880492000000004,1174.880492,719.7
optimistic,15,240,97.49,optimal,water-regular-bundled,cq-guoyuan-port>sh-yangshan-port,water,240.0,1130.0,0.0,70.163553,1200.163553,719.7
optimistic,15,240,500,optimal,water-regular-bundled,cq-guoyuan-port>sh-yangshan-port,water,240.0,1130.0,0.0,359.85,1489.85,719.7
optimistic,15,240,1000,optimal,water-regular-bundled,cq-guoyuan-port>sh-yangshan-port,water,240.0,1130.0,0.0,719.7,1849.7,719.7
optimistic,15,240,3000,optimal,water-regular-bundled,cq-guoyuan-port>sh-yangshan-port,water,240.0,1130.0,0.0,2159.1000000000004,3289.1000000000004,719.7
optimistic,15,240,6000,optimal,water-regular-bundled,cq-guoyuan-port>sh-yangshan-port,water,240.0,1130.0,0.0,4318.200000000001,5448.200000000001,719.7
optimistic,15,240,6500,optimal,rail-road-via-luchaogang,cq-guoyuan-port>sh-luchaogang-rail>sh-yangshan-port,rail+road,58.75,4800.0,30.0,852.8324999999999,5682.8324999999995,131.20499999999998
optimistic,15,240,7000,optimal,rail-road-via-luchaogang,cq-guoyuan-port>sh-luchaogang-rail>sh-yangshan-port,rail+road,58.75,4800.0,30.0,918.435,5748.4349999999995,131.20499999999998
optimistic,15,240,10000,optimal,rail-road-via-luchaogang,cq-guoyuan-port>sh-luchaogang-rail>sh-yangshan-port,rail+road,58.75,4800.0,30.0,1312.0499999999997,6142.049999999999,131.20499999999998
optimistic,15,276,0,optimal,water-regular-bundled,cq-guoyuan-port>sh-yangshan-port,water,240.0,1130.0,0.0,0.0,1130.0,719.7
optimistic,15,276,62.36,optimal,water-regular-bundled,cq-guoyuan-port>sh-yangshan-port,water,240.0,1130.0,0.0,44.880492000000004,1174.880492,719.7
optimistic,15,276,97.49,optimal,water-regular-bundled,cq-guoyuan-port>sh-yangshan-port,water,240.0,1130.0,0.0,70.163553,1200.163553,719.7
optimistic,15,276,500,optimal,water-regular-bundled,cq-guoyuan-port>sh-yangshan-port,water,240.0,1130.0,0.0,359.85,1489.85,719.7
optimistic,15,276,1000,optimal,water-regular-bundled,cq-guoyuan-port>sh-yangshan-port,water,240.0,1130.0,0.0,719.7,1849.7,719.7
optimistic,15,276,3000,optimal,water-regular-bundled,cq-guoyuan-port>sh-yangshan-port,water,240.0,1130.0,0.0,2159.1000000000004,3289.1000000000004,719.7
optimistic,15,276,6000,optimal,water-regular-bundled,cq-guoyuan-port>sh-yangshan-port,water,240.0,1130.0,0.0,4318.200000000001,5448.200000000001,719.7
optimistic,15,276,6500,optimal,rail-road-via-luchaogang,cq-guoyuan-port>sh-luchaogang-rail>sh-yangshan-port,rail+road,58.75,4800.0,30.0,852.8324999999999,5682.8324999999995,131.20499999999998
optimistic,15,276,7000,optimal,rail-road-via-luchaogang,cq-guoyuan-port>sh-luchaogang-rail>sh-yangshan-port,rail+road,58.75,4800.0,30.0,918.435,5748.4349999999995,131.20499999999998
optimistic,15,276,10000,optimal,rail-road-via-luchaogang,cq-guoyuan-port>sh-luchaogang-rail>sh-yangshan-port,rail+road,58.75,4800.0,30.0,1312.0499999999997,6142.049999999999,131.20499999999998
optimistic,15,360,0,optimal,water-regular-bundled,cq-guoyuan-port>sh-yangshan-port,water,240.0,1130.0,0.0,0.0,1130.0,719.7
optimistic,15,360,62.36,optimal,water-regular-bundled,cq-guoyuan-port>sh-yangshan-port,water,240.0,1130.0,0.0,44.880492000000004,1174.880492,719.7
optimistic,15,360,97.49,optimal,water-regular-bundled,cq-guoyuan-port>sh-yangshan-port,water,240.0,1130.0,0.0,70.163553,1200.163553,719.7
optimistic,15,360,500,optimal,water-regular-bundled,cq-guoyuan-port>sh-yangshan-port,water,240.0,1130.0,0.0,359.85,1489.85,719.7
optimistic,15,360,1000,optimal,water-regular-bundled,cq-guoyuan-port>sh-yangshan-port,water,240.0,1130.0,0.0,719.7,1849.7,719.7
optimistic,15,360,3000,optimal,water-regular-bundled,cq-guoyuan-port>sh-yangshan-port,water,240.0,1130.0,0.0,2159.1000000000004,3289.1000000000004,719.7
optimistic,15,360,6000,optimal,water-regular-bundled,cq-guoyuan-port>sh-yangshan-port,water,240.0,1130.0,0.0,4318.200000000001,5448.200000000001,719.7
optimistic,15,360,6500,optimal,rail-road-via-luchaogang,cq-guoyuan-port>sh-luchaogang-rail>sh-yangshan-port,rail+road,58.75,4800.0,30.0,852.8324999999999,5682.8324999999995,131.20499999999998
optimistic,15,360,7000,optimal,rail-road-via-luchaogang,cq-guoyuan-port>sh-luchaogang-rail>sh-yangshan-port,rail+road,58.75,4800.0,30.0,918.435,5748.4349999999995,131.20499999999998
optimistic,15,360,10000,optimal,rail-road-via-luchaogang,cq-guoyuan-port>sh-luchaogang-rail>sh-yangshan-port,rail+road,58.75,4800.0,30.0,1312.0499999999997,6142.049999999999,131.20499999999998
optimistic,20,48,0,infeasible,,,,,,,,,
optimistic,20,48,62.36,infeasible,,,,,,,,,
optimistic,20,48,97.49,infeasible,,,,,,,,,
optimistic,20,48,500,infeasible,,,,,,,,,
optimistic,20,48,1000,infeasible,,,,,,,,,
optimistic,20,48,3000,infeasible,,,,,,,,,
optimistic,20,48,6000,infeasible,,,,,,,,,
optimistic,20,48,6500,infeasible,,,,,,,,,
optimistic,20,48,7000,infeasible,,,,,,,,,
optimistic,20,48,10000,infeasible,,,,,,,,,
optimistic,20,55,0,infeasible,,,,,,,,,
optimistic,20,55,62.36,infeasible,,,,,,,,,
optimistic,20,55,97.49,infeasible,,,,,,,,,
optimistic,20,55,500,infeasible,,,,,,,,,
optimistic,20,55,1000,infeasible,,,,,,,,,
optimistic,20,55,3000,infeasible,,,,,,,,,
optimistic,20,55,6000,infeasible,,,,,,,,,
optimistic,20,55,6500,infeasible,,,,,,,,,
optimistic,20,55,7000,infeasible,,,,,,,,,
optimistic,20,55,10000,infeasible,,,,,,,,,
optimistic,20,60,0,optimal,rail-road-via-luchaogang,cq-guoyuan-port>sh-luchaogang-rail>sh-yangshan-port,rail+road,59.0,4800.0,40.0,0.0,4840.0,174.94
optimistic,20,60,62.36,optimal,rail-road-via-luchaogang,cq-guoyuan-port>sh-luchaogang-rail>sh-yangshan-port,rail+road,59.0,4800.0,40.0,10.909258399999999,4850.9092584,174.94
optimistic,20,60,97.49,optimal,rail-road-via-luchaogang,cq-guoyuan-port>sh-luchaogang-rail>sh-yangshan-port,rail+road,59.0,4800.0,40.0,17.0549006,4857.0549006,174.94
optimistic,20,60,500,optimal,rail-road-via-luchaogang,cq-guoyuan-port>sh-luchaogang-rail>sh-yangshan-port,rail+road,59.0,4800.0,40.0,87.47,4927.47,174.94
optimistic,20,60,1000,optimal,rail-road-via-luchaogang,cq-guoyuan-port>sh-luchaogang-rail>sh-yangshan-port,rail+road,59.0,4800.0,40.0,174.94,5014.94,174.94
optimistic,20,60,3000,optimal,rail-road-via-luchaogang,cq-guoyuan-port>sh-luchaogang-rail>sh-yangshan-port,rail+road,59.0,4800.0,40.0,524.8199999999999,5364.82,174.94
optimistic,20,60,6000,optimal,rail-road-via-luchaogang,cq-guoyuan-port>sh-luchaogang-rail>sh-yangshan-port,rail+road,59.0,4800.0,40.0,1049.6399999999999,5889.639999999999,174.94
optimistic,20,60,6500,optimal,rail-road-via-luchaogang,cq-guoyuan-port>sh-luchaogang-rail>sh-yangshan-port,rail+road,59.0,4800.0,40.0,1137.11,5977.11,174.94
optimistic,20,60,7000,optimal,rail-road-via-luchaogang,cq-guoyuan-port>sh-luchaogang-rail>sh-yangshan-port,rail+road,59.0,4800.0,40.0,1224.58,6064.58,174.94
optimistic,20,60,10000,optimal,rail-road-via-luchaogang,cq-guoyuan-port>sh-luchaogang-rail>sh-yangshan-port,rail+road,59.0,4800.0,40.0,1749.4,6589.4,174.94
optimistic,20,66,0,optimal,rail-road-via-luchaogang,cq-guoyuan-port>sh-luchaogang-rail>sh-yangshan-port,rail+road,59.0,4800.0,40.0,0.0,4840.0,174.94
optimistic,20,66,62.36,optimal,rail-road-via-luchaogang,cq-guoyuan-port>sh-luchaogang-rail>sh-yangshan-port,rail+road,59.0,4800.0,40.0,10.909258399999999,4850.9092584,174.94
optimistic,20,66,97.49,optimal,rail-road-via-luchaogang,cq-guoyuan-port>sh-luchaogang-rail>sh-yangshan-port,rail+road,59.0,4800.0,40.0,17.0549006,4857.0549006,174.94
optimistic,20,66,500,optimal,rail-road-via-luchaogang,cq-guoyuan-port>sh-luchaogang-rail>sh-yangshan-port,rail+road,59.0,4800.0,40.0,87.47,4927.47,174.94
optimistic,20,66,1000,optimal,rail-road-via-luchaogang,cq-guoyuan-port>sh-luchaogang-rail>sh-yangshan-port,rail+road,59.0,4800.0,40.0,174.94,5014.94,174.94
optimistic,20,66,3000,optimal,rail-road-via-luchaogang,cq-guoyuan-port>sh-luchaogang-rail>sh-yangshan-port,rail+road,59.0,4800.0,40.0,524.8199999999999,5364.82,174.94
optimistic,20,66,6000,optimal,rail-road-via-luchaogang,cq-guoyuan-port>sh-luchaogang-rail>sh-yangshan-port,rail+road,59.0,4800.0,40.0,1049.6399999999999,5889.639999999999,174.94
optimistic,20,66,6500,optimal,rail-road-via-luchaogang,cq-guoyuan-port>sh-luchaogang-rail>sh-yangshan-port,rail+road,59.0,4800.0,40.0,1137.11,5977.11,174.94
optimistic,20,66,7000,optimal,rail-road-via-luchaogang,cq-guoyuan-port>sh-luchaogang-rail>sh-yangshan-port,rail+road,59.0,4800.0,40.0,1224.58,6064.58,174.94
optimistic,20,66,10000,optimal,rail-road-via-luchaogang,cq-guoyuan-port>sh-luchaogang-rail>sh-yangshan-port,rail+road,59.0,4800.0,40.0,1749.4,6589.4,174.94
optimistic,20,72,0,optimal,rail-road-via-luchaogang,cq-guoyuan-port>sh-luchaogang-rail>sh-yangshan-port,rail+road,59.0,4800.0,40.0,0.0,4840.0,174.94
optimistic,20,72,62.36,optimal,rail-road-via-luchaogang,cq-guoyuan-port>sh-luchaogang-rail>sh-yangshan-port,rail+road,59.0,4800.0,40.0,10.909258399999999,4850.9092584,174.94
optimistic,20,72,97.49,optimal,rail-road-via-luchaogang,cq-guoyuan-port>sh-luchaogang-rail>sh-yangshan-port,rail+road,59.0,4800.0,40.0,17.0549006,4857.0549006,174.94
optimistic,20,72,500,optimal,rail-road-via-luchaogang,cq-guoyuan-port>sh-luchaogang-rail>sh-yangshan-port,rail+road,59.0,4800.0,40.0,87.47,4927.47,174.94
optimistic,20,72,1000,optimal,rail-road-via-luchaogang,cq-guoyuan-port>sh-luchaogang-rail>sh-yangshan-port,rail+road,59.0,4800.0,40.0,174.94,5014.94,174.94
optimistic,20,72,3000,optimal,rail-road-via-luchaogang,cq-guoyuan-port>sh-luchaogang-rail>sh-yangshan-port,rail+road,59.0,4800.0,40.0,524.8199999999999,5364.82,174.94
optimistic,20,72,6000,optimal,rail-road-via-luchaogang,cq-guoyuan-port>sh-luchaogang-rail>sh-yangshan-port,rail+road,59.0,4800.0,40.0,1049.6399999999999,5889.639999999999,174.94
optimistic,20,72,6500,optimal,rail-road-via-luchaogang,cq-guoyuan-port>sh-luchaogang-rail>sh-yangshan-port,rail+road,59.0,4800.0,40.0,1137.11,5977.11,174.94
optimistic,20,72,7000,optimal,rail-road-via-luchaogang,cq-guoyuan-port>sh-luchaogang-rail>sh-yangshan-port,rail+road,59.0,4800.0,40.0,1224.58,6064.58,174.94
optimistic,20,72,10000,optimal,rail-road-via-luchaogang,cq-guoyuan-port>sh-luchaogang-rail>sh-yangshan-port,rail+road,59.0,4800.0,40.0,1749.4,6589.4,174.94
optimistic,20,96,0,optimal,rail-road-via-luchaogang,cq-guoyuan-port>sh-luchaogang-rail>sh-yangshan-port,rail+road,59.0,4800.0,40.0,0.0,4840.0,174.94
optimistic,20,96,62.36,optimal,rail-road-via-luchaogang,cq-guoyuan-port>sh-luchaogang-rail>sh-yangshan-port,rail+road,59.0,4800.0,40.0,10.909258399999999,4850.9092584,174.94
optimistic,20,96,97.49,optimal,rail-road-via-luchaogang,cq-guoyuan-port>sh-luchaogang-rail>sh-yangshan-port,rail+road,59.0,4800.0,40.0,17.0549006,4857.0549006,174.94
optimistic,20,96,500,optimal,rail-road-via-luchaogang,cq-guoyuan-port>sh-luchaogang-rail>sh-yangshan-port,rail+road,59.0,4800.0,40.0,87.47,4927.47,174.94
optimistic,20,96,1000,optimal,rail-road-via-luchaogang,cq-guoyuan-port>sh-luchaogang-rail>sh-yangshan-port,rail+road,59.0,4800.0,40.0,174.94,5014.94,174.94
optimistic,20,96,3000,optimal,rail-road-via-luchaogang,cq-guoyuan-port>sh-luchaogang-rail>sh-yangshan-port,rail+road,59.0,4800.0,40.0,524.8199999999999,5364.82,174.94
optimistic,20,96,6000,optimal,rail-road-via-luchaogang,cq-guoyuan-port>sh-luchaogang-rail>sh-yangshan-port,rail+road,59.0,4800.0,40.0,1049.6399999999999,5889.639999999999,174.94
optimistic,20,96,6500,optimal,rail-road-via-luchaogang,cq-guoyuan-port>sh-luchaogang-rail>sh-yangshan-port,rail+road,59.0,4800.0,40.0,1137.11,5977.11,174.94
optimistic,20,96,7000,optimal,rail-road-via-luchaogang,cq-guoyuan-port>sh-luchaogang-rail>sh-yangshan-port,rail+road,59.0,4800.0,40.0,1224.58,6064.58,174.94
optimistic,20,96,10000,optimal,rail-road-via-luchaogang,cq-guoyuan-port>sh-luchaogang-rail>sh-yangshan-port,rail+road,59.0,4800.0,40.0,1749.4,6589.4,174.94
optimistic,20,120,0,optimal,rail-road-via-luchaogang,cq-guoyuan-port>sh-luchaogang-rail>sh-yangshan-port,rail+road,59.0,4800.0,40.0,0.0,4840.0,174.94
optimistic,20,120,62.36,optimal,rail-road-via-luchaogang,cq-guoyuan-port>sh-luchaogang-rail>sh-yangshan-port,rail+road,59.0,4800.0,40.0,10.909258399999999,4850.9092584,174.94
optimistic,20,120,97.49,optimal,rail-road-via-luchaogang,cq-guoyuan-port>sh-luchaogang-rail>sh-yangshan-port,rail+road,59.0,4800.0,40.0,17.0549006,4857.0549006,174.94
optimistic,20,120,500,optimal,rail-road-via-luchaogang,cq-guoyuan-port>sh-luchaogang-rail>sh-yangshan-port,rail+road,59.0,4800.0,40.0,87.47,4927.47,174.94
optimistic,20,120,1000,optimal,rail-road-via-luchaogang,cq-guoyuan-port>sh-luchaogang-rail>sh-yangshan-port,rail+road,59.0,4800.0,40.0,174.94,5014.94,174.94
optimistic,20,120,3000,optimal,rail-road-via-luchaogang,cq-guoyuan-port>sh-luchaogang-rail>sh-yangshan-port,rail+road,59.0,4800.0,40.0,524.8199999999999,5364.82,174.94
optimistic,20,120,6000,optimal,rail-road-via-luchaogang,cq-guoyuan-port>sh-luchaogang-rail>sh-yangshan-port,rail+road,59.0,4800.0,40.0,1049.6399999999999,5889.639999999999,174.94
optimistic,20,120,6500,optimal,rail-road-via-luchaogang,cq-guoyuan-port>sh-luchaogang-rail>sh-yangshan-port,rail+road,59.0,4800.0,40.0,1137.11,5977.11,174.94
optimistic,20,120,7000,optimal,rail-road-via-luchaogang,cq-guoyuan-port>sh-luchaogang-rail>sh-yangshan-port,rail+road,59.0,4800.0,40.0,1224.58,6064.58,174.94
optimistic,20,120,10000,optimal,rail-road-via-luchaogang,cq-guoyuan-port>sh-luchaogang-rail>sh-yangshan-port,rail+road,59.0,4800.0,40.0,1749.4,6589.4,174.94
optimistic,20,168,0,optimal,rail-road-via-luchaogang,cq-guoyuan-port>sh-luchaogang-rail>sh-yangshan-port,rail+road,59.0,4800.0,40.0,0.0,4840.0,174.94
optimistic,20,168,62.36,optimal,rail-road-via-luchaogang,cq-guoyuan-port>sh-luchaogang-rail>sh-yangshan-port,rail+road,59.0,4800.0,40.0,10.909258399999999,4850.9092584,174.94
optimistic,20,168,97.49,optimal,rail-road-via-luchaogang,cq-guoyuan-port>sh-luchaogang-rail>sh-yangshan-port,rail+road,59.0,4800.0,40.0,17.0549006,4857.0549006,174.94
optimistic,20,168,500,optimal,rail-road-via-luchaogang,cq-guoyuan-port>sh-luchaogang-rail>sh-yangshan-port,rail+road,59.0,4800.0,40.0,87.47,4927.47,174.94
optimistic,20,168,1000,optimal,rail-road-via-luchaogang,cq-guoyuan-port>sh-luchaogang-rail>sh-yangshan-port,rail+road,59.0,4800.0,40.0,174.94,5014.94,174.94
optimistic,20,168,3000,optimal,rail-road-via-luchaogang,cq-guoyuan-port>sh-luchaogang-rail>sh-yangshan-port,rail+road,59.0,4800.0,40.0,524.8199999999999,5364.82,174.94
optimistic,20,168,6000,optimal,rail-road-via-luchaogang,cq-guoyuan-port>sh-luchaogang-rail>sh-yangshan-port,rail+road,59.0,4800.0,40.0,1049.6399999999999,5889.639999999999,174.94
optimistic,20,168,6500,optimal,rail-road-via-luchaogang,cq-guoyuan-port>sh-luchaogang-rail>sh-yangshan-port,rail+road,59.0,4800.0,40.0,1137.11,5977.11,174.94
optimistic,20,168,7000,optimal,rail-road-via-luchaogang,cq-guoyuan-port>sh-luchaogang-rail>sh-yangshan-port,rail+road,59.0,4800.0,40.0,1224.58,6064.58,174.94
optimistic,20,168,10000,optimal,rail-road-via-luchaogang,cq-guoyuan-port>sh-luchaogang-rail>sh-yangshan-port,rail+road,59.0,4800.0,40.0,1749.4,6589.4,174.94
optimistic,20,192,0,optimal,water-express-bundled,cq-guoyuan-port>sh-yangshan-port,water,192.0,1400.0,0.0,0.0,1400.0,959.6000000000001
optimistic,20,192,62.36,optimal,water-express-bundled,cq-guoyuan-port>sh-yangshan-port,water,192.0,1400.0,0.0,59.84065600000001,1459.840656,959.6000000000001
optimistic,20,192,97.49,optimal,water-express-bundled,cq-guoyuan-port>sh-yangshan-port,water,192.0,1400.0,0.0,93.551404,1493.551404,959.6000000000001
optimistic,20,192,500,optimal,water-express-bundled,cq-guoyuan-port>sh-yangshan-port,water,192.0,1400.0,0.0,479.80000000000007,1879.8000000000002,959.6000000000001
optimistic,20,192,1000,optimal,water-express-bundled,cq-guoyuan-port>sh-yangshan-port,water,192.0,1400.0,0.0,959.6000000000001,2359.6000000000004,959.6000000000001
optimistic,20,192,3000,optimal,water-express-bundled,cq-guoyuan-port>sh-yangshan-port,water,192.0,1400.0,0.0,2878.8,4278.8,959.6000000000001
optimistic,20,192,6000,optimal,rail-road-via-luchaogang,cq-guoyuan-port>sh-luchaogang-rail>sh-yangshan-port,rail+road,59.0,4800.0,40.0,1049.6399999999999,5889.639999999999,174.94
optimistic,20,192,6500,optimal,rail-road-via-luchaogang,cq-guoyuan-port>sh-luchaogang-rail>sh-yangshan-port,rail+road,59.0,4800.0,40.0,1137.11,5977.11,174.94
optimistic,20,192,7000,optimal,rail-road-via-luchaogang,cq-guoyuan-port>sh-luchaogang-rail>sh-yangshan-port,rail+road,59.0,4800.0,40.0,1224.58,6064.58,174.94
optimistic,20,192,10000,optimal,rail-road-via-luchaogang,cq-guoyuan-port>sh-luchaogang-rail>sh-yangshan-port,rail+road,59.0,4800.0,40.0,1749.4,6589.4,174.94
optimistic,20,204,0,optimal,water-express-bundled,cq-guoyuan-port>sh-yangshan-port,water,192.0,1400.0,0.0,0.0,1400.0,959.6000000000001
optimistic,20,204,62.36,optimal,water-express-bundled,cq-guoyuan-port>sh-yangshan-port,water,192.0,1400.0,0.0,59.84065600000001,1459.840656,959.6000000000001
optimistic,20,204,97.49,optimal,water-express-bundled,cq-guoyuan-port>sh-yangshan-port,water,192.0,1400.0,0.0,93.551404,1493.551404,959.6000000000001
optimistic,20,204,500,optimal,water-express-bundled,cq-guoyuan-port>sh-yangshan-port,water,192.0,1400.0,0.0,479.80000000000007,1879.8000000000002,959.6000000000001
optimistic,20,204,1000,optimal,water-express-bundled,cq-guoyuan-port>sh-yangshan-port,water,192.0,1400.0,0.0,959.6000000000001,2359.6000000000004,959.6000000000001
optimistic,20,204,3000,optimal,water-express-bundled,cq-guoyuan-port>sh-yangshan-port,water,192.0,1400.0,0.0,2878.8,4278.8,959.6000000000001
optimistic,20,204,6000,optimal,rail-road-via-luchaogang,cq-guoyuan-port>sh-luchaogang-rail>sh-yangshan-port,rail+road,59.0,4800.0,40.0,1049.6399999999999,5889.639999999999,174.94
optimistic,20,204,6500,optimal,rail-road-via-luchaogang,cq-guoyuan-port>sh-luchaogang-rail>sh-yangshan-port,rail+road,59.0,4800.0,40.0,1137.11,5977.11,174.94
optimistic,20,204,7000,optimal,rail-road-via-luchaogang,cq-guoyuan-port>sh-luchaogang-rail>sh-yangshan-port,rail+road,59.0,4800.0,40.0,1224.58,6064.58,174.94
optimistic,20,204,10000,optimal,rail-road-via-luchaogang,cq-guoyuan-port>sh-luchaogang-rail>sh-yangshan-port,rail+road,59.0,4800.0,40.0,1749.4,6589.4,174.94
optimistic,20,216,0,optimal,water-express-bundled,cq-guoyuan-port>sh-yangshan-port,water,192.0,1400.0,0.0,0.0,1400.0,959.6000000000001
optimistic,20,216,62.36,optimal,water-express-bundled,cq-guoyuan-port>sh-yangshan-port,water,192.0,1400.0,0.0,59.84065600000001,1459.840656,959.6000000000001
optimistic,20,216,97.49,optimal,water-express-bundled,cq-guoyuan-port>sh-yangshan-port,water,192.0,1400.0,0.0,93.551404,1493.551404,959.6000000000001
optimistic,20,216,500,optimal,water-express-bundled,cq-guoyuan-port>sh-yangshan-port,water,192.0,1400.0,0.0,479.80000000000007,1879.8000000000002,959.6000000000001
optimistic,20,216,1000,optimal,water-express-bundled,cq-guoyuan-port>sh-yangshan-port,water,192.0,1400.0,0.0,959.6000000000001,2359.6000000000004,959.6000000000001
optimistic,20,216,3000,optimal,water-express-bundled,cq-guoyuan-port>sh-yangshan-port,water,192.0,1400.0,0.0,2878.8,4278.8,959.6000000000001
optimistic,20,216,6000,optimal,rail-road-via-luchaogang,cq-guoyuan-port>sh-luchaogang-rail>sh-yangshan-port,rail+road,59.0,4800.0,40.0,1049.6399999999999,5889.639999999999,174.94
optimistic,20,216,6500,optimal,rail-road-via-luchaogang,cq-guoyuan-port>sh-luchaogang-rail>sh-yangshan-port,rail+road,59.0,4800.0,40.0,1137.11,5977.11,174.94
optimistic,20,216,7000,optimal,rail-road-via-luchaogang,cq-guoyuan-port>sh-luchaogang-rail>sh-yangshan-port,rail+road,59.0,4800.0,40.0,1224.58,6064.58,174.94
optimistic,20,216,10000,optimal,rail-road-via-luchaogang,cq-guoyuan-port>sh-luchaogang-rail>sh-yangshan-port,rail+road,59.0,4800.0,40.0,1749.4,6589.4,174.94
optimistic,20,240,0,optimal,water-regular-bundled,cq-guoyuan-port>sh-yangshan-port,water,240.0,1130.0,0.0,0.0,1130.0,959.6000000000001
optimistic,20,240,62.36,optimal,water-regular-bundled,cq-guoyuan-port>sh-yangshan-port,water,240.0,1130.0,0.0,59.84065600000001,1189.840656,959.6000000000001
optimistic,20,240,97.49,optimal,water-regular-bundled,cq-guoyuan-port>sh-yangshan-port,water,240.0,1130.0,0.0,93.551404,1223.551404,959.6000000000001
optimistic,20,240,500,optimal,water-regular-bundled,cq-guoyuan-port>sh-yangshan-port,water,240.0,1130.0,0.0,479.80000000000007,1609.8000000000002,959.6000000000001
optimistic,20,240,1000,optimal,water-regular-bundled,cq-guoyuan-port>sh-yangshan-port,water,240.0,1130.0,0.0,959.6000000000001,2089.6000000000004,959.6000000000001
optimistic,20,240,3000,optimal,water-regular-bundled,cq-guoyuan-port>sh-yangshan-port,water,240.0,1130.0,0.0,2878.8,4008.8,959.6000000000001
optimistic,20,240,6000,optimal,rail-road-via-luchaogang,cq-guoyuan-port>sh-luchaogang-rail>sh-yangshan-port,rail+road,59.0,4800.0,40.0,1049.6399999999999,5889.639999999999,174.94
optimistic,20,240,6500,optimal,rail-road-via-luchaogang,cq-guoyuan-port>sh-luchaogang-rail>sh-yangshan-port,rail+road,59.0,4800.0,40.0,1137.11,5977.11,174.94
optimistic,20,240,7000,optimal,rail-road-via-luchaogang,cq-guoyuan-port>sh-luchaogang-rail>sh-yangshan-port,rail+road,59.0,4800.0,40.0,1224.58,6064.58,174.94
optimistic,20,240,10000,optimal,rail-road-via-luchaogang,cq-guoyuan-port>sh-luchaogang-rail>sh-yangshan-port,rail+road,59.0,4800.0,40.0,1749.4,6589.4,174.94
optimistic,20,276,0,optimal,water-regular-bundled,cq-guoyuan-port>sh-yangshan-port,water,240.0,1130.0,0.0,0.0,1130.0,959.6000000000001
optimistic,20,276,62.36,optimal,water-regular-bundled,cq-guoyuan-port>sh-yangshan-port,water,240.0,1130.0,0.0,59.84065600000001,1189.840656,959.6000000000001
optimistic,20,276,97.49,optimal,water-regular-bundled,cq-guoyuan-port>sh-yangshan-port,water,240.0,1130.0,0.0,93.551404,1223.551404,959.6000000000001
optimistic,20,276,500,optimal,water-regular-bundled,cq-guoyuan-port>sh-yangshan-port,water,240.0,1130.0,0.0,479.80000000000007,1609.8000000000002,959.6000000000001
optimistic,20,276,1000,optimal,water-regular-bundled,cq-guoyuan-port>sh-yangshan-port,water,240.0,1130.0,0.0,959.6000000000001,2089.6000000000004,959.6000000000001
optimistic,20,276,3000,optimal,water-regular-bundled,cq-guoyuan-port>sh-yangshan-port,water,240.0,1130.0,0.0,2878.8,4008.8,959.6000000000001
optimistic,20,276,6000,optimal,rail-road-via-luchaogang,cq-guoyuan-port>sh-luchaogang-rail>sh-yangshan-port,rail+road,59.0,4800.0,40.0,1049.6399999999999,5889.639999999999,174.94
optimistic,20,276,6500,optimal,rail-road-via-luchaogang,cq-guoyuan-port>sh-luchaogang-rail>sh-yangshan-port,rail+road,59.0,4800.0,40.0,1137.11,5977.11,174.94
optimistic,20,276,7000,optimal,rail-road-via-luchaogang,cq-guoyuan-port>sh-luchaogang-rail>sh-yangshan-port,rail+road,59.0,4800.0,40.0,1224.58,6064.58,174.94
optimistic,20,276,10000,optimal,rail-road-via-luchaogang,cq-guoyuan-port>sh-luchaogang-rail>sh-yangshan-port,rail+road,59.0,4800.0,40.0,1749.4,6589.4,174.94
optimistic,20,360,0,optimal,water-regular-bundled,cq-guoyuan-port>sh-yangshan-port,water,240.0,1130.0,0.0,0.0,1130.0,959.6000000000001
optimistic,20,360,62.36,optimal,water-regular-bundled,cq-guoyuan-port>sh-yangshan-port,water,240.0,1130.0,0.0,59.84065600000001,1189.840656,959.6000000000001
optimistic,20,360,97.49,optimal,water-regular-bundled,cq-guoyuan-port>sh-yangshan-port,water,240.0,1130.0,0.0,93.551404,1223.551404,959.6000000000001
optimistic,20,360,500,optimal,water-regular-bundled,cq-guoyuan-port>sh-yangshan-port,water,240.0,1130.0,0.0,479.80000000000007,1609.8000000000002,959.6000000000001
optimistic,20,360,1000,optimal,water-regular-bundled,cq-guoyuan-port>sh-yangshan-port,water,240.0,1130.0,0.0,959.6000000000001,2089.6000000000004,959.6000000000001
optimistic,20,360,3000,optimal,water-regular-bundled,cq-guoyuan-port>sh-yangshan-port,water,240.0,1130.0,0.0,2878.8,4008.8,959.6000000000001
optimistic,20,360,6000,optimal,rail-road-via-luchaogang,cq-guoyuan-port>sh-luchaogang-rail>sh-yangshan-port,rail+road,59.0,4800.0,40.0,1049.6399999999999,5889.639999999999,174.94
optimistic,20,360,6500,optimal,rail-road-via-luchaogang,cq-guoyuan-port>sh-luchaogang-rail>sh-yangshan-port,rail+road,59.0,4800.0,40.0,1137.11,5977.11,174.94
optimistic,20,360,7000,optimal,rail-road-via-luchaogang,cq-guoyuan-port>sh-luchaogang-rail>sh-yangshan-port,rail+road,59.0,4800.0,40.0,1224.58,6064.58,174.94
optimistic,20,360,10000,optimal,rail-road-via-luchaogang,cq-guoyuan-port>sh-luchaogang-rail>sh-yangshan-port,rail+road,59.0,4800.0,40.0,1749.4,6589.4,174.94
central,10,48,0,infeasible,,,,,,,,,
central,10,48,62.36,infeasible,,,,,,,,,
central,10,48,97.49,infeasible,,,,,,,,,
central,10,48,500,infeasible,,,,,,,,,
central,10,48,1000,infeasible,,,,,,,,,
central,10,48,3000,infeasible,,,,,,,,,
central,10,48,6000,infeasible,,,,,,,,,
central,10,48,6500,infeasible,,,,,,,,,
central,10,48,7000,infeasible,,,,,,,,,
central,10,48,10000,infeasible,,,,,,,,,
central,10,55,0,infeasible,,,,,,,,,
central,10,55,62.36,infeasible,,,,,,,,,
central,10,55,97.49,infeasible,,,,,,,,,
central,10,55,500,infeasible,,,,,,,,,
central,10,55,1000,infeasible,,,,,,,,,
central,10,55,3000,infeasible,,,,,,,,,
central,10,55,6000,infeasible,,,,,,,,,
central,10,55,6500,infeasible,,,,,,,,,
central,10,55,7000,infeasible,,,,,,,,,
central,10,55,10000,infeasible,,,,,,,,,
central,10,60,0,infeasible,,,,,,,,,
central,10,60,62.36,infeasible,,,,,,,,,
central,10,60,97.49,infeasible,,,,,,,,,
central,10,60,500,infeasible,,,,,,,,,
central,10,60,1000,infeasible,,,,,,,,,
central,10,60,3000,infeasible,,,,,,,,,
central,10,60,6000,infeasible,,,,,,,,,
central,10,60,6500,infeasible,,,,,,,,,
central,10,60,7000,infeasible,,,,,,,,,
central,10,60,10000,infeasible,,,,,,,,,
central,10,66,0,optimal,rail-road-via-luchaogang,cq-guoyuan-port>sh-luchaogang-rail>sh-yangshan-port,rail+road,64.5,4800.0,20.0,0.0,4820.0,87.47
central,10,66,62.36,optimal,rail-road-via-luchaogang,cq-guoyuan-port>sh-luchaogang-rail>sh-yangshan-port,rail+road,64.5,4800.0,20.0,5.454629199999999,4825.4546291999995,87.47
central,10,66,97.49,optimal,rail-road-via-luchaogang,cq-guoyuan-port>sh-luchaogang-rail>sh-yangshan-port,rail+road,64.5,4800.0,20.0,8.5274503,4828.5274503,87.47
central,10,66,500,optimal,rail-road-via-luchaogang,cq-guoyuan-port>sh-luchaogang-rail>sh-yangshan-port,rail+road,64.5,4800.0,20.0,43.735,4863.735,87.47
central,10,66,1000,optimal,rail-road-via-luchaogang,cq-guoyuan-port>sh-luchaogang-rail>sh-yangshan-port,rail+road,64.5,4800.0,20.0,87.47,4907.47,87.47
central,10,66,3000,optimal,rail-road-via-luchaogang,cq-guoyuan-port>sh-luchaogang-rail>sh-yangshan-port,rail+road,64.5,4800.0,20.0,262.40999999999997,5082.41,87.47
central,10,66,6000,optimal,rail-road-via-luchaogang,cq-guoyuan-port>sh-luchaogang-rail>sh-yangshan-port,rail+road,64.5,4800.0,20.0,524.8199999999999,5344.82,87.47
central,10,66,6500,optimal,rail-road-via-luchaogang,cq-guoyuan-port>sh-luchaogang-rail>sh-yangshan-port,rail+road,64.5,4800.0,20.0,568.555,5388.555,87.47
central,10,66,7000,optimal,rail-road-via-luchaogang,cq-guoyuan-port>sh-luchaogang-rail>sh-yangshan-port,rail+road,64.5,4800.0,20.0,612.29,5432.29,87.47
central,10,66,10000,optimal,rail-road-via-luchaogang,cq-guoyuan-port>sh-luchaogang-rail>sh-yangshan-port,rail+road,64.5,4800.0,20.0,874.7,5694.7,87.47
central,10,72,0,optimal,rail-road-via-luchaogang,cq-guoyuan-port>sh-luchaogang-rail>sh-yangshan-port,rail+road,64.5,4800.0,20.0,0.0,4820.0,87.47
central,10,72,62.36,optimal,rail-road-via-luchaogang,cq-guoyuan-port>sh-luchaogang-rail>sh-yangshan-port,rail+road,64.5,4800.0,20.0,5.454629199999999,4825.4546291999995,87.47
central,10,72,97.49,optimal,rail-road-via-luchaogang,cq-guoyuan-port>sh-luchaogang-rail>sh-yangshan-port,rail+road,64.5,4800.0,20.0,8.5274503,4828.5274503,87.47
central,10,72,500,optimal,rail-road-via-luchaogang,cq-guoyuan-port>sh-luchaogang-rail>sh-yangshan-port,rail+road,64.5,4800.0,20.0,43.735,4863.735,87.47
central,10,72,1000,optimal,rail-road-via-luchaogang,cq-guoyuan-port>sh-luchaogang-rail>sh-yangshan-port,rail+road,64.5,4800.0,20.0,87.47,4907.47,87.47
central,10,72,3000,optimal,rail-road-via-luchaogang,cq-guoyuan-port>sh-luchaogang-rail>sh-yangshan-port,rail+road,64.5,4800.0,20.0,262.40999999999997,5082.41,87.47
central,10,72,6000,optimal,rail-road-via-luchaogang,cq-guoyuan-port>sh-luchaogang-rail>sh-yangshan-port,rail+road,64.5,4800.0,20.0,524.8199999999999,5344.82,87.47
central,10,72,6500,optimal,rail-road-via-luchaogang,cq-guoyuan-port>sh-luchaogang-rail>sh-yangshan-port,rail+road,64.5,4800.0,20.0,568.555,5388.555,87.47
central,10,72,7000,optimal,rail-road-via-luchaogang,cq-guoyuan-port>sh-luchaogang-rail>sh-yangshan-port,rail+road,64.5,4800.0,20.0,612.29,5432.29,87.47
central,10,72,10000,optimal,rail-road-via-luchaogang,cq-guoyuan-port>sh-luchaogang-rail>sh-yangshan-port,rail+road,64.5,4800.0,20.0,874.7,5694.7,87.47
central,10,96,0,optimal,rail-road-via-luchaogang,cq-guoyuan-port>sh-luchaogang-rail>sh-yangshan-port,rail+road,64.5,4800.0,20.0,0.0,4820.0,87.47
central,10,96,62.36,optimal,rail-road-via-luchaogang,cq-guoyuan-port>sh-luchaogang-rail>sh-yangshan-port,rail+road,64.5,4800.0,20.0,5.454629199999999,4825.4546291999995,87.47
central,10,96,97.49,optimal,rail-road-via-luchaogang,cq-guoyuan-port>sh-luchaogang-rail>sh-yangshan-port,rail+road,64.5,4800.0,20.0,8.5274503,4828.5274503,87.47
central,10,96,500,optimal,rail-road-via-luchaogang,cq-guoyuan-port>sh-luchaogang-rail>sh-yangshan-port,rail+road,64.5,4800.0,20.0,43.735,4863.735,87.47
central,10,96,1000,optimal,rail-road-via-luchaogang,cq-guoyuan-port>sh-luchaogang-rail>sh-yangshan-port,rail+road,64.5,4800.0,20.0,87.47,4907.47,87.47
central,10,96,3000,optimal,rail-road-via-luchaogang,cq-guoyuan-port>sh-luchaogang-rail>sh-yangshan-port,rail+road,64.5,4800.0,20.0,262.40999999999997,5082.41,87.47
central,10,96,6000,optimal,rail-road-via-luchaogang,cq-guoyuan-port>sh-luchaogang-rail>sh-yangshan-port,rail+road,64.5,4800.0,20.0,524.8199999999999,5344.82,87.47
central,10,96,6500,optimal,rail-road-via-luchaogang,cq-guoyuan-port>sh-luchaogang-rail>sh-yangshan-port,rail+road,64.5,4800.0,20.0,568.555,5388.555,87.47
central,10,96,7000,optimal,rail-road-via-luchaogang,cq-guoyuan-port>sh-luchaogang-rail>sh-yangshan-port,rail+road,64.5,4800.0,20.0,612.29,5432.29,87.47
central,10,96,10000,optimal,rail-road-via-luchaogang,cq-guoyuan-port>sh-luchaogang-rail>sh-yangshan-port,rail+road,64.5,4800.0,20.0,874.7,5694.7,87.47
central,10,120,0,optimal,rail-road-via-luchaogang,cq-guoyuan-port>sh-luchaogang-rail>sh-yangshan-port,rail+road,64.5,4800.0,20.0,0.0,4820.0,87.47
central,10,120,62.36,optimal,rail-road-via-luchaogang,cq-guoyuan-port>sh-luchaogang-rail>sh-yangshan-port,rail+road,64.5,4800.0,20.0,5.454629199999999,4825.4546291999995,87.47
central,10,120,97.49,optimal,rail-road-via-luchaogang,cq-guoyuan-port>sh-luchaogang-rail>sh-yangshan-port,rail+road,64.5,4800.0,20.0,8.5274503,4828.5274503,87.47
central,10,120,500,optimal,rail-road-via-luchaogang,cq-guoyuan-port>sh-luchaogang-rail>sh-yangshan-port,rail+road,64.5,4800.0,20.0,43.735,4863.735,87.47
central,10,120,1000,optimal,rail-road-via-luchaogang,cq-guoyuan-port>sh-luchaogang-rail>sh-yangshan-port,rail+road,64.5,4800.0,20.0,87.47,4907.47,87.47
central,10,120,3000,optimal,rail-road-via-luchaogang,cq-guoyuan-port>sh-luchaogang-rail>sh-yangshan-port,rail+road,64.5,4800.0,20.0,262.40999999999997,5082.41,87.47
central,10,120,6000,optimal,rail-road-via-luchaogang,cq-guoyuan-port>sh-luchaogang-rail>sh-yangshan-port,rail+road,64.5,4800.0,20.0,524.8199999999999,5344.82,87.47
central,10,120,6500,optimal,rail-road-via-luchaogang,cq-guoyuan-port>sh-luchaogang-rail>sh-yangshan-port,rail+road,64.5,4800.0,20.0,568.555,5388.555,87.47
central,10,120,7000,optimal,rail-road-via-luchaogang,cq-guoyuan-port>sh-luchaogang-rail>sh-yangshan-port,rail+road,64.5,4800.0,20.0,612.29,5432.29,87.47
central,10,120,10000,optimal,rail-road-via-luchaogang,cq-guoyuan-port>sh-luchaogang-rail>sh-yangshan-port,rail+road,64.5,4800.0,20.0,874.7,5694.7,87.47
central,10,168,0,optimal,rail-road-via-luchaogang,cq-guoyuan-port>sh-luchaogang-rail>sh-yangshan-port,rail+road,64.5,4800.0,20.0,0.0,4820.0,87.47
central,10,168,62.36,optimal,rail-road-via-luchaogang,cq-guoyuan-port>sh-luchaogang-rail>sh-yangshan-port,rail+road,64.5,4800.0,20.0,5.454629199999999,4825.4546291999995,87.47
central,10,168,97.49,optimal,rail-road-via-luchaogang,cq-guoyuan-port>sh-luchaogang-rail>sh-yangshan-port,rail+road,64.5,4800.0,20.0,8.5274503,4828.5274503,87.47
central,10,168,500,optimal,rail-road-via-luchaogang,cq-guoyuan-port>sh-luchaogang-rail>sh-yangshan-port,rail+road,64.5,4800.0,20.0,43.735,4863.735,87.47
central,10,168,1000,optimal,rail-road-via-luchaogang,cq-guoyuan-port>sh-luchaogang-rail>sh-yangshan-port,rail+road,64.5,4800.0,20.0,87.47,4907.47,87.47
central,10,168,3000,optimal,rail-road-via-luchaogang,cq-guoyuan-port>sh-luchaogang-rail>sh-yangshan-port,rail+road,64.5,4800.0,20.0,262.40999999999997,5082.41,87.47
central,10,168,6000,optimal,rail-road-via-luchaogang,cq-guoyuan-port>sh-luchaogang-rail>sh-yangshan-port,rail+road,64.5,4800.0,20.0,524.8199999999999,5344.82,87.47
central,10,168,6500,optimal,rail-road-via-luchaogang,cq-guoyuan-port>sh-luchaogang-rail>sh-yangshan-port,rail+road,64.5,4800.0,20.0,568.555,5388.555,87.47
central,10,168,7000,optimal,rail-road-via-luchaogang,cq-guoyuan-port>sh-luchaogang-rail>sh-yangshan-port,rail+road,64.5,4800.0,20.0,612.29,5432.29,87.47
central,10,168,10000,optimal,rail-road-via-luchaogang,cq-guoyuan-port>sh-luchaogang-rail>sh-yangshan-port,rail+road,64.5,4800.0,20.0,874.7,5694.7,87.47
central,10,192,0,optimal,rail-road-via-luchaogang,cq-guoyuan-port>sh-luchaogang-rail>sh-yangshan-port,rail+road,64.5,4800.0,20.0,0.0,4820.0,87.47
central,10,192,62.36,optimal,rail-road-via-luchaogang,cq-guoyuan-port>sh-luchaogang-rail>sh-yangshan-port,rail+road,64.5,4800.0,20.0,5.454629199999999,4825.4546291999995,87.47
central,10,192,97.49,optimal,rail-road-via-luchaogang,cq-guoyuan-port>sh-luchaogang-rail>sh-yangshan-port,rail+road,64.5,4800.0,20.0,8.5274503,4828.5274503,87.47
central,10,192,500,optimal,rail-road-via-luchaogang,cq-guoyuan-port>sh-luchaogang-rail>sh-yangshan-port,rail+road,64.5,4800.0,20.0,43.735,4863.735,87.47
central,10,192,1000,optimal,rail-road-via-luchaogang,cq-guoyuan-port>sh-luchaogang-rail>sh-yangshan-port,rail+road,64.5,4800.0,20.0,87.47,4907.47,87.47
central,10,192,3000,optimal,rail-road-via-luchaogang,cq-guoyuan-port>sh-luchaogang-rail>sh-yangshan-port,rail+road,64.5,4800.0,20.0,262.40999999999997,5082.41,87.47
central,10,192,6000,optimal,rail-road-via-luchaogang,cq-guoyuan-port>sh-luchaogang-rail>sh-yangshan-port,rail+road,64.5,4800.0,20.0,524.8199999999999,5344.82,87.47
central,10,192,6500,optimal,rail-road-via-luchaogang,cq-guoyuan-port>sh-luchaogang-rail>sh-yangshan-port,rail+road,64.5,4800.0,20.0,568.555,5388.555,87.47
central,10,192,7000,optimal,rail-road-via-luchaogang,cq-guoyuan-port>sh-luchaogang-rail>sh-yangshan-port,rail+road,64.5,4800.0,20.0,612.29,5432.29,87.47
central,10,192,10000,optimal,rail-road-via-luchaogang,cq-guoyuan-port>sh-luchaogang-rail>sh-yangshan-port,rail+road,64.5,4800.0,20.0,874.7,5694.7,87.47
central,10,204,0,optimal,water-express-bundled,cq-guoyuan-port>sh-yangshan-port,water,204.0,1400.0,0.0,0.0,1400.0,479.80000000000007
central,10,204,62.36,optimal,water-express-bundled,cq-guoyuan-port>sh-yangshan-port,water,204.0,1400.0,0.0,29.920328000000005,1429.920328,479.80000000000007
central,10,204,97.49,optimal,water-express-bundled,cq-guoyuan-port>sh-yangshan-port,water,204.0,1400.0,0.0,46.775702,1446.775702,479.80000000000007
central,10,204,500,optimal,water-express-bundled,cq-guoyuan-port>sh-yangshan-port,water,204.0,1400.0,0.0,239.90000000000003,1639.9,479.80000000000007
central,10,204,1000,optimal,water-express-bundled,cq-guoyuan-port>sh-yangshan-port,water,204.0,1400.0,0.0,479.80000000000007,1879.8000000000002,479.80000000000007
central,10,204,3000,optimal,water-express-bundled,cq-guoyuan-port>sh-yangshan-port,water,204.0,1400.0,0.0,1439.4,2839.4,479.80000000000007
central,10,204,6000,optimal,water-express-bundled,cq-guoyuan-port>sh-yangshan-port,water,204.0,1400.0,0.0,2878.8,4278.8,479.80000000000007
central,10,204,6500,optimal,water-express-bundled,cq-guoyuan-port>sh-yangshan-port,water,204.0,1400.0,0.0,3118.7000000000003,4518.700000000001,479.80000000000007
central,10,204,7000,optimal,water-express-bundled,cq-guoyuan-port>sh-yangshan-port,water,204.0,1400.0,0.0,3358.6000000000004,4758.6,479.80000000000007
central,10,204,10000,optimal,rail-road-via-luchaogang,cq-guoyuan-port>sh-luchaogang-rail>sh-yangshan-port,rail+road,64.5,4800.0,20.0,874.7,5694.7,87.47
central,10,216,0,optimal,water-express-bundled,cq-guoyuan-port>sh-yangshan-port,water,204.0,1400.0,0.0,0.0,1400.0,479.80000000000007
central,10,216,62.36,optimal,water-express-bundled,cq-guoyuan-port>sh-yangshan-port,water,204.0,1400.0,0.0,29.920328000000005,1429.920328,479.80000000000007
central,10,216,97.49,optimal,water-express-bundled,cq-guoyuan-port>sh-yangshan-port,water,204.0,1400.0,0.0,46.775702,1446.775702,479.80000000000007
central,10,216,500,optimal,water-express-bundled,cq-guoyuan-port>sh-yangshan-port,water,204.0,1400.0,0.0,239.90000000000003,1639.9,479.80000000000007
central,10,216,1000,optimal,water-express-bundled,cq-guoyuan-port>sh-yangshan-port,water,204.0,1400.0,0.0,479.80000000000007,1879.8000000000002,479.80000000000007
central,10,216,3000,optimal,water-express-bundled,cq-guoyuan-port>sh-yangshan-port,water,204.0,1400.0,0.0,1439.4,2839.4,479.80000000000007
central,10,216,6000,optimal,water-express-bundled,cq-guoyuan-port>sh-yangshan-port,water,204.0,1400.0,0.0,2878.8,4278.8,479.80000000000007
central,10,216,6500,optimal,water-express-bundled,cq-guoyuan-port>sh-yangshan-port,water,204.0,1400.0,0.0,3118.7000000000003,4518.700000000001,479.80000000000007
central,10,216,7000,optimal,water-express-bundled,cq-guoyuan-port>sh-yangshan-port,water,204.0,1400.0,0.0,3358.6000000000004,4758.6,479.80000000000007
central,10,216,10000,optimal,rail-road-via-luchaogang,cq-guoyuan-port>sh-luchaogang-rail>sh-yangshan-port,rail+road,64.5,4800.0,20.0,874.7,5694.7,87.47
central,10,240,0,optimal,water-regular-bundled,cq-guoyuan-port>sh-yangshan-port,water,240.0,1130.0,0.0,0.0,1130.0,479.80000000000007
central,10,240,62.36,optimal,water-regular-bundled,cq-guoyuan-port>sh-yangshan-port,water,240.0,1130.0,0.0,29.920328000000005,1159.920328,479.80000000000007
central,10,240,97.49,optimal,water-regular-bundled,cq-guoyuan-port>sh-yangshan-port,water,240.0,1130.0,0.0,46.775702,1176.775702,479.80000000000007
central,10,240,500,optimal,water-regular-bundled,cq-guoyuan-port>sh-yangshan-port,water,240.0,1130.0,0.0,239.90000000000003,1369.9,479.80000000000007
central,10,240,1000,optimal,water-regular-bundled,cq-guoyuan-port>sh-yangshan-port,water,240.0,1130.0,0.0,479.80000000000007,1609.8000000000002,479.80000000000007
central,10,240,3000,optimal,water-regular-bundled,cq-guoyuan-port>sh-yangshan-port,water,240.0,1130.0,0.0,1439.4,2569.4,479.80000000000007
central,10,240,6000,optimal,water-regular-bundled,cq-guoyuan-port>sh-yangshan-port,water,240.0,1130.0,0.0,2878.8,4008.8,479.80000000000007
central,10,240,6500,optimal,water-regular-bundled,cq-guoyuan-port>sh-yangshan-port,water,240.0,1130.0,0.0,3118.7000000000003,4248.700000000001,479.80000000000007
central,10,240,7000,optimal,water-regular-bundled,cq-guoyuan-port>sh-yangshan-port,water,240.0,1130.0,0.0,3358.6000000000004,4488.6,479.80000000000007
central,10,240,10000,optimal,rail-road-via-luchaogang,cq-guoyuan-port>sh-luchaogang-rail>sh-yangshan-port,rail+road,64.5,4800.0,20.0,874.7,5694.7,87.47
central,10,276,0,optimal,water-regular-bundled,cq-guoyuan-port>sh-yangshan-port,water,240.0,1130.0,0.0,0.0,1130.0,479.80000000000007
central,10,276,62.36,optimal,water-regular-bundled,cq-guoyuan-port>sh-yangshan-port,water,240.0,1130.0,0.0,29.920328000000005,1159.920328,479.80000000000007
central,10,276,97.49,optimal,water-regular-bundled,cq-guoyuan-port>sh-yangshan-port,water,240.0,1130.0,0.0,46.775702,1176.775702,479.80000000000007
central,10,276,500,optimal,water-regular-bundled,cq-guoyuan-port>sh-yangshan-port,water,240.0,1130.0,0.0,239.90000000000003,1369.9,479.80000000000007
central,10,276,1000,optimal,water-regular-bundled,cq-guoyuan-port>sh-yangshan-port,water,240.0,1130.0,0.0,479.80000000000007,1609.8000000000002,479.80000000000007
central,10,276,3000,optimal,water-regular-bundled,cq-guoyuan-port>sh-yangshan-port,water,240.0,1130.0,0.0,1439.4,2569.4,479.80000000000007
central,10,276,6000,optimal,water-regular-bundled,cq-guoyuan-port>sh-yangshan-port,water,240.0,1130.0,0.0,2878.8,4008.8,479.80000000000007
central,10,276,6500,optimal,water-regular-bundled,cq-guoyuan-port>sh-yangshan-port,water,240.0,1130.0,0.0,3118.7000000000003,4248.700000000001,479.80000000000007
central,10,276,7000,optimal,water-regular-bundled,cq-guoyuan-port>sh-yangshan-port,water,240.0,1130.0,0.0,3358.6000000000004,4488.6,479.80000000000007
central,10,276,10000,optimal,rail-road-via-luchaogang,cq-guoyuan-port>sh-luchaogang-rail>sh-yangshan-port,rail+road,64.5,4800.0,20.0,874.7,5694.7,87.47
central,10,360,0,optimal,water-regular-bundled,cq-guoyuan-port>sh-yangshan-port,water,240.0,1130.0,0.0,0.0,1130.0,479.80000000000007
central,10,360,62.36,optimal,water-regular-bundled,cq-guoyuan-port>sh-yangshan-port,water,240.0,1130.0,0.0,29.920328000000005,1159.920328,479.80000000000007
central,10,360,97.49,optimal,water-regular-bundled,cq-guoyuan-port>sh-yangshan-port,water,240.0,1130.0,0.0,46.775702,1176.775702,479.80000000000007
central,10,360,500,optimal,water-regular-bundled,cq-guoyuan-port>sh-yangshan-port,water,240.0,1130.0,0.0,239.90000000000003,1369.9,479.80000000000007
central,10,360,1000,optimal,water-regular-bundled,cq-guoyuan-port>sh-yangshan-port,water,240.0,1130.0,0.0,479.80000000000007,1609.8000000000002,479.80000000000007
central,10,360,3000,optimal,water-regular-bundled,cq-guoyuan-port>sh-yangshan-port,water,240.0,1130.0,0.0,1439.4,2569.4,479.80000000000007
central,10,360,6000,optimal,water-regular-bundled,cq-guoyuan-port>sh-yangshan-port,water,240.0,1130.0,0.0,2878.8,4008.8,479.80000000000007
central,10,360,6500,optimal,water-regular-bundled,cq-guoyuan-port>sh-yangshan-port,water,240.0,1130.0,0.0,3118.7000000000003,4248.700000000001,479.80000000000007
central,10,360,7000,optimal,water-regular-bundled,cq-guoyuan-port>sh-yangshan-port,water,240.0,1130.0,0.0,3358.6000000000004,4488.6,479.80000000000007
central,10,360,10000,optimal,rail-road-via-luchaogang,cq-guoyuan-port>sh-luchaogang-rail>sh-yangshan-port,rail+road,64.5,4800.0,20.0,874.7,5694.7,87.47
central,15,48,0,infeasible,,,,,,,,,
central,15,48,62.36,infeasible,,,,,,,,,
central,15,48,97.49,infeasible,,,,,,,,,
central,15,48,500,infeasible,,,,,,,,,
central,15,48,1000,infeasible,,,,,,,,,
central,15,48,3000,infeasible,,,,,,,,,
central,15,48,6000,infeasible,,,,,,,,,
central,15,48,6500,infeasible,,,,,,,,,
central,15,48,7000,infeasible,,,,,,,,,
central,15,48,10000,infeasible,,,,,,,,,
central,15,55,0,infeasible,,,,,,,,,
central,15,55,62.36,infeasible,,,,,,,,,
central,15,55,97.49,infeasible,,,,,,,,,
central,15,55,500,infeasible,,,,,,,,,
central,15,55,1000,infeasible,,,,,,,,,
central,15,55,3000,infeasible,,,,,,,,,
central,15,55,6000,infeasible,,,,,,,,,
central,15,55,6500,infeasible,,,,,,,,,
central,15,55,7000,infeasible,,,,,,,,,
central,15,55,10000,infeasible,,,,,,,,,
central,15,60,0,infeasible,,,,,,,,,
central,15,60,62.36,infeasible,,,,,,,,,
central,15,60,97.49,infeasible,,,,,,,,,
central,15,60,500,infeasible,,,,,,,,,
central,15,60,1000,infeasible,,,,,,,,,
central,15,60,3000,infeasible,,,,,,,,,
central,15,60,6000,infeasible,,,,,,,,,
central,15,60,6500,infeasible,,,,,,,,,
central,15,60,7000,infeasible,,,,,,,,,
central,15,60,10000,infeasible,,,,,,,,,
central,15,66,0,optimal,rail-road-via-luchaogang,cq-guoyuan-port>sh-luchaogang-rail>sh-yangshan-port,rail+road,64.75,4800.0,30.0,0.0,4830.0,131.20499999999998
central,15,66,62.36,optimal,rail-road-via-luchaogang,cq-guoyuan-port>sh-luchaogang-rail>sh-yangshan-port,rail+road,64.75,4800.0,30.0,8.181943799999999,4838.1819438,131.20499999999998
central,15,66,97.49,optimal,rail-road-via-luchaogang,cq-guoyuan-port>sh-luchaogang-rail>sh-yangshan-port,rail+road,64.75,4800.0,30.0,12.791175449999997,4842.79117545,131.20499999999998
central,15,66,500,optimal,rail-road-via-luchaogang,cq-guoyuan-port>sh-luchaogang-rail>sh-yangshan-port,rail+road,64.75,4800.0,30.0,65.60249999999999,4895.6025,131.20499999999998
central,15,66,1000,optimal,rail-road-via-luchaogang,cq-guoyuan-port>sh-luchaogang-rail>sh-yangshan-port,rail+road,64.75,4800.0,30.0,131.20499999999998,4961.205,131.20499999999998
central,15,66,3000,optimal,rail-road-via-luchaogang,cq-guoyuan-port>sh-luchaogang-rail>sh-yangshan-port,rail+road,64.75,4800.0,30.0,393.61499999999995,5223.615,131.20499999999998
central,15,66,6000,optimal,rail-road-via-luchaogang,cq-guoyuan-port>sh-luchaogang-rail>sh-yangshan-port,rail+road,64.75,4800.0,30.0,787.2299999999999,5617.23,131.20499999999998
central,15,66,6500,optimal,rail-road-via-luchaogang,cq-guoyuan-port>sh-luchaogang-rail>sh-yangshan-port,rail+road,64.75,4800.0,30.0,852.8324999999999,5682.8324999999995,131.20499999999998
central,15,66,7000,optimal,rail-road-via-luchaogang,cq-guoyuan-port>sh-luchaogang-rail>sh-yangshan-port,rail+road,64.75,4800.0,30.0,918.435,5748.4349999999995,131.20499999999998
central,15,66,10000,optimal,rail-road-via-luchaogang,cq-guoyuan-port>sh-luchaogang-rail>sh-yangshan-port,rail+road,64.75,4800.0,30.0,1312.0499999999997,6142.049999999999,131.20499999999998
central,15,72,0,optimal,rail-road-via-luchaogang,cq-guoyuan-port>sh-luchaogang-rail>sh-yangshan-port,rail+road,64.75,4800.0,30.0,0.0,4830.0,131.20499999999998
central,15,72,62.36,optimal,rail-road-via-luchaogang,cq-guoyuan-port>sh-luchaogang-rail>sh-yangshan-port,rail+road,64.75,4800.0,30.0,8.181943799999999,4838.1819438,131.20499999999998
central,15,72,97.49,optimal,rail-road-via-luchaogang,cq-guoyuan-port>sh-luchaogang-rail>sh-yangshan-port,rail+road,64.75,4800.0,30.0,12.791175449999997,4842.79117545,131.20499999999998
central,15,72,500,optimal,rail-road-via-luchaogang,cq-guoyuan-port>sh-luchaogang-rail>sh-yangshan-port,rail+road,64.75,4800.0,30.0,65.60249999999999,4895.6025,131.20499999999998
central,15,72,1000,optimal,rail-road-via-luchaogang,cq-guoyuan-port>sh-luchaogang-rail>sh-yangshan-port,rail+road,64.75,4800.0,30.0,131.20499999999998,4961.205,131.20499999999998
central,15,72,3000,optimal,rail-road-via-luchaogang,cq-guoyuan-port>sh-luchaogang-rail>sh-yangshan-port,rail+road,64.75,4800.0,30.0,393.61499999999995,5223.615,131.20499999999998
central,15,72,6000,optimal,rail-road-via-luchaogang,cq-guoyuan-port>sh-luchaogang-rail>sh-yangshan-port,rail+road,64.75,4800.0,30.0,787.2299999999999,5617.23,131.20499999999998
central,15,72,6500,optimal,rail-road-via-luchaogang,cq-guoyuan-port>sh-luchaogang-rail>sh-yangshan-port,rail+road,64.75,4800.0,30.0,852.8324999999999,5682.8324999999995,131.20499999999998
central,15,72,7000,optimal,rail-road-via-luchaogang,cq-guoyuan-port>sh-luchaogang-rail>sh-yangshan-port,rail+road,64.75,4800.0,30.0,918.435,5748.4349999999995,131.20499999999998
central,15,72,10000,optimal,rail-road-via-luchaogang,cq-guoyuan-port>sh-luchaogang-rail>sh-yangshan-port,rail+road,64.75,4800.0,30.0,1312.0499999999997,6142.049999999999,131.20499999999998
central,15,96,0,optimal,rail-road-via-luchaogang,cq-guoyuan-port>sh-luchaogang-rail>sh-yangshan-port,rail+road,64.75,4800.0,30.0,0.0,4830.0,131.20499999999998
central,15,96,62.36,optimal,rail-road-via-luchaogang,cq-guoyuan-port>sh-luchaogang-rail>sh-yangshan-port,rail+road,64.75,4800.0,30.0,8.181943799999999,4838.1819438,131.20499999999998
central,15,96,97.49,optimal,rail-road-via-luchaogang,cq-guoyuan-port>sh-luchaogang-rail>sh-yangshan-port,rail+road,64.75,4800.0,30.0,12.791175449999997,4842.79117545,131.20499999999998
central,15,96,500,optimal,rail-road-via-luchaogang,cq-guoyuan-port>sh-luchaogang-rail>sh-yangshan-port,rail+road,64.75,4800.0,30.0,65.60249999999999,4895.6025,131.20499999999998
central,15,96,1000,optimal,rail-road-via-luchaogang,cq-guoyuan-port>sh-luchaogang-rail>sh-yangshan-port,rail+road,64.75,4800.0,30.0,131.20499999999998,4961.205,131.20499999999998
central,15,96,3000,optimal,rail-road-via-luchaogang,cq-guoyuan-port>sh-luchaogang-rail>sh-yangshan-port,rail+road,64.75,4800.0,30.0,393.61499999999995,5223.615,131.20499999999998
central,15,96,6000,optimal,rail-road-via-luchaogang,cq-guoyuan-port>sh-luchaogang-rail>sh-yangshan-port,rail+road,64.75,4800.0,30.0,787.2299999999999,5617.23,131.20499999999998
central,15,96,6500,optimal,rail-road-via-luchaogang,cq-guoyuan-port>sh-luchaogang-rail>sh-yangshan-port,rail+road,64.75,4800.0,30.0,852.8324999999999,5682.8324999999995,131.20499999999998
central,15,96,7000,optimal,rail-road-via-luchaogang,cq-guoyuan-port>sh-luchaogang-rail>sh-yangshan-port,rail+road,64.75,4800.0,30.0,918.435,5748.4349999999995,131.20499999999998
central,15,96,10000,optimal,rail-road-via-luchaogang,cq-guoyuan-port>sh-luchaogang-rail>sh-yangshan-port,rail+road,64.75,4800.0,30.0,1312.0499999999997,6142.049999999999,131.20499999999998
central,15,120,0,optimal,rail-road-via-luchaogang,cq-guoyuan-port>sh-luchaogang-rail>sh-yangshan-port,rail+road,64.75,4800.0,30.0,0.0,4830.0,131.20499999999998
central,15,120,62.36,optimal,rail-road-via-luchaogang,cq-guoyuan-port>sh-luchaogang-rail>sh-yangshan-port,rail+road,64.75,4800.0,30.0,8.181943799999999,4838.1819438,131.20499999999998
central,15,120,97.49,optimal,rail-road-via-luchaogang,cq-guoyuan-port>sh-luchaogang-rail>sh-yangshan-port,rail+road,64.75,4800.0,30.0,12.791175449999997,4842.79117545,131.20499999999998
central,15,120,500,optimal,rail-road-via-luchaogang,cq-guoyuan-port>sh-luchaogang-rail>sh-yangshan-port,rail+road,64.75,4800.0,30.0,65.60249999999999,4895.6025,131.20499999999998
central,15,120,1000,optimal,rail-road-via-luchaogang,cq-guoyuan-port>sh-luchaogang-rail>sh-yangshan-port,rail+road,64.75,4800.0,30.0,131.20499999999998,4961.205,131.20499999999998
central,15,120,3000,optimal,rail-road-via-luchaogang,cq-guoyuan-port>sh-luchaogang-rail>sh-yangshan-port,rail+road,64.75,4800.0,30.0,393.61499999999995,5223.615,131.20499999999998
central,15,120,6000,optimal,rail-road-via-luchaogang,cq-guoyuan-port>sh-luchaogang-rail>sh-yangshan-port,rail+road,64.75,4800.0,30.0,787.2299999999999,5617.23,131.20499999999998
central,15,120,6500,optimal,rail-road-via-luchaogang,cq-guoyuan-port>sh-luchaogang-rail>sh-yangshan-port,rail+road,64.75,4800.0,30.0,852.8324999999999,5682.8324999999995,131.20499999999998
central,15,120,7000,optimal,rail-road-via-luchaogang,cq-guoyuan-port>sh-luchaogang-rail>sh-yangshan-port,rail+road,64.75,4800.0,30.0,918.435,5748.4349999999995,131.20499999999998
central,15,120,10000,optimal,rail-road-via-luchaogang,cq-guoyuan-port>sh-luchaogang-rail>sh-yangshan-port,rail+road,64.75,4800.0,30.0,1312.0499999999997,6142.049999999999,131.20499999999998
central,15,168,0,optimal,rail-road-via-luchaogang,cq-guoyuan-port>sh-luchaogang-rail>sh-yangshan-port,rail+road,64.75,4800.0,30.0,0.0,4830.0,131.20499999999998
central,15,168,62.36,optimal,rail-road-via-luchaogang,cq-guoyuan-port>sh-luchaogang-rail>sh-yangshan-port,rail+road,64.75,4800.0,30.0,8.181943799999999,4838.1819438,131.20499999999998
central,15,168,97.49,optimal,rail-road-via-luchaogang,cq-guoyuan-port>sh-luchaogang-rail>sh-yangshan-port,rail+road,64.75,4800.0,30.0,12.791175449999997,4842.79117545,131.20499999999998
central,15,168,500,optimal,rail-road-via-luchaogang,cq-guoyuan-port>sh-luchaogang-rail>sh-yangshan-port,rail+road,64.75,4800.0,30.0,65.60249999999999,4895.6025,131.20499999999998
central,15,168,1000,optimal,rail-road-via-luchaogang,cq-guoyuan-port>sh-luchaogang-rail>sh-yangshan-port,rail+road,64.75,4800.0,30.0,131.20499999999998,4961.205,131.20499999999998
central,15,168,3000,optimal,rail-road-via-luchaogang,cq-guoyuan-port>sh-luchaogang-rail>sh-yangshan-port,rail+road,64.75,4800.0,30.0,393.61499999999995,5223.615,131.20499999999998
central,15,168,6000,optimal,rail-road-via-luchaogang,cq-guoyuan-port>sh-luchaogang-rail>sh-yangshan-port,rail+road,64.75,4800.0,30.0,787.2299999999999,5617.23,131.20499999999998
central,15,168,6500,optimal,rail-road-via-luchaogang,cq-guoyuan-port>sh-luchaogang-rail>sh-yangshan-port,rail+road,64.75,4800.0,30.0,852.8324999999999,5682.8324999999995,131.20499999999998
central,15,168,7000,optimal,rail-road-via-luchaogang,cq-guoyuan-port>sh-luchaogang-rail>sh-yangshan-port,rail+road,64.75,4800.0,30.0,918.435,5748.4349999999995,131.20499999999998
central,15,168,10000,optimal,rail-road-via-luchaogang,cq-guoyuan-port>sh-luchaogang-rail>sh-yangshan-port,rail+road,64.75,4800.0,30.0,1312.0499999999997,6142.049999999999,131.20499999999998
central,15,192,0,optimal,rail-road-via-luchaogang,cq-guoyuan-port>sh-luchaogang-rail>sh-yangshan-port,rail+road,64.75,4800.0,30.0,0.0,4830.0,131.20499999999998
central,15,192,62.36,optimal,rail-road-via-luchaogang,cq-guoyuan-port>sh-luchaogang-rail>sh-yangshan-port,rail+road,64.75,4800.0,30.0,8.181943799999999,4838.1819438,131.20499999999998
central,15,192,97.49,optimal,rail-road-via-luchaogang,cq-guoyuan-port>sh-luchaogang-rail>sh-yangshan-port,rail+road,64.75,4800.0,30.0,12.791175449999997,4842.79117545,131.20499999999998
central,15,192,500,optimal,rail-road-via-luchaogang,cq-guoyuan-port>sh-luchaogang-rail>sh-yangshan-port,rail+road,64.75,4800.0,30.0,65.60249999999999,4895.6025,131.20499999999998
central,15,192,1000,optimal,rail-road-via-luchaogang,cq-guoyuan-port>sh-luchaogang-rail>sh-yangshan-port,rail+road,64.75,4800.0,30.0,131.20499999999998,4961.205,131.20499999999998
central,15,192,3000,optimal,rail-road-via-luchaogang,cq-guoyuan-port>sh-luchaogang-rail>sh-yangshan-port,rail+road,64.75,4800.0,30.0,393.61499999999995,5223.615,131.20499999999998
central,15,192,6000,optimal,rail-road-via-luchaogang,cq-guoyuan-port>sh-luchaogang-rail>sh-yangshan-port,rail+road,64.75,4800.0,30.0,787.2299999999999,5617.23,131.20499999999998
central,15,192,6500,optimal,rail-road-via-luchaogang,cq-guoyuan-port>sh-luchaogang-rail>sh-yangshan-port,rail+road,64.75,4800.0,30.0,852.8324999999999,5682.8324999999995,131.20499999999998
central,15,192,7000,optimal,rail-road-via-luchaogang,cq-guoyuan-port>sh-luchaogang-rail>sh-yangshan-port,rail+road,64.75,4800.0,30.0,918.435,5748.4349999999995,131.20499999999998
central,15,192,10000,optimal,rail-road-via-luchaogang,cq-guoyuan-port>sh-luchaogang-rail>sh-yangshan-port,rail+road,64.75,4800.0,30.0,1312.0499999999997,6142.049999999999,131.20499999999998
central,15,204,0,optimal,water-express-bundled,cq-guoyuan-port>sh-yangshan-port,water,204.0,1400.0,0.0,0.0,1400.0,719.7
central,15,204,62.36,optimal,water-express-bundled,cq-guoyuan-port>sh-yangshan-port,water,204.0,1400.0,0.0,44.880492000000004,1444.880492,719.7
central,15,204,97.49,optimal,water-express-bundled,cq-guoyuan-port>sh-yangshan-port,water,204.0,1400.0,0.0,70.163553,1470.163553,719.7
central,15,204,500,optimal,water-express-bundled,cq-guoyuan-port>sh-yangshan-port,water,204.0,1400.0,0.0,359.85,1759.85,719.7
central,15,204,1000,optimal,water-express-bundled,cq-guoyuan-port>sh-yangshan-port,water,204.0,1400.0,0.0,719.7,2119.7,719.7
central,15,204,3000,optimal,water-express-bundled,cq-guoyuan-port>sh-yangshan-port,water,204.0,1400.0,0.0,2159.1000000000004,3559.1000000000004,719.7
central,15,204,6000,optimal,rail-road-via-luchaogang,cq-guoyuan-port>sh-luchaogang-rail>sh-yangshan-port,rail+road,64.75,4800.0,30.0,787.2299999999999,5617.23,131.20499999999998
central,15,204,6500,optimal,rail-road-via-luchaogang,cq-guoyuan-port>sh-luchaogang-rail>sh-yangshan-port,rail+road,64.75,4800.0,30.0,852.8324999999999,5682.8324999999995,131.20499999999998
central,15,204,7000,optimal,rail-road-via-luchaogang,cq-guoyuan-port>sh-luchaogang-rail>sh-yangshan-port,rail+road,64.75,4800.0,30.0,918.435,5748.4349999999995,131.20499999999998
central,15,204,10000,optimal,rail-road-via-luchaogang,cq-guoyuan-port>sh-luchaogang-rail>sh-yangshan-port,rail+road,64.75,4800.0,30.0,1312.0499999999997,6142.049999999999,131.20499999999998
central,15,216,0,optimal,water-express-bundled,cq-guoyuan-port>sh-yangshan-port,water,204.0,1400.0,0.0,0.0,1400.0,719.7
central,15,216,62.36,optimal,water-express-bundled,cq-guoyuan-port>sh-yangshan-port,water,204.0,1400.0,0.0,44.880492000000004,1444.880492,719.7
central,15,216,97.49,optimal,water-express-bundled,cq-guoyuan-port>sh-yangshan-port,water,204.0,1400.0,0.0,70.163553,1470.163553,719.7
central,15,216,500,optimal,water-express-bundled,cq-guoyuan-port>sh-yangshan-port,water,204.0,1400.0,0.0,359.85,1759.85,719.7
central,15,216,1000,optimal,water-express-bundled,cq-guoyuan-port>sh-yangshan-port,water,204.0,1400.0,0.0,719.7,2119.7,719.7
central,15,216,3000,optimal,water-express-bundled,cq-guoyuan-port>sh-yangshan-port,water,204.0,1400.0,0.0,2159.1000000000004,3559.1000000000004,719.7
central,15,216,6000,optimal,rail-road-via-luchaogang,cq-guoyuan-port>sh-luchaogang-rail>sh-yangshan-port,rail+road,64.75,4800.0,30.0,787.2299999999999,5617.23,131.20499999999998
central,15,216,6500,optimal,rail-road-via-luchaogang,cq-guoyuan-port>sh-luchaogang-rail>sh-yangshan-port,rail+road,64.75,4800.0,30.0,852.8324999999999,5682.8324999999995,131.20499999999998
central,15,216,7000,optimal,rail-road-via-luchaogang,cq-guoyuan-port>sh-luchaogang-rail>sh-yangshan-port,rail+road,64.75,4800.0,30.0,918.435,5748.4349999999995,131.20499999999998
central,15,216,10000,optimal,rail-road-via-luchaogang,cq-guoyuan-port>sh-luchaogang-rail>sh-yangshan-port,rail+road,64.75,4800.0,30.0,1312.0499999999997,6142.049999999999,131.20499999999998
central,15,240,0,optimal,water-regular-bundled,cq-guoyuan-port>sh-yangshan-port,water,240.0,1130.0,0.0,0.0,1130.0,719.7
central,15,240,62.36,optimal,water-regular-bundled,cq-guoyuan-port>sh-yangshan-port,water,240.0,1130.0,0.0,44.880492000000004,1174.880492,719.7
central,15,240,97.49,optimal,water-regular-bundled,cq-guoyuan-port>sh-yangshan-port,water,240.0,1130.0,0.0,70.163553,1200.163553,719.7
central,15,240,500,optimal,water-regular-bundled,cq-guoyuan-port>sh-yangshan-port,water,240.0,1130.0,0.0,359.85,1489.85,719.7
central,15,240,1000,optimal,water-regular-bundled,cq-guoyuan-port>sh-yangshan-port,water,240.0,1130.0,0.0,719.7,1849.7,719.7
central,15,240,3000,optimal,water-regular-bundled,cq-guoyuan-port>sh-yangshan-port,water,240.0,1130.0,0.0,2159.1000000000004,3289.1000000000004,719.7
central,15,240,6000,optimal,water-regular-bundled,cq-guoyuan-port>sh-yangshan-port,water,240.0,1130.0,0.0,4318.200000000001,5448.200000000001,719.7
central,15,240,6500,optimal,rail-road-via-luchaogang,cq-guoyuan-port>sh-luchaogang-rail>sh-yangshan-port,rail+road,64.75,4800.0,30.0,852.8324999999999,5682.8324999999995,131.20499999999998
central,15,240,7000,optimal,rail-road-via-luchaogang,cq-guoyuan-port>sh-luchaogang-rail>sh-yangshan-port,rail+road,64.75,4800.0,30.0,918.435,5748.4349999999995,131.20499999999998
central,15,240,10000,optimal,rail-road-via-luchaogang,cq-guoyuan-port>sh-luchaogang-rail>sh-yangshan-port,rail+road,64.75,4800.0,30.0,1312.0499999999997,6142.049999999999,131.20499999999998
central,15,276,0,optimal,water-regular-bundled,cq-guoyuan-port>sh-yangshan-port,water,240.0,1130.0,0.0,0.0,1130.0,719.7
central,15,276,62.36,optimal,water-regular-bundled,cq-guoyuan-port>sh-yangshan-port,water,240.0,1130.0,0.0,44.880492000000004,1174.880492,719.7
central,15,276,97.49,optimal,water-regular-bundled,cq-guoyuan-port>sh-yangshan-port,water,240.0,1130.0,0.0,70.163553,1200.163553,719.7
central,15,276,500,optimal,water-regular-bundled,cq-guoyuan-port>sh-yangshan-port,water,240.0,1130.0,0.0,359.85,1489.85,719.7
central,15,276,1000,optimal,water-regular-bundled,cq-guoyuan-port>sh-yangshan-port,water,240.0,1130.0,0.0,719.7,1849.7,719.7
central,15,276,3000,optimal,water-regular-bundled,cq-guoyuan-port>sh-yangshan-port,water,240.0,1130.0,0.0,2159.1000000000004,3289.1000000000004,719.7
central,15,276,6000,optimal,water-regular-bundled,cq-guoyuan-port>sh-yangshan-port,water,240.0,1130.0,0.0,4318.200000000001,5448.200000000001,719.7
central,15,276,6500,optimal,rail-road-via-luchaogang,cq-guoyuan-port>sh-luchaogang-rail>sh-yangshan-port,rail+road,64.75,4800.0,30.0,852.8324999999999,5682.8324999999995,131.20499999999998
central,15,276,7000,optimal,rail-road-via-luchaogang,cq-guoyuan-port>sh-luchaogang-rail>sh-yangshan-port,rail+road,64.75,4800.0,30.0,918.435,5748.4349999999995,131.20499999999998
central,15,276,10000,optimal,rail-road-via-luchaogang,cq-guoyuan-port>sh-luchaogang-rail>sh-yangshan-port,rail+road,64.75,4800.0,30.0,1312.0499999999997,6142.049999999999,131.20499999999998
central,15,360,0,optimal,water-regular-bundled,cq-guoyuan-port>sh-yangshan-port,water,240.0,1130.0,0.0,0.0,1130.0,719.7
central,15,360,62.36,optimal,water-regular-bundled,cq-guoyuan-port>sh-yangshan-port,water,240.0,1130.0,0.0,44.880492000000004,1174.880492,719.7
central,15,360,97.49,optimal,water-regular-bundled,cq-guoyuan-port>sh-yangshan-port,water,240.0,1130.0,0.0,70.163553,1200.163553,719.7
central,15,360,500,optimal,water-regular-bundled,cq-guoyuan-port>sh-yangshan-port,water,240.0,1130.0,0.0,359.85,1489.85,719.7
central,15,360,1000,optimal,water-regular-bundled,cq-guoyuan-port>sh-yangshan-port,water,240.0,1130.0,0.0,719.7,1849.7,719.7
central,15,360,3000,optimal,water-regular-bundled,cq-guoyuan-port>sh-yangshan-port,water,240.0,1130.0,0.0,2159.1000000000004,3289.1000000000004,719.7
central,15,360,6000,optimal,water-regular-bundled,cq-guoyuan-port>sh-yangshan-port,water,240.0,1130.0,0.0,4318.200000000001,5448.200000000001,719.7
central,15,360,6500,optimal,rail-road-via-luchaogang,cq-guoyuan-port>sh-luchaogang-rail>sh-yangshan-port,rail+road,64.75,4800.0,30.0,852.8324999999999,5682.8324999999995,131.20499999999998
central,15,360,7000,optimal,rail-road-via-luchaogang,cq-guoyuan-port>sh-luchaogang-rail>sh-yangshan-port,rail+road,64.75,4800.0,30.0,918.435,5748.4349999999995,131.20499999999998
central,15,360,10000,optimal,rail-road-via-luchaogang,cq-guoyuan-port>sh-luchaogang-rail>sh-yangshan-port,rail+road,64.75,4800.0,30.0,1312.0499999999997,6142.049999999999,131.20499999999998
central,20,48,0,infeasible,,,,,,,,,
central,20,48,62.36,infeasible,,,,,,,,,
central,20,48,97.49,infeasible,,,,,,,,,
central,20,48,500,infeasible,,,,,,,,,
central,20,48,1000,infeasible,,,,,,,,,
central,20,48,3000,infeasible,,,,,,,,,
central,20,48,6000,infeasible,,,,,,,,,
central,20,48,6500,infeasible,,,,,,,,,
central,20,48,7000,infeasible,,,,,,,,,
central,20,48,10000,infeasible,,,,,,,,,
central,20,55,0,infeasible,,,,,,,,,
central,20,55,62.36,infeasible,,,,,,,,,
central,20,55,97.49,infeasible,,,,,,,,,
central,20,55,500,infeasible,,,,,,,,,
central,20,55,1000,infeasible,,,,,,,,,
central,20,55,3000,infeasible,,,,,,,,,
central,20,55,6000,infeasible,,,,,,,,,
central,20,55,6500,infeasible,,,,,,,,,
central,20,55,7000,infeasible,,,,,,,,,
central,20,55,10000,infeasible,,,,,,,,,
central,20,60,0,infeasible,,,,,,,,,
central,20,60,62.36,infeasible,,,,,,,,,
central,20,60,97.49,infeasible,,,,,,,,,
central,20,60,500,infeasible,,,,,,,,,
central,20,60,1000,infeasible,,,,,,,,,
central,20,60,3000,infeasible,,,,,,,,,
central,20,60,6000,infeasible,,,,,,,,,
central,20,60,6500,infeasible,,,,,,,,,
central,20,60,7000,infeasible,,,,,,,,,
central,20,60,10000,infeasible,,,,,,,,,
central,20,66,0,optimal,rail-road-via-luchaogang,cq-guoyuan-port>sh-luchaogang-rail>sh-yangshan-port,rail+road,65.0,4800.0,40.0,0.0,4840.0,174.94
central,20,66,62.36,optimal,rail-road-via-luchaogang,cq-guoyuan-port>sh-luchaogang-rail>sh-yangshan-port,rail+road,65.0,4800.0,40.0,10.909258399999999,4850.9092584,174.94
central,20,66,97.49,optimal,rail-road-via-luchaogang,cq-guoyuan-port>sh-luchaogang-rail>sh-yangshan-port,rail+road,65.0,4800.0,40.0,17.0549006,4857.0549006,174.94
central,20,66,500,optimal,rail-road-via-luchaogang,cq-guoyuan-port>sh-luchaogang-rail>sh-yangshan-port,rail+road,65.0,4800.0,40.0,87.47,4927.47,174.94
central,20,66,1000,optimal,rail-road-via-luchaogang,cq-guoyuan-port>sh-luchaogang-rail>sh-yangshan-port,rail+road,65.0,4800.0,40.0,174.94,5014.94,174.94
central,20,66,3000,optimal,rail-road-via-luchaogang,cq-guoyuan-port>sh-luchaogang-rail>sh-yangshan-port,rail+road,65.0,4800.0,40.0,524.8199999999999,5364.82,174.94
central,20,66,6000,optimal,rail-road-via-luchaogang,cq-guoyuan-port>sh-luchaogang-rail>sh-yangshan-port,rail+road,65.0,4800.0,40.0,1049.6399999999999,5889.639999999999,174.94
central,20,66,6500,optimal,rail-road-via-luchaogang,cq-guoyuan-port>sh-luchaogang-rail>sh-yangshan-port,rail+road,65.0,4800.0,40.0,1137.11,5977.11,174.94
central,20,66,7000,optimal,rail-road-via-luchaogang,cq-guoyuan-port>sh-luchaogang-rail>sh-yangshan-port,rail+road,65.0,4800.0,40.0,1224.58,6064.58,174.94
central,20,66,10000,optimal,rail-road-via-luchaogang,cq-guoyuan-port>sh-luchaogang-rail>sh-yangshan-port,rail+road,65.0,4800.0,40.0,1749.4,6589.4,174.94
central,20,72,0,optimal,rail-road-via-luchaogang,cq-guoyuan-port>sh-luchaogang-rail>sh-yangshan-port,rail+road,65.0,4800.0,40.0,0.0,4840.0,174.94
central,20,72,62.36,optimal,rail-road-via-luchaogang,cq-guoyuan-port>sh-luchaogang-rail>sh-yangshan-port,rail+road,65.0,4800.0,40.0,10.909258399999999,4850.9092584,174.94
central,20,72,97.49,optimal,rail-road-via-luchaogang,cq-guoyuan-port>sh-luchaogang-rail>sh-yangshan-port,rail+road,65.0,4800.0,40.0,17.0549006,4857.0549006,174.94
central,20,72,500,optimal,rail-road-via-luchaogang,cq-guoyuan-port>sh-luchaogang-rail>sh-yangshan-port,rail+road,65.0,4800.0,40.0,87.47,4927.47,174.94
central,20,72,1000,optimal,rail-road-via-luchaogang,cq-guoyuan-port>sh-luchaogang-rail>sh-yangshan-port,rail+road,65.0,4800.0,40.0,174.94,5014.94,174.94
central,20,72,3000,optimal,rail-road-via-luchaogang,cq-guoyuan-port>sh-luchaogang-rail>sh-yangshan-port,rail+road,65.0,4800.0,40.0,524.8199999999999,5364.82,174.94
central,20,72,6000,optimal,rail-road-via-luchaogang,cq-guoyuan-port>sh-luchaogang-rail>sh-yangshan-port,rail+road,65.0,4800.0,40.0,1049.6399999999999,5889.639999999999,174.94
central,20,72,6500,optimal,rail-road-via-luchaogang,cq-guoyuan-port>sh-luchaogang-rail>sh-yangshan-port,rail+road,65.0,4800.0,40.0,1137.11,5977.11,174.94
central,20,72,7000,optimal,rail-road-via-luchaogang,cq-guoyuan-port>sh-luchaogang-rail>sh-yangshan-port,rail+road,65.0,4800.0,40.0,1224.58,6064.58,174.94
central,20,72,10000,optimal,rail-road-via-luchaogang,cq-guoyuan-port>sh-luchaogang-rail>sh-yangshan-port,rail+road,65.0,4800.0,40.0,1749.4,6589.4,174.94
central,20,96,0,optimal,rail-road-via-luchaogang,cq-guoyuan-port>sh-luchaogang-rail>sh-yangshan-port,rail+road,65.0,4800.0,40.0,0.0,4840.0,174.94
central,20,96,62.36,optimal,rail-road-via-luchaogang,cq-guoyuan-port>sh-luchaogang-rail>sh-yangshan-port,rail+road,65.0,4800.0,40.0,10.909258399999999,4850.9092584,174.94
central,20,96,97.49,optimal,rail-road-via-luchaogang,cq-guoyuan-port>sh-luchaogang-rail>sh-yangshan-port,rail+road,65.0,4800.0,40.0,17.0549006,4857.0549006,174.94
central,20,96,500,optimal,rail-road-via-luchaogang,cq-guoyuan-port>sh-luchaogang-rail>sh-yangshan-port,rail+road,65.0,4800.0,40.0,87.47,4927.47,174.94
central,20,96,1000,optimal,rail-road-via-luchaogang,cq-guoyuan-port>sh-luchaogang-rail>sh-yangshan-port,rail+road,65.0,4800.0,40.0,174.94,5014.94,174.94
central,20,96,3000,optimal,rail-road-via-luchaogang,cq-guoyuan-port>sh-luchaogang-rail>sh-yangshan-port,rail+road,65.0,4800.0,40.0,524.8199999999999,5364.82,174.94
central,20,96,6000,optimal,rail-road-via-luchaogang,cq-guoyuan-port>sh-luchaogang-rail>sh-yangshan-port,rail+road,65.0,4800.0,40.0,1049.6399999999999,5889.639999999999,174.94
central,20,96,6500,optimal,rail-road-via-luchaogang,cq-guoyuan-port>sh-luchaogang-rail>sh-yangshan-port,rail+road,65.0,4800.0,40.0,1137.11,5977.11,174.94
central,20,96,7000,optimal,rail-road-via-luchaogang,cq-guoyuan-port>sh-luchaogang-rail>sh-yangshan-port,rail+road,65.0,4800.0,40.0,1224.58,6064.58,174.94
central,20,96,10000,optimal,rail-road-via-luchaogang,cq-guoyuan-port>sh-luchaogang-rail>sh-yangshan-port,rail+road,65.0,4800.0,40.0,1749.4,6589.4,174.94
central,20,120,0,optimal,rail-road-via-luchaogang,cq-guoyuan-port>sh-luchaogang-rail>sh-yangshan-port,rail+road,65.0,4800.0,40.0,0.0,4840.0,174.94
central,20,120,62.36,optimal,rail-road-via-luchaogang,cq-guoyuan-port>sh-luchaogang-rail>sh-yangshan-port,rail+road,65.0,4800.0,40.0,10.909258399999999,4850.9092584,174.94
central,20,120,97.49,optimal,rail-road-via-luchaogang,cq-guoyuan-port>sh-luchaogang-rail>sh-yangshan-port,rail+road,65.0,4800.0,40.0,17.0549006,4857.0549006,174.94
central,20,120,500,optimal,rail-road-via-luchaogang,cq-guoyuan-port>sh-luchaogang-rail>sh-yangshan-port,rail+road,65.0,4800.0,40.0,87.47,4927.47,174.94
central,20,120,1000,optimal,rail-road-via-luchaogang,cq-guoyuan-port>sh-luchaogang-rail>sh-yangshan-port,rail+road,65.0,4800.0,40.0,174.94,5014.94,174.94
central,20,120,3000,optimal,rail-road-via-luchaogang,cq-guoyuan-port>sh-luchaogang-rail>sh-yangshan-port,rail+road,65.0,4800.0,40.0,524.8199999999999,5364.82,174.94
central,20,120,6000,optimal,rail-road-via-luchaogang,cq-guoyuan-port>sh-luchaogang-rail>sh-yangshan-port,rail+road,65.0,4800.0,40.0,1049.6399999999999,5889.639999999999,174.94
central,20,120,6500,optimal,rail-road-via-luchaogang,cq-guoyuan-port>sh-luchaogang-rail>sh-yangshan-port,rail+road,65.0,4800.0,40.0,1137.11,5977.11,174.94
central,20,120,7000,optimal,rail-road-via-luchaogang,cq-guoyuan-port>sh-luchaogang-rail>sh-yangshan-port,rail+road,65.0,4800.0,40.0,1224.58,6064.58,174.94
central,20,120,10000,optimal,rail-road-via-luchaogang,cq-guoyuan-port>sh-luchaogang-rail>sh-yangshan-port,rail+road,65.0,4800.0,40.0,1749.4,6589.4,174.94
central,20,168,0,optimal,rail-road-via-luchaogang,cq-guoyuan-port>sh-luchaogang-rail>sh-yangshan-port,rail+road,65.0,4800.0,40.0,0.0,4840.0,174.94
central,20,168,62.36,optimal,rail-road-via-luchaogang,cq-guoyuan-port>sh-luchaogang-rail>sh-yangshan-port,rail+road,65.0,4800.0,40.0,10.909258399999999,4850.9092584,174.94
central,20,168,97.49,optimal,rail-road-via-luchaogang,cq-guoyuan-port>sh-luchaogang-rail>sh-yangshan-port,rail+road,65.0,4800.0,40.0,17.0549006,4857.0549006,174.94
central,20,168,500,optimal,rail-road-via-luchaogang,cq-guoyuan-port>sh-luchaogang-rail>sh-yangshan-port,rail+road,65.0,4800.0,40.0,87.47,4927.47,174.94
central,20,168,1000,optimal,rail-road-via-luchaogang,cq-guoyuan-port>sh-luchaogang-rail>sh-yangshan-port,rail+road,65.0,4800.0,40.0,174.94,5014.94,174.94
central,20,168,3000,optimal,rail-road-via-luchaogang,cq-guoyuan-port>sh-luchaogang-rail>sh-yangshan-port,rail+road,65.0,4800.0,40.0,524.8199999999999,5364.82,174.94
central,20,168,6000,optimal,rail-road-via-luchaogang,cq-guoyuan-port>sh-luchaogang-rail>sh-yangshan-port,rail+road,65.0,4800.0,40.0,1049.6399999999999,5889.639999999999,174.94
central,20,168,6500,optimal,rail-road-via-luchaogang,cq-guoyuan-port>sh-luchaogang-rail>sh-yangshan-port,rail+road,65.0,4800.0,40.0,1137.11,5977.11,174.94
central,20,168,7000,optimal,rail-road-via-luchaogang,cq-guoyuan-port>sh-luchaogang-rail>sh-yangshan-port,rail+road,65.0,4800.0,40.0,1224.58,6064.58,174.94
central,20,168,10000,optimal,rail-road-via-luchaogang,cq-guoyuan-port>sh-luchaogang-rail>sh-yangshan-port,rail+road,65.0,4800.0,40.0,1749.4,6589.4,174.94
central,20,192,0,optimal,rail-road-via-luchaogang,cq-guoyuan-port>sh-luchaogang-rail>sh-yangshan-port,rail+road,65.0,4800.0,40.0,0.0,4840.0,174.94
central,20,192,62.36,optimal,rail-road-via-luchaogang,cq-guoyuan-port>sh-luchaogang-rail>sh-yangshan-port,rail+road,65.0,4800.0,40.0,10.909258399999999,4850.9092584,174.94
central,20,192,97.49,optimal,rail-road-via-luchaogang,cq-guoyuan-port>sh-luchaogang-rail>sh-yangshan-port,rail+road,65.0,4800.0,40.0,17.0549006,4857.0549006,174.94
central,20,192,500,optimal,rail-road-via-luchaogang,cq-guoyuan-port>sh-luchaogang-rail>sh-yangshan-port,rail+road,65.0,4800.0,40.0,87.47,4927.47,174.94
central,20,192,1000,optimal,rail-road-via-luchaogang,cq-guoyuan-port>sh-luchaogang-rail>sh-yangshan-port,rail+road,65.0,4800.0,40.0,174.94,5014.94,174.94
central,20,192,3000,optimal,rail-road-via-luchaogang,cq-guoyuan-port>sh-luchaogang-rail>sh-yangshan-port,rail+road,65.0,4800.0,40.0,524.8199999999999,5364.82,174.94
central,20,192,6000,optimal,rail-road-via-luchaogang,cq-guoyuan-port>sh-luchaogang-rail>sh-yangshan-port,rail+road,65.0,4800.0,40.0,1049.6399999999999,5889.639999999999,174.94
central,20,192,6500,optimal,rail-road-via-luchaogang,cq-guoyuan-port>sh-luchaogang-rail>sh-yangshan-port,rail+road,65.0,4800.0,40.0,1137.11,5977.11,174.94
central,20,192,7000,optimal,rail-road-via-luchaogang,cq-guoyuan-port>sh-luchaogang-rail>sh-yangshan-port,rail+road,65.0,4800.0,40.0,1224.58,6064.58,174.94
central,20,192,10000,optimal,rail-road-via-luchaogang,cq-guoyuan-port>sh-luchaogang-rail>sh-yangshan-port,rail+road,65.0,4800.0,40.0,1749.4,6589.4,174.94
central,20,204,0,optimal,water-express-bundled,cq-guoyuan-port>sh-yangshan-port,water,204.0,1400.0,0.0,0.0,1400.0,959.6000000000001
central,20,204,62.36,optimal,water-express-bundled,cq-guoyuan-port>sh-yangshan-port,water,204.0,1400.0,0.0,59.84065600000001,1459.840656,959.6000000000001
central,20,204,97.49,optimal,water-express-bundled,cq-guoyuan-port>sh-yangshan-port,water,204.0,1400.0,0.0,93.551404,1493.551404,959.6000000000001
central,20,204,500,optimal,water-express-bundled,cq-guoyuan-port>sh-yangshan-port,water,204.0,1400.0,0.0,479.80000000000007,1879.8000000000002,959.6000000000001
central,20,204,1000,optimal,water-express-bundled,cq-guoyuan-port>sh-yangshan-port,water,204.0,1400.0,0.0,959.6000000000001,2359.6000000000004,959.6000000000001
central,20,204,3000,optimal,water-express-bundled,cq-guoyuan-port>sh-yangshan-port,water,204.0,1400.0,0.0,2878.8,4278.8,959.6000000000001
central,20,204,6000,optimal,rail-road-via-luchaogang,cq-guoyuan-port>sh-luchaogang-rail>sh-yangshan-port,rail+road,65.0,4800.0,40.0,1049.6399999999999,5889.639999999999,174.94
central,20,204,6500,optimal,rail-road-via-luchaogang,cq-guoyuan-port>sh-luchaogang-rail>sh-yangshan-port,rail+road,65.0,4800.0,40.0,1137.11,5977.11,174.94
central,20,204,7000,optimal,rail-road-via-luchaogang,cq-guoyuan-port>sh-luchaogang-rail>sh-yangshan-port,rail+road,65.0,4800.0,40.0,1224.58,6064.58,174.94
central,20,204,10000,optimal,rail-road-via-luchaogang,cq-guoyuan-port>sh-luchaogang-rail>sh-yangshan-port,rail+road,65.0,4800.0,40.0,1749.4,6589.4,174.94
central,20,216,0,optimal,water-express-bundled,cq-guoyuan-port>sh-yangshan-port,water,204.0,1400.0,0.0,0.0,1400.0,959.6000000000001
central,20,216,62.36,optimal,water-express-bundled,cq-guoyuan-port>sh-yangshan-port,water,204.0,1400.0,0.0,59.84065600000001,1459.840656,959.6000000000001
central,20,216,97.49,optimal,water-express-bundled,cq-guoyuan-port>sh-yangshan-port,water,204.0,1400.0,0.0,93.551404,1493.551404,959.6000000000001
central,20,216,500,optimal,water-express-bundled,cq-guoyuan-port>sh-yangshan-port,water,204.0,1400.0,0.0,479.80000000000007,1879.8000000000002,959.6000000000001
central,20,216,1000,optimal,water-express-bundled,cq-guoyuan-port>sh-yangshan-port,water,204.0,1400.0,0.0,959.6000000000001,2359.6000000000004,959.6000000000001
central,20,216,3000,optimal,water-express-bundled,cq-guoyuan-port>sh-yangshan-port,water,204.0,1400.0,0.0,2878.8,4278.8,959.6000000000001
central,20,216,6000,optimal,rail-road-via-luchaogang,cq-guoyuan-port>sh-luchaogang-rail>sh-yangshan-port,rail+road,65.0,4800.0,40.0,1049.6399999999999,5889.639999999999,174.94
central,20,216,6500,optimal,rail-road-via-luchaogang,cq-guoyuan-port>sh-luchaogang-rail>sh-yangshan-port,rail+road,65.0,4800.0,40.0,1137.11,5977.11,174.94
central,20,216,7000,optimal,rail-road-via-luchaogang,cq-guoyuan-port>sh-luchaogang-rail>sh-yangshan-port,rail+road,65.0,4800.0,40.0,1224.58,6064.58,174.94
central,20,216,10000,optimal,rail-road-via-luchaogang,cq-guoyuan-port>sh-luchaogang-rail>sh-yangshan-port,rail+road,65.0,4800.0,40.0,1749.4,6589.4,174.94
central,20,240,0,optimal,water-regular-bundled,cq-guoyuan-port>sh-yangshan-port,water,240.0,1130.0,0.0,0.0,1130.0,959.6000000000001
central,20,240,62.36,optimal,water-regular-bundled,cq-guoyuan-port>sh-yangshan-port,water,240.0,1130.0,0.0,59.84065600000001,1189.840656,959.6000000000001
central,20,240,97.49,optimal,water-regular-bundled,cq-guoyuan-port>sh-yangshan-port,water,240.0,1130.0,0.0,93.551404,1223.551404,959.6000000000001
central,20,240,500,optimal,water-regular-bundled,cq-guoyuan-port>sh-yangshan-port,water,240.0,1130.0,0.0,479.80000000000007,1609.8000000000002,959.6000000000001
central,20,240,1000,optimal,water-regular-bundled,cq-guoyuan-port>sh-yangshan-port,water,240.0,1130.0,0.0,959.6000000000001,2089.6000000000004,959.6000000000001
central,20,240,3000,optimal,water-regular-bundled,cq-guoyuan-port>sh-yangshan-port,water,240.0,1130.0,0.0,2878.8,4008.8,959.6000000000001
central,20,240,6000,optimal,rail-road-via-luchaogang,cq-guoyuan-port>sh-luchaogang-rail>sh-yangshan-port,rail+road,65.0,4800.0,40.0,1049.6399999999999,5889.639999999999,174.94
central,20,240,6500,optimal,rail-road-via-luchaogang,cq-guoyuan-port>sh-luchaogang-rail>sh-yangshan-port,rail+road,65.0,4800.0,40.0,1137.11,5977.11,174.94
central,20,240,7000,optimal,rail-road-via-luchaogang,cq-guoyuan-port>sh-luchaogang-rail>sh-yangshan-port,rail+road,65.0,4800.0,40.0,1224.58,6064.58,174.94
central,20,240,10000,optimal,rail-road-via-luchaogang,cq-guoyuan-port>sh-luchaogang-rail>sh-yangshan-port,rail+road,65.0,4800.0,40.0,1749.4,6589.4,174.94
central,20,276,0,optimal,water-regular-bundled,cq-guoyuan-port>sh-yangshan-port,water,240.0,1130.0,0.0,0.0,1130.0,959.6000000000001
central,20,276,62.36,optimal,water-regular-bundled,cq-guoyuan-port>sh-yangshan-port,water,240.0,1130.0,0.0,59.84065600000001,1189.840656,959.6000000000001
central,20,276,97.49,optimal,water-regular-bundled,cq-guoyuan-port>sh-yangshan-port,water,240.0,1130.0,0.0,93.551404,1223.551404,959.6000000000001
central,20,276,500,optimal,water-regular-bundled,cq-guoyuan-port>sh-yangshan-port,water,240.0,1130.0,0.0,479.80000000000007,1609.8000000000002,959.6000000000001
central,20,276,1000,optimal,water-regular-bundled,cq-guoyuan-port>sh-yangshan-port,water,240.0,1130.0,0.0,959.6000000000001,2089.6000000000004,959.6000000000001
central,20,276,3000,optimal,water-regular-bundled,cq-guoyuan-port>sh-yangshan-port,water,240.0,1130.0,0.0,2878.8,4008.8,959.6000000000001
central,20,276,6000,optimal,rail-road-via-luchaogang,cq-guoyuan-port>sh-luchaogang-rail>sh-yangshan-port,rail+road,65.0,4800.0,40.0,1049.6399999999999,5889.639999999999,174.94
central,20,276,6500,optimal,rail-road-via-luchaogang,cq-guoyuan-port>sh-luchaogang-rail>sh-yangshan-port,rail+road,65.0,4800.0,40.0,1137.11,5977.11,174.94
central,20,276,7000,optimal,rail-road-via-luchaogang,cq-guoyuan-port>sh-luchaogang-rail>sh-yangshan-port,rail+road,65.0,4800.0,40.0,1224.58,6064.58,174.94
central,20,276,10000,optimal,rail-road-via-luchaogang,cq-guoyuan-port>sh-luchaogang-rail>sh-yangshan-port,rail+road,65.0,4800.0,40.0,1749.4,6589.4,174.94
central,20,360,0,optimal,water-regular-bundled,cq-guoyuan-port>sh-yangshan-port,water,240.0,1130.0,0.0,0.0,1130.0,959.6000000000001
central,20,360,62.36,optimal,water-regular-bundled,cq-guoyuan-port>sh-yangshan-port,water,240.0,1130.0,0.0,59.84065600000001,1189.840656,959.6000000000001
central,20,360,97.49,optimal,water-regular-bundled,cq-guoyuan-port>sh-yangshan-port,water,240.0,1130.0,0.0,93.551404,1223.551404,959.6000000000001
central,20,360,500,optimal,water-regular-bundled,cq-guoyuan-port>sh-yangshan-port,water,240.0,1130.0,0.0,479.80000000000007,1609.8000000000002,959.6000000000001
central,20,360,1000,optimal,water-regular-bundled,cq-guoyuan-port>sh-yangshan-port,water,240.0,1130.0,0.0,959.6000000000001,2089.6000000000004,959.6000000000001
central,20,360,3000,optimal,water-regular-bundled,cq-guoyuan-port>sh-yangshan-port,water,240.0,1130.0,0.0,2878.8,4008.8,959.6000000000001
central,20,360,6000,optimal,rail-road-via-luchaogang,cq-guoyuan-port>sh-luchaogang-rail>sh-yangshan-port,rail+road,65.0,4800.0,40.0,1049.6399999999999,5889.639999999999,174.94
central,20,360,6500,optimal,rail-road-via-luchaogang,cq-guoyuan-port>sh-luchaogang-rail>sh-yangshan-port,rail+road,65.0,4800.0,40.0,1137.11,5977.11,174.94
central,20,360,7000,optimal,rail-road-via-luchaogang,cq-guoyuan-port>sh-luchaogang-rail>sh-yangshan-port,rail+road,65.0,4800.0,40.0,1224.58,6064.58,174.94
central,20,360,10000,optimal,rail-road-via-luchaogang,cq-guoyuan-port>sh-luchaogang-rail>sh-yangshan-port,rail+road,65.0,4800.0,40.0,1749.4,6589.4,174.94
conservative,10,48,0,infeasible,,,,,,,,,
conservative,10,48,62.36,infeasible,,,,,,,,,
conservative,10,48,97.49,infeasible,,,,,,,,,
conservative,10,48,500,infeasible,,,,,,,,,
conservative,10,48,1000,infeasible,,,,,,,,,
conservative,10,48,3000,infeasible,,,,,,,,,
conservative,10,48,6000,infeasible,,,,,,,,,
conservative,10,48,6500,infeasible,,,,,,,,,
conservative,10,48,7000,infeasible,,,,,,,,,
conservative,10,48,10000,infeasible,,,,,,,,,
conservative,10,55,0,infeasible,,,,,,,,,
conservative,10,55,62.36,infeasible,,,,,,,,,
conservative,10,55,97.49,infeasible,,,,,,,,,
conservative,10,55,500,infeasible,,,,,,,,,
conservative,10,55,1000,infeasible,,,,,,,,,
conservative,10,55,3000,infeasible,,,,,,,,,
conservative,10,55,6000,infeasible,,,,,,,,,
conservative,10,55,6500,infeasible,,,,,,,,,
conservative,10,55,7000,infeasible,,,,,,,,,
conservative,10,55,10000,infeasible,,,,,,,,,
conservative,10,60,0,infeasible,,,,,,,,,
conservative,10,60,62.36,infeasible,,,,,,,,,
conservative,10,60,97.49,infeasible,,,,,,,,,
conservative,10,60,500,infeasible,,,,,,,,,
conservative,10,60,1000,infeasible,,,,,,,,,
conservative,10,60,3000,infeasible,,,,,,,,,
conservative,10,60,6000,infeasible,,,,,,,,,
conservative,10,60,6500,infeasible,,,,,,,,,
conservative,10,60,7000,infeasible,,,,,,,,,
conservative,10,60,10000,infeasible,,,,,,,,,
conservative,10,66,0,infeasible,,,,,,,,,
conservative,10,66,62.36,infeasible,,,,,,,,,
conservative,10,66,97.49,infeasible,,,,,,,,,
conservative,10,66,500,infeasible,,,,,,,,,
conservative,10,66,1000,infeasible,,,,,,,,,
conservative,10,66,3000,infeasible,,,,,,,,,
conservative,10,66,6000,infeasible,,,,,,,,,
conservative,10,66,6500,infeasible,,,,,,,,,
conservative,10,66,7000,infeasible,,,,,,,,,
conservative,10,66,10000,infeasible,,,,,,,,,
conservative,10,72,0,optimal,rail-road-via-luchaogang,cq-guoyuan-port>sh-luchaogang-rail>sh-yangshan-port,rail+road,72.0,4800.0,20.0,0.0,4820.0,87.47
conservative,10,72,62.36,optimal,rail-road-via-luchaogang,cq-guoyuan-port>sh-luchaogang-rail>sh-yangshan-port,rail+road,72.0,4800.0,20.0,5.454629199999999,4825.4546291999995,87.47
conservative,10,72,97.49,optimal,rail-road-via-luchaogang,cq-guoyuan-port>sh-luchaogang-rail>sh-yangshan-port,rail+road,72.0,4800.0,20.0,8.5274503,4828.5274503,87.47
conservative,10,72,500,optimal,rail-road-via-luchaogang,cq-guoyuan-port>sh-luchaogang-rail>sh-yangshan-port,rail+road,72.0,4800.0,20.0,43.735,4863.735,87.47
conservative,10,72,1000,optimal,rail-road-via-luchaogang,cq-guoyuan-port>sh-luchaogang-rail>sh-yangshan-port,rail+road,72.0,4800.0,20.0,87.47,4907.47,87.47
conservative,10,72,3000,optimal,rail-road-via-luchaogang,cq-guoyuan-port>sh-luchaogang-rail>sh-yangshan-port,rail+road,72.0,4800.0,20.0,262.40999999999997,5082.41,87.47
conservative,10,72,6000,optimal,rail-road-via-luchaogang,cq-guoyuan-port>sh-luchaogang-rail>sh-yangshan-port,rail+road,72.0,4800.0,20.0,524.8199999999999,5344.82,87.47
conservative,10,72,6500,optimal,rail-road-via-luchaogang,cq-guoyuan-port>sh-luchaogang-rail>sh-yangshan-port,rail+road,72.0,4800.0,20.0,568.555,5388.555,87.47
conservative,10,72,7000,optimal,rail-road-via-luchaogang,cq-guoyuan-port>sh-luchaogang-rail>sh-yangshan-port,rail+road,72.0,4800.0,20.0,612.29,5432.29,87.47
conservative,10,72,10000,optimal,rail-road-via-luchaogang,cq-guoyuan-port>sh-luchaogang-rail>sh-yangshan-port,rail+road,72.0,4800.0,20.0,874.7,5694.7,87.47
conservative,10,96,0,optimal,rail-road-via-luchaogang,cq-guoyuan-port>sh-luchaogang-rail>sh-yangshan-port,rail+road,72.0,4800.0,20.0,0.0,4820.0,87.47
conservative,10,96,62.36,optimal,rail-road-via-luchaogang,cq-guoyuan-port>sh-luchaogang-rail>sh-yangshan-port,rail+road,72.0,4800.0,20.0,5.454629199999999,4825.4546291999995,87.47
conservative,10,96,97.49,optimal,rail-road-via-luchaogang,cq-guoyuan-port>sh-luchaogang-rail>sh-yangshan-port,rail+road,72.0,4800.0,20.0,8.5274503,4828.5274503,87.47
conservative,10,96,500,optimal,rail-road-via-luchaogang,cq-guoyuan-port>sh-luchaogang-rail>sh-yangshan-port,rail+road,72.0,4800.0,20.0,43.735,4863.735,87.47
conservative,10,96,1000,optimal,rail-road-via-luchaogang,cq-guoyuan-port>sh-luchaogang-rail>sh-yangshan-port,rail+road,72.0,4800.0,20.0,87.47,4907.47,87.47
conservative,10,96,3000,optimal,rail-road-via-luchaogang,cq-guoyuan-port>sh-luchaogang-rail>sh-yangshan-port,rail+road,72.0,4800.0,20.0,262.40999999999997,5082.41,87.47
conservative,10,96,6000,optimal,rail-road-via-luchaogang,cq-guoyuan-port>sh-luchaogang-rail>sh-yangshan-port,rail+road,72.0,4800.0,20.0,524.8199999999999,5344.82,87.47
conservative,10,96,6500,optimal,rail-road-via-luchaogang,cq-guoyuan-port>sh-luchaogang-rail>sh-yangshan-port,rail+road,72.0,4800.0,20.0,568.555,5388.555,87.47
conservative,10,96,7000,optimal,rail-road-via-luchaogang,cq-guoyuan-port>sh-luchaogang-rail>sh-yangshan-port,rail+road,72.0,4800.0,20.0,612.29,5432.29,87.47
conservative,10,96,10000,optimal,rail-road-via-luchaogang,cq-guoyuan-port>sh-luchaogang-rail>sh-yangshan-port,rail+road,72.0,4800.0,20.0,874.7,5694.7,87.47
conservative,10,120,0,optimal,rail-road-via-luchaogang,cq-guoyuan-port>sh-luchaogang-rail>sh-yangshan-port,rail+road,72.0,4800.0,20.0,0.0,4820.0,87.47
conservative,10,120,62.36,optimal,rail-road-via-luchaogang,cq-guoyuan-port>sh-luchaogang-rail>sh-yangshan-port,rail+road,72.0,4800.0,20.0,5.454629199999999,4825.4546291999995,87.47
conservative,10,120,97.49,optimal,rail-road-via-luchaogang,cq-guoyuan-port>sh-luchaogang-rail>sh-yangshan-port,rail+road,72.0,4800.0,20.0,8.5274503,4828.5274503,87.47
conservative,10,120,500,optimal,rail-road-via-luchaogang,cq-guoyuan-port>sh-luchaogang-rail>sh-yangshan-port,rail+road,72.0,4800.0,20.0,43.735,4863.735,87.47
conservative,10,120,1000,optimal,rail-road-via-luchaogang,cq-guoyuan-port>sh-luchaogang-rail>sh-yangshan-port,rail+road,72.0,4800.0,20.0,87.47,4907.47,87.47
conservative,10,120,3000,optimal,rail-road-via-luchaogang,cq-guoyuan-port>sh-luchaogang-rail>sh-yangshan-port,rail+road,72.0,4800.0,20.0,262.40999999999997,5082.41,87.47
conservative,10,120,6000,optimal,rail-road-via-luchaogang,cq-guoyuan-port>sh-luchaogang-rail>sh-yangshan-port,rail+road,72.0,4800.0,20.0,524.8199999999999,5344.82,87.47
conservative,10,120,6500,optimal,rail-road-via-luchaogang,cq-guoyuan-port>sh-luchaogang-rail>sh-yangshan-port,rail+road,72.0,4800.0,20.0,568.555,5388.555,87.47
conservative,10,120,7000,optimal,rail-road-via-luchaogang,cq-guoyuan-port>sh-luchaogang-rail>sh-yangshan-port,rail+road,72.0,4800.0,20.0,612.29,5432.29,87.47
conservative,10,120,10000,optimal,rail-road-via-luchaogang,cq-guoyuan-port>sh-luchaogang-rail>sh-yangshan-port,rail+road,72.0,4800.0,20.0,874.7,5694.7,87.47
conservative,10,168,0,optimal,rail-road-via-luchaogang,cq-guoyuan-port>sh-luchaogang-rail>sh-yangshan-port,rail+road,72.0,4800.0,20.0,0.0,4820.0,87.47
conservative,10,168,62.36,optimal,rail-road-via-luchaogang,cq-guoyuan-port>sh-luchaogang-rail>sh-yangshan-port,rail+road,72.0,4800.0,20.0,5.454629199999999,4825.4546291999995,87.47
conservative,10,168,97.49,optimal,rail-road-via-luchaogang,cq-guoyuan-port>sh-luchaogang-rail>sh-yangshan-port,rail+road,72.0,4800.0,20.0,8.5274503,4828.5274503,87.47
conservative,10,168,500,optimal,rail-road-via-luchaogang,cq-guoyuan-port>sh-luchaogang-rail>sh-yangshan-port,rail+road,72.0,4800.0,20.0,43.735,4863.735,87.47
conservative,10,168,1000,optimal,rail-road-via-luchaogang,cq-guoyuan-port>sh-luchaogang-rail>sh-yangshan-port,rail+road,72.0,4800.0,20.0,87.47,4907.47,87.47
conservative,10,168,3000,optimal,rail-road-via-luchaogang,cq-guoyuan-port>sh-luchaogang-rail>sh-yangshan-port,rail+road,72.0,4800.0,20.0,262.40999999999997,5082.41,87.47
conservative,10,168,6000,optimal,rail-road-via-luchaogang,cq-guoyuan-port>sh-luchaogang-rail>sh-yangshan-port,rail+road,72.0,4800.0,20.0,524.8199999999999,5344.82,87.47
conservative,10,168,6500,optimal,rail-road-via-luchaogang,cq-guoyuan-port>sh-luchaogang-rail>sh-yangshan-port,rail+road,72.0,4800.0,20.0,568.555,5388.555,87.47
conservative,10,168,7000,optimal,rail-road-via-luchaogang,cq-guoyuan-port>sh-luchaogang-rail>sh-yangshan-port,rail+road,72.0,4800.0,20.0,612.29,5432.29,87.47
conservative,10,168,10000,optimal,rail-road-via-luchaogang,cq-guoyuan-port>sh-luchaogang-rail>sh-yangshan-port,rail+road,72.0,4800.0,20.0,874.7,5694.7,87.47
conservative,10,192,0,optimal,rail-road-via-luchaogang,cq-guoyuan-port>sh-luchaogang-rail>sh-yangshan-port,rail+road,72.0,4800.0,20.0,0.0,4820.0,87.47
conservative,10,192,62.36,optimal,rail-road-via-luchaogang,cq-guoyuan-port>sh-luchaogang-rail>sh-yangshan-port,rail+road,72.0,4800.0,20.0,5.454629199999999,4825.4546291999995,87.47
conservative,10,192,97.49,optimal,rail-road-via-luchaogang,cq-guoyuan-port>sh-luchaogang-rail>sh-yangshan-port,rail+road,72.0,4800.0,20.0,8.5274503,4828.5274503,87.47
conservative,10,192,500,optimal,rail-road-via-luchaogang,cq-guoyuan-port>sh-luchaogang-rail>sh-yangshan-port,rail+road,72.0,4800.0,20.0,43.735,4863.735,87.47
conservative,10,192,1000,optimal,rail-road-via-luchaogang,cq-guoyuan-port>sh-luchaogang-rail>sh-yangshan-port,rail+road,72.0,4800.0,20.0,87.47,4907.47,87.47
conservative,10,192,3000,optimal,rail-road-via-luchaogang,cq-guoyuan-port>sh-luchaogang-rail>sh-yangshan-port,rail+road,72.0,4800.0,20.0,262.40999999999997,5082.41,87.47
conservative,10,192,6000,optimal,rail-road-via-luchaogang,cq-guoyuan-port>sh-luchaogang-rail>sh-yangshan-port,rail+road,72.0,4800.0,20.0,524.8199999999999,5344.82,87.47
conservative,10,192,6500,optimal,rail-road-via-luchaogang,cq-guoyuan-port>sh-luchaogang-rail>sh-yangshan-port,rail+road,72.0,4800.0,20.0,568.555,5388.555,87.47
conservative,10,192,7000,optimal,rail-road-via-luchaogang,cq-guoyuan-port>sh-luchaogang-rail>sh-yangshan-port,rail+road,72.0,4800.0,20.0,612.29,5432.29,87.47
conservative,10,192,10000,optimal,rail-road-via-luchaogang,cq-guoyuan-port>sh-luchaogang-rail>sh-yangshan-port,rail+road,72.0,4800.0,20.0,874.7,5694.7,87.47
conservative,10,204,0,optimal,rail-road-via-luchaogang,cq-guoyuan-port>sh-luchaogang-rail>sh-yangshan-port,rail+road,72.0,4800.0,20.0,0.0,4820.0,87.47
conservative,10,204,62.36,optimal,rail-road-via-luchaogang,cq-guoyuan-port>sh-luchaogang-rail>sh-yangshan-port,rail+road,72.0,4800.0,20.0,5.454629199999999,4825.4546291999995,87.47
conservative,10,204,97.49,optimal,rail-road-via-luchaogang,cq-guoyuan-port>sh-luchaogang-rail>sh-yangshan-port,rail+road,72.0,4800.0,20.0,8.5274503,4828.5274503,87.47
conservative,10,204,500,optimal,rail-road-via-luchaogang,cq-guoyuan-port>sh-luchaogang-rail>sh-yangshan-port,rail+road,72.0,4800.0,20.0,43.735,4863.735,87.47
conservative,10,204,1000,optimal,rail-road-via-luchaogang,cq-guoyuan-port>sh-luchaogang-rail>sh-yangshan-port,rail+road,72.0,4800.0,20.0,87.47,4907.47,87.47
conservative,10,204,3000,optimal,rail-road-via-luchaogang,cq-guoyuan-port>sh-luchaogang-rail>sh-yangshan-port,rail+road,72.0,4800.0,20.0,262.40999999999997,5082.41,87.47
conservative,10,204,6000,optimal,rail-road-via-luchaogang,cq-guoyuan-port>sh-luchaogang-rail>sh-yangshan-port,rail+road,72.0,4800.0,20.0,524.8199999999999,5344.82,87.47
conservative,10,204,6500,optimal,rail-road-via-luchaogang,cq-guoyuan-port>sh-luchaogang-rail>sh-yangshan-port,rail+road,72.0,4800.0,20.0,568.555,5388.555,87.47
conservative,10,204,7000,optimal,rail-road-via-luchaogang,cq-guoyuan-port>sh-luchaogang-rail>sh-yangshan-port,rail+road,72.0,4800.0,20.0,612.29,5432.29,87.47
conservative,10,204,10000,optimal,rail-road-via-luchaogang,cq-guoyuan-port>sh-luchaogang-rail>sh-yangshan-port,rail+road,72.0,4800.0,20.0,874.7,5694.7,87.47
conservative,10,216,0,optimal,water-express-bundled,cq-guoyuan-port>sh-yangshan-port,water,216.0,1400.0,0.0,0.0,1400.0,479.80000000000007
conservative,10,216,62.36,optimal,water-express-bundled,cq-guoyuan-port>sh-yangshan-port,water,216.0,1400.0,0.0,29.920328000000005,1429.920328,479.80000000000007
conservative,10,216,97.49,optimal,water-express-bundled,cq-guoyuan-port>sh-yangshan-port,water,216.0,1400.0,0.0,46.775702,1446.775702,479.80000000000007
conservative,10,216,500,optimal,water-express-bundled,cq-guoyuan-port>sh-yangshan-port,water,216.0,1400.0,0.0,239.90000000000003,1639.9,479.80000000000007
conservative,10,216,1000,optimal,water-express-bundled,cq-guoyuan-port>sh-yangshan-port,water,216.0,1400.0,0.0,479.80000000000007,1879.8000000000002,479.80000000000007
conservative,10,216,3000,optimal,water-express-bundled,cq-guoyuan-port>sh-yangshan-port,water,216.0,1400.0,0.0,1439.4,2839.4,479.80000000000007
conservative,10,216,6000,optimal,water-express-bundled,cq-guoyuan-port>sh-yangshan-port,water,216.0,1400.0,0.0,2878.8,4278.8,479.80000000000007
conservative,10,216,6500,optimal,water-express-bundled,cq-guoyuan-port>sh-yangshan-port,water,216.0,1400.0,0.0,3118.7000000000003,4518.700000000001,479.80000000000007
conservative,10,216,7000,optimal,water-express-bundled,cq-guoyuan-port>sh-yangshan-port,water,216.0,1400.0,0.0,3358.6000000000004,4758.6,479.80000000000007
conservative,10,216,10000,optimal,rail-road-via-luchaogang,cq-guoyuan-port>sh-luchaogang-rail>sh-yangshan-port,rail+road,72.0,4800.0,20.0,874.7,5694.7,87.47
conservative,10,240,0,optimal,water-regular-bundled,cq-guoyuan-port>sh-yangshan-port,water,240.0,1130.0,0.0,0.0,1130.0,479.80000000000007
conservative,10,240,62.36,optimal,water-regular-bundled,cq-guoyuan-port>sh-yangshan-port,water,240.0,1130.0,0.0,29.920328000000005,1159.920328,479.80000000000007
conservative,10,240,97.49,optimal,water-regular-bundled,cq-guoyuan-port>sh-yangshan-port,water,240.0,1130.0,0.0,46.775702,1176.775702,479.80000000000007
conservative,10,240,500,optimal,water-regular-bundled,cq-guoyuan-port>sh-yangshan-port,water,240.0,1130.0,0.0,239.90000000000003,1369.9,479.80000000000007
conservative,10,240,1000,optimal,water-regular-bundled,cq-guoyuan-port>sh-yangshan-port,water,240.0,1130.0,0.0,479.80000000000007,1609.8000000000002,479.80000000000007
conservative,10,240,3000,optimal,water-regular-bundled,cq-guoyuan-port>sh-yangshan-port,water,240.0,1130.0,0.0,1439.4,2569.4,479.80000000000007
conservative,10,240,6000,optimal,water-regular-bundled,cq-guoyuan-port>sh-yangshan-port,water,240.0,1130.0,0.0,2878.8,4008.8,479.80000000000007
conservative,10,240,6500,optimal,water-regular-bundled,cq-guoyuan-port>sh-yangshan-port,water,240.0,1130.0,0.0,3118.7000000000003,4248.700000000001,479.80000000000007
conservative,10,240,7000,optimal,water-regular-bundled,cq-guoyuan-port>sh-yangshan-port,water,240.0,1130.0,0.0,3358.6000000000004,4488.6,479.80000000000007
conservative,10,240,10000,optimal,rail-road-via-luchaogang,cq-guoyuan-port>sh-luchaogang-rail>sh-yangshan-port,rail+road,72.0,4800.0,20.0,874.7,5694.7,87.47
conservative,10,276,0,optimal,water-regular-bundled,cq-guoyuan-port>sh-yangshan-port,water,240.0,1130.0,0.0,0.0,1130.0,479.80000000000007
conservative,10,276,62.36,optimal,water-regular-bundled,cq-guoyuan-port>sh-yangshan-port,water,240.0,1130.0,0.0,29.920328000000005,1159.920328,479.80000000000007
conservative,10,276,97.49,optimal,water-regular-bundled,cq-guoyuan-port>sh-yangshan-port,water,240.0,1130.0,0.0,46.775702,1176.775702,479.80000000000007
conservative,10,276,500,optimal,water-regular-bundled,cq-guoyuan-port>sh-yangshan-port,water,240.0,1130.0,0.0,239.90000000000003,1369.9,479.80000000000007
conservative,10,276,1000,optimal,water-regular-bundled,cq-guoyuan-port>sh-yangshan-port,water,240.0,1130.0,0.0,479.80000000000007,1609.8000000000002,479.80000000000007
conservative,10,276,3000,optimal,water-regular-bundled,cq-guoyuan-port>sh-yangshan-port,water,240.0,1130.0,0.0,1439.4,2569.4,479.80000000000007
conservative,10,276,6000,optimal,water-regular-bundled,cq-guoyuan-port>sh-yangshan-port,water,240.0,1130.0,0.0,2878.8,4008.8,479.80000000000007
conservative,10,276,6500,optimal,water-regular-bundled,cq-guoyuan-port>sh-yangshan-port,water,240.0,1130.0,0.0,3118.7000000000003,4248.700000000001,479.80000000000007
conservative,10,276,7000,optimal,water-regular-bundled,cq-guoyuan-port>sh-yangshan-port,water,240.0,1130.0,0.0,3358.6000000000004,4488.6,479.80000000000007
conservative,10,276,10000,optimal,rail-road-via-luchaogang,cq-guoyuan-port>sh-luchaogang-rail>sh-yangshan-port,rail+road,72.0,4800.0,20.0,874.7,5694.7,87.47
conservative,10,360,0,optimal,water-regular-bundled,cq-guoyuan-port>sh-yangshan-port,water,240.0,1130.0,0.0,0.0,1130.0,479.80000000000007
conservative,10,360,62.36,optimal,water-regular-bundled,cq-guoyuan-port>sh-yangshan-port,water,240.0,1130.0,0.0,29.920328000000005,1159.920328,479.80000000000007
conservative,10,360,97.49,optimal,water-regular-bundled,cq-guoyuan-port>sh-yangshan-port,water,240.0,1130.0,0.0,46.775702,1176.775702,479.80000000000007
conservative,10,360,500,optimal,water-regular-bundled,cq-guoyuan-port>sh-yangshan-port,water,240.0,1130.0,0.0,239.90000000000003,1369.9,479.80000000000007
conservative,10,360,1000,optimal,water-regular-bundled,cq-guoyuan-port>sh-yangshan-port,water,240.0,1130.0,0.0,479.80000000000007,1609.8000000000002,479.80000000000007
conservative,10,360,3000,optimal,water-regular-bundled,cq-guoyuan-port>sh-yangshan-port,water,240.0,1130.0,0.0,1439.4,2569.4,479.80000000000007
conservative,10,360,6000,optimal,water-regular-bundled,cq-guoyuan-port>sh-yangshan-port,water,240.0,1130.0,0.0,2878.8,4008.8,479.80000000000007
conservative,10,360,6500,optimal,water-regular-bundled,cq-guoyuan-port>sh-yangshan-port,water,240.0,1130.0,0.0,3118.7000000000003,4248.700000000001,479.80000000000007
conservative,10,360,7000,optimal,water-regular-bundled,cq-guoyuan-port>sh-yangshan-port,water,240.0,1130.0,0.0,3358.6000000000004,4488.6,479.80000000000007
conservative,10,360,10000,optimal,rail-road-via-luchaogang,cq-guoyuan-port>sh-luchaogang-rail>sh-yangshan-port,rail+road,72.0,4800.0,20.0,874.7,5694.7,87.47
conservative,15,48,0,infeasible,,,,,,,,,
conservative,15,48,62.36,infeasible,,,,,,,,,
conservative,15,48,97.49,infeasible,,,,,,,,,
conservative,15,48,500,infeasible,,,,,,,,,
conservative,15,48,1000,infeasible,,,,,,,,,
conservative,15,48,3000,infeasible,,,,,,,,,
conservative,15,48,6000,infeasible,,,,,,,,,
conservative,15,48,6500,infeasible,,,,,,,,,
conservative,15,48,7000,infeasible,,,,,,,,,
conservative,15,48,10000,infeasible,,,,,,,,,
conservative,15,55,0,infeasible,,,,,,,,,
conservative,15,55,62.36,infeasible,,,,,,,,,
conservative,15,55,97.49,infeasible,,,,,,,,,
conservative,15,55,500,infeasible,,,,,,,,,
conservative,15,55,1000,infeasible,,,,,,,,,
conservative,15,55,3000,infeasible,,,,,,,,,
conservative,15,55,6000,infeasible,,,,,,,,,
conservative,15,55,6500,infeasible,,,,,,,,,
conservative,15,55,7000,infeasible,,,,,,,,,
conservative,15,55,10000,infeasible,,,,,,,,,
conservative,15,60,0,infeasible,,,,,,,,,
conservative,15,60,62.36,infeasible,,,,,,,,,
conservative,15,60,97.49,infeasible,,,,,,,,,
conservative,15,60,500,infeasible,,,,,,,,,
conservative,15,60,1000,infeasible,,,,,,,,,
conservative,15,60,3000,infeasible,,,,,,,,,
conservative,15,60,6000,infeasible,,,,,,,,,
conservative,15,60,6500,infeasible,,,,,,,,,
conservative,15,60,7000,infeasible,,,,,,,,,
conservative,15,60,10000,infeasible,,,,,,,,,
conservative,15,66,0,infeasible,,,,,,,,,
conservative,15,66,62.36,infeasible,,,,,,,,,
conservative,15,66,97.49,infeasible,,,,,,,,,
conservative,15,66,500,infeasible,,,,,,,,,
conservative,15,66,1000,infeasible,,,,,,,,,
conservative,15,66,3000,infeasible,,,,,,,,,
conservative,15,66,6000,infeasible,,,,,,,,,
conservative,15,66,6500,infeasible,,,,,,,,,
conservative,15,66,7000,infeasible,,,,,,,,,
conservative,15,66,10000,infeasible,,,,,,,,,
conservative,15,72,0,infeasible,,,,,,,,,
conservative,15,72,62.36,infeasible,,,,,,,,,
conservative,15,72,97.49,infeasible,,,,,,,,,
conservative,15,72,500,infeasible,,,,,,,,,
conservative,15,72,1000,infeasible,,,,,,,,,
conservative,15,72,3000,infeasible,,,,,,,,,
conservative,15,72,6000,infeasible,,,,,,,,,
conservative,15,72,6500,infeasible,,,,,,,,,
conservative,15,72,7000,infeasible,,,,,,,,,
conservative,15,72,10000,infeasible,,,,,,,,,
conservative,15,96,0,optimal,rail-road-via-luchaogang,cq-guoyuan-port>sh-luchaogang-rail>sh-yangshan-port,rail+road,72.25,4800.0,30.0,0.0,4830.0,131.20499999999998
conservative,15,96,62.36,optimal,rail-road-via-luchaogang,cq-guoyuan-port>sh-luchaogang-rail>sh-yangshan-port,rail+road,72.25,4800.0,30.0,8.181943799999999,4838.1819438,131.20499999999998
conservative,15,96,97.49,optimal,rail-road-via-luchaogang,cq-guoyuan-port>sh-luchaogang-rail>sh-yangshan-port,rail+road,72.25,4800.0,30.0,12.791175449999997,4842.79117545,131.20499999999998
conservative,15,96,500,optimal,rail-road-via-luchaogang,cq-guoyuan-port>sh-luchaogang-rail>sh-yangshan-port,rail+road,72.25,4800.0,30.0,65.60249999999999,4895.6025,131.20499999999998
conservative,15,96,1000,optimal,rail-road-via-luchaogang,cq-guoyuan-port>sh-luchaogang-rail>sh-yangshan-port,rail+road,72.25,4800.0,30.0,131.20499999999998,4961.205,131.20499999999998
conservative,15,96,3000,optimal,rail-road-via-luchaogang,cq-guoyuan-port>sh-luchaogang-rail>sh-yangshan-port,rail+road,72.25,4800.0,30.0,393.61499999999995,5223.615,131.20499999999998
conservative,15,96,6000,optimal,rail-road-via-luchaogang,cq-guoyuan-port>sh-luchaogang-rail>sh-yangshan-port,rail+road,72.25,4800.0,30.0,787.2299999999999,5617.23,131.20499999999998
conservative,15,96,6500,optimal,rail-road-via-luchaogang,cq-guoyuan-port>sh-luchaogang-rail>sh-yangshan-port,rail+road,72.25,4800.0,30.0,852.8324999999999,5682.8324999999995,131.20499999999998
conservative,15,96,7000,optimal,rail-road-via-luchaogang,cq-guoyuan-port>sh-luchaogang-rail>sh-yangshan-port,rail+road,72.25,4800.0,30.0,918.435,5748.4349999999995,131.20499999999998
conservative,15,96,10000,optimal,rail-road-via-luchaogang,cq-guoyuan-port>sh-luchaogang-rail>sh-yangshan-port,rail+road,72.25,4800.0,30.0,1312.0499999999997,6142.049999999999,131.20499999999998
conservative,15,120,0,optimal,rail-road-via-luchaogang,cq-guoyuan-port>sh-luchaogang-rail>sh-yangshan-port,rail+road,72.25,4800.0,30.0,0.0,4830.0,131.20499999999998
conservative,15,120,62.36,optimal,rail-road-via-luchaogang,cq-guoyuan-port>sh-luchaogang-rail>sh-yangshan-port,rail+road,72.25,4800.0,30.0,8.181943799999999,4838.1819438,131.20499999999998
conservative,15,120,97.49,optimal,rail-road-via-luchaogang,cq-guoyuan-port>sh-luchaogang-rail>sh-yangshan-port,rail+road,72.25,4800.0,30.0,12.791175449999997,4842.79117545,131.20499999999998
conservative,15,120,500,optimal,rail-road-via-luchaogang,cq-guoyuan-port>sh-luchaogang-rail>sh-yangshan-port,rail+road,72.25,4800.0,30.0,65.60249999999999,4895.6025,131.20499999999998
conservative,15,120,1000,optimal,rail-road-via-luchaogang,cq-guoyuan-port>sh-luchaogang-rail>sh-yangshan-port,rail+road,72.25,4800.0,30.0,131.20499999999998,4961.205,131.20499999999998
conservative,15,120,3000,optimal,rail-road-via-luchaogang,cq-guoyuan-port>sh-luchaogang-rail>sh-yangshan-port,rail+road,72.25,4800.0,30.0,393.61499999999995,5223.615,131.20499999999998
conservative,15,120,6000,optimal,rail-road-via-luchaogang,cq-guoyuan-port>sh-luchaogang-rail>sh-yangshan-port,rail+road,72.25,4800.0,30.0,787.2299999999999,5617.23,131.20499999999998
conservative,15,120,6500,optimal,rail-road-via-luchaogang,cq-guoyuan-port>sh-luchaogang-rail>sh-yangshan-port,rail+road,72.25,4800.0,30.0,852.8324999999999,5682.8324999999995,131.20499999999998
conservative,15,120,7000,optimal,rail-road-via-luchaogang,cq-guoyuan-port>sh-luchaogang-rail>sh-yangshan-port,rail+road,72.25,4800.0,30.0,918.435,5748.4349999999995,131.20499999999998
conservative,15,120,10000,optimal,rail-road-via-luchaogang,cq-guoyuan-port>sh-luchaogang-rail>sh-yangshan-port,rail+road,72.25,4800.0,30.0,1312.0499999999997,6142.049999999999,131.20499999999998
conservative,15,168,0,optimal,rail-road-via-luchaogang,cq-guoyuan-port>sh-luchaogang-rail>sh-yangshan-port,rail+road,72.25,4800.0,30.0,0.0,4830.0,131.20499999999998
conservative,15,168,62.36,optimal,rail-road-via-luchaogang,cq-guoyuan-port>sh-luchaogang-rail>sh-yangshan-port,rail+road,72.25,4800.0,30.0,8.181943799999999,4838.1819438,131.20499999999998
conservative,15,168,97.49,optimal,rail-road-via-luchaogang,cq-guoyuan-port>sh-luchaogang-rail>sh-yangshan-port,rail+road,72.25,4800.0,30.0,12.791175449999997,4842.79117545,131.20499999999998
conservative,15,168,500,optimal,rail-road-via-luchaogang,cq-guoyuan-port>sh-luchaogang-rail>sh-yangshan-port,rail+road,72.25,4800.0,30.0,65.60249999999999,4895.6025,131.20499999999998
conservative,15,168,1000,optimal,rail-road-via-luchaogang,cq-guoyuan-port>sh-luchaogang-rail>sh-yangshan-port,rail+road,72.25,4800.0,30.0,131.20499999999998,4961.205,131.20499999999998
conservative,15,168,3000,optimal,rail-road-via-luchaogang,cq-guoyuan-port>sh-luchaogang-rail>sh-yangshan-port,rail+road,72.25,4800.0,30.0,393.61499999999995,5223.615,131.20499999999998
conservative,15,168,6000,optimal,rail-road-via-luchaogang,cq-guoyuan-port>sh-luchaogang-rail>sh-yangshan-port,rail+road,72.25,4800.0,30.0,787.2299999999999,5617.23,131.20499999999998
conservative,15,168,6500,optimal,rail-road-via-luchaogang,cq-guoyuan-port>sh-luchaogang-rail>sh-yangshan-port,rail+road,72.25,4800.0,30.0,852.8324999999999,5682.8324999999995,131.20499999999998
conservative,15,168,7000,optimal,rail-road-via-luchaogang,cq-guoyuan-port>sh-luchaogang-rail>sh-yangshan-port,rail+road,72.25,4800.0,30.0,918.435,5748.4349999999995,131.20499999999998
conservative,15,168,10000,optimal,rail-road-via-luchaogang,cq-guoyuan-port>sh-luchaogang-rail>sh-yangshan-port,rail+road,72.25,4800.0,30.0,1312.0499999999997,6142.049999999999,131.20499999999998
conservative,15,192,0,optimal,rail-road-via-luchaogang,cq-guoyuan-port>sh-luchaogang-rail>sh-yangshan-port,rail+road,72.25,4800.0,30.0,0.0,4830.0,131.20499999999998
conservative,15,192,62.36,optimal,rail-road-via-luchaogang,cq-guoyuan-port>sh-luchaogang-rail>sh-yangshan-port,rail+road,72.25,4800.0,30.0,8.181943799999999,4838.1819438,131.20499999999998
conservative,15,192,97.49,optimal,rail-road-via-luchaogang,cq-guoyuan-port>sh-luchaogang-rail>sh-yangshan-port,rail+road,72.25,4800.0,30.0,12.791175449999997,4842.79117545,131.20499999999998
conservative,15,192,500,optimal,rail-road-via-luchaogang,cq-guoyuan-port>sh-luchaogang-rail>sh-yangshan-port,rail+road,72.25,4800.0,30.0,65.60249999999999,4895.6025,131.20499999999998
conservative,15,192,1000,optimal,rail-road-via-luchaogang,cq-guoyuan-port>sh-luchaogang-rail>sh-yangshan-port,rail+road,72.25,4800.0,30.0,131.20499999999998,4961.205,131.20499999999998
conservative,15,192,3000,optimal,rail-road-via-luchaogang,cq-guoyuan-port>sh-luchaogang-rail>sh-yangshan-port,rail+road,72.25,4800.0,30.0,393.61499999999995,5223.615,131.20499999999998
conservative,15,192,6000,optimal,rail-road-via-luchaogang,cq-guoyuan-port>sh-luchaogang-rail>sh-yangshan-port,rail+road,72.25,4800.0,30.0,787.2299999999999,5617.23,131.20499999999998
conservative,15,192,6500,optimal,rail-road-via-luchaogang,cq-guoyuan-port>sh-luchaogang-rail>sh-yangshan-port,rail+road,72.25,4800.0,30.0,852.8324999999999,5682.8324999999995,131.20499999999998
conservative,15,192,7000,optimal,rail-road-via-luchaogang,cq-guoyuan-port>sh-luchaogang-rail>sh-yangshan-port,rail+road,72.25,4800.0,30.0,918.435,5748.4349999999995,131.20499999999998
conservative,15,192,10000,optimal,rail-road-via-luchaogang,cq-guoyuan-port>sh-luchaogang-rail>sh-yangshan-port,rail+road,72.25,4800.0,30.0,1312.0499999999997,6142.049999999999,131.20499999999998
conservative,15,204,0,optimal,rail-road-via-luchaogang,cq-guoyuan-port>sh-luchaogang-rail>sh-yangshan-port,rail+road,72.25,4800.0,30.0,0.0,4830.0,131.20499999999998
conservative,15,204,62.36,optimal,rail-road-via-luchaogang,cq-guoyuan-port>sh-luchaogang-rail>sh-yangshan-port,rail+road,72.25,4800.0,30.0,8.181943799999999,4838.1819438,131.20499999999998
conservative,15,204,97.49,optimal,rail-road-via-luchaogang,cq-guoyuan-port>sh-luchaogang-rail>sh-yangshan-port,rail+road,72.25,4800.0,30.0,12.791175449999997,4842.79117545,131.20499999999998
conservative,15,204,500,optimal,rail-road-via-luchaogang,cq-guoyuan-port>sh-luchaogang-rail>sh-yangshan-port,rail+road,72.25,4800.0,30.0,65.60249999999999,4895.6025,131.20499999999998
conservative,15,204,1000,optimal,rail-road-via-luchaogang,cq-guoyuan-port>sh-luchaogang-rail>sh-yangshan-port,rail+road,72.25,4800.0,30.0,131.20499999999998,4961.205,131.20499999999998
conservative,15,204,3000,optimal,rail-road-via-luchaogang,cq-guoyuan-port>sh-luchaogang-rail>sh-yangshan-port,rail+road,72.25,4800.0,30.0,393.61499999999995,5223.615,131.20499999999998
conservative,15,204,6000,optimal,rail-road-via-luchaogang,cq-guoyuan-port>sh-luchaogang-rail>sh-yangshan-port,rail+road,72.25,4800.0,30.0,787.2299999999999,5617.23,131.20499999999998
conservative,15,204,6500,optimal,rail-road-via-luchaogang,cq-guoyuan-port>sh-luchaogang-rail>sh-yangshan-port,rail+road,72.25,4800.0,30.0,852.8324999999999,5682.8324999999995,131.20499999999998
conservative,15,204,7000,optimal,rail-road-via-luchaogang,cq-guoyuan-port>sh-luchaogang-rail>sh-yangshan-port,rail+road,72.25,4800.0,30.0,918.435,5748.4349999999995,131.20499999999998
conservative,15,204,10000,optimal,rail-road-via-luchaogang,cq-guoyuan-port>sh-luchaogang-rail>sh-yangshan-port,rail+road,72.25,4800.0,30.0,1312.0499999999997,6142.049999999999,131.20499999999998
conservative,15,216,0,optimal,water-express-bundled,cq-guoyuan-port>sh-yangshan-port,water,216.0,1400.0,0.0,0.0,1400.0,719.7
conservative,15,216,62.36,optimal,water-express-bundled,cq-guoyuan-port>sh-yangshan-port,water,216.0,1400.0,0.0,44.880492000000004,1444.880492,719.7
conservative,15,216,97.49,optimal,water-express-bundled,cq-guoyuan-port>sh-yangshan-port,water,216.0,1400.0,0.0,70.163553,1470.163553,719.7
conservative,15,216,500,optimal,water-express-bundled,cq-guoyuan-port>sh-yangshan-port,water,216.0,1400.0,0.0,359.85,1759.85,719.7
conservative,15,216,1000,optimal,water-express-bundled,cq-guoyuan-port>sh-yangshan-port,water,216.0,1400.0,0.0,719.7,2119.7,719.7
conservative,15,216,3000,optimal,water-express-bundled,cq-guoyuan-port>sh-yangshan-port,water,216.0,1400.0,0.0,2159.1000000000004,3559.1000000000004,719.7
conservative,15,216,6000,optimal,rail-road-via-luchaogang,cq-guoyuan-port>sh-luchaogang-rail>sh-yangshan-port,rail+road,72.25,4800.0,30.0,787.2299999999999,5617.23,131.20499999999998
conservative,15,216,6500,optimal,rail-road-via-luchaogang,cq-guoyuan-port>sh-luchaogang-rail>sh-yangshan-port,rail+road,72.25,4800.0,30.0,852.8324999999999,5682.8324999999995,131.20499999999998
conservative,15,216,7000,optimal,rail-road-via-luchaogang,cq-guoyuan-port>sh-luchaogang-rail>sh-yangshan-port,rail+road,72.25,4800.0,30.0,918.435,5748.4349999999995,131.20499999999998
conservative,15,216,10000,optimal,rail-road-via-luchaogang,cq-guoyuan-port>sh-luchaogang-rail>sh-yangshan-port,rail+road,72.25,4800.0,30.0,1312.0499999999997,6142.049999999999,131.20499999999998
conservative,15,240,0,optimal,water-regular-bundled,cq-guoyuan-port>sh-yangshan-port,water,240.0,1130.0,0.0,0.0,1130.0,719.7
conservative,15,240,62.36,optimal,water-regular-bundled,cq-guoyuan-port>sh-yangshan-port,water,240.0,1130.0,0.0,44.880492000000004,1174.880492,719.7
conservative,15,240,97.49,optimal,water-regular-bundled,cq-guoyuan-port>sh-yangshan-port,water,240.0,1130.0,0.0,70.163553,1200.163553,719.7
conservative,15,240,500,optimal,water-regular-bundled,cq-guoyuan-port>sh-yangshan-port,water,240.0,1130.0,0.0,359.85,1489.85,719.7
conservative,15,240,1000,optimal,water-regular-bundled,cq-guoyuan-port>sh-yangshan-port,water,240.0,1130.0,0.0,719.7,1849.7,719.7
conservative,15,240,3000,optimal,water-regular-bundled,cq-guoyuan-port>sh-yangshan-port,water,240.0,1130.0,0.0,2159.1000000000004,3289.1000000000004,719.7
conservative,15,240,6000,optimal,water-regular-bundled,cq-guoyuan-port>sh-yangshan-port,water,240.0,1130.0,0.0,4318.200000000001,5448.200000000001,719.7
conservative,15,240,6500,optimal,rail-road-via-luchaogang,cq-guoyuan-port>sh-luchaogang-rail>sh-yangshan-port,rail+road,72.25,4800.0,30.0,852.8324999999999,5682.8324999999995,131.20499999999998
conservative,15,240,7000,optimal,rail-road-via-luchaogang,cq-guoyuan-port>sh-luchaogang-rail>sh-yangshan-port,rail+road,72.25,4800.0,30.0,918.435,5748.4349999999995,131.20499999999998
conservative,15,240,10000,optimal,rail-road-via-luchaogang,cq-guoyuan-port>sh-luchaogang-rail>sh-yangshan-port,rail+road,72.25,4800.0,30.0,1312.0499999999997,6142.049999999999,131.20499999999998
conservative,15,276,0,optimal,water-regular-bundled,cq-guoyuan-port>sh-yangshan-port,water,240.0,1130.0,0.0,0.0,1130.0,719.7
conservative,15,276,62.36,optimal,water-regular-bundled,cq-guoyuan-port>sh-yangshan-port,water,240.0,1130.0,0.0,44.880492000000004,1174.880492,719.7
conservative,15,276,97.49,optimal,water-regular-bundled,cq-guoyuan-port>sh-yangshan-port,water,240.0,1130.0,0.0,70.163553,1200.163553,719.7
conservative,15,276,500,optimal,water-regular-bundled,cq-guoyuan-port>sh-yangshan-port,water,240.0,1130.0,0.0,359.85,1489.85,719.7
conservative,15,276,1000,optimal,water-regular-bundled,cq-guoyuan-port>sh-yangshan-port,water,240.0,1130.0,0.0,719.7,1849.7,719.7
conservative,15,276,3000,optimal,water-regular-bundled,cq-guoyuan-port>sh-yangshan-port,water,240.0,1130.0,0.0,2159.1000000000004,3289.1000000000004,719.7
conservative,15,276,6000,optimal,water-regular-bundled,cq-guoyuan-port>sh-yangshan-port,water,240.0,1130.0,0.0,4318.200000000001,5448.200000000001,719.7
conservative,15,276,6500,optimal,rail-road-via-luchaogang,cq-guoyuan-port>sh-luchaogang-rail>sh-yangshan-port,rail+road,72.25,4800.0,30.0,852.8324999999999,5682.8324999999995,131.20499999999998
conservative,15,276,7000,optimal,rail-road-via-luchaogang,cq-guoyuan-port>sh-luchaogang-rail>sh-yangshan-port,rail+road,72.25,4800.0,30.0,918.435,5748.4349999999995,131.20499999999998
conservative,15,276,10000,optimal,rail-road-via-luchaogang,cq-guoyuan-port>sh-luchaogang-rail>sh-yangshan-port,rail+road,72.25,4800.0,30.0,1312.0499999999997,6142.049999999999,131.20499999999998
conservative,15,360,0,optimal,water-regular-bundled,cq-guoyuan-port>sh-yangshan-port,water,240.0,1130.0,0.0,0.0,1130.0,719.7
conservative,15,360,62.36,optimal,water-regular-bundled,cq-guoyuan-port>sh-yangshan-port,water,240.0,1130.0,0.0,44.880492000000004,1174.880492,719.7
conservative,15,360,97.49,optimal,water-regular-bundled,cq-guoyuan-port>sh-yangshan-port,water,240.0,1130.0,0.0,70.163553,1200.163553,719.7
conservative,15,360,500,optimal,water-regular-bundled,cq-guoyuan-port>sh-yangshan-port,water,240.0,1130.0,0.0,359.85,1489.85,719.7
conservative,15,360,1000,optimal,water-regular-bundled,cq-guoyuan-port>sh-yangshan-port,water,240.0,1130.0,0.0,719.7,1849.7,719.7
conservative,15,360,3000,optimal,water-regular-bundled,cq-guoyuan-port>sh-yangshan-port,water,240.0,1130.0,0.0,2159.1000000000004,3289.1000000000004,719.7
conservative,15,360,6000,optimal,water-regular-bundled,cq-guoyuan-port>sh-yangshan-port,water,240.0,1130.0,0.0,4318.200000000001,5448.200000000001,719.7
conservative,15,360,6500,optimal,rail-road-via-luchaogang,cq-guoyuan-port>sh-luchaogang-rail>sh-yangshan-port,rail+road,72.25,4800.0,30.0,852.8324999999999,5682.8324999999995,131.20499999999998
conservative,15,360,7000,optimal,rail-road-via-luchaogang,cq-guoyuan-port>sh-luchaogang-rail>sh-yangshan-port,rail+road,72.25,4800.0,30.0,918.435,5748.4349999999995,131.20499999999998
conservative,15,360,10000,optimal,rail-road-via-luchaogang,cq-guoyuan-port>sh-luchaogang-rail>sh-yangshan-port,rail+road,72.25,4800.0,30.0,1312.0499999999997,6142.049999999999,131.20499999999998
conservative,20,48,0,infeasible,,,,,,,,,
conservative,20,48,62.36,infeasible,,,,,,,,,
conservative,20,48,97.49,infeasible,,,,,,,,,
conservative,20,48,500,infeasible,,,,,,,,,
conservative,20,48,1000,infeasible,,,,,,,,,
conservative,20,48,3000,infeasible,,,,,,,,,
conservative,20,48,6000,infeasible,,,,,,,,,
conservative,20,48,6500,infeasible,,,,,,,,,
conservative,20,48,7000,infeasible,,,,,,,,,
conservative,20,48,10000,infeasible,,,,,,,,,
conservative,20,55,0,infeasible,,,,,,,,,
conservative,20,55,62.36,infeasible,,,,,,,,,
conservative,20,55,97.49,infeasible,,,,,,,,,
conservative,20,55,500,infeasible,,,,,,,,,
conservative,20,55,1000,infeasible,,,,,,,,,
conservative,20,55,3000,infeasible,,,,,,,,,
conservative,20,55,6000,infeasible,,,,,,,,,
conservative,20,55,6500,infeasible,,,,,,,,,
conservative,20,55,7000,infeasible,,,,,,,,,
conservative,20,55,10000,infeasible,,,,,,,,,
conservative,20,60,0,infeasible,,,,,,,,,
conservative,20,60,62.36,infeasible,,,,,,,,,
conservative,20,60,97.49,infeasible,,,,,,,,,
conservative,20,60,500,infeasible,,,,,,,,,
conservative,20,60,1000,infeasible,,,,,,,,,
conservative,20,60,3000,infeasible,,,,,,,,,
conservative,20,60,6000,infeasible,,,,,,,,,
conservative,20,60,6500,infeasible,,,,,,,,,
conservative,20,60,7000,infeasible,,,,,,,,,
conservative,20,60,10000,infeasible,,,,,,,,,
conservative,20,66,0,infeasible,,,,,,,,,
conservative,20,66,62.36,infeasible,,,,,,,,,
conservative,20,66,97.49,infeasible,,,,,,,,,
conservative,20,66,500,infeasible,,,,,,,,,
conservative,20,66,1000,infeasible,,,,,,,,,
conservative,20,66,3000,infeasible,,,,,,,,,
conservative,20,66,6000,infeasible,,,,,,,,,
conservative,20,66,6500,infeasible,,,,,,,,,
conservative,20,66,7000,infeasible,,,,,,,,,
conservative,20,66,10000,infeasible,,,,,,,,,
conservative,20,72,0,infeasible,,,,,,,,,
conservative,20,72,62.36,infeasible,,,,,,,,,
conservative,20,72,97.49,infeasible,,,,,,,,,
conservative,20,72,500,infeasible,,,,,,,,,
conservative,20,72,1000,infeasible,,,,,,,,,
conservative,20,72,3000,infeasible,,,,,,,,,
conservative,20,72,6000,infeasible,,,,,,,,,
conservative,20,72,6500,infeasible,,,,,,,,,
conservative,20,72,7000,infeasible,,,,,,,,,
conservative,20,72,10000,infeasible,,,,,,,,,
conservative,20,96,0,optimal,rail-road-via-luchaogang,cq-guoyuan-port>sh-luchaogang-rail>sh-yangshan-port,rail+road,72.5,4800.0,40.0,0.0,4840.0,174.94
conservative,20,96,62.36,optimal,rail-road-via-luchaogang,cq-guoyuan-port>sh-luchaogang-rail>sh-yangshan-port,rail+road,72.5,4800.0,40.0,10.909258399999999,4850.9092584,174.94
conservative,20,96,97.49,optimal,rail-road-via-luchaogang,cq-guoyuan-port>sh-luchaogang-rail>sh-yangshan-port,rail+road,72.5,4800.0,40.0,17.0549006,4857.0549006,174.94
conservative,20,96,500,optimal,rail-road-via-luchaogang,cq-guoyuan-port>sh-luchaogang-rail>sh-yangshan-port,rail+road,72.5,4800.0,40.0,87.47,4927.47,174.94
conservative,20,96,1000,optimal,rail-road-via-luchaogang,cq-guoyuan-port>sh-luchaogang-rail>sh-yangshan-port,rail+road,72.5,4800.0,40.0,174.94,5014.94,174.94
conservative,20,96,3000,optimal,rail-road-via-luchaogang,cq-guoyuan-port>sh-luchaogang-rail>sh-yangshan-port,rail+road,72.5,4800.0,40.0,524.8199999999999,5364.82,174.94
conservative,20,96,6000,optimal,rail-road-via-luchaogang,cq-guoyuan-port>sh-luchaogang-rail>sh-yangshan-port,rail+road,72.5,4800.0,40.0,1049.6399999999999,5889.639999999999,174.94
conservative,20,96,6500,optimal,rail-road-via-luchaogang,cq-guoyuan-port>sh-luchaogang-rail>sh-yangshan-port,rail+road,72.5,4800.0,40.0,1137.11,5977.11,174.94
conservative,20,96,7000,optimal,rail-road-via-luchaogang,cq-guoyuan-port>sh-luchaogang-rail>sh-yangshan-port,rail+road,72.5,4800.0,40.0,1224.58,6064.58,174.94
conservative,20,96,10000,optimal,rail-road-via-luchaogang,cq-guoyuan-port>sh-luchaogang-rail>sh-yangshan-port,rail+road,72.5,4800.0,40.0,1749.4,6589.4,174.94
conservative,20,120,0,optimal,rail-road-via-luchaogang,cq-guoyuan-port>sh-luchaogang-rail>sh-yangshan-port,rail+road,72.5,4800.0,40.0,0.0,4840.0,174.94
conservative,20,120,62.36,optimal,rail-road-via-luchaogang,cq-guoyuan-port>sh-luchaogang-rail>sh-yangshan-port,rail+road,72.5,4800.0,40.0,10.909258399999999,4850.9092584,174.94
conservative,20,120,97.49,optimal,rail-road-via-luchaogang,cq-guoyuan-port>sh-luchaogang-rail>sh-yangshan-port,rail+road,72.5,4800.0,40.0,17.0549006,4857.0549006,174.94
conservative,20,120,500,optimal,rail-road-via-luchaogang,cq-guoyuan-port>sh-luchaogang-rail>sh-yangshan-port,rail+road,72.5,4800.0,40.0,87.47,4927.47,174.94
conservative,20,120,1000,optimal,rail-road-via-luchaogang,cq-guoyuan-port>sh-luchaogang-rail>sh-yangshan-port,rail+road,72.5,4800.0,40.0,174.94,5014.94,174.94
conservative,20,120,3000,optimal,rail-road-via-luchaogang,cq-guoyuan-port>sh-luchaogang-rail>sh-yangshan-port,rail+road,72.5,4800.0,40.0,524.8199999999999,5364.82,174.94
conservative,20,120,6000,optimal,rail-road-via-luchaogang,cq-guoyuan-port>sh-luchaogang-rail>sh-yangshan-port,rail+road,72.5,4800.0,40.0,1049.6399999999999,5889.639999999999,174.94
conservative,20,120,6500,optimal,rail-road-via-luchaogang,cq-guoyuan-port>sh-luchaogang-rail>sh-yangshan-port,rail+road,72.5,4800.0,40.0,1137.11,5977.11,174.94
conservative,20,120,7000,optimal,rail-road-via-luchaogang,cq-guoyuan-port>sh-luchaogang-rail>sh-yangshan-port,rail+road,72.5,4800.0,40.0,1224.58,6064.58,174.94
conservative,20,120,10000,optimal,rail-road-via-luchaogang,cq-guoyuan-port>sh-luchaogang-rail>sh-yangshan-port,rail+road,72.5,4800.0,40.0,1749.4,6589.4,174.94
conservative,20,168,0,optimal,rail-road-via-luchaogang,cq-guoyuan-port>sh-luchaogang-rail>sh-yangshan-port,rail+road,72.5,4800.0,40.0,0.0,4840.0,174.94
conservative,20,168,62.36,optimal,rail-road-via-luchaogang,cq-guoyuan-port>sh-luchaogang-rail>sh-yangshan-port,rail+road,72.5,4800.0,40.0,10.909258399999999,4850.9092584,174.94
conservative,20,168,97.49,optimal,rail-road-via-luchaogang,cq-guoyuan-port>sh-luchaogang-rail>sh-yangshan-port,rail+road,72.5,4800.0,40.0,17.0549006,4857.0549006,174.94
conservative,20,168,500,optimal,rail-road-via-luchaogang,cq-guoyuan-port>sh-luchaogang-rail>sh-yangshan-port,rail+road,72.5,4800.0,40.0,87.47,4927.47,174.94
conservative,20,168,1000,optimal,rail-road-via-luchaogang,cq-guoyuan-port>sh-luchaogang-rail>sh-yangshan-port,rail+road,72.5,4800.0,40.0,174.94,5014.94,174.94
conservative,20,168,3000,optimal,rail-road-via-luchaogang,cq-guoyuan-port>sh-luchaogang-rail>sh-yangshan-port,rail+road,72.5,4800.0,40.0,524.8199999999999,5364.82,174.94
conservative,20,168,6000,optimal,rail-road-via-luchaogang,cq-guoyuan-port>sh-luchaogang-rail>sh-yangshan-port,rail+road,72.5,4800.0,40.0,1049.6399999999999,5889.639999999999,174.94
conservative,20,168,6500,optimal,rail-road-via-luchaogang,cq-guoyuan-port>sh-luchaogang-rail>sh-yangshan-port,rail+road,72.5,4800.0,40.0,1137.11,5977.11,174.94
conservative,20,168,7000,optimal,rail-road-via-luchaogang,cq-guoyuan-port>sh-luchaogang-rail>sh-yangshan-port,rail+road,72.5,4800.0,40.0,1224.58,6064.58,174.94
conservative,20,168,10000,optimal,rail-road-via-luchaogang,cq-guoyuan-port>sh-luchaogang-rail>sh-yangshan-port,rail+road,72.5,4800.0,40.0,1749.4,6589.4,174.94
conservative,20,192,0,optimal,rail-road-via-luchaogang,cq-guoyuan-port>sh-luchaogang-rail>sh-yangshan-port,rail+road,72.5,4800.0,40.0,0.0,4840.0,174.94
conservative,20,192,62.36,optimal,rail-road-via-luchaogang,cq-guoyuan-port>sh-luchaogang-rail>sh-yangshan-port,rail+road,72.5,4800.0,40.0,10.909258399999999,4850.9092584,174.94
conservative,20,192,97.49,optimal,rail-road-via-luchaogang,cq-guoyuan-port>sh-luchaogang-rail>sh-yangshan-port,rail+road,72.5,4800.0,40.0,17.0549006,4857.0549006,174.94
conservative,20,192,500,optimal,rail-road-via-luchaogang,cq-guoyuan-port>sh-luchaogang-rail>sh-yangshan-port,rail+road,72.5,4800.0,40.0,87.47,4927.47,174.94
conservative,20,192,1000,optimal,rail-road-via-luchaogang,cq-guoyuan-port>sh-luchaogang-rail>sh-yangshan-port,rail+road,72.5,4800.0,40.0,174.94,5014.94,174.94
conservative,20,192,3000,optimal,rail-road-via-luchaogang,cq-guoyuan-port>sh-luchaogang-rail>sh-yangshan-port,rail+road,72.5,4800.0,40.0,524.8199999999999,5364.82,174.94
conservative,20,192,6000,optimal,rail-road-via-luchaogang,cq-guoyuan-port>sh-luchaogang-rail>sh-yangshan-port,rail+road,72.5,4800.0,40.0,1049.6399999999999,5889.639999999999,174.94
conservative,20,192,6500,optimal,rail-road-via-luchaogang,cq-guoyuan-port>sh-luchaogang-rail>sh-yangshan-port,rail+road,72.5,4800.0,40.0,1137.11,5977.11,174.94
conservative,20,192,7000,optimal,rail-road-via-luchaogang,cq-guoyuan-port>sh-luchaogang-rail>sh-yangshan-port,rail+road,72.5,4800.0,40.0,1224.58,6064.58,174.94
conservative,20,192,10000,optimal,rail-road-via-luchaogang,cq-guoyuan-port>sh-luchaogang-rail>sh-yangshan-port,rail+road,72.5,4800.0,40.0,1749.4,6589.4,174.94
conservative,20,204,0,optimal,rail-road-via-luchaogang,cq-guoyuan-port>sh-luchaogang-rail>sh-yangshan-port,rail+road,72.5,4800.0,40.0,0.0,4840.0,174.94
conservative,20,204,62.36,optimal,rail-road-via-luchaogang,cq-guoyuan-port>sh-luchaogang-rail>sh-yangshan-port,rail+road,72.5,4800.0,40.0,10.909258399999999,4850.9092584,174.94
conservative,20,204,97.49,optimal,rail-road-via-luchaogang,cq-guoyuan-port>sh-luchaogang-rail>sh-yangshan-port,rail+road,72.5,4800.0,40.0,17.0549006,4857.0549006,174.94
conservative,20,204,500,optimal,rail-road-via-luchaogang,cq-guoyuan-port>sh-luchaogang-rail>sh-yangshan-port,rail+road,72.5,4800.0,40.0,87.47,4927.47,174.94
conservative,20,204,1000,optimal,rail-road-via-luchaogang,cq-guoyuan-port>sh-luchaogang-rail>sh-yangshan-port,rail+road,72.5,4800.0,40.0,174.94,5014.94,174.94
conservative,20,204,3000,optimal,rail-road-via-luchaogang,cq-guoyuan-port>sh-luchaogang-rail>sh-yangshan-port,rail+road,72.5,4800.0,40.0,524.8199999999999,5364.82,174.94
conservative,20,204,6000,optimal,rail-road-via-luchaogang,cq-guoyuan-port>sh-luchaogang-rail>sh-yangshan-port,rail+road,72.5,4800.0,40.0,1049.6399999999999,5889.639999999999,174.94
conservative,20,204,6500,optimal,rail-road-via-luchaogang,cq-guoyuan-port>sh-luchaogang-rail>sh-yangshan-port,rail+road,72.5,4800.0,40.0,1137.11,5977.11,174.94
conservative,20,204,7000,optimal,rail-road-via-luchaogang,cq-guoyuan-port>sh-luchaogang-rail>sh-yangshan-port,rail+road,72.5,4800.0,40.0,1224.58,6064.58,174.94
conservative,20,204,10000,optimal,rail-road-via-luchaogang,cq-guoyuan-port>sh-luchaogang-rail>sh-yangshan-port,rail+road,72.5,4800.0,40.0,1749.4,6589.4,174.94
conservative,20,216,0,optimal,water-express-bundled,cq-guoyuan-port>sh-yangshan-port,water,216.0,1400.0,0.0,0.0,1400.0,959.6000000000001
conservative,20,216,62.36,optimal,water-express-bundled,cq-guoyuan-port>sh-yangshan-port,water,216.0,1400.0,0.0,59.84065600000001,1459.840656,959.6000000000001
conservative,20,216,97.49,optimal,water-express-bundled,cq-guoyuan-port>sh-yangshan-port,water,216.0,1400.0,0.0,93.551404,1493.551404,959.6000000000001
conservative,20,216,500,optimal,water-express-bundled,cq-guoyuan-port>sh-yangshan-port,water,216.0,1400.0,0.0,479.80000000000007,1879.8000000000002,959.6000000000001
conservative,20,216,1000,optimal,water-express-bundled,cq-guoyuan-port>sh-yangshan-port,water,216.0,1400.0,0.0,959.6000000000001,2359.6000000000004,959.6000000000001
conservative,20,216,3000,optimal,water-express-bundled,cq-guoyuan-port>sh-yangshan-port,water,216.0,1400.0,0.0,2878.8,4278.8,959.6000000000001
conservative,20,216,6000,optimal,rail-road-via-luchaogang,cq-guoyuan-port>sh-luchaogang-rail>sh-yangshan-port,rail+road,72.5,4800.0,40.0,1049.6399999999999,5889.639999999999,174.94
conservative,20,216,6500,optimal,rail-road-via-luchaogang,cq-guoyuan-port>sh-luchaogang-rail>sh-yangshan-port,rail+road,72.5,4800.0,40.0,1137.11,5977.11,174.94
conservative,20,216,7000,optimal,rail-road-via-luchaogang,cq-guoyuan-port>sh-luchaogang-rail>sh-yangshan-port,rail+road,72.5,4800.0,40.0,1224.58,6064.58,174.94
conservative,20,216,10000,optimal,rail-road-via-luchaogang,cq-guoyuan-port>sh-luchaogang-rail>sh-yangshan-port,rail+road,72.5,4800.0,40.0,1749.4,6589.4,174.94
conservative,20,240,0,optimal,water-regular-bundled,cq-guoyuan-port>sh-yangshan-port,water,240.0,1130.0,0.0,0.0,1130.0,959.6000000000001
conservative,20,240,62.36,optimal,water-regular-bundled,cq-guoyuan-port>sh-yangshan-port,water,240.0,1130.0,0.0,59.84065600000001,1189.840656,959.6000000000001
conservative,20,240,97.49,optimal,water-regular-bundled,cq-guoyuan-port>sh-yangshan-port,water,240.0,1130.0,0.0,93.551404,1223.551404,959.6000000000001
conservative,20,240,500,optimal,water-regular-bundled,cq-guoyuan-port>sh-yangshan-port,water,240.0,1130.0,0.0,479.80000000000007,1609.8000000000002,959.6000000000001
conservative,20,240,1000,optimal,water-regular-bundled,cq-guoyuan-port>sh-yangshan-port,water,240.0,1130.0,0.0,959.6000000000001,2089.6000000000004,959.6000000000001
conservative,20,240,3000,optimal,water-regular-bundled,cq-guoyuan-port>sh-yangshan-port,water,240.0,1130.0,0.0,2878.8,4008.8,959.6000000000001
conservative,20,240,6000,optimal,rail-road-via-luchaogang,cq-guoyuan-port>sh-luchaogang-rail>sh-yangshan-port,rail+road,72.5,4800.0,40.0,1049.6399999999999,5889.639999999999,174.94
conservative,20,240,6500,optimal,rail-road-via-luchaogang,cq-guoyuan-port>sh-luchaogang-rail>sh-yangshan-port,rail+road,72.5,4800.0,40.0,1137.11,5977.11,174.94
conservative,20,240,7000,optimal,rail-road-via-luchaogang,cq-guoyuan-port>sh-luchaogang-rail>sh-yangshan-port,rail+road,72.5,4800.0,40.0,1224.58,6064.58,174.94
conservative,20,240,10000,optimal,rail-road-via-luchaogang,cq-guoyuan-port>sh-luchaogang-rail>sh-yangshan-port,rail+road,72.5,4800.0,40.0,1749.4,6589.4,174.94
conservative,20,276,0,optimal,water-regular-bundled,cq-guoyuan-port>sh-yangshan-port,water,240.0,1130.0,0.0,0.0,1130.0,959.6000000000001
conservative,20,276,62.36,optimal,water-regular-bundled,cq-guoyuan-port>sh-yangshan-port,water,240.0,1130.0,0.0,59.84065600000001,1189.840656,959.6000000000001
conservative,20,276,97.49,optimal,water-regular-bundled,cq-guoyuan-port>sh-yangshan-port,water,240.0,1130.0,0.0,93.551404,1223.551404,959.6000000000001
conservative,20,276,500,optimal,water-regular-bundled,cq-guoyuan-port>sh-yangshan-port,water,240.0,1130.0,0.0,479.80000000000007,1609.8000000000002,959.6000000000001
conservative,20,276,1000,optimal,water-regular-bundled,cq-guoyuan-port>sh-yangshan-port,water,240.0,1130.0,0.0,959.6000000000001,2089.6000000000004,959.6000000000001
conservative,20,276,3000,optimal,water-regular-bundled,cq-guoyuan-port>sh-yangshan-port,water,240.0,1130.0,0.0,2878.8,4008.8,959.6000000000001
conservative,20,276,6000,optimal,rail-road-via-luchaogang,cq-guoyuan-port>sh-luchaogang-rail>sh-yangshan-port,rail+road,72.5,4800.0,40.0,1049.6399999999999,5889.639999999999,174.94
conservative,20,276,6500,optimal,rail-road-via-luchaogang,cq-guoyuan-port>sh-luchaogang-rail>sh-yangshan-port,rail+road,72.5,4800.0,40.0,1137.11,5977.11,174.94
conservative,20,276,7000,optimal,rail-road-via-luchaogang,cq-guoyuan-port>sh-luchaogang-rail>sh-yangshan-port,rail+road,72.5,4800.0,40.0,1224.58,6064.58,174.94
conservative,20,276,10000,optimal,rail-road-via-luchaogang,cq-guoyuan-port>sh-luchaogang-rail>sh-yangshan-port,rail+road,72.5,4800.0,40.0,1749.4,6589.4,174.94
conservative,20,360,0,optimal,water-regular-bundled,cq-guoyuan-port>sh-yangshan-port,water,240.0,1130.0,0.0,0.0,1130.0,959.6000000000001
conservative,20,360,62.36,optimal,water-regular-bundled,cq-guoyuan-port>sh-yangshan-port,water,240.0,1130.0,0.0,59.84065600000001,1189.840656,959.6000000000001
conservative,20,360,97.49,optimal,water-regular-bundled,cq-guoyuan-port>sh-yangshan-port,water,240.0,1130.0,0.0,93.551404,1223.551404,959.6000000000001
conservative,20,360,500,optimal,water-regular-bundled,cq-guoyuan-port>sh-yangshan-port,water,240.0,1130.0,0.0,479.80000000000007,1609.8000000000002,959.6000000000001
conservative,20,360,1000,optimal,water-regular-bundled,cq-guoyuan-port>sh-yangshan-port,water,240.0,1130.0,0.0,959.6000000000001,2089.6000000000004,959.6000000000001
conservative,20,360,3000,optimal,water-regular-bundled,cq-guoyuan-port>sh-yangshan-port,water,240.0,1130.0,0.0,2878.8,4008.8,959.6000000000001
conservative,20,360,6000,optimal,rail-road-via-luchaogang,cq-guoyuan-port>sh-luchaogang-rail>sh-yangshan-port,rail+road,72.5,4800.0,40.0,1049.6399999999999,5889.639999999999,174.94
conservative,20,360,6500,optimal,rail-road-via-luchaogang,cq-guoyuan-port>sh-luchaogang-rail>sh-yangshan-port,rail+road,72.5,4800.0,40.0,1137.11,5977.11,174.94
conservative,20,360,7000,optimal,rail-road-via-luchaogang,cq-guoyuan-port>sh-luchaogang-rail>sh-yangshan-port,rail+road,72.5,4800.0,40.0,1224.58,6064.58,174.94
conservative,20,360,10000,optimal,rail-road-via-luchaogang,cq-guoyuan-port>sh-luchaogang-rail>sh-yangshan-port,rail+road,72.5,4800.0,40.0,1749.4,6589.4,174.94
