scenario_id,method,seed,feasible,status,total_cost_cny,emissions_kg,constraint_violation,emission_violation,restarts,candidate_evaluations
central-balanced-c97p49-r0,greedy,,True,feasible-heuristic,182555.437959,14929.099999999997,0.0,0.0,0,192
central-balanced-c97p49-r0,fixed,0,True,feasible-heuristic,182555.437959,14929.099999999997,0.0,0.0,0,2400
central-balanced-c97p49-r0,fixed,1,True,feasible-heuristic,182555.437959,14929.099999999997,0.0,0.0,0,2400
central-balanced-c97p49-r0,fixed,2,True,feasible-heuristic,182555.437959,14929.099999999997,0.0,0.0,0,2400
central-balanced-c97p49-r0,fixed,3,True,feasible-heuristic,182555.437959,14929.099999999997,0.0,0.0,0,2400
central-balanced-c97p49-r0,fixed,4,True,feasible-heuristic,182555.437959,14929.099999999997,0.0,0.0,0,2400
central-balanced-c97p49-r0,fixed,5,True,feasible-heuristic,182555.437959,14929.099999999997,0.0,0.0,0,2400
central-balanced-c97p49-r0,fixed,6,True,feasible-heuristic,182555.437959,14929.099999999997,0.0,0.0,0,2400
central-balanced-c97p49-r0,fixed,7,True,feasible-heuristic,182555.437959,14929.099999999997,0.0,0.0,0,2400
central-balanced-c97p49-r0,fixed,8,True,feasible-heuristic,182555.437959,14929.099999999997,0.0,0.0,0,2400
central-balanced-c97p49-r0,fixed,9,True,feasible-heuristic,182825.437959,14929.099999999997,0.0,0.0,0,2400
central-balanced-c97p49-r0,fixed,10,True,feasible-heuristic,182555.437959,14929.099999999997,0.0,0.0,0,2400
central-balanced-c97p49-r0,fixed,11,True,feasible-heuristic,182555.437959,14929.099999999997,0.0,0.0,0,2400
central-balanced-c97p49-r0,fixed,12,True,feasible-heuristic,182555.437959,14929.099999999997,0.0,0.0,0,2400
central-balanced-c97p49-r0,fixed,13,True,feasible-heuristic,182555.437959,14929.099999999997,0.0,0.0,0,2400
central-balanced-c97p49-r0,fixed,14,True,feasible-heuristic,182555.437959,14929.099999999997,0.0,0.0,0,2400
central-balanced-c97p49-r0,fixed,15,True,feasible-heuristic,182555.437959,14929.099999999997,0.0,0.0,0,2400
central-balanced-c97p49-r0,fixed,16,True,feasible-heuristic,182555.437959,14929.099999999997,0.0,0.0,0,2400
central-balanced-c97p49-r0,fixed,17,True,feasible-heuristic,182555.437959,14929.099999999997,0.0,0.0,0,2400
central-balanced-c97p49-r0,fixed,18,True,feasible-heuristic,182555.437959,14929.099999999997,0.0,0.0,0,2400
central-balanced-c97p49-r0,fixed,19,True,feasible-heuristic,182555.437959,14929.099999999997,0.0,0.0,0,2400
central-balanced-c97p49-r0,fixed,20,True,feasible-heuristic,185918.9414556,14144.439999999999,0.0,0.0,0,2400
central-balanced-c97p49-r0,fixed,21,True,feasible-heuristic,182555.437959,14929.099999999997,0.0,0.0,0,2400
central-balanced-c97p49-r0,fixed,22,True,feasible-heuristic,182555.437959,14929.099999999997,0.0,0.0,0,2400
central-balanced-c97p49-r0,fixed,23,True,feasible-heuristic,182555.437959,14929.099999999997,0.0,0.0,0,2400
central-balanced-c97p49-r0,fixed,24,True,feasible-heuristic,182555.437959,14929.099999999997,0.0,0.0,0,2400
central-balanced-c97p49-r0,fixed,25,True,feasible-heuristic,182555.437959,14929.099999999997,0.0,0.0,0,2400
central-balanced-c97p49-r0,fixed,26,True,feasible-heuristic,182555.437959,14929.099999999997,0.0,0.0,0,2400
central-balanced-c97p49-r0,fixed,27,True,feasible-heuristic,182555.437959,14929.099999999997,0.0,0.0,0,2400
central-balanced-c97p49-r0,fixed,28,True,feasible-heuristic,182555.437959,14929.099999999997,0.0,0.0,0,2400
central-balanced-c97p49-r0,fixed,29,True,feasible-heuristic,182555.437959,14929.099999999997,0.0,0.0,0,2400
central-balanced-c97p49-r0,adaptive,0,True,feasible-heuristic,182555.437959,14929.099999999997,0.0,0.0,0,2400
central-balanced-c97p49-r0,adaptive,1,True,feasible-heuristic,182555.437959,14929.099999999997,0.0,0.0,0,2400
central-balanced-c97p49-r0,adaptive,2,True,feasible-heuristic,182555.437959,14929.099999999997,0.0,0.0,0,2400
central-balanced-c97p49-r0,adaptive,3,True,feasible-heuristic,182555.437959,14929.099999999997,0.0,0.0,0,2400
central-balanced-c97p49-r0,adaptive,4,True,feasible-heuristic,182555.437959,14929.099999999997,0.0,0.0,0,2400
central-balanced-c97p49-r0,adaptive,5,True,feasible-heuristic,182825.437959,14929.099999999997,0.0,0.0,0,2400
central-balanced-c97p49-r0,adaptive,6,True,feasible-heuristic,182555.437959,14929.099999999997,0.0,0.0,0,2400
central-balanced-c97p49-r0,adaptive,7,True,feasible-heuristic,182825.437959,14929.099999999997,0.0,0.0,0,2400
central-balanced-c97p49-r0,adaptive,8,True,feasible-heuristic,182825.437959,14929.099999999997,0.0,0.0,0,2400
central-balanced-c97p49-r0,adaptive,9,True,feasible-heuristic,182555.437959,14929.099999999997,0.0,0.0,0,2400
central-balanced-c97p49-r0,adaptive,10,True,feasible-heuristic,182825.437959,14929.099999999997,0.0,0.0,0,2400
central-balanced-c97p49-r0,adaptive,11,True,feasible-heuristic,182555.437959,14929.099999999997,0.0,0.0,0,2400
central-balanced-c97p49-r0,adaptive,12,True,feasible-heuristic,182555.437959,14929.099999999997,0.0,0.0,0,2400
central-balanced-c97p49-r0,adaptive,13,True,feasible-heuristic,182555.437959,14929.099999999997,0.0,0.0,0,2400
central-balanced-c97p49-r0,adaptive,14,True,feasible-heuristic,182555.437959,14929.099999999997,0.0,0.0,0,2400
central-balanced-c97p49-r0,adaptive,15,True,feasible-heuristic,182825.437959,14929.099999999997,0.0,0.0,0,2400
central-balanced-c97p49-r0,adaptive,16,True,feasible-heuristic,182555.437959,14929.099999999997,0.0,0.0,0,2400
central-balanced-c97p49-r0,adaptive,17,True,feasible-heuristic,182555.437959,14929.099999999997,0.0,0.0,0,2400
central-balanced-c97p49-r0,adaptive,18,True,feasible-heuristic,182555.437959,14929.099999999997,0.0,0.0,0,2400
central-balanced-c97p49-r0,adaptive,19,True,feasible-heuristic,182555.437959,14929.099999999997,0.0,0.0,0,2400
central-balanced-c97p49-r0,adaptive,20,True,feasible-heuristic,182825.437959,14929.099999999997,0.0,0.0,0,2400
central-balanced-c97p49-r0,adaptive,21,True,feasible-heuristic,182825.437959,14929.099999999997,0.0,0.0,0,2400
central-balanced-c97p49-r0,adaptive,22,True,feasible-heuristic,182555.437959,14929.099999999997,0.0,0.0,0,2400
central-balanced-c97p49-r0,adaptive,23,True,feasible-heuristic,182555.437959,14929.099999999997,0.0,0.0,0,2400
central-balanced-c97p49-r0,adaptive,24,True,feasible-heuristic,185918.9414556,14144.439999999999,0.0,0.0,0,2400
central-balanced-c97p49-r0,adaptive,25,True,feasible-heuristic,183095.437959,14929.099999999997,0.0,0.0,0,2400
central-balanced-c97p49-r0,adaptive,26,True,feasible-heuristic,182555.437959,14929.099999999997,0.0,0.0,0,2400
central-balanced-c97p49-r0,adaptive,27,True,feasible-heuristic,182825.437959,14929.099999999997,0.0,0.0,0,2400
central-balanced-c97p49-r0,adaptive,28,True,feasible-heuristic,182555.437959,14929.099999999997,0.0,0.0,0,2400
central-balanced-c97p49-r0,adaptive,29,True,feasible-heuristic,182555.437959,14929.099999999997,0.0,0.0,0,2400
central-balanced-c97p49-r0,catastrophe,0,True,feasible-heuristic,182555.437959,14929.099999999997,0.0,0.0,0,2400
central-balanced-c97p49-r0,catastrophe,1,True,feasible-heuristic,182555.437959,14929.099999999997,0.0,0.0,0,2400
central-balanced-c97p49-r0,catastrophe,2,True,feasible-heuristic,182555.437959,14929.099999999997,0.0,0.0,1,2400
central-balanced-c97p49-r0,catastrophe,3,True,feasible-heuristic,182555.437959,14929.099999999997,0.0,0.0,0,2400
central-balanced-c97p49-r0,catastrophe,4,True,feasible-heuristic,182555.437959,14929.099999999997,0.0,0.0,1,2400
central-balanced-c97p49-r0,catastrophe,5,True,feasible-heuristic,182555.437959,14929.099999999997,0.0,0.0,0,2400
central-balanced-c97p49-r0,catastrophe,6,True,feasible-heuristic,182555.437959,14929.099999999997,0.0,0.0,0,2400
central-balanced-c97p49-r0,catastrophe,7,True,feasible-heuristic,182555.437959,14929.099999999997,0.0,0.0,0,2400
central-balanced-c97p49-r0,catastrophe,8,True,feasible-heuristic,182555.437959,14929.099999999997,0.0,0.0,0,2400
central-balanced-c97p49-r0,catastrophe,9,True,feasible-heuristic,182825.437959,14929.099999999997,0.0,0.0,0,2400
central-balanced-c97p49-r0,catastrophe,10,True,feasible-heuristic,182555.437959,14929.099999999997,0.0,0.0,0,2400
central-balanced-c97p49-r0,catastrophe,11,True,feasible-heuristic,182555.437959,14929.099999999997,0.0,0.0,1,2400
central-balanced-c97p49-r0,catastrophe,12,True,feasible-heuristic,182555.437959,14929.099999999997,0.0,0.0,1,2400
central-balanced-c97p49-r0,catastrophe,13,True,feasible-heuristic,182555.437959,14929.099999999997,0.0,0.0,1,2400
central-balanced-c97p49-r0,catastrophe,14,True,feasible-heuristic,182555.437959,14929.099999999997,0.0,0.0,0,2400
central-balanced-c97p49-r0,catastrophe,15,True,feasible-heuristic,182555.437959,14929.099999999997,0.0,0.0,0,2400
central-balanced-c97p49-r0,catastrophe,16,True,feasible-heuristic,182555.437959,14929.099999999997,0.0,0.0,1,2400
central-balanced-c97p49-r0,catastrophe,17,True,feasible-heuristic,182555.437959,14929.099999999997,0.0,0.0,0,2400
central-balanced-c97p49-r0,catastrophe,18,True,feasible-heuristic,182555.437959,14929.099999999997,0.0,0.0,0,2400
central-balanced-c97p49-r0,catastrophe,19,True,feasible-heuristic,182555.437959,14929.099999999997,0.0,0.0,1,2400
central-balanced-c97p49-r0,catastrophe,20,True,feasible-heuristic,185918.9414556,14144.439999999999,0.0,0.0,0,2400
central-balanced-c97p49-r0,catastrophe,21,True,feasible-heuristic,182555.437959,14929.099999999997,0.0,0.0,0,2400
central-balanced-c97p49-r0,catastrophe,22,True,feasible-heuristic,182555.437959,14929.099999999997,0.0,0.0,1,2400
central-balanced-c97p49-r0,catastrophe,23,True,feasible-heuristic,182555.437959,14929.099999999997,0.0,0.0,0,2400
central-balanced-c97p49-r0,catastrophe,24,True,feasible-heuristic,182555.437959,14929.099999999997,0.0,0.0,0,2400
central-balanced-c97p49-r0,catastrophe,25,True,feasible-heuristic,182555.437959,14929.099999999997,0.0,0.0,1,2400
central-balanced-c97p49-r0,catastrophe,26,True,feasible-heuristic,182555.437959,14929.099999999997,0.0,0.0,1,2400
central-balanced-c97p49-r0,catastrophe,27,True,feasible-heuristic,182555.437959,14929.099999999997,0.0,0.0,1,2400
central-balanced-c97p49-r0,catastrophe,28,True,feasible-heuristic,182555.437959,14929.099999999997,0.0,0.0,1,2400
central-balanced-c97p49-r0,catastrophe,29,True,feasible-heuristic,182555.437959,14929.099999999997,0.0,0.0,0,2400
central-balanced-c97p49-r0,combined,0,True,feasible-heuristic,182555.437959,14929.099999999997,0.0,0.0,0,2400
central-balanced-c97p49-r0,combined,1,True,feasible-heuristic,182555.437959,14929.099999999997,0.0,0.0,0,2400
central-balanced-c97p49-r0,combined,2,True,feasible-heuristic,182555.437959,14929.099999999997,0.0,0.0,0,2400
central-balanced-c97p49-r0,combined,3,True,feasible-heuristic,182555.437959,14929.099999999997,0.0,0.0,0,2400
central-balanced-c97p49-r0,combined,4,True,feasible-heuristic,182555.437959,14929.099999999997,0.0,0.0,0,2400
central-balanced-c97p49-r0,combined,5,True,feasible-heuristic,182825.437959,14929.099999999997,0.0,0.0,0,2400
central-balanced-c97p49-r0,combined,6,True,feasible-heuristic,182555.437959,14929.099999999997,0.0,0.0,0,2400
central-balanced-c97p49-r0,combined,7,True,feasible-heuristic,182825.437959,14929.099999999997,0.0,0.0,0,2400
central-balanced-c97p49-r0,combined,8,True,feasible-heuristic,182825.437959,14929.099999999997,0.0,0.0,0,2400
central-balanced-c97p49-r0,combined,9,True,feasible-heuristic,182555.437959,14929.099999999997,0.0,0.0,0,2400
central-balanced-c97p49-r0,combined,10,True,feasible-heuristic,182825.437959,14929.099999999997,0.0,0.0,0,2400
central-balanced-c97p49-r0,combined,11,True,feasible-heuristic,182555.437959,14929.099999999997,0.0,0.0,0,2400
central-balanced-c97p49-r0,combined,12,True,feasible-heuristic,182555.437959,14929.099999999997,0.0,0.0,1,2400
central-balanced-c97p49-r0,combined,13,True,feasible-heuristic,182555.437959,14929.099999999997,0.0,0.0,0,2400
central-balanced-c97p49-r0,combined,14,True,feasible-heuristic,182555.437959,14929.099999999997,0.0,0.0,1,2400
central-balanced-c97p49-r0,combined,15,True,feasible-heuristic,182825.437959,14929.099999999997,0.0,0.0,1,2400
central-balanced-c97p49-r0,combined,16,True,feasible-heuristic,182555.437959,14929.099999999997,0.0,0.0,1,2400
central-balanced-c97p49-r0,combined,17,True,feasible-heuristic,182555.437959,14929.099999999997,0.0,0.0,0,2400
central-balanced-c97p49-r0,combined,18,True,feasible-heuristic,182555.437959,14929.099999999997,0.0,0.0,0,2400
central-balanced-c97p49-r0,combined,19,True,feasible-heuristic,182555.437959,14929.099999999997,0.0,0.0,0,2400
central-balanced-c97p49-r0,combined,20,True,feasible-heuristic,182825.437959,14929.099999999997,0.0,0.0,0,2400
central-balanced-c97p49-r0,combined,21,True,feasible-heuristic,182825.437959,14929.099999999997,0.0,0.0,0,2400
central-balanced-c97p49-r0,combined,22,True,feasible-heuristic,182555.437959,14929.099999999997,0.0,0.0,0,2400
central-balanced-c97p49-r0,combined,23,True,feasible-heuristic,182555.437959,14929.099999999997,0.0,0.0,0,2400
central-balanced-c97p49-r0,combined,24,True,feasible-heuristic,185918.9414556,14144.439999999999,0.0,0.0,1,2400
central-balanced-c97p49-r0,combined,25,True,feasible-heuristic,183095.437959,14929.099999999997,0.0,0.0,0,2400
central-balanced-c97p49-r0,combined,26,True,feasible-heuristic,182555.437959,14929.099999999997,0.0,0.0,0,2400
central-balanced-c97p49-r0,combined,27,True,feasible-heuristic,182825.437959,14929.099999999997,0.0,0.0,0,2400
central-balanced-c97p49-r0,combined,28,True,feasible-heuristic,182555.437959,14929.099999999997,0.0,0.0,1,2400
central-balanced-c97p49-r0,combined,29,True,feasible-heuristic,182825.437959,14929.099999999997,0.0,0.0,1,2400
central-balanced-c97p49-r0,hybrid-seeded,0,True,feasible-heuristic,182555.437959,14929.099999999997,0.0,0.0,2,2400
central-balanced-c97p49-r0,hybrid-seeded,1,True,feasible-heuristic,182555.437959,14929.099999999997,0.0,0.0,2,2400
central-balanced-c97p49-r0,hybrid-seeded,2,True,feasible-heuristic,182555.437959,14929.099999999997,0.0,0.0,2,2400
central-balanced-c97p49-r0,hybrid-seeded,3,True,feasible-heuristic,182555.437959,14929.099999999997,0.0,0.0,2,2400
central-balanced-c97p49-r0,hybrid-seeded,4,True,feasible-heuristic,182555.437959,14929.099999999997,0.0,0.0,2,2400
central-balanced-c97p49-r0,hybrid-seeded,5,True,feasible-heuristic,182555.437959,14929.099999999997,0.0,0.0,2,2400
central-balanced-c97p49-r0,hybrid-seeded,6,True,feasible-heuristic,182555.437959,14929.099999999997,0.0,0.0,2,2400
central-balanced-c97p49-r0,hybrid-seeded,7,True,feasible-heuristic,182555.437959,14929.099999999997,0.0,0.0,2,2400
central-balanced-c97p49-r0,hybrid-seeded,8,True,feasible-heuristic,182555.437959,14929.099999999997,0.0,0.0,2,2400
central-balanced-c97p49-r0,hybrid-seeded,9,True,feasible-heuristic,182555.437959,14929.099999999997,0.0,0.0,2,2400
central-balanced-c97p49-r0,hybrid-seeded,10,True,feasible-heuristic,182555.437959,14929.099999999997,0.0,0.0,2,2400
central-balanced-c97p49-r0,hybrid-seeded,11,True,feasible-heuristic,182555.437959,14929.099999999997,0.0,0.0,2,2400
central-balanced-c97p49-r0,hybrid-seeded,12,True,feasible-heuristic,182555.437959,14929.099999999997,0.0,0.0,2,2400
central-balanced-c97p49-r0,hybrid-seeded,13,True,feasible-heuristic,182555.437959,14929.099999999997,0.0,0.0,2,2400
central-balanced-c97p49-r0,hybrid-seeded,14,True,feasible-heuristic,182555.437959,14929.099999999997,0.0,0.0,2,2400
central-balanced-c97p49-r0,hybrid-seeded,15,True,feasible-heuristic,182555.437959,14929.099999999997,0.0,0.0,2,2400
central-balanced-c97p49-r0,hybrid-seeded,16,True,feasible-heuristic,182555.437959,14929.099999999997,0.0,0.0,2,2400
central-balanced-c97p49-r0,hybrid-seeded,17,True,feasible-heuristic,182555.437959,14929.099999999997,0.0,0.0,2,2400
central-balanced-c97p49-r0,hybrid-seeded,18,True,feasible-heuristic,182555.437959,14929.099999999997,0.0,0.0,2,2400
central-balanced-c97p49-r0,hybrid-seeded,19,True,feasible-heuristic,182555.437959,14929.099999999997,0.0,0.0,2,2400
central-balanced-c97p49-r0,hybrid-seeded,20,True,feasible-heuristic,182555.437959,14929.099999999997,0.0,0.0,2,2400
central-balanced-c97p49-r0,hybrid-seeded,21,True,feasible-heuristic,182555.437959,14929.099999999997,0.0,0.0,2,2400
central-balanced-c97p49-r0,hybrid-seeded,22,True,feasible-heuristic,182555.437959,14929.099999999997,0.0,0.0,2,2400
central-balanced-c97p49-r0,hybrid-seeded,23,True,feasible-heuristic,182555.437959,14929.099999999997,0.0,0.0,2,2400
central-balanced-c97p49-r0,hybrid-seeded,24,True,feasible-heuristic,182555.437959,14929.099999999997,0.0,0.0,2,2400
central-balanced-c97p49-r0,hybrid-seeded,25,True,feasible-heuristic,182555.437959,14929.099999999997,0.0,0.0,2,2400
central-balanced-c97p49-r0,hybrid-seeded,26,True,feasible-heuristic,182555.437959,14929.099999999997,0.0,0.0,2,2400
central-balanced-c97p49-r0,hybrid-seeded,27,True,feasible-heuristic,182555.437959,14929.099999999997,0.0,0.0,2,2400
central-balanced-c97p49-r0,hybrid-seeded,28,True,feasible-heuristic,182555.437959,14929.099999999997,0.0,0.0,2,2400
central-balanced-c97p49-r0,hybrid-seeded,29,True,feasible-heuristic,182555.437959,14929.099999999997,0.0,0.0,2,2400
central-balanced-c97p49-r9p5,greedy,,True,feasible-heuristic,193492.4449522,13359.779999999999,0.0,0.0,0,192
central-balanced-c97p49-r9p5,fixed,0,True,feasible-heuristic,192673.32082635,13163.615,0.0,0.0,0,2400
central-balanced-c97p49-r9p5,fixed,1,True,feasible-heuristic,189282.4449522,13359.78,0.0,0.0,0,2400
central-balanced-c97p49-r9p5,fixed,2,True,feasible-heuristic,189282.4449522,13359.78,0.0,0.0,0,2400
central-balanced-c97p49-r9p5,fixed,3,True,feasible-heuristic,189552.4449522,13359.779999999999,0.0,0.0,0,2400
central-balanced-c97p49-r9p5,fixed,4,True,feasible-heuristic,192943.32082635,13163.614999999998,0.0,0.0,0,2400
central-balanced-c97p49-r9p5,fixed,5,True,feasible-heuristic,189552.4449522,13359.779999999999,0.0,0.0,0,2400
central-balanced-c97p49-r9p5,fixed,6,True,feasible-heuristic,193222.4449522,13359.779999999999,0.0,0.0,0,2400
central-balanced-c97p49-r9p5,fixed,7,True,feasible-heuristic,189552.4449522,13359.779999999999,0.0,0.0,0,2400
central-balanced-c97p49-r9p5,fixed,8,True,feasible-heuristic,189552.4449522,13359.779999999999,0.0,0.0,0,2400
central-balanced-c97p49-r9p5,fixed,9,True,feasible-heuristic,189282.4449522,13359.78,0.0,0.0,0,2400
central-balanced-c97p49-r9p5,fixed,10,True,feasible-heuristic,189282.4449522,13359.78,0.0,0.0,0,2400
central-balanced-c97p49-r9p5,fixed,11,True,feasible-heuristic,189282.4449522,13359.78,0.0,0.0,0,2400
central-balanced-c97p49-r9p5,fixed,12,True,feasible-heuristic,189552.4449522,13359.779999999999,0.0,0.0,0,2400
central-balanced-c97p49-r9p5,fixed,13,True,feasible-heuristic,192673.32082635,13163.615,0.0,0.0,0,2400
central-balanced-c97p49-r9p5,fixed,14,True,feasible-heuristic,189282.4449522,13359.78,0.0,0.0,0,2400
central-balanced-c97p49-r9p5,fixed,15,True,feasible-heuristic,189552.4449522,13359.779999999999,0.0,0.0,0,2400
central-balanced-c97p49-r9p5,fixed,16,True,feasible-heuristic,192673.32082635,13163.615,0.0,0.0,0,2400
central-balanced-c97p49-r9p5,fixed,17,True,feasible-heuristic,189552.4449522,13359.779999999999,0.0,0.0,0,2400
central-balanced-c97p49-r9p5,fixed,18,True,feasible-heuristic,192673.32082635,13163.615,0.0,0.0,0,2400
central-balanced-c97p49-r9p5,fixed,19,True,feasible-heuristic,189552.4449522,13359.779999999999,0.0,0.0,0,2400
central-balanced-c97p49-r9p5,fixed,20,True,feasible-heuristic,189282.4449522,13359.78,0.0,0.0,0,2400
central-balanced-c97p49-r9p5,fixed,21,True,feasible-heuristic,189282.4449522,13359.78,0.0,0.0,0,2400
central-balanced-c97p49-r9p5,fixed,22,True,feasible-heuristic,189552.4449522,13359.779999999999,0.0,0.0,0,2400
central-balanced-c97p49-r9p5,fixed,23,True,feasible-heuristic,189282.4449522,13359.78,0.0,0.0,0,2400
central-balanced-c97p49-r9p5,fixed,24,True,feasible-heuristic,193213.32082635,13163.615,0.0,0.0,0,2400
central-balanced-c97p49-r9p5,fixed,25,True,feasible-heuristic,189552.4449522,13359.779999999999,0.0,0.0,0,2400
central-balanced-c97p49-r9p5,fixed,26,True,feasible-heuristic,192943.32082635,13163.615000000002,0.0,0.0,0,2400
central-balanced-c97p49-r9p5,fixed,27,True,feasible-heuristic,189552.4449522,13359.779999999999,0.0,0.0,0,2400
central-balanced-c97p49-r9p5,fixed,28,True,feasible-heuristic,189552.4449522,13359.779999999999,0.0,0.0,0,2400
central-balanced-c97p49-r9p5,fixed,29,True,feasible-heuristic,192673.32082635,13163.615,0.0,0.0,0,2400
central-balanced-c97p49-r9p5,adaptive,0,True,feasible-heuristic,189552.4449522,13359.779999999999,0.0,0.0,0,2400
central-balanced-c97p49-r9p5,adaptive,1,True,feasible-heuristic,189552.4449522,13359.779999999999,0.0,0.0,0,2400
central-balanced-c97p49-r9p5,adaptive,2,True,feasible-heuristic,189552.4449522,13359.779999999999,0.0,0.0,0,2400
central-balanced-c97p49-r9p5,adaptive,3,True,feasible-heuristic,193213.32082635,13163.615,0.0,0.0,0,2400
central-balanced-c97p49-r9p5,adaptive,4,True,feasible-heuristic,189552.4449522,13359.779999999999,0.0,0.0,0,2400
central-balanced-c97p49-r9p5,adaptive,5,True,feasible-heuristic,189822.4449522,13359.779999999999,0.0,0.0,0,2400
central-balanced-c97p49-r9p5,adaptive,6,True,feasible-heuristic,192943.32082635,13163.614999999998,0.0,0.0,0,2400
central-balanced-c97p49-r9p5,adaptive,7,True,feasible-heuristic,189552.4449522,13359.78,0.0,0.0,0,2400
central-balanced-c97p49-r9p5,adaptive,8,True,feasible-heuristic,189552.4449522,13359.78,0.0,0.0,0,2400
central-balanced-c97p49-r9p5,adaptive,9,True,feasible-heuristic,189552.4449522,13359.779999999999,0.0,0.0,0,2400
central-balanced-c97p49-r9p5,adaptive,10,True,feasible-heuristic,189552.4449522,13359.78,0.0,0.0,0,2400
central-balanced-c97p49-r9p5,adaptive,11,True,feasible-heuristic,189552.4449522,13359.779999999999,0.0,0.0,0,2400
central-balanced-c97p49-r9p5,adaptive,12,True,feasible-heuristic,189552.4449522,13359.779999999999,0.0,0.0,0,2400
central-balanced-c97p49-r9p5,adaptive,13,True,feasible-heuristic,189552.4449522,13359.779999999999,0.0,0.0,0,2400
central-balanced-c97p49-r9p5,adaptive,14,True,feasible-heuristic,189552.4449522,13359.779999999999,0.0,0.0,0,2400
central-balanced-c97p49-r9p5,adaptive,15,True,feasible-heuristic,189552.4449522,13359.779999999999,0.0,0.0,0,2400
central-balanced-c97p49-r9p5,adaptive,16,True,feasible-heuristic,189282.4449522,13359.78,0.0,0.0,0,2400
central-balanced-c97p49-r9p5,adaptive,17,True,feasible-heuristic,189552.4449522,13359.779999999999,0.0,0.0,0,2400
central-balanced-c97p49-r9p5,adaptive,18,True,feasible-heuristic,189282.4449522,13359.78,0.0,0.0,0,2400
central-balanced-c97p49-r9p5,adaptive,19,True,feasible-heuristic,192673.32082635,13163.615,0.0,0.0,0,2400
central-balanced-c97p49-r9p5,adaptive,20,True,feasible-heuristic,192673.32082635,13163.615,0.0,0.0,0,2400
central-balanced-c97p49-r9p5,adaptive,21,True,feasible-heuristic,189282.4449522,13359.78,0.0,0.0,0,2400
central-balanced-c97p49-r9p5,adaptive,22,True,feasible-heuristic,192952.4449522,13359.779999999997,0.0,0.0,0,2400
central-balanced-c97p49-r9p5,adaptive,23,True,feasible-heuristic,189552.4449522,13359.779999999999,0.0,0.0,0,2400
central-balanced-c97p49-r9p5,adaptive,24,True,feasible-heuristic,189282.4449522,13359.78,0.0,0.0,0,2400
central-balanced-c97p49-r9p5,adaptive,25,True,feasible-heuristic,189282.4449522,13359.78,0.0,0.0,0,2400
central-balanced-c97p49-r9p5,adaptive,26,True,feasible-heuristic,189282.4449522,13359.78,0.0,0.0,0,2400
central-balanced-c97p49-r9p5,adaptive,27,True,feasible-heuristic,192952.4449522,13359.779999999999,0.0,0.0,0,2400
central-balanced-c97p49-r9p5,adaptive,28,True,feasible-heuristic,189822.4449522,13359.779999999999,0.0,0.0,0,2400
central-balanced-c97p49-r9p5,adaptive,29,True,feasible-heuristic,189822.4449522,13359.779999999997,0.0,0.0,0,2400
central-balanced-c97p49-r9p5,catastrophe,0,True,feasible-heuristic,192673.32082635,13163.615,0.0,0.0,1,2400
central-balanced-c97p49-r9p5,catastrophe,1,True,feasible-heuristic,189282.4449522,13359.78,0.0,0.0,1,2400
central-balanced-c97p49-r9p5,catastrophe,2,True,feasible-heuristic,189282.4449522,13359.78,0.0,0.0,1,2400
central-balanced-c97p49-r9p5,catastrophe,3,True,feasible-heuristic,189552.4449522,13359.779999999999,0.0,0.0,0,2400
central-balanced-c97p49-r9p5,catastrophe,4,True,feasible-heuristic,192943.32082635,13163.614999999998,0.0,0.0,1,2400
central-balanced-c97p49-r9p5,catastrophe,5,True,feasible-heuristic,189552.4449522,13359.779999999999,0.0,0.0,1,2400
central-balanced-c97p49-r9p5,catastrophe,6,True,feasible-heuristic,193222.4449522,13359.779999999999,0.0,0.0,1,2400
central-balanced-c97p49-r9p5,catastrophe,7,True,feasible-heuristic,189552.4449522,13359.779999999999,0.0,0.0,1,2400
central-balanced-c97p49-r9p5,catastrophe,8,True,feasible-heuristic,189552.4449522,13359.779999999999,0.0,0.0,1,2400
central-balanced-c97p49-r9p5,catastrophe,9,True,feasible-heuristic,189552.4449522,13359.78,0.0,0.0,1,2400
central-balanced-c97p49-r9p5,catastrophe,10,True,feasible-heuristic,189282.4449522,13359.78,0.0,0.0,1,2400
central-balanced-c97p49-r9p5,catastrophe,11,True,feasible-heuristic,189282.4449522,13359.78,0.0,0.0,1,2400
central-balanced-c97p49-r9p5,catastrophe,12,True,feasible-heuristic,189552.4449522,13359.779999999999,0.0,0.0,1,2400
central-balanced-c97p49-r9p5,catastrophe,13,True,feasible-heuristic,192673.32082635,13163.615,0.0,0.0,1,2400
central-balanced-c97p49-r9p5,catastrophe,14,True,feasible-heuristic,189282.4449522,13359.78,0.0,0.0,1,2400
central-balanced-c97p49-r9p5,catastrophe,15,True,feasible-heuristic,189552.4449522,13359.779999999999,0.0,0.0,1,2400
central-balanced-c97p49-r9p5,catastrophe,16,True,feasible-heuristic,192673.32082635,13163.615,0.0,0.0,1,2400
central-balanced-c97p49-r9p5,catastrophe,17,True,feasible-heuristic,189552.4449522,13359.779999999999,0.0,0.0,0,2400
central-balanced-c97p49-r9p5,catastrophe,18,True,feasible-heuristic,192673.32082635,13163.615,0.0,0.0,1,2400
central-balanced-c97p49-r9p5,catastrophe,19,True,feasible-heuristic,189552.4449522,13359.779999999999,0.0,0.0,0,2400
central-balanced-c97p49-r9p5,catastrophe,20,True,feasible-heuristic,189282.4449522,13359.78,0.0,0.0,0,2400
central-balanced-c97p49-r9p5,catastrophe,21,True,feasible-heuristic,189282.4449522,13359.78,0.0,0.0,0,2400
central-balanced-c97p49-r9p5,catastrophe,22,True,feasible-heuristic,189552.4449522,13359.779999999999,0.0,0.0,0,2400
central-balanced-c97p49-r9p5,catastrophe,23,True,feasible-heuristic,189282.4449522,13359.78,0.0,0.0,0,2400
central-balanced-c97p49-r9p5,catastrophe,24,True,feasible-heuristic,193213.32082635,13163.615,0.0,0.0,1,2400
central-balanced-c97p49-r9p5,catastrophe,25,True,feasible-heuristic,189552.4449522,13359.779999999999,0.0,0.0,1,2400
central-balanced-c97p49-r9p5,catastrophe,26,True,feasible-heuristic,192943.32082635,13163.615000000002,0.0,0.0,1,2400
central-balanced-c97p49-r9p5,catastrophe,27,True,feasible-heuristic,189552.4449522,13359.779999999999,0.0,0.0,1,2400
central-balanced-c97p49-r9p5,catastrophe,28,True,feasible-heuristic,189552.4449522,13359.779999999999,0.0,0.0,1,2400
central-balanced-c97p49-r9p5,catastrophe,29,True,feasible-heuristic,192673.32082635,13163.615,0.0,0.0,2,2400
central-balanced-c97p49-r9p5,combined,0,True,feasible-heuristic,189552.4449522,13359.779999999999,0.0,0.0,1,2400
central-balanced-c97p49-r9p5,combined,1,True,feasible-heuristic,189552.4449522,13359.779999999999,0.0,0.0,0,2400
central-balanced-c97p49-r9p5,combined,2,True,feasible-heuristic,189552.4449522,13359.779999999999,0.0,0.0,0,2400
central-balanced-c97p49-r9p5,combined,3,True,feasible-heuristic,192943.32082635,13163.615,0.0,0.0,1,2400
central-balanced-c97p49-r9p5,combined,4,True,feasible-heuristic,189552.4449522,13359.779999999999,0.0,0.0,1,2400
central-balanced-c97p49-r9p5,combined,5,True,feasible-heuristic,189822.4449522,13359.779999999999,0.0,0.0,0,2400
central-balanced-c97p49-r9p5,combined,6,True,feasible-heuristic,192943.32082635,13163.614999999998,0.0,0.0,1,2400
central-balanced-c97p49-r9p5,combined,7,True,feasible-heuristic,189552.4449522,13359.78,0.0,0.0,1,2400
central-balanced-c97p49-r9p5,combined,8,True,feasible-heuristic,189552.4449522,13359.78,0.0,0.0,0,2400
central-balanced-c97p49-r9p5,combined,9,True,feasible-heuristic,189552.4449522,13359.779999999999,0.0,0.0,1,2400
central-balanced-c97p49-r9p5,combined,10,True,feasible-heuristic,189552.4449522,13359.78,0.0,0.0,0,2400
central-balanced-c97p49-r9p5,combined,11,True,feasible-heuristic,189552.4449522,13359.779999999999,0.0,0.0,1,2400
central-balanced-c97p49-r9p5,combined,12,True,feasible-heuristic,189552.4449522,13359.779999999999,0.0,0.0,1,2400
central-balanced-c97p49-r9p5,combined,13,True,feasible-heuristic,189552.4449522,13359.779999999999,0.0,0.0,1,2400
central-balanced-c97p49-r9p5,combined,14,True,feasible-heuristic,189552.4449522,13359.779999999999,0.0,0.0,0,2400
central-balanced-c97p49-r9p5,combined,15,True,feasible-heuristic,189552.4449522,13359.779999999999,0.0,0.0,0,2400
central-balanced-c97p49-r9p5,combined,16,True,feasible-heuristic,189282.4449522,13359.78,0.0,0.0,1,2400
central-balanced-c97p49-r9p5,combined,17,True,feasible-heuristic,189552.4449522,13359.779999999999,0.0,0.0,1,2400
central-balanced-c97p49-r9p5,combined,18,True,feasible-heuristic,189282.4449522,13359.78,0.0,0.0,1,2400
central-balanced-c97p49-r9p5,combined,19,True,feasible-heuristic,192673.32082635,13163.615,0.0,0.0,1,2400
central-balanced-c97p49-r9p5,combined,20,True,feasible-heuristic,192673.32082635,13163.615,0.0,0.0,0,2400
central-balanced-c97p49-r9p5,combined,21,True,feasible-heuristic,189282.4449522,13359.78,0.0,0.0,0,2400
central-balanced-c97p49-r9p5,combined,22,True,feasible-heuristic,192952.4449522,13359.779999999997,0.0,0.0,1,2400
central-balanced-c97p49-r9p5,combined,23,True,feasible-heuristic,189552.4449522,13359.779999999999,0.0,0.0,1,2400
central-balanced-c97p49-r9p5,combined,24,True,feasible-heuristic,189282.4449522,13359.78,0.0,0.0,0,2400
central-balanced-c97p49-r9p5,combined,25,True,feasible-heuristic,189282.4449522,13359.78,0.0,0.0,1,2400
central-balanced-c97p49-r9p5,combined,26,True,feasible-heuristic,189282.4449522,13359.78,0.0,0.0,0,2400
central-balanced-c97p49-r9p5,combined,27,True,feasible-heuristic,192952.4449522,13359.779999999999,0.0,0.0,1,2400
central-balanced-c97p49-r9p5,combined,28,True,feasible-heuristic,189822.4449522,13359.779999999999,0.0,0.0,1,2400
central-balanced-c97p49-r9p5,combined,29,True,feasible-heuristic,193195.07257465,12771.284999999998,0.0,0.0,1,2400
central-balanced-c97p49-r9p5,hybrid-seeded,0,True,feasible-heuristic,189552.4449522,13359.779999999999,0.0,0.0,1,2400
central-balanced-c97p49-r9p5,hybrid-seeded,1,True,feasible-heuristic,189552.4449522,13359.779999999999,0.0,0.0,0,2400
central-balanced-c97p49-r9p5,hybrid-seeded,2,True,feasible-heuristic,189552.4449522,13359.779999999999,0.0,0.0,0,2400
central-balanced-c97p49-r9p5,hybrid-seeded,3,True,feasible-heuristic,192943.32082635,13163.615,0.0,0.0,1,2400
central-balanced-c97p49-r9p5,hybrid-seeded,4,True,feasible-heuristic,189552.4449522,13359.779999999999,0.0,0.0,1,2400
central-balanced-c97p49-r9p5,hybrid-seeded,5,True,feasible-heuristic,189822.4449522,13359.779999999999,0.0,0.0,0,2400
central-balanced-c97p49-r9p5,hybrid-seeded,6,True,feasible-heuristic,192943.32082635,13163.614999999998,0.0,0.0,1,2400
central-balanced-c97p49-r9p5,hybrid-seeded,7,True,feasible-heuristic,189552.4449522,13359.78,0.0,0.0,1,2400
central-balanced-c97p49-r9p5,hybrid-seeded,8,True,feasible-heuristic,189552.4449522,13359.78,0.0,0.0,0,2400
central-balanced-c97p49-r9p5,hybrid-seeded,9,True,feasible-heuristic,189552.4449522,13359.779999999999,0.0,0.0,1,2400
central-balanced-c97p49-r9p5,hybrid-seeded,10,True,feasible-heuristic,189552.4449522,13359.78,0.0,0.0,0,2400
central-balanced-c97p49-r9p5,hybrid-seeded,11,True,feasible-heuristic,189552.4449522,13359.779999999999,0.0,0.0,1,2400
central-balanced-c97p49-r9p5,hybrid-seeded,12,True,feasible-heuristic,189552.4449522,13359.779999999999,0.0,0.0,1,2400
central-balanced-c97p49-r9p5,hybrid-seeded,13,True,feasible-heuristic,189552.4449522,13359.779999999999,0.0,0.0,1,2400
central-balanced-c97p49-r9p5,hybrid-seeded,14,True,feasible-heuristic,189552.4449522,13359.779999999999,0.0,0.0,0,2400
central-balanced-c97p49-r9p5,hybrid-seeded,15,True,feasible-heuristic,189552.4449522,13359.779999999999,0.0,0.0,0,2400
central-balanced-c97p49-r9p5,hybrid-seeded,16,True,feasible-heuristic,189282.4449522,13359.78,0.0,0.0,1,2400
central-balanced-c97p49-r9p5,hybrid-seeded,17,True,feasible-heuristic,189552.4449522,13359.779999999999,0.0,0.0,1,2400
central-balanced-c97p49-r9p5,hybrid-seeded,18,True,feasible-heuristic,189282.4449522,13359.78,0.0,0.0,1,2400
central-balanced-c97p49-r9p5,hybrid-seeded,19,True,feasible-heuristic,192673.32082635,13163.615,0.0,0.0,1,2400
central-balanced-c97p49-r9p5,hybrid-seeded,20,True,feasible-heuristic,192673.32082635,13163.615,0.0,0.0,0,2400
central-balanced-c97p49-r9p5,hybrid-seeded,21,True,feasible-heuristic,189282.4449522,13359.78,0.0,0.0,0,2400
central-balanced-c97p49-r9p5,hybrid-seeded,22,True,feasible-heuristic,192952.4449522,13359.779999999997,0.0,0.0,1,2400
central-balanced-c97p49-r9p5,hybrid-seeded,23,True,feasible-heuristic,189552.4449522,13359.779999999999,0.0,0.0,1,2400
central-balanced-c97p49-r9p5,hybrid-seeded,24,True,feasible-heuristic,189282.4449522,13359.78,0.0,0.0,0,2400
central-balanced-c97p49-r9p5,hybrid-seeded,25,True,feasible-heuristic,189282.4449522,13359.78,0.0,0.0,1,2400
central-balanced-c97p49-r9p5,hybrid-seeded,26,True,feasible-heuristic,189282.4449522,13359.78,0.0,0.0,0,2400
central-balanced-c97p49-r9p5,hybrid-seeded,27,True,feasible-heuristic,192952.4449522,13359.779999999999,0.0,0.0,1,2400
central-balanced-c97p49-r9p5,hybrid-seeded,28,True,feasible-heuristic,189822.4449522,13359.779999999999,0.0,0.0,1,2400
central-balanced-c97p49-r9p5,hybrid-seeded,29,True,feasible-heuristic,193195.07257465,12771.284999999998,0.0,0.0,1,2400
central-balanced-c97p49-r20p0,greedy,,True,feasible-heuristic,200489.4519454,11790.46,0.0,0.0,0,192
central-balanced-c97p49-r20p0,fixed,0,True,feasible-heuristic,199670.32781955,11594.295,0.0,0.0,0,2400
central-balanced-c97p49-r20p0,fixed,1,True,feasible-heuristic,199940.32781955,11594.295,0.0,0.0,0,2400
central-balanced-c97p49-r20p0,fixed,2,True,feasible-heuristic,199940.32781955,11594.295,0.0,0.0,0,2400
central-balanced-c97p49-r20p0,fixed,3,True,feasible-heuristic,199940.32781955,11594.295,0.0,0.0,0,2400
central-balanced-c97p49-r20p0,fixed,4,True,feasible-heuristic,199949.4519454,11790.460000000001,0.0,0.0,0,2400
central-balanced-c97p49-r20p0,fixed,5,True,feasible-heuristic,199670.32781955,11594.295,0.0,0.0,0,2400
central-balanced-c97p49-r20p0,fixed,6,True,feasible-heuristic,199940.32781955,11594.295000000002,0.0,0.0,0,2400
central-balanced-c97p49-r20p0,fixed,7,True,feasible-heuristic,196549.4519454,11790.460000000001,0.0,0.0,0,2400
central-balanced-c97p49-r20p0,fixed,8,True,feasible-heuristic,200210.32781955,11594.295,0.0,0.0,0,2400
central-balanced-c97p49-r20p0,fixed,9,True,feasible-heuristic,200210.32781955,11594.295000000002,0.0,0.0,0,2400
central-balanced-c97p49-r20p0,fixed,10,True,feasible-heuristic,196549.4519454,11790.460000000001,0.0,0.0,0,2400
central-balanced-c97p49-r20p0,fixed,11,True,feasible-heuristic,199670.32781955,11594.295000000002,0.0,0.0,0,2400
central-balanced-c97p49-r20p0,fixed,12,True,feasible-heuristic,199931.2036937,11398.13,0.0,0.0,0,2400
central-balanced-c97p49-r20p0,fixed,13,True,feasible-heuristic,199679.4519454,11790.460000000001,0.0,0.0,0,2400
central-balanced-c97p49-r20p0,fixed,14,True,feasible-heuristic,199949.4519454,11790.460000000001,0.0,0.0,0,2400
central-balanced-c97p49-r20p0,fixed,15,True,feasible-heuristic,199670.32781955,11594.295,0.0,0.0,0,2400
central-balanced-c97p49-r20p0,fixed,16,True,feasible-heuristic,200201.2036937,11398.130000000001,0.0,0.0,0,2400
central-balanced-c97p49-r20p0,fixed,17,True,feasible-heuristic,199670.32781955,11594.295,0.0,0.0,0,2400
central-balanced-c97p49-r20p0,fixed,18,True,feasible-heuristic,199670.32781955,11594.295000000002,0.0,0.0,0,2400
central-balanced-c97p49-r20p0,fixed,19,True,feasible-heuristic,199931.2036937,11398.13,0.0,0.0,0,2400
central-balanced-c97p49-r20p0,fixed,20,True,feasible-heuristic,199931.2036937,11398.13,0.0,0.0,0,2400
central-balanced-c97p49-r20p0,fixed,21,True,feasible-heuristic,200210.32781955,11594.295000000002,0.0,0.0,0,2400
central-balanced-c97p49-r20p0,fixed,22,True,feasible-heuristic,199670.32781955,11594.295,0.0,0.0,0,2400
central-balanced-c97p49-r20p0,fixed,23,True,feasible-heuristic,199670.32781955,11594.295000000002,0.0,0.0,0,2400
central-balanced-c97p49-r20p0,fixed,24,True,feasible-heuristic,200219.4519454,11790.46,0.0,0.0,0,2400
central-balanced-c97p49-r20p0,fixed,25,True,feasible-heuristic,196549.4519454,11790.460000000001,0.0,0.0,0,2400
central-balanced-c97p49-r20p0,fixed,26,True,feasible-heuristic,199940.32781955,11594.295,0.0,0.0,0,2400
central-balanced-c97p49-r20p0,fixed,27,True,feasible-heuristic,199940.32781955,11594.295,0.0,0.0,0,2400
central-balanced-c97p49-r20p0,fixed,28,True,feasible-heuristic,196549.4519454,11790.460000000001,0.0,0.0,0,2400
central-balanced-c97p49-r20p0,fixed,29,True,feasible-heuristic,199670.32781955,11594.295000000002,0.0,0.0,0,2400
central-balanced-c97p49-r20p0,adaptive,0,True,feasible-heuristic,199931.2036937,11398.13,0.0,0.0,0,2400
central-balanced-c97p49-r20p0,adaptive,1,True,feasible-heuristic,196549.4519454,11790.460000000001,0.0,0.0,0,2400
central-balanced-c97p49-r20p0,adaptive,2,True,feasible-heuristic,199931.2036937,11398.13,0.0,0.0,0,2400
central-balanced-c97p49-r20p0,adaptive,3,True,feasible-heuristic,199679.4519454,11790.460000000001,0.0,0.0,0,2400
central-balanced-c97p49-r20p0,adaptive,4,True,feasible-heuristic,203340.32781955,11594.295,0.0,0.0,0,2400
central-balanced-c97p49-r20p0,adaptive,5,True,feasible-heuristic,196549.4519454,11790.460000000001,0.0,0.0,0,2400
central-balanced-c97p49-r20p0,adaptive,6,True,feasible-heuristic,199931.2036937,11398.130000000001,0.0,0.0,0,2400
central-balanced-c97p49-r20p0,adaptive,7,True,feasible-heuristic,199670.32781955,11594.295,0.0,0.0,0,2400
central-balanced-c97p49-r20p0,adaptive,8,True,feasible-heuristic,199670.32781955,11594.295000000002,0.0,0.0,0,2400
central-balanced-c97p49-r20p0,adaptive,9,True,feasible-heuristic,196549.4519454,11790.460000000001,0.0,0.0,0,2400
central-balanced-c97p49-r20p0,adaptive,10,True,feasible-heuristic,199670.32781955,11594.295,0.0,0.0,0,2400
central-balanced-c97p49-r20p0,adaptive,11,True,feasible-heuristic,196549.4519454,11790.46,0.0,0.0,0,2400
central-balanced-c97p49-r20p0,adaptive,12,True,feasible-heuristic,196549.4519454,11790.460000000001,0.0,0.0,0,2400
central-balanced-c97p49-r20p0,adaptive,13,True,feasible-heuristic,200210.32781955,11594.295,0.0,0.0,0,2400
central-balanced-c97p49-r20p0,adaptive,14,True,feasible-heuristic,196549.4519454,11790.460000000001,0.0,0.0,0,2400
central-balanced-c97p49-r20p0,adaptive,15,True,feasible-heuristic,196549.4519454,11790.460000000001,0.0,0.0,0,2400
central-balanced-c97p49-r20p0,adaptive,16,True,feasible-heuristic,199670.32781955,11594.295000000002,0.0,0.0,0,2400
central-balanced-c97p49-r20p0,adaptive,17,True,feasible-heuristic,203340.32781955,11594.295,0.0,0.0,0,2400
central-balanced-c97p49-r20p0,adaptive,18,True,feasible-heuristic,199931.2036937,11398.130000000001,0.0,0.0,0,2400
central-balanced-c97p49-r20p0,adaptive,19,True,feasible-heuristic,196549.4519454,11790.460000000001,0.0,0.0,0,2400
central-balanced-c97p49-r20p0,adaptive,20,True,feasible-heuristic,196549.4519454,11790.46,0.0,0.0,0,2400
central-balanced-c97p49-r20p0,adaptive,21,True,feasible-heuristic,200219.4519454,11790.46,0.0,0.0,0,2400
central-balanced-c97p49-r20p0,adaptive,22,True,feasible-heuristic,199679.4519454,11790.460000000001,0.0,0.0,0,2400
central-balanced-c97p49-r20p0,adaptive,23,True,feasible-heuristic,199670.32781955,11594.295,0.0,0.0,0,2400
central-balanced-c97p49-r20p0,adaptive,24,True,feasible-heuristic,199949.4519454,11790.460000000001,0.0,0.0,0,2400
central-balanced-c97p49-r20p0,adaptive,25,True,feasible-heuristic,199670.32781955,11594.295000000002,0.0,0.0,0,2400
central-balanced-c97p49-r20p0,adaptive,26,True,feasible-heuristic,196549.4519454,11790.460000000001,0.0,0.0,0,2400
central-balanced-c97p49-r20p0,adaptive,27,True,feasible-heuristic,199670.32781955,11594.295000000002,0.0,0.0,0,2400
central-balanced-c97p49-r20p0,adaptive,28,True,feasible-heuristic,196549.4519454,11790.460000000001,0.0,0.0,0,2400
central-balanced-c97p49-r20p0,adaptive,29,True,feasible-heuristic,199949.4519454,11790.46,0.0,0.0,0,2400
central-balanced-c97p49-r20p0,catastrophe,0,True,feasible-heuristic,199670.32781955,11594.295,0.0,0.0,2,2400
central-balanced-c97p49-r20p0,catastrophe,1,True,feasible-heuristic,199940.32781955,11594.295,0.0,0.0,2,2400
central-balanced-c97p49-r20p0,catastrophe,2,True,feasible-heuristic,199940.32781955,11594.295,0.0,0.0,2,2400
central-balanced-c97p49-r20p0,catastrophe,3,True,feasible-heuristic,199940.32781955,11594.295,0.0,0.0,1,2400
central-balanced-c97p49-r20p0,catastrophe,4,True,feasible-heuristic,199949.4519454,11790.460000000001,0.0,0.0,1,2400
central-balanced-c97p49-r20p0,catastrophe,5,True,feasible-heuristic,199670.32781955,11594.295,0.0,0.0,1,2400
central-balanced-c97p49-r20p0,catastrophe,6,True,feasible-heuristic,199931.2036937,11398.130000000001,0.0,0.0,1,2400
central-balanced-c97p49-r20p0,catastrophe,7,True,feasible-heuristic,196549.4519454,11790.460000000001,0.0,0.0,1,2400
central-balanced-c97p49-r20p0,catastrophe,8,True,feasible-heuristic,200210.32781955,11594.295,0.0,0.0,0,2400
central-balanced-c97p49-r20p0,catastrophe,9,True,feasible-heuristic,200210.32781955,11594.295000000002,0.0,0.0,2,2400
central-balanced-c97p49-r20p0,catastrophe,10,True,feasible-heuristic,196549.4519454,11790.460000000001,0.0,0.0,1,2400
central-balanced-c97p49-r20p0,catastrophe,11,True,feasible-heuristic,199670.32781955,11594.295000000002,0.0,0.0,1,2400
central-balanced-c97p49-r20p0,catastrophe,12,True,feasible-heuristic,199940.32781955,11594.295,0.0,0.0,1,2400
central-balanced-c97p49-r20p0,catastrophe,13,True,feasible-heuristic,199679.4519454,11790.460000000001,0.0,0.0,1,2400
central-balanced-c97p49-r20p0,catastrophe,14,True,feasible-heuristic,199949.4519454,11790.460000000001,0.0,0.0,2,2400
central-balanced-c97p49-r20p0,catastrophe,15,True,feasible-heuristic,199931.2036937,11398.13,0.0,0.0,2,2400
central-balanced-c97p49-r20p0,catastrophe,16,True,feasible-heuristic,200201.2036937,11398.130000000001,0.0,0.0,1,2400
central-balanced-c97p49-r20p0,catastrophe,17,True,feasible-heuristic,199670.32781955,11594.295,0.0,0.0,1,2400
central-balanced-c97p49-r20p0,catastrophe,18,True,feasible-heuristic,199670.32781955,11594.295000000002,0.0,0.0,2,2400
central-balanced-c97p49-r20p0,catastrophe,19,True,feasible-heuristic,199931.2036937,11398.13,0.0,0.0,1,2400
central-balanced-c97p49-r20p0,catastrophe,20,True,feasible-heuristic,199940.32781955,11594.295,0.0,0.0,1,2400
central-balanced-c97p49-r20p0,catastrophe,21,True,feasible-heuristic,200210.32781955,11594.295000000002,0.0,0.0,1,2400
central-balanced-c97p49-r20p0,catastrophe,22,True,feasible-heuristic,199670.32781955,11594.295,0.0,0.0,1,2400
central-balanced-c97p49-r20p0,catastrophe,23,True,feasible-heuristic,199670.32781955,11594.295000000002,0.0,0.0,1,2400
central-balanced-c97p49-r20p0,catastrophe,24,True,feasible-heuristic,200219.4519454,11790.46,0.0,0.0,2,2400
central-balanced-c97p49-r20p0,catastrophe,25,True,feasible-heuristic,196549.4519454,11790.460000000001,0.0,0.0,2,2400
central-balanced-c97p49-r20p0,catastrophe,26,True,feasible-heuristic,199940.32781955,11594.295,0.0,0.0,2,2400
central-balanced-c97p49-r20p0,catastrophe,27,True,feasible-heuristic,199940.32781955,11594.295,0.0,0.0,1,2400
central-balanced-c97p49-r20p0,catastrophe,28,True,feasible-heuristic,196549.4519454,11790.460000000001,0.0,0.0,1,2400
central-balanced-c97p49-r20p0,catastrophe,29,True,feasible-heuristic,199670.32781955,11594.295000000002,0.0,0.0,2,2400
central-balanced-c97p49-r20p0,combined,0,True,feasible-heuristic,199940.32781955,11594.295,0.0,0.0,1,2400
central-balanced-c97p49-r20p0,combined,1,True,feasible-heuristic,196819.4519454,11790.460000000001,0.0,0.0,1,2400
central-balanced-c97p49-r20p0,combined,2,True,feasible-heuristic,199931.2036937,11398.13,0.0,0.0,0,2400
central-balanced-c97p49-r20p0,combined,3,True,feasible-heuristic,199679.4519454,11790.460000000001,0.0,0.0,0,2400
central-balanced-c97p49-r20p0,combined,4,True,feasible-heuristic,199670.32781955,11594.295,0.0,0.0,1,2400
central-balanced-c97p49-r20p0,combined,5,True,feasible-heuristic,196549.4519454,11790.460000000001,0.0,0.0,1,2400
central-balanced-c97p49-r20p0,combined,6,True,feasible-heuristic,199931.2036937,11398.130000000001,0.0,0.0,1,2400
central-balanced-c97p49-r20p0,combined,7,True,feasible-heuristic,199670.32781955,11594.295,0.0,0.0,1,2400
central-balanced-c97p49-r20p0,combined,8,True,feasible-heuristic,199670.32781955,11594.295000000002,0.0,0.0,0,2400
central-balanced-c97p49-r20p0,combined,9,True,feasible-heuristic,196549.4519454,11790.460000000001,0.0,0.0,1,2400
central-balanced-c97p49-r20p0,combined,10,True,feasible-heuristic,199670.32781955,11594.295,0.0,0.0,1,2400
central-balanced-c97p49-r20p0,combined,11,True,feasible-heuristic,196549.4519454,11790.46,0.0,0.0,1,2400
central-balanced-c97p49-r20p0,combined,12,True,feasible-heuristic,196549.4519454,11790.460000000001,0.0,0.0,1,2400
central-balanced-c97p49-r20p0,combined,13,True,feasible-heuristic,200210.32781955,11594.295,0.0,0.0,1,2400
central-balanced-c97p49-r20p0,combined,14,True,feasible-heuristic,196549.4519454,11790.460000000001,0.0,0.0,1,2400
central-balanced-c97p49-r20p0,combined,15,True,feasible-heuristic,196549.4519454,11790.460000000001,0.0,0.0,1,2400
central-balanced-c97p49-r20p0,combined,16,True,feasible-heuristic,199670.32781955,11594.295000000002,0.0,0.0,1,2400
central-balanced-c97p49-r20p0,combined,17,True,feasible-heuristic,203340.32781955,11594.295,0.0,0.0,1,2400
central-balanced-c97p49-r20p0,combined,18,True,feasible-heuristic,199670.32781955,11594.295000000002,0.0,0.0,1,2400
central-balanced-c97p49-r20p0,combined,19,True,feasible-heuristic,196549.4519454,11790.460000000001,0.0,0.0,1,2400
central-balanced-c97p49-r20p0,combined,20,True,feasible-heuristic,196549.4519454,11790.460000000001,0.0,0.0,1,2400
central-balanced-c97p49-r20p0,combined,21,True,feasible-heuristic,199949.4519454,11790.460000000001,0.0,0.0,1,2400
central-balanced-c97p49-r20p0,combined,22,True,feasible-heuristic,199679.4519454,11790.460000000001,0.0,0.0,0,2400
central-balanced-c97p49-r20p0,combined,23,True,feasible-heuristic,196549.4519454,11790.460000000001,0.0,0.0,1,2400
central-balanced-c97p49-r20p0,combined,24,True,feasible-heuristic,199940.32781955,11594.295,0.0,0.0,1,2400
central-balanced-c97p49-r20p0,combined,25,True,feasible-heuristic,199670.32781955,11594.295000000002,0.0,0.0,1,2400
central-balanced-c97p49-r20p0,combined,26,True,feasible-heuristic,196549.4519454,11790.460000000001,0.0,0.0,1,2400
central-balanced-c97p49-r20p0,combined,27,True,feasible-heuristic,199670.32781955,11594.295000000002,0.0,0.0,1,2400
central-balanced-c97p49-r20p0,combined,28,True,feasible-heuristic,196549.4519454,11790.460000000001,0.0,0.0,1,2400
central-balanced-c97p49-r20p0,combined,29,True,feasible-heuristic,200219.4519454,11790.459999999997,0.0,0.0,2,2400
central-balanced-c97p49-r20p0,hybrid-seeded,0,True,feasible-heuristic,199940.32781955,11594.295,0.0,0.0,1,2400
central-balanced-c97p49-r20p0,hybrid-seeded,1,True,feasible-heuristic,196819.4519454,11790.460000000001,0.0,0.0,1,2400
central-balanced-c97p49-r20p0,hybrid-seeded,2,True,feasible-heuristic,199931.2036937,11398.13,0.0,0.0,0,2400
central-balanced-c97p49-r20p0,hybrid-seeded,3,True,feasible-heuristic,199679.4519454,11790.460000000001,0.0,0.0,0,2400
central-balanced-c97p49-r20p0,hybrid-seeded,4,True,feasible-heuristic,199670.32781955,11594.295,0.0,0.0,1,2400
central-balanced-c97p49-r20p0,hybrid-seeded,5,True,feasible-heuristic,196549.4519454,11790.460000000001,0.0,0.0,1,2400
central-balanced-c97p49-r20p0,hybrid-seeded,6,True,feasible-heuristic,199931.2036937,11398.130000000001,0.0,0.0,1,2400
central-balanced-c97p49-r20p0,hybrid-seeded,7,True,feasible-heuristic,199670.32781955,11594.295,0.0,0.0,1,2400
central-balanced-c97p49-r20p0,hybrid-seeded,8,True,feasible-heuristic,199670.32781955,11594.295000000002,0.0,0.0,0,2400
central-balanced-c97p49-r20p0,hybrid-seeded,9,True,feasible-heuristic,196549.4519454,11790.460000000001,0.0,0.0,1,2400
central-balanced-c97p49-r20p0,hybrid-seeded,10,True,feasible-heuristic,199670.32781955,11594.295,0.0,0.0,1,2400
central-balanced-c97p49-r20p0,hybrid-seeded,11,True,feasible-heuristic,196549.4519454,11790.46,0.0,0.0,1,2400
central-balanced-c97p49-r20p0,hybrid-seeded,12,True,feasible-heuristic,196549.4519454,11790.460000000001,0.0,0.0,1,2400
central-balanced-c97p49-r20p0,hybrid-seeded,13,True,feasible-heuristic,200210.32781955,11594.295,0.0,0.0,1,2400
central-balanced-c97p49-r20p0,hybrid-seeded,14,True,feasible-heuristic,196549.4519454,11790.460000000001,0.0,0.0,1,2400
central-balanced-c97p49-r20p0,hybrid-seeded,15,True,feasible-heuristic,196549.4519454,11790.460000000001,0.0,0.0,1,2400
central-balanced-c97p49-r20p0,hybrid-seeded,16,True,feasible-heuristic,199670.32781955,11594.295000000002,0.0,0.0,1,2400
central-balanced-c97p49-r20p0,hybrid-seeded,17,True,feasible-heuristic,203340.32781955,11594.295,0.0,0.0,1,2400
central-balanced-c97p49-r20p0,hybrid-seeded,18,True,feasible-heuristic,199670.32781955,11594.295000000002,0.0,0.0,1,2400
central-balanced-c97p49-r20p0,hybrid-seeded,19,True,feasible-heuristic,196549.4519454,11790.460000000001,0.0,0.0,1,2400
central-balanced-c97p49-r20p0,hybrid-seeded,20,True,feasible-heuristic,196549.4519454,11790.460000000001,0.0,0.0,1,2400
central-balanced-c97p49-r20p0,hybrid-seeded,21,True,feasible-heuristic,199949.4519454,11790.460000000001,0.0,0.0,1,2400
central-balanced-c97p49-r20p0,hybrid-seeded,22,True,feasible-heuristic,199679.4519454,11790.460000000001,0.0,0.0,0,2400
central-balanced-c97p49-r20p0,hybrid-seeded,23,True,feasible-heuristic,196549.4519454,11790.460000000001,0.0,0.0,1,2400
central-balanced-c97p49-r20p0,hybrid-seeded,24,True,feasible-heuristic,199940.32781955,11594.295,0.0,0.0,1,2400
central-balanced-c97p49-r20p0,hybrid-seeded,25,True,feasible-heuristic,199670.32781955,11594.295000000002,0.0,0.0,1,2400
central-balanced-c97p49-r20p0,hybrid-seeded,26,True,feasible-heuristic,196549.4519454,11790.460000000001,0.0,0.0,1,2400
central-balanced-c97p49-r20p0,hybrid-seeded,27,True,feasible-heuristic,199670.32781955,11594.295000000002,0.0,0.0,1,2400
central-balanced-c97p49-r20p0,hybrid-seeded,28,True,feasible-heuristic,196549.4519454,11790.460000000001,0.0,0.0,1,2400
central-balanced-c97p49-r20p0,hybrid-seeded,29,True,feasible-heuristic,200219.4519454,11790.459999999997,0.0,0.0,2,2400
central-balanced-c97p49-r30p0,greedy,,False,infeasible-allocation,204122.955442,11005.8,0.053149314330497605,0.053149314330497605,0,192
central-balanced-c97p49-r30p0,fixed,0,True,feasible-heuristic,203555.58306445,10417.305,0.0,0.0,0,2400
central-balanced-c97p49-r30p0,fixed,1,True,feasible-heuristic,206946.4589386,10221.14,0.0,0.0,0,2400
central-balanced-c97p49-r30p0,fixed,2,True,feasible-heuristic,203555.58306445,10417.305,0.0,0.0,0,2400
central-balanced-c97p49-r30p0,fixed,3,True,feasible-heuristic,203555.58306445,10417.304999999998,0.0,0.0,0,2400
central-balanced-c97p49-r30p0,fixed,4,True,feasible-heuristic,206946.4589386,10221.14,0.0,0.0,0,2400
central-balanced-c97p49-r30p0,fixed,5,True,feasible-heuristic,206946.4589386,10221.14,0.0,0.0,0,2400
central-balanced-c97p49-r30p0,fixed,6,True,feasible-heuristic,210625.58306445,10417.305,0.0,0.0,0,2400
central-balanced-c97p49-r30p0,fixed,7,True,feasible-heuristic,207225.58306445,10417.305,0.0,0.0,0,2400
central-balanced-c97p49-r30p0,fixed,8,True,feasible-heuristic,210886.4589386,10221.14,0.0,0.0,0,2400
central-balanced-c97p49-r30p0,fixed,9,True,feasible-heuristic,203825.58306445,10417.305,0.0,0.0,0,2400
central-balanced-c97p49-r30p0,fixed,10,True,feasible-heuristic,207216.4589386,10221.14,0.0,0.0,0,2400
central-balanced-c97p49-r30p0,fixed,11,True,feasible-heuristic,206946.4589386,10221.14,0.0,0.0,0,2400
central-balanced-c97p49-r30p0,fixed,12,True,feasible-heuristic,206946.4589386,10221.14,0.0,0.0,0,2400
central-balanced-c97p49-r30p0,fixed,13,True,feasible-heuristic,206946.4589386,10221.14,0.0,0.0,0,2400
central-balanced-c97p49-r30p0,fixed,14,True,feasible-heuristic,203825.58306445,10417.304999999998,0.0,0.0,0,2400
central-balanced-c97p49-r30p0,fixed,15,True,feasible-heuristic,207216.4589386,10221.14,0.0,0.0,0,2400
central-balanced-c97p49-r30p0,fixed,16,True,feasible-heuristic,203555.58306445,10417.305,0.0,0.0,0,2400
central-balanced-c97p49-r30p0,fixed,17,True,feasible-heuristic,206955.58306445,10417.305,0.0,0.0,0,2400
central-balanced-c97p49-r30p0,fixed,18,True,feasible-heuristic,206937.33481275,10024.975,0.0,0.0,0,2400
central-balanced-c97p49-r30p0,fixed,19,True,feasible-heuristic,206946.4589386,10221.14,0.0,0.0,0,2400
central-balanced-c97p49-r30p0,fixed,20,True,feasible-heuristic,207216.4589386,10221.14,0.0,0.0,0,2400
central-balanced-c97p49-r30p0,fixed,21,True,feasible-heuristic,207225.58306445,10417.304999999998,0.0,0.0,0,2400
central-balanced-c97p49-r30p0,fixed,22,True,feasible-heuristic,206955.58306445,10417.305,0.0,0.0,0,2400
central-balanced-c97p49-r30p0,fixed,23,True,feasible-heuristic,206946.4589386,10221.14,0.0,0.0,0,2400
central-balanced-c97p49-r30p0,fixed,24,True,feasible-heuristic,207225.58306445,10417.305,0.0,0.0,0,2400
central-balanced-c97p49-r30p0,fixed,25,True,feasible-heuristic,206955.58306445,10417.305,0.0,0.0,0,2400
central-balanced-c97p49-r30p0,fixed,26,True,feasible-heuristic,203555.58306445,10417.305,0.0,0.0,0,2400
central-balanced-c97p49-r30p0,fixed,27,True,feasible-heuristic,203825.58306445,10417.304999999998,0.0,0.0,0,2400
central-balanced-c97p49-r30p0,fixed,28,True,feasible-heuristic,206946.4589386,10221.14,0.0,0.0,0,2400
central-balanced-c97p49-r30p0,fixed,29,True,feasible-heuristic,206946.4589386,10221.14,0.0,0.0,0,2400
central-balanced-c97p49-r30p0,adaptive,0,True,feasible-heuristic,203555.58306445,10417.305,0.0,0.0,0,2400
central-balanced-c97p49-r30p0,adaptive,1,True,feasible-heuristic,203555.58306445,10417.305,0.0,0.0,0,2400
central-balanced-c97p49-r30p0,adaptive,2,True,feasible-heuristic,206946.4589386,10221.14,0.0,0.0,0,2400
central-balanced-c97p49-r30p0,adaptive,3,True,feasible-heuristic,206946.4589386,10221.14,0.0,0.0,0,2400
central-balanced-c97p49-r30p0,adaptive,4,True,feasible-heuristic,206955.58306445,10417.304999999998,0.0,0.0,0,2400
central-balanced-c97p49-r30p0,adaptive,5,True,feasible-heuristic,203555.58306445,10417.305,0.0,0.0,0,2400
central-balanced-c97p49-r30p0,adaptive,6,True,feasible-heuristic,206955.58306445,10417.305,0.0,0.0,0,2400
central-balanced-c97p49-r30p0,adaptive,7,True,feasible-heuristic,206955.58306445,10417.305,0.0,0.0,0,2400
central-balanced-c97p49-r30p0,adaptive,8,True,feasible-heuristic,210616.4589386,10221.14,0.0,0.0,0,2400
central-balanced-c97p49-r30p0,adaptive,9,True,feasible-heuristic,206955.58306445,10417.305,0.0,0.0,0,2400
central-balanced-c97p49-r30p0,adaptive,10,True,feasible-heuristic,207216.4589386,10221.14,0.0,0.0,0,2400
central-balanced-c97p49-r30p0,adaptive,11,True,feasible-heuristic,206955.58306445,10417.305,0.0,0.0,0,2400
central-balanced-c97p49-r30p0,adaptive,12,True,feasible-heuristic,206955.58306445,10417.305,0.0,0.0,0,2400
central-balanced-c97p49-r30p0,adaptive,13,True,feasible-heuristic,210625.58306445,10417.304999999998,0.0,0.0,0,2400
central-balanced-c97p49-r30p0,adaptive,14,True,feasible-heuristic,203555.58306445,10417.305,0.0,0.0,0,2400
central-balanced-c97p49-r30p0,adaptive,15,True,feasible-heuristic,203825.58306445,10417.305,0.0,0.0,0,2400
central-balanced-c97p49-r30p0,adaptive,16,True,feasible-heuristic,207216.4589386,10221.14,0.0,0.0,0,2400
central-balanced-c97p49-r30p0,adaptive,17,True,feasible-heuristic,210616.4589386,10221.14,0.0,0.0,0,2400
central-balanced-c97p49-r30p0,adaptive,18,True,feasible-heuristic,206946.4589386,10221.14,0.0,0.0,0,2400
central-balanced-c97p49-r30p0,adaptive,19,True,feasible-heuristic,203555.58306445,10417.305,0.0,0.0,0,2400
central-balanced-c97p49-r30p0,adaptive,20,True,feasible-heuristic,210616.4589386,10221.14,0.0,0.0,0,2400
central-balanced-c97p49-r30p0,adaptive,21,True,feasible-heuristic,206946.4589386,10221.14,0.0,0.0,0,2400
central-balanced-c97p49-r30p0,adaptive,22,True,feasible-heuristic,206946.4589386,10221.14,0.0,0.0,0,2400
central-balanced-c97p49-r30p0,adaptive,23,True,feasible-heuristic,206946.4589386,10221.14,0.0,0.0,0,2400
central-balanced-c97p49-r30p0,adaptive,24,True,feasible-heuristic,206946.4589386,10221.14,0.0,0.0,0,2400
central-balanced-c97p49-r30p0,adaptive,25,True,feasible-heuristic,206955.58306445,10417.305,0.0,0.0,0,2400
central-balanced-c97p49-r30p0,adaptive,26,True,feasible-heuristic,206946.4589386,10221.140000000001,0.0,0.0,0,2400
central-balanced-c97p49-r30p0,adaptive,27,True,feasible-heuristic,206955.58306445,10417.305,0.0,0.0,0,2400
central-balanced-c97p49-r30p0,adaptive,28,True,feasible-heuristic,203555.58306445,10417.305,0.0,0.0,0,2400
central-balanced-c97p49-r30p0,adaptive,29,True,feasible-heuristic,207207.33481275,10024.975,0.0,0.0,0,2400
central-balanced-c97p49-r30p0,catastrophe,0,True,feasible-heuristic,203555.58306445,10417.305,0.0,0.0,2,2400
central-balanced-c97p49-r30p0,catastrophe,1,True,feasible-heuristic,206946.4589386,10221.14,0.0,0.0,1,2400
central-balanced-c97p49-r30p0,catastrophe,2,True,feasible-heuristic,203555.58306445,10417.305,0.0,0.0,1,2400
central-balanced-c97p49-r30p0,catastrophe,3,True,feasible-heuristic,203555.58306445,10417.304999999998,0.0,0.0,0,2400
central-balanced-c97p49-r30p0,catastrophe,4,True,feasible-heuristic,206946.4589386,10221.14,0.0,0.0,2,2400
central-balanced-c97p49-r30p0,catastrophe,5,True,feasible-heuristic,206946.4589386,10221.14,0.0,0.0,2,2400
central-balanced-c97p49-r30p0,catastrophe,6,True,feasible-heuristic,210616.4589386,10221.14,0.0,0.0,2,2400
central-balanced-c97p49-r30p0,catastrophe,7,True,feasible-heuristic,207225.58306445,10417.305,0.0,0.0,2,2400
central-balanced-c97p49-r30p0,catastrophe,8,True,feasible-heuristic,210886.4589386,10221.14,0.0,0.0,2,2400
central-balanced-c97p49-r30p0,catastrophe,9,True,feasible-heuristic,203825.58306445,10417.305,0.0,0.0,2,2400
central-balanced-c97p49-r30p0,catastrophe,10,True,feasible-heuristic,207216.4589386,10221.14,0.0,0.0,2,2400
central-balanced-c97p49-r30p0,catastrophe,11,True,feasible-heuristic,206946.4589386,10221.14,0.0,0.0,2,2400
central-balanced-c97p49-r30p0,catastrophe,12,True,feasible-heuristic,206946.4589386,10221.14,0.0,0.0,1,2400
central-balanced-c97p49-r30p0,catastrophe,13,True,feasible-heuristic,206946.4589386,10221.14,0.0,0.0,2,2400
central-balanced-c97p49-r30p0,catastrophe,14,True,feasible-heuristic,203825.58306445,10417.304999999998,0.0,0.0,1,2400
central-balanced-c97p49-r30p0,catastrophe,15,True,feasible-heuristic,207216.4589386,10221.14,0.0,0.0,2,2400
central-balanced-c97p49-r30p0,catastrophe,16,True,feasible-heuristic,203555.58306445,10417.305,0.0,0.0,1,2400
central-balanced-c97p49-r30p0,catastrophe,17,True,feasible-heuristic,206955.58306445,10417.305,0.0,0.0,0,2400
central-balanced-c97p49-r30p0,catastrophe,18,True,feasible-heuristic,206937.33481275,10024.975,0.0,0.0,1,2400
central-balanced-c97p49-r30p0,catastrophe,19,True,feasible-heuristic,206955.58306445,10417.305,0.0,0.0,2,2400
central-balanced-c97p49-r30p0,catastrophe,20,True,feasible-heuristic,207216.4589386,10221.14,0.0,0.0,1,2400
central-balanced-c97p49-r30p0,catastrophe,21,True,feasible-heuristic,207225.58306445,10417.304999999998,0.0,0.0,1,2400
central-balanced-c97p49-r30p0,catastrophe,22,True,feasible-heuristic,206955.58306445,10417.305,0.0,0.0,1,2400
central-balanced-c97p49-r30p0,catastrophe,23,True,feasible-heuristic,206946.4589386,10221.14,0.0,0.0,1,2400
central-balanced-c97p49-r30p0,catastrophe,24,True,feasible-heuristic,207225.58306445,10417.305,0.0,0.0,1,2400
central-balanced-c97p49-r30p0,catastrophe,25,True,feasible-heuristic,206955.58306445,10417.305,0.0,0.0,2,2400
central-balanced-c97p49-r30p0,catastrophe,26,True,feasible-heuristic,203555.58306445,10417.305,0.0,0.0,1,2400
central-balanced-c97p49-r30p0,catastrophe,27,True,feasible-heuristic,203825.58306445,10417.304999999998,0.0,0.0,1,2400
central-balanced-c97p49-r30p0,catastrophe,28,True,feasible-heuristic,206946.4589386,10221.14,0.0,0.0,2,2400
central-balanced-c97p49-r30p0,catastrophe,29,True,feasible-heuristic,206946.4589386,10221.14,0.0,0.0,2,2400
central-balanced-c97p49-r30p0,combined,0,True,feasible-heuristic,203555.58306445,10417.305,0.0,0.0,2,2400
central-balanced-c97p49-r30p0,combined,1,True,feasible-heuristic,203555.58306445,10417.305,0.0,0.0,2,2400
central-balanced-c97p49-r30p0,combined,2,True,feasible-heuristic,207216.4589386,10221.14,0.0,0.0,2,2400
central-balanced-c97p49-r30p0,combined,3,True,feasible-heuristic,210886.4589386,10221.14,0.0,0.0,2,2400
central-balanced-c97p49-r30p0,combined,4,True,feasible-heuristic,210625.58306445,10417.304999999998,0.0,0.0,1,2400
central-balanced-c97p49-r30p0,combined,5,True,feasible-heuristic,203555.58306445,10417.305,0.0,0.0,2,2400
central-balanced-c97p49-r30p0,combined,6,True,feasible-heuristic,203555.58306445,10417.305,0.0,0.0,1,2400
central-balanced-c97p49-r30p0,combined,7,True,feasible-heuristic,206955.58306445,10417.305,0.0,0.0,1,2400
central-balanced-c97p49-r30p0,combined,8,True,feasible-heuristic,207216.4589386,10221.14,0.0,0.0,1,2400
central-balanced-c97p49-r30p0,combined,9,True,feasible-heuristic,203555.58306445,10417.305,0.0,0.0,2,2400
central-balanced-c97p49-r30p0,combined,10,True,feasible-heuristic,207216.4589386,10221.14,0.0,0.0,1,2400
central-balanced-c97p49-r30p0,combined,11,True,feasible-heuristic,206955.58306445,10417.305,0.0,0.0,2,2400
central-balanced-c97p49-r30p0,combined,12,True,feasible-heuristic,206955.58306445,10417.305,0.0,0.0,2,2400
central-balanced-c97p49-r30p0,combined,13,True,feasible-heuristic,210616.4589386,10221.14,0.0,0.0,1,2400
central-balanced-c97p49-r30p0,combined,14,True,feasible-heuristic,203555.58306445,10417.305,0.0,0.0,2,2400
central-balanced-c97p49-r30p0,combined,15,True,feasible-heuristic,203825.58306445,10417.305,0.0,0.0,1,2400
central-balanced-c97p49-r30p0,combined,16,True,feasible-heuristic,207216.4589386,10221.14,0.0,0.0,2,2400
central-balanced-c97p49-r30p0,combined,17,True,feasible-heuristic,206946.4589386,10221.14,0.0,0.0,1,2400
central-balanced-c97p49-r30p0,combined,18,True,feasible-heuristic,206946.4589386,10221.14,0.0,0.0,1,2400
central-balanced-c97p49-r30p0,combined,19,True,feasible-heuristic,203555.58306445,10417.305,0.0,0.0,1,2400
central-balanced-c97p49-r30p0,combined,20,True,feasible-heuristic,210616.4589386,10221.14,0.0,0.0,2,2400
central-balanced-c97p49-r30p0,combined,21,True,feasible-heuristic,206937.33481275,10024.975,0.0,0.0,1,2400
central-balanced-c97p49-r30p0,combined,22,True,feasible-heuristic,206946.4589386,10221.14,0.0,0.0,0,2400
central-balanced-c97p49-r30p0,combined,23,True,feasible-heuristic,206946.4589386,10221.14,0.0,0.0,1,2400
central-balanced-c97p49-r30p0,combined,24,True,feasible-heuristic,206946.4589386,10221.14,0.0,0.0,1,2400
central-balanced-c97p49-r30p0,combined,25,True,feasible-heuristic,206955.58306445,10417.305,0.0,0.0,2,2400
central-balanced-c97p49-r30p0,combined,26,True,feasible-heuristic,206946.4589386,10221.140000000001,0.0,0.0,2,2400
central-balanced-c97p49-r30p0,combined,27,True,feasible-heuristic,206955.58306445,10417.305,0.0,0.0,2,2400
central-balanced-c97p49-r30p0,combined,28,True,feasible-heuristic,203555.58306445,10417.305,0.0,0.0,1,2400
central-balanced-c97p49-r30p0,combined,29,True,feasible-heuristic,207216.4589386,10221.14,0.0,0.0,2,2400
central-balanced-c97p49-r30p0,hybrid-seeded,0,True,feasible-heuristic,203555.58306445,10417.305,0.0,0.0,2,2400
central-balanced-c97p49-r30p0,hybrid-seeded,1,True,feasible-heuristic,203555.58306445,10417.305,0.0,0.0,2,2400
central-balanced-c97p49-r30p0,hybrid-seeded,2,True,feasible-heuristic,207216.4589386,10221.14,0.0,0.0,2,2400
central-balanced-c97p49-r30p0,hybrid-seeded,3,True,feasible-heuristic,210886.4589386,10221.14,0.0,0.0,2,2400
central-balanced-c97p49-r30p0,hybrid-seeded,4,True,feasible-heuristic,210625.58306445,10417.304999999998,0.0,0.0,1,2400
central-balanced-c97p49-r30p0,hybrid-seeded,5,True,feasible-heuristic,203555.58306445,10417.305,0.0,0.0,2,2400
central-balanced-c97p49-r30p0,hybrid-seeded,6,True,feasible-heuristic,203555.58306445,10417.305,0.0,0.0,1,2400
central-balanced-c97p49-r30p0,hybrid-seeded,7,True,feasible-heuristic,206955.58306445,10417.305,0.0,0.0,1,2400
central-balanced-c97p49-r30p0,hybrid-seeded,8,True,feasible-heuristic,207216.4589386,10221.14,0.0,0.0,1,2400
central-balanced-c97p49-r30p0,hybrid-seeded,9,True,feasible-heuristic,203555.58306445,10417.305,0.0,0.0,2,2400
central-balanced-c97p49-r30p0,hybrid-seeded,10,True,feasible-heuristic,207216.4589386,10221.14,0.0,0.0,1,2400
central-balanced-c97p49-r30p0,hybrid-seeded,11,True,feasible-heuristic,206955.58306445,10417.305,0.0,0.0,2,2400
central-balanced-c97p49-r30p0,hybrid-seeded,12,True,feasible-heuristic,206955.58306445,10417.305,0.0,0.0,2,2400
central-balanced-c97p49-r30p0,hybrid-seeded,13,True,feasible-heuristic,210616.4589386,10221.14,0.0,0.0,1,2400
central-balanced-c97p49-r30p0,hybrid-seeded,14,True,feasible-heuristic,203555.58306445,10417.305,0.0,0.0,2,2400
central-balanced-c97p49-r30p0,hybrid-seeded,15,True,feasible-heuristic,203825.58306445,10417.305,0.0,0.0,1,2400
central-balanced-c97p49-r30p0,hybrid-seeded,16,True,feasible-heuristic,207216.4589386,10221.14,0.0,0.0,2,2400
central-balanced-c97p49-r30p0,hybrid-seeded,17,True,feasible-heuristic,206946.4589386,10221.14,0.0,0.0,1,2400
central-balanced-c97p49-r30p0,hybrid-seeded,18,True,feasible-heuristic,206946.4589386,10221.14,0.0,0.0,1,2400
central-balanced-c97p49-r30p0,hybrid-seeded,19,True,feasible-heuristic,203555.58306445,10417.305,0.0,0.0,1,2400
central-balanced-c97p49-r30p0,hybrid-seeded,20,True,feasible-heuristic,210616.4589386,10221.14,0.0,0.0,2,2400
central-balanced-c97p49-r30p0,hybrid-seeded,21,True,feasible-heuristic,206937.33481275,10024.975,0.0,0.0,1,2400
central-balanced-c97p49-r30p0,hybrid-seeded,22,True,feasible-heuristic,206946.4589386,10221.14,0.0,0.0,0,2400
central-balanced-c97p49-r30p0,hybrid-seeded,23,True,feasible-heuristic,206946.4589386,10221.14,0.0,0.0,1,2400
central-balanced-c97p49-r30p0,hybrid-seeded,24,True,feasible-heuristic,206946.4589386,10221.14,0.0,0.0,1,2400
central-balanced-c97p49-r30p0,hybrid-seeded,25,True,feasible-heuristic,206955.58306445,10417.305,0.0,0.0,2,2400
central-balanced-c97p49-r30p0,hybrid-seeded,26,True,feasible-heuristic,206946.4589386,10221.140000000001,0.0,0.0,2,2400
central-balanced-c97p49-r30p0,hybrid-seeded,27,True,feasible-heuristic,206955.58306445,10417.305,0.0,0.0,2,2400
central-balanced-c97p49-r30p0,hybrid-seeded,28,True,feasible-heuristic,203555.58306445,10417.305,0.0,0.0,1,2400
central-balanced-c97p49-r30p0,hybrid-seeded,29,True,feasible-heuristic,207216.4589386,10221.14,0.0,0.0,2,2400
low-balanced-c97p49-r20p0,greedy,,False,infeasible-allocation,91529.4707278,7072.220000000001,0.00029079947791882827,0.00029079947791882827,0,96
low-balanced-c97p49-r20p0,fixed,0,True,feasible-heuristic,94911.2224761,6679.890000000001,0.0,0.0,0,2400
low-balanced-c97p49-r20p0,fixed,1,True,feasible-heuristic,91520.34660195,6876.055000000001,0.0,0.0,0,2400
low-balanced-c97p49-r20p0,fixed,2,True,feasible-heuristic,91250.34660195,6876.055000000001,0.0,0.0,0,2400
low-balanced-c97p49-r20p0,fixed,3,True,feasible-heuristic,91250.34660195,6876.055000000001,0.0,0.0,0,2400
low-balanced-c97p49-r20p0,fixed,4,True,feasible-heuristic,91250.34660195,6876.055000000001,0.0,0.0,0,2400
low-balanced-c97p49-r20p0,fixed,5,True,feasible-heuristic,94641.2224761,6679.890000000001,0.0,0.0,0,2400
low-balanced-c97p49-r20p0,fixed,6,True,feasible-heuristic,91511.2224761,6679.89,0.0,0.0,0,2400
low-balanced-c97p49-r20p0,fixed,7,True,feasible-heuristic,91520.34660195,6876.055,0.0,0.0,0,2400
low-balanced-c97p49-r20p0,fixed,8,True,feasible-heuristic,91250.34660195,6876.055000000001,0.0,0.0,0,2400
low-balanced-c97p49-r20p0,fixed,9,True,feasible-heuristic,91520.34660195,6876.055,0.0,0.0,0,2400
low-balanced-c97p49-r20p0,fixed,10,True,feasible-heuristic,91511.2224761,6679.89,0.0,0.0,0,2400
low-balanced-c97p49-r20p0,fixed,11,True,feasible-heuristic,91790.34660195,6876.055,0.0,0.0,0,2400
low-balanced-c97p49-r20p0,fixed,12,True,feasible-heuristic,91250.34660195,6876.055000000001,0.0,0.0,0,2400
low-balanced-c97p49-r20p0,fixed,13,True,feasible-heuristic,91511.2224761,6679.89,0.0,0.0,0,2400
low-balanced-c97p49-r20p0,fixed,14,True,feasible-heuristic,91520.34660195,6876.055,0.0,0.0,0,2400
low-balanced-c97p49-r20p0,fixed,15,True,feasible-heuristic,91520.34660195,6876.055,0.0,0.0,0,2400
low-balanced-c97p49-r20p0,fixed,16,True,feasible-heuristic,91250.34660195,6876.055000000001,0.0,0.0,0,2400
low-balanced-c97p49-r20p0,fixed,17,True,feasible-heuristic,91250.34660195,6876.055000000001,0.0,0.0,0,2400
low-balanced-c97p49-r20p0,fixed,18,True,feasible-heuristic,91250.34660195,6876.055000000001,0.0,0.0,0,2400
low-balanced-c97p49-r20p0,fixed,19,True,feasible-heuristic,91250.34660195,6876.055000000001,0.0,0.0,0,2400
low-balanced-c97p49-r20p0,fixed,20,True,feasible-heuristic,91511.2224761,6679.89,0.0,0.0,0,2400
low-balanced-c97p49-r20p0,fixed,21,True,feasible-heuristic,91772.09835025,6483.725,0.0,0.0,0,2400
low-balanced-c97p49-r20p0,fixed,22,True,feasible-heuristic,91511.2224761,6679.89,0.0,0.0,0,2400
low-balanced-c97p49-r20p0,fixed,23,True,feasible-heuristic,91511.2224761,6679.89,0.0,0.0,0,2400
low-balanced-c97p49-r20p0,fixed,24,True,feasible-heuristic,91250.34660195,6876.055000000001,0.0,0.0,0,2400
low-balanced-c97p49-r20p0,fixed,25,True,feasible-heuristic,91250.34660195,6876.055000000001,0.0,0.0,0,2400
low-balanced-c97p49-r20p0,fixed,26,True,feasible-heuristic,91250.34660195,6876.055000000001,0.0,0.0,0,2400
low-balanced-c97p49-r20p0,fixed,27,True,feasible-heuristic,91250.34660195,6876.055000000001,0.0,0.0,0,2400
low-balanced-c97p49-r20p0,fixed,28,True,feasible-heuristic,91520.34660195,6876.055000000001,0.0,0.0,0,2400
low-balanced-c97p49-r20p0,fixed,29,True,feasible-heuristic,91520.34660195,6876.055000000001,0.0,0.0,0,2400
low-balanced-c97p49-r20p0,adaptive,0,True,feasible-heuristic,91520.34660195,6876.055,0.0,0.0,0,2400
low-balanced-c97p49-r20p0,adaptive,1,True,feasible-heuristic,91250.34660195,6876.055000000001,0.0,0.0,0,2400
low-balanced-c97p49-r20p0,adaptive,2,True,feasible-heuristic,91511.2224761,6679.89,0.0,0.0,0,2400
low-balanced-c97p49-r20p0,adaptive,3,True,feasible-heuristic,91250.34660195,6876.055000000001,0.0,0.0,0,2400
low-balanced-c97p49-r20p0,adaptive,4,True,feasible-heuristic,91520.34660195,6876.055,0.0,0.0,0,2400
low-balanced-c97p49-r20p0,adaptive,5,True,feasible-heuristic,91250.34660195,6876.055000000001,0.0,0.0,0,2400
low-balanced-c97p49-r20p0,adaptive,6,True,feasible-heuristic,91250.34660195,6876.055000000001,0.0,0.0,0,2400
low-balanced-c97p49-r20p0,adaptive,7,True,feasible-heuristic,94911.2224761,6679.89,0.0,0.0,0,2400
low-balanced-c97p49-r20p0,adaptive,8,True,feasible-heuristic,91250.34660195,6876.055000000001,0.0,0.0,0,2400
low-balanced-c97p49-r20p0,adaptive,9,True,feasible-heuristic,91250.34660195,6876.055000000001,0.0,0.0,0,2400
low-balanced-c97p49-r20p0,adaptive,10,True,feasible-heuristic,91511.2224761,6679.89,0.0,0.0,0,2400
low-balanced-c97p49-r20p0,adaptive,11,True,feasible-heuristic,91250.34660195,6876.055000000001,0.0,0.0,0,2400
low-balanced-c97p49-r20p0,adaptive,12,True,feasible-heuristic,91250.34660195,6876.055000000001,0.0,0.0,0,2400
low-balanced-c97p49-r20p0,adaptive,13,True,feasible-heuristic,91511.2224761,6679.89,0.0,0.0,0,2400
low-balanced-c97p49-r20p0,adaptive,14,True,feasible-heuristic,94641.2224761,6679.890000000001,0.0,0.0,0,2400
low-balanced-c97p49-r20p0,adaptive,15,True,feasible-heuristic,91511.2224761,6679.89,0.0,0.0,0,2400
low-balanced-c97p49-r20p0,adaptive,16,True,feasible-heuristic,91250.34660195,6876.055000000001,0.0,0.0,0,2400
low-balanced-c97p49-r20p0,adaptive,17,True,feasible-heuristic,91511.2224761,6679.89,0.0,0.0,0,2400
low-balanced-c97p49-r20p0,adaptive,18,True,feasible-heuristic,91250.34660195,6876.055000000001,0.0,0.0,0,2400
low-balanced-c97p49-r20p0,adaptive,19,True,feasible-heuristic,91511.2224761,6679.89,0.0,0.0,0,2400
low-balanced-c97p49-r20p0,adaptive,20,True,feasible-heuristic,91250.34660195,6876.055000000001,0.0,0.0,0,2400
low-balanced-c97p49-r20p0,adaptive,21,True,feasible-heuristic,91511.2224761,6679.890000000001,0.0,0.0,0,2400
low-balanced-c97p49-r20p0,adaptive,22,True,feasible-heuristic,91520.34660195,6876.055,0.0,0.0,0,2400
low-balanced-c97p49-r20p0,adaptive,23,True,feasible-heuristic,91250.34660195,6876.055000000001,0.0,0.0,0,2400
low-balanced-c97p49-r20p0,adaptive,24,True,feasible-heuristic,91511.2224761,6679.89,0.0,0.0,0,2400
low-balanced-c97p49-r20p0,adaptive,25,True,feasible-heuristic,91520.34660195,6876.055,0.0,0.0,0,2400
low-balanced-c97p49-r20p0,adaptive,26,True,feasible-heuristic,91511.2224761,6679.890000000001,0.0,0.0,0,2400
low-balanced-c97p49-r20p0,adaptive,27,True,feasible-heuristic,91250.34660195,6876.055000000001,0.0,0.0,0,2400
low-balanced-c97p49-r20p0,adaptive,28,True,feasible-heuristic,91781.2224761,6679.89,0.0,0.0,0,2400
low-balanced-c97p49-r20p0,adaptive,29,True,feasible-heuristic,91511.2224761,6679.89,0.0,0.0,0,2400
low-balanced-c97p49-r20p0,catastrophe,0,True,feasible-heuristic,91520.34660195,6876.055000000001,0.0,0.0,1,2400
low-balanced-c97p49-r20p0,catastrophe,1,True,feasible-heuristic,91520.34660195,6876.055000000001,0.0,0.0,1,2400
low-balanced-c97p49-r20p0,catastrophe,2,True,feasible-heuristic,91250.34660195,6876.055000000001,0.0,0.0,1,2400
low-balanced-c97p49-r20p0,catastrophe,3,True,feasible-heuristic,91250.34660195,6876.055000000001,0.0,0.0,1,2400
low-balanced-c97p49-r20p0,catastrophe,4,True,feasible-heuristic,91250.34660195,6876.055000000001,0.0,0.0,1,2400
low-balanced-c97p49-r20p0,catastrophe,5,True,feasible-heuristic,94641.2224761,6679.890000000001,0.0,0.0,1,2400
low-balanced-c97p49-r20p0,catastrophe,6,True,feasible-heuristic,91511.2224761,6679.89,0.0,0.0,1,2400
low-balanced-c97p49-r20p0,catastrophe,7,True,feasible-heuristic,91250.34660195,6876.055000000001,0.0,0.0,1,2400
low-balanced-c97p49-r20p0,catastrophe,8,True,feasible-heuristic,91250.34660195,6876.055000000001,0.0,0.0,1,2400
low-balanced-c97p49-r20p0,catastrophe,9,True,feasible-heuristic,91520.34660195,6876.055,0.0,0.0,2,2400
low-balanced-c97p49-r20p0,catastrophe,10,True,feasible-heuristic,91511.2224761,6679.89,0.0,0.0,0,2400
low-balanced-c97p49-r20p0,catastrophe,11,True,feasible-heuristic,91790.34660195,6876.055,0.0,0.0,2,2400
low-balanced-c97p49-r20p0,catastrophe,12,True,feasible-heuristic,91250.34660195,6876.055000000001,0.0,0.0,1,2400
low-balanced-c97p49-r20p0,catastrophe,13,True,feasible-heuristic,91520.34660195,6876.055,0.0,0.0,1,2400
low-balanced-c97p49-r20p0,catastrophe,14,True,feasible-heuristic,91520.34660195,6876.055,0.0,0.0,1,2400
low-balanced-c97p49-r20p0,catastrophe,15,True,feasible-heuristic,91520.34660195,6876.055,0.0,0.0,1,2400
low-balanced-c97p49-r20p0,catastrophe,16,True,feasible-heuristic,91250.34660195,6876.055000000001,0.0,0.0,1,2400
low-balanced-c97p49-r20p0,catastrophe,17,True,feasible-heuristic,91511.2224761,6679.890000000001,0.0,0.0,1,2400
low-balanced-c97p49-r20p0,catastrophe,18,True,feasible-heuristic,91250.34660195,6876.055000000001,0.0,0.0,1,2400
low-balanced-c97p49-r20p0,catastrophe,19,True,feasible-heuristic,91250.34660195,6876.055000000001,0.0,0.0,0,2400
low-balanced-c97p49-r20p0,catastrophe,20,True,feasible-heuristic,91511.2224761,6679.89,0.0,0.0,1,2400
low-balanced-c97p49-r20p0,catastrophe,21,True,feasible-heuristic,91772.09835025,6483.725,0.0,0.0,1,2400
low-balanced-c97p49-r20p0,catastrophe,22,True,feasible-heuristic,91511.2224761,6679.89,0.0,0.0,1,2400
low-balanced-c97p49-r20p0,catastrophe,23,True,feasible-heuristic,91511.2224761,6679.89,0.0,0.0,2,2400
low-balanced-c97p49-r20p0,catastrophe,24,True,feasible-heuristic,91250.34660195,6876.055000000001,0.0,0.0,1,2400
low-balanced-c97p49-r20p0,catastrophe,25,True,feasible-heuristic,91250.34660195,6876.055000000001,0.0,0.0,1,2400
low-balanced-c97p49-r20p0,catastrophe,26,True,feasible-heuristic,91250.34660195,6876.055000000001,0.0,0.0,1,2400
low-balanced-c97p49-r20p0,catastrophe,27,True,feasible-heuristic,91520.34660195,6876.055000000001,0.0,0.0,1,2400
low-balanced-c97p49-r20p0,catastrophe,28,True,feasible-heuristic,91520.34660195,6876.055000000001,0.0,0.0,2,2400
low-balanced-c97p49-r20p0,catastrophe,29,True,feasible-heuristic,91520.34660195,6876.055000000001,0.0,0.0,1,2400
low-balanced-c97p49-r20p0,combined,0,True,feasible-heuristic,91520.34660195,6876.055,0.0,0.0,1,2400
low-balanced-c97p49-r20p0,combined,1,True,feasible-heuristic,91250.34660195,6876.055000000001,0.0,0.0,1,2400
low-balanced-c97p49-r20p0,combined,2,True,feasible-heuristic,91511.2224761,6679.89,0.0,0.0,1,2400
low-balanced-c97p49-r20p0,combined,3,True,feasible-heuristic,91250.34660195,6876.055000000001,0.0,0.0,1,2400
low-balanced-c97p49-r20p0,combined,4,True,feasible-heuristic,91511.2224761,6679.890000000001,0.0,0.0,1,2400
low-balanced-c97p49-r20p0,combined,5,True,feasible-heuristic,91250.34660195,6876.055000000001,0.0,0.0,0,2400
low-balanced-c97p49-r20p0,combined,6,True,feasible-heuristic,91250.34660195,6876.055000000001,0.0,0.0,0,2400
low-balanced-c97p49-r20p0,combined,7,True,feasible-heuristic,94911.2224761,6679.89,0.0,0.0,1,2400
low-balanced-c97p49-r20p0,combined,8,True,feasible-heuristic,91250.34660195,6876.055000000001,0.0,0.0,1,2400
low-balanced-c97p49-r20p0,combined,9,True,feasible-heuristic,91250.34660195,6876.055000000001,0.0,0.0,1,2400
low-balanced-c97p49-r20p0,combined,10,True,feasible-heuristic,91511.2224761,6679.89,0.0,0.0,0,2400
low-balanced-c97p49-r20p0,combined,11,True,feasible-heuristic,91250.34660195,6876.055000000001,0.0,0.0,1,2400
low-balanced-c97p49-r20p0,combined,12,True,feasible-heuristic,91250.34660195,6876.055000000001,0.0,0.0,1,2400
low-balanced-c97p49-r20p0,combined,13,True,feasible-heuristic,91250.34660195,6876.055000000001,0.0,0.0,1,2400
low-balanced-c97p49-r20p0,combined,14,True,feasible-heuristic,94641.2224761,6679.890000000001,0.0,0.0,1,2400
low-balanced-c97p49-r20p0,combined,15,True,feasible-heuristic,91511.2224761,6679.89,0.0,0.0,1,2400
low-balanced-c97p49-r20p0,combined,16,True,feasible-heuristic,91250.34660195,6876.055000000001,0.0,0.0,1,2400
low-balanced-c97p49-r20p0,combined,17,True,feasible-heuristic,91511.2224761,6679.89,0.0,0.0,1,2400
low-balanced-c97p49-r20p0,combined,18,True,feasible-heuristic,91250.34660195,6876.055000000001,0.0,0.0,1,2400
low-balanced-c97p49-r20p0,combined,19,True,feasible-heuristic,91511.2224761,6679.89,0.0,0.0,0,2400
low-balanced-c97p49-r20p0,combined,20,True,feasible-heuristic,91250.34660195,6876.055000000001,0.0,0.0,1,2400
low-balanced-c97p49-r20p0,combined,21,True,feasible-heuristic,91511.2224761,6679.890000000001,0.0,0.0,1,2400
low-balanced-c97p49-r20p0,combined,22,True,feasible-heuristic,91520.34660195,6876.055,0.0,0.0,2,2400
low-balanced-c97p49-r20p0,combined,23,True,feasible-heuristic,91250.34660195,6876.055000000001,0.0,0.0,1,2400
low-balanced-c97p49-r20p0,combined,24,True,feasible-heuristic,91250.34660195,6876.055000000001,0.0,0.0,1,2400
low-balanced-c97p49-r20p0,combined,25,True,feasible-heuristic,91520.34660195,6876.055,0.0,0.0,1,2400
low-balanced-c97p49-r20p0,combined,26,True,feasible-heuristic,91511.2224761,6679.890000000001,0.0,0.0,1,2400
low-balanced-c97p49-r20p0,combined,27,True,feasible-heuristic,91250.34660195,6876.055000000001,0.0,0.0,1,2400
low-balanced-c97p49-r20p0,combined,28,True,feasible-heuristic,91781.2224761,6679.89,0.0,0.0,1,2400
low-balanced-c97p49-r20p0,combined,29,True,feasible-heuristic,91511.2224761,6679.89,0.0,0.0,1,2400
low-balanced-c97p49-r20p0,hybrid-seeded,0,True,feasible-heuristic,91520.34660195,6876.055,0.0,0.0,1,2400
low-balanced-c97p49-r20p0,hybrid-seeded,1,True,feasible-heuristic,91250.34660195,6876.055000000001,0.0,0.0,1,2400
low-balanced-c97p49-r20p0,hybrid-seeded,2,True,feasible-heuristic,91511.2224761,6679.89,0.0,0.0,1,2400
low-balanced-c97p49-r20p0,hybrid-seeded,3,True,feasible-heuristic,91250.34660195,6876.055000000001,0.0,0.0,1,2400
low-balanced-c97p49-r20p0,hybrid-seeded,4,True,feasible-heuristic,91511.2224761,6679.890000000001,0.0,0.0,1,2400
low-balanced-c97p49-r20p0,hybrid-seeded,5,True,feasible-heuristic,91250.34660195,6876.055000000001,0.0,0.0,0,2400
low-balanced-c97p49-r20p0,hybrid-seeded,6,True,feasible-heuristic,91250.34660195,6876.055000000001,0.0,0.0,0,2400
low-balanced-c97p49-r20p0,hybrid-seeded,7,True,feasible-heuristic,94911.2224761,6679.89,0.0,0.0,1,2400
low-balanced-c97p49-r20p0,hybrid-seeded,8,True,feasible-heuristic,91250.34660195,6876.055000000001,0.0,0.0,1,2400
low-balanced-c97p49-r20p0,hybrid-seeded,9,True,feasible-heuristic,91250.34660195,6876.055000000001,0.0,0.0,1,2400
low-balanced-c97p49-r20p0,hybrid-seeded,10,True,feasible-heuristic,91511.2224761,6679.89,0.0,0.0,0,2400
low-balanced-c97p49-r20p0,hybrid-seeded,11,True,feasible-heuristic,91250.34660195,6876.055000000001,0.0,0.0,1,2400
low-balanced-c97p49-r20p0,hybrid-seeded,12,True,feasible-heuristic,91250.34660195,6876.055000000001,0.0,0.0,1,2400
low-balanced-c97p49-r20p0,hybrid-seeded,13,True,feasible-heuristic,91250.34660195,6876.055000000001,0.0,0.0,1,2400
low-balanced-c97p49-r20p0,hybrid-seeded,14,True,feasible-heuristic,94641.2224761,6679.890000000001,0.0,0.0,1,2400
low-balanced-c97p49-r20p0,hybrid-seeded,15,True,feasible-heuristic,91511.2224761,6679.89,0.0,0.0,1,2400
low-balanced-c97p49-r20p0,hybrid-seeded,16,True,feasible-heuristic,91250.34660195,6876.055000000001,0.0,0.0,1,2400
low-balanced-c97p49-r20p0,hybrid-seeded,17,True,feasible-heuristic,91511.2224761,6679.89,0.0,0.0,1,2400
low-balanced-c97p49-r20p0,hybrid-seeded,18,True,feasible-heuristic,91250.34660195,6876.055000000001,0.0,0.0,1,2400
low-balanced-c97p49-r20p0,hybrid-seeded,19,True,feasible-heuristic,91511.2224761,6679.89,0.0,0.0,0,2400
low-balanced-c97p49-r20p0,hybrid-seeded,20,True,feasible-heuristic,91250.34660195,6876.055000000001,0.0,0.0,1,2400
low-balanced-c97p49-r20p0,hybrid-seeded,21,True,feasible-heuristic,91511.2224761,6679.890000000001,0.0,0.0,1,2400
low-balanced-c97p49-r20p0,hybrid-seeded,22,True,feasible-heuristic,91520.34660195,6876.055,0.0,0.0,2,2400
low-balanced-c97p49-r20p0,hybrid-seeded,23,True,feasible-heuristic,91250.34660195,6876.055000000001,0.0,0.0,1,2400
low-balanced-c97p49-r20p0,hybrid-seeded,24,True,feasible-heuristic,91250.34660195,6876.055000000001,0.0,0.0,1,2400
low-balanced-c97p49-r20p0,hybrid-seeded,25,True,feasible-heuristic,91520.34660195,6876.055,0.0,0.0,1,2400
low-balanced-c97p49-r20p0,hybrid-seeded,26,True,feasible-heuristic,91511.2224761,6679.890000000001,0.0,0.0,1,2400
low-balanced-c97p49-r20p0,hybrid-seeded,27,True,feasible-heuristic,91250.34660195,6876.055000000001,0.0,0.0,1,2400
low-balanced-c97p49-r20p0,hybrid-seeded,28,True,feasible-heuristic,91781.2224761,6679.89,0.0,0.0,1,2400
low-balanced-c97p49-r20p0,hybrid-seeded,29,True,feasible-heuristic,91511.2224761,6679.89,0.0,0.0,1,2400
high-balanced-c97p49-r20p0,greedy,,False,infeasible-allocation,261159.08541565,22762.185000000012,0.13431850149839006,0.05844437562426418,0,288
high-balanced-c97p49-r20p0,fixed,0,False,no-feasible-allocation-found,256706.4577932,23350.68000000001,0.1312640102753433,0.08580946482079782,0,2400
high-balanced-c97p49-r20p0,fixed,1,False,no-feasible-allocation-found,256706.4577932,23350.680000000015,0.13126401027534346,0.08580946482079799,0,2400
high-balanced-c97p49-r20p0,fixed,2,False,no-feasible-allocation-found,259818.2095415,22958.350000000002,0.13574789020492645,0.06756607202310827,0,2400
high-balanced-c97p49-r20p0,fixed,3,False,no-feasible-allocation-found,256436.4577932,23350.680000000015,0.13126401027534346,0.08580946482079799,0,2400
high-balanced-c97p49-r20p0,fixed,4,False,no-feasible-allocation-found,256706.4577932,23350.68000000001,0.1312640102753433,0.08580946482079782,0,2400
high-balanced-c97p49-r20p0,fixed,5,False,no-feasible-allocation-found,260088.2095415,22958.35000000001,0.13574789020492678,0.06756607202310862,0,2400
high-balanced-c97p49-r20p0,fixed,6,False,no-feasible-allocation-found,256436.4577932,23350.68000000001,0.1312640102753433,0.08580946482079782,0,2400
high-balanced-c97p49-r20p0,fixed,7,False,no-feasible-allocation-found,256436.4577932,23350.680000000015,0.13126401027534346,0.08580946482079799,0,2400
high-balanced-c97p49-r20p0,fixed,8,False,no-feasible-allocation-found,256706.4577932,23350.68000000001,0.1312640102753433,0.08580946482079782,0,2400
high-balanced-c97p49-r20p0,fixed,9,False,no-feasible-allocation-found,256436.4577932,23350.680000000015,0.13126401027534346,0.08580946482079799,0,2400
high-balanced-c97p49-r20p0,fixed,10,False,no-feasible-allocation-found,256706.4577932,23350.68000000002,0.13126401027534362,0.08580946482079815,0,2400
high-balanced-c97p49-r20p0,fixed,11,False,no-feasible-allocation-found,256706.4577932,23350.68000000001,0.1312640102753433,0.08580946482079782,0,2400
high-balanced-c97p49-r20p0,fixed,12,False,no-feasible-allocation-found,256706.4577932,23350.680000000015,0.13126401027534346,0.08580946482079799,0,2400
high-balanced-c97p49-r20p0,fixed,13,False,no-feasible-allocation-found,256706.4577932,23350.68000000001,0.1312640102753433,0.08580946482079782,0,2400
high-balanced-c97p49-r20p0,fixed,14,False,no-feasible-allocation-found,256706.4577932,23350.680000000015,0.13126401027534346,0.08580946482079799,0,2400
high-balanced-c97p49-r20p0,fixed,15,False,no-feasible-allocation-found,256706.4577932,23350.680000000015,0.13126401027534346,0.08580946482079799,0,2400
high-balanced-c97p49-r20p0,fixed,16,False,no-feasible-allocation-found,256706.4577932,23350.68000000001,0.1312640102753433,0.08580946482079782,0,2400
high-balanced-c97p49-r20p0,fixed,17,False,no-feasible-allocation-found,256967.33366735,23154.51500000001,0.12214231387649867,0.07668776842195321,0,2400
high-balanced-c97p49-r20p0,fixed,18,False,no-feasible-allocation-found,259827.33366735,23154.515000000003,0.14486958660377106,0.07668776842195288,0,2400
high-balanced-c97p49-r20p0,fixed,19,False,no-feasible-allocation-found,259818.2095415,22958.35000000001,0.13574789020492678,0.06756607202310862,0,2400
high-balanced-c97p49-r20p0,fixed,20,False,no-feasible-allocation-found,256706.4577932,23350.680000000015,0.13126401027534346,0.08580946482079799,0,2400
high-balanced-c97p49-r20p0,fixed,21,False,no-feasible-allocation-found,257228.2095415,22958.35000000001,0.11302061747765407,0.06756607202310862,0,2400
high-balanced-c97p49-r20p0,fixed,22,False,no-feasible-allocation-found,256976.4577932,23350.68000000002,0.13126401027534362,0.08580946482079815,0,2400
high-balanced-c97p49-r20p0,fixed,23,False,no-feasible-allocation-found,256976.4577932,23350.680000000015,0.13126401027534346,0.08580946482079799,0,2400
high-balanced-c97p49-r20p0,fixed,24,False,no-feasible-allocation-found,256436.4577932,23350.68000000001,0.1312640102753433,0.08580946482079782,0,2400
high-balanced-c97p49-r20p0,fixed,25,False,no-feasible-allocation-found,259818.2095415,22958.350000000013,0.13574789020492695,0.06756607202310878,0,2400
high-balanced-c97p49-r20p0,fixed,26,False,no-feasible-allocation-found,256436.4577932,23350.68000000001,0.1312640102753433,0.08580946482079782,0,2400
high-balanced-c97p49-r20p0,fixed,27,False,no-feasible-allocation-found,256436.4577932,23350.68000000001,0.1312640102753433,0.08580946482079782,0,2400
high-balanced-c97p49-r20p0,fixed,28,False,no-feasible-allocation-found,259557.33366735,23154.515000000007,0.14486958660377122,0.07668776842195305,0,2400
high-balanced-c97p49-r20p0,fixed,29,False,no-feasible-allocation-found,256706.4577932,23350.68000000002,0.13126401027534362,0.08580946482079815,0,2400
high-balanced-c97p49-r20p0,adaptive,0,False,no-feasible-allocation-found,256706.4577932,23350.68000000001,0.1312640102753433,0.08580946482079782,0,2400
high-balanced-c97p49-r20p0,adaptive,1,False,no-feasible-allocation-found,256697.33366735,23154.515000000014,0.12214231387649883,0.07668776842195338,0,2400
high-balanced-c97p49-r20p0,adaptive,2,False,no-feasible-allocation-found,256697.33366735,23154.515000000014,0.12214231387649883,0.07668776842195338,0,2400
high-balanced-c97p49-r20p0,adaptive,3,False,no-feasible-allocation-found,259818.2095415,22958.350000000006,0.1357478902049266,0.06756607202310845,0,2400
high-balanced-c97p49-r20p0,adaptive,4,False,no-feasible-allocation-found,260088.2095415,22958.350000000002,0.13574789020492645,0.06756607202310827,0,2400
high-balanced-c97p49-r20p0,adaptive,5,False,no-feasible-allocation-found,256706.4577932,23350.680000000015,0.13126401027534346,0.08580946482079799,0,2400
high-balanced-c97p49-r20p0,adaptive,6,False,no-feasible-allocation-found,256436.4577932,23350.680000000015,0.13126401027534346,0.08580946482079799,0,2400
high-balanced-c97p49-r20p0,adaptive,7,False,no-feasible-allocation-found,260358.2095415,22958.350000000006,0.1357478902049266,0.06756607202310845,0,2400
high-balanced-c97p49-r20p0,adaptive,8,False,no-feasible-allocation-found,256706.4577932,23350.68000000001,0.1312640102753433,0.08580946482079782,0,2400
high-balanced-c97p49-r20p0,adaptive,9,False,no-feasible-allocation-found,256706.4577932,23350.680000000015,0.13126401027534346,0.08580946482079799,0,2400
high-balanced-c97p49-r20p0,adaptive,10,False,no-feasible-allocation-found,256706.4577932,23350.68000000001,0.1312640102753433,0.08580946482079782,0,2400
high-balanced-c97p49-r20p0,adaptive,11,False,no-feasible-allocation-found,256706.4577932,23350.68000000001,0.1312640102753433,0.08580946482079782,0,2400
high-balanced-c97p49-r20p0,adaptive,12,False,no-feasible-allocation-found,256976.4577932,23350.680000000015,0.13126401027534346,0.08580946482079799,0,2400
high-balanced-c97p49-r20p0,adaptive,13,False,no-feasible-allocation-found,256967.33366735,23154.515000000014,0.12214231387649883,0.07668776842195338,0,2400
high-balanced-c97p49-r20p0,adaptive,14,False,no-feasible-allocation-found,259818.2095415,22958.350000000013,0.13574789020492695,0.06756607202310878,0,2400
high-balanced-c97p49-r20p0,adaptive,15,False,no-feasible-allocation-found,260088.2095415,22958.35000000001,0.13574789020492678,0.06756607202310862,0,2400
high-balanced-c97p49-r20p0,adaptive,16,False,no-feasible-allocation-found,256706.4577932,23350.68000000001,0.1312640102753433,0.08580946482079782,0,2400
high-balanced-c97p49-r20p0,adaptive,17,False,no-feasible-allocation-found,256976.4577932,23350.68000000001,0.1312640102753433,0.08580946482079782,0,2400
high-balanced-c97p49-r20p0,adaptive,18,False,no-feasible-allocation-found,256967.33366735,23154.515000000014,0.12214231387649883,0.07668776842195338,0,2400
high-balanced-c97p49-r20p0,adaptive,19,False,no-feasible-allocation-found,260088.2095415,22958.350000000017,0.1357478902049271,0.06756607202310895,0,2400
high-balanced-c97p49-r20p0,adaptive,20,False,no-feasible-allocation-found,256697.33366735,23154.515000000014,0.12214231387649883,0.07668776842195338,0,2400
high-balanced-c97p49-r20p0,adaptive,21,False,no-feasible-allocation-found,259818.2095415,22958.350000000017,0.1357478902049271,0.06756607202310895,0,2400
high-balanced-c97p49-r20p0,adaptive,22,False,no-feasible-allocation-found,256697.33366735,23154.515000000014,0.12214231387649883,0.07668776842195338,0,2400
high-balanced-c97p49-r20p0,adaptive,23,False,no-feasible-allocation-found,259818.2095415,22958.350000000013,0.13574789020492695,0.06756607202310878,0,2400
high-balanced-c97p49-r20p0,adaptive,24,False,no-feasible-allocation-found,256706.4577932,23350.68000000001,0.1312640102753433,0.08580946482079782,0,2400
high-balanced-c97p49-r20p0,adaptive,25,False,no-feasible-allocation-found,257246.4577932,23350.680000000015,0.13126401027534346,0.08580946482079799,0,2400
high-balanced-c97p49-r20p0,adaptive,26,False,no-feasible-allocation-found,256706.4577932,23350.68000000001,0.1312640102753433,0.08580946482079782,0,2400
high-balanced-c97p49-r20p0,adaptive,27,False,no-feasible-allocation-found,256436.4577932,23350.680000000015,0.13126401027534346,0.08580946482079799,0,2400
high-balanced-c97p49-r20p0,adaptive,28,False,no-feasible-allocation-found,256706.4577932,23350.68000000002,0.13126401027534362,0.08580946482079815,0,2400
high-balanced-c97p49-r20p0,adaptive,29,False,no-feasible-allocation-found,256436.4577932,23350.68000000001,0.1312640102753433,0.08580946482079782,0,2400
high-balanced-c97p49-r20p0,catastrophe,0,False,no-feasible-allocation-found,256706.4577932,23350.68000000001,0.1312640102753433,0.08580946482079782,1,2400
high-balanced-c97p49-r20p0,catastrophe,1,False,no-feasible-allocation-found,256706.4577932,23350.680000000015,0.13126401027534346,0.08580946482079799,2,2400
high-balanced-c97p49-r20p0,catastrophe,2,False,no-feasible-allocation-found,259818.2095415,22958.350000000002,0.13574789020492645,0.06756607202310827,2,2400
high-balanced-c97p49-r20p0,catastrophe,3,False,no-feasible-allocation-found,256697.33366735,23154.51500000001,0.12214231387649867,0.07668776842195321,1,2400
high-balanced-c97p49-r20p0,catastrophe,4,False,no-feasible-allocation-found,256706.4577932,23350.68000000001,0.1312640102753433,0.08580946482079782,2,2400
high-balanced-c97p49-r20p0,catastrophe,5,False,no-feasible-allocation-found,260088.2095415,22958.35000000001,0.13574789020492678,0.06756607202310862,1,2400
high-balanced-c97p49-r20p0,catastrophe,6,False,no-feasible-allocation-found,256436.4577932,23350.68000000001,0.1312640102753433,0.08580946482079782,1,2400
high-balanced-c97p49-r20p0,catastrophe,7,False,no-feasible-allocation-found,256436.4577932,23350.680000000015,0.13126401027534346,0.08580946482079799,2,2400
high-balanced-c97p49-r20p0,catastrophe,8,False,no-feasible-allocation-found,256706.4577932,23350.68000000001,0.1312640102753433,0.08580946482079782,1,2400
high-balanced-c97p49-r20p0,catastrophe,9,False,no-feasible-allocation-found,256436.4577932,23350.680000000015,0.13126401027534346,0.08580946482079799,1,2400
high-balanced-c97p49-r20p0,catastrophe,10,False,no-feasible-allocation-found,256706.4577932,23350.68000000002,0.13126401027534362,0.08580946482079815,1,2400
high-balanced-c97p49-r20p0,catastrophe,11,False,no-feasible-allocation-found,256706.4577932,23350.68000000001,0.1312640102753433,0.08580946482079782,2,2400
high-balanced-c97p49-r20p0,catastrophe,12,False,no-feasible-allocation-found,256706.4577932,23350.680000000015,0.13126401027534346,0.08580946482079799,1,2400
high-balanced-c97p49-r20p0,catastrophe,13,False,no-feasible-allocation-found,256706.4577932,23350.68000000001,0.1312640102753433,0.08580946482079782,1,2400
high-balanced-c97p49-r20p0,catastrophe,14,False,no-feasible-allocation-found,256706.4577932,23350.680000000015,0.13126401027534346,0.08580946482079799,0,2400
high-balanced-c97p49-r20p0,catastrophe,15,False,no-feasible-allocation-found,256706.4577932,23350.680000000015,0.13126401027534346,0.08580946482079799,2,2400
high-balanced-c97p49-r20p0,catastrophe,16,False,no-feasible-allocation-found,256706.4577932,23350.68000000001,0.1312640102753433,0.08580946482079782,1,2400
high-balanced-c97p49-r20p0,catastrophe,17,False,no-feasible-allocation-found,256967.33366735,23154.51500000001,0.12214231387649867,0.07668776842195321,1,2400
high-balanced-c97p49-r20p0,catastrophe,18,False,no-feasible-allocation-found,259557.33366735,23154.515000000007,0.14486958660377122,0.07668776842195305,2,2400
high-balanced-c97p49-r20p0,catastrophe,19,False,no-feasible-allocation-found,259818.2095415,22958.35000000001,0.13574789020492678,0.06756607202310862,2,2400
high-balanced-c97p49-r20p0,catastrophe,20,False,no-feasible-allocation-found,256706.4577932,23350.680000000015,0.13126401027534346,0.08580946482079799,1,2400
high-balanced-c97p49-r20p0,catastrophe,21,False,no-feasible-allocation-found,257228.2095415,22958.35000000001,0.11302061747765407,0.06756607202310862,1,2400
high-balanced-c97p49-r20p0,catastrophe,22,False,no-feasible-allocation-found,256976.4577932,23350.680000000015,0.13126401027534346,0.08580946482079799,1,2400
high-balanced-c97p49-r20p0,catastrophe,23,False,no-feasible-allocation-found,260088.2095415,22958.35000000001,0.13574789020492678,0.06756607202310862,1,2400
high-balanced-c97p49-r20p0,catastrophe,24,False,no-feasible-allocation-found,256436.4577932,23350.68000000001,0.1312640102753433,0.08580946482079782,1,2400
high-balanced-c97p49-r20p0,catastrophe,25,False,no-feasible-allocation-found,260079.08541565,22762.185000000016,0.13431850149839022,0.05844437562426435,1,2400
high-balanced-c97p49-r20p0,catastrophe,26,False,no-feasible-allocation-found,256436.4577932,23350.68000000001,0.1312640102753433,0.08580946482079782,2,2400
high-balanced-c97p49-r20p0,catastrophe,27,False,no-feasible-allocation-found,256436.4577932,23350.68000000001,0.1312640102753433,0.08580946482079782,1,2400
high-balanced-c97p49-r20p0,catastrophe,28,False,no-feasible-allocation-found,259557.33366735,23154.515000000007,0.14486958660377122,0.07668776842195305,1,2400
high-balanced-c97p49-r20p0,catastrophe,29,False,no-feasible-allocation-found,256706.4577932,23350.68000000002,0.13126401027534362,0.08580946482079815,1,2400
high-balanced-c97p49-r20p0,combined,0,False,no-feasible-allocation-found,256706.4577932,23350.68000000001,0.1312640102753433,0.08580946482079782,1,2400
high-balanced-c97p49-r20p0,combined,1,False,no-feasible-allocation-found,256697.33366735,23154.515000000014,0.12214231387649883,0.07668776842195338,1,2400
high-balanced-c97p49-r20p0,combined,2,False,no-feasible-allocation-found,256697.33366735,23154.515000000014,0.12214231387649883,0.07668776842195338,0,2400
high-balanced-c97p49-r20p0,combined,3,False,no-feasible-allocation-found,259818.2095415,22958.350000000006,0.1357478902049266,0.06756607202310845,1,2400
high-balanced-c97p49-r20p0,combined,4,False,no-feasible-allocation-found,256976.4577932,23350.680000000008,0.1312640102753431,0.08580946482079764,1,2400
high-balanced-c97p49-r20p0,combined,5,False,no-feasible-allocation-found,256706.4577932,23350.680000000015,0.13126401027534346,0.08580946482079799,0,2400
high-balanced-c97p49-r20p0,combined,6,False,no-feasible-allocation-found,256436.4577932,23350.680000000015,0.13126401027534346,0.08580946482079799,1,2400
high-balanced-c97p49-r20p0,combined,7,False,no-feasible-allocation-found,259809.08541565,22762.185000000012,0.13431850149839006,0.05844437562426418,1,2400
high-balanced-c97p49-r20p0,combined,8,False,no-feasible-allocation-found,256697.33366735,23154.515000000014,0.12214231387649883,0.07668776842195338,1,2400
high-balanced-c97p49-r20p0,combined,9,False,no-feasible-allocation-found,256706.4577932,23350.680000000015,0.13126401027534346,0.08580946482079799,1,2400
high-balanced-c97p49-r20p0,combined,10,False,no-feasible-allocation-found,256706.4577932,23350.68000000001,0.1312640102753433,0.08580946482079782,1,2400
high-balanced-c97p49-r20p0,combined,11,False,no-feasible-allocation-found,256706.4577932,23350.68000000001,0.1312640102753433,0.08580946482079782,1,2400
high-balanced-c97p49-r20p0,combined,12,False,no-feasible-allocation-found,256976.4577932,23350.680000000015,0.13126401027534346,0.08580946482079799,0,2400
high-balanced-c97p49-r20p0,combined,13,False,no-feasible-allocation-found,256706.4577932,23350.68000000001,0.1312640102753433,0.08580946482079782,2,2400
high-balanced-c97p49-r20p0,combined,14,False,no-feasible-allocation-found,259818.2095415,22958.350000000013,0.13574789020492695,0.06756607202310878,2,2400
high-balanced-c97p49-r20p0,combined,15,False,no-feasible-allocation-found,260088.2095415,22958.35000000001,0.13574789020492678,0.06756607202310862,2,2400
high-balanced-c97p49-r20p0,combined,16,False,no-feasible-allocation-found,256976.4577932,23350.68000000001,0.1312640102753433,0.08580946482079782,1,2400
high-balanced-c97p49-r20p0,combined,17,False,no-feasible-allocation-found,256976.4577932,23350.68000000001,0.1312640102753433,0.08580946482079782,0,2400
high-balanced-c97p49-r20p0,combined,18,False,no-feasible-allocation-found,256706.4577932,23350.68000000001,0.1312640102753433,0.08580946482079782,1,2400
high-balanced-c97p49-r20p0,combined,19,False,no-feasible-allocation-found,256436.4577932,23350.68000000002,0.13126401027534362,0.08580946482079815,1,2400
high-balanced-c97p49-r20p0,combined,20,False,no-feasible-allocation-found,256697.33366735,23154.515000000014,0.12214231387649883,0.07668776842195338,0,2400
high-balanced-c97p49-r20p0,combined,21,False,no-feasible-allocation-found,256436.4577932,23350.68000000001,0.1312640102753433,0.08580946482079782,1,2400
high-balanced-c97p49-r20p0,combined,22,False,no-feasible-allocation-found,256697.33366735,23154.515000000014,0.12214231387649883,0.07668776842195338,1,2400
high-balanced-c97p49-r20p0,combined,23,False,no-feasible-allocation-found,260088.2095415,22958.350000000013,0.13574789020492695,0.06756607202310878,1,2400
high-balanced-c97p49-r20p0,combined,24,False,no-feasible-allocation-found,256706.4577932,23350.68000000001,0.1312640102753433,0.08580946482079782,1,2400
high-balanced-c97p49-r20p0,combined,25,False,no-feasible-allocation-found,257246.4577932,23350.680000000015,0.13126401027534346,0.08580946482079799,1,2400
high-balanced-c97p49-r20p0,combined,26,False,no-feasible-allocation-found,256706.4577932,23350.68000000001,0.1312640102753433,0.08580946482079782,1,2400
high-balanced-c97p49-r20p0,combined,27,False,no-feasible-allocation-found,256697.33366735,23154.515000000014,0.12214231387649883,0.07668776842195338,1,2400
high-balanced-c97p49-r20p0,combined,28,False,no-feasible-allocation-found,256706.4577932,23350.68000000002,0.13126401027534362,0.08580946482079815,1,2400
high-balanced-c97p49-r20p0,combined,29,False,no-feasible-allocation-found,256436.4577932,23350.68000000001,0.1312640102753433,0.08580946482079782,1,2400
high-balanced-c97p49-r20p0,hybrid-seeded,0,False,no-feasible-allocation-found,256706.4577932,23350.68000000001,0.1312640102753433,0.08580946482079782,1,2400
high-balanced-c97p49-r20p0,hybrid-seeded,1,False,no-feasible-allocation-found,256697.33366735,23154.515000000014,0.12214231387649883,0.07668776842195338,1,2400
high-balanced-c97p49-r20p0,hybrid-seeded,2,False,no-feasible-allocation-found,256697.33366735,23154.515000000014,0.12214231387649883,0.07668776842195338,0,2400
high-balanced-c97p49-r20p0,hybrid-seeded,3,False,no-feasible-allocation-found,259818.2095415,22958.350000000006,0.1357478902049266,0.06756607202310845,1,2400
high-balanced-c97p49-r20p0,hybrid-seeded,4,False,no-feasible-allocation-found,256976.4577932,23350.680000000008,0.1312640102753431,0.08580946482079764,1,2400
high-balanced-c97p49-r20p0,hybrid-seeded,5,False,no-feasible-allocation-found,256706.4577932,23350.680000000015,0.13126401027534346,0.08580946482079799,0,2400
high-balanced-c97p49-r20p0,hybrid-seeded,6,False,no-feasible-allocation-found,256436.4577932,23350.680000000015,0.13126401027534346,0.08580946482079799,1,2400
high-balanced-c97p49-r20p0,hybrid-seeded,7,False,no-feasible-allocation-found,259809.08541565,22762.185000000012,0.13431850149839006,0.05844437562426418,1,2400
high-balanced-c97p49-r20p0,hybrid-seeded,8,False,no-feasible-allocation-found,256697.33366735,23154.515000000014,0.12214231387649883,0.07668776842195338,1,2400
high-balanced-c97p49-r20p0,hybrid-seeded,9,False,no-feasible-allocation-found,256706.4577932,23350.680000000015,0.13126401027534346,0.08580946482079799,1,2400
high-balanced-c97p49-r20p0,hybrid-seeded,10,False,no-feasible-allocation-found,256706.4577932,23350.68000000001,0.1312640102753433,0.08580946482079782,1,2400
high-balanced-c97p49-r20p0,hybrid-seeded,11,False,no-feasible-allocation-found,256706.4577932,23350.68000000001,0.1312640102753433,0.08580946482079782,1,2400
high-balanced-c97p49-r20p0,hybrid-seeded,12,False,no-feasible-allocation-found,256976.4577932,23350.680000000015,0.13126401027534346,0.08580946482079799,0,2400
high-balanced-c97p49-r20p0,hybrid-seeded,13,False,no-feasible-allocation-found,256706.4577932,23350.68000000001,0.1312640102753433,0.08580946482079782,2,2400
high-balanced-c97p49-r20p0,hybrid-seeded,14,False,no-feasible-allocation-found,259818.2095415,22958.350000000013,0.13574789020492695,0.06756607202310878,2,2400
high-balanced-c97p49-r20p0,hybrid-seeded,15,False,no-feasible-allocation-found,260088.2095415,22958.35000000001,0.13574789020492678,0.06756607202310862,2,2400
high-balanced-c97p49-r20p0,hybrid-seeded,16,False,no-feasible-allocation-found,256976.4577932,23350.68000000001,0.1312640102753433,0.08580946482079782,1,2400
high-balanced-c97p49-r20p0,hybrid-seeded,17,False,no-feasible-allocation-found,256976.4577932,23350.68000000001,0.1312640102753433,0.08580946482079782,0,2400
high-balanced-c97p49-r20p0,hybrid-seeded,18,False,no-feasible-allocation-found,256706.4577932,23350.68000000001,0.1312640102753433,0.08580946482079782,1,2400
high-balanced-c97p49-r20p0,hybrid-seeded,19,False,no-feasible-allocation-found,256436.4577932,23350.68000000002,0.13126401027534362,0.08580946482079815,1,2400
high-balanced-c97p49-r20p0,hybrid-seeded,20,False,no-feasible-allocation-found,256697.33366735,23154.515000000014,0.12214231387649883,0.07668776842195338,0,2400
high-balanced-c97p49-r20p0,hybrid-seeded,21,False,no-feasible-allocation-found,256436.4577932,23350.68000000001,0.1312640102753433,0.08580946482079782,1,2400
high-balanced-c97p49-r20p0,hybrid-seeded,22,False,no-feasible-allocation-found,256697.33366735,23154.515000000014,0.12214231387649883,0.07668776842195338,1,2400
high-balanced-c97p49-r20p0,hybrid-seeded,23,False,no-feasible-allocation-found,260088.2095415,22958.350000000013,0.13574789020492695,0.06756607202310878,1,2400
high-balanced-c97p49-r20p0,hybrid-seeded,24,False,no-feasible-allocation-found,256706.4577932,23350.68000000001,0.1312640102753433,0.08580946482079782,1,2400
high-balanced-c97p49-r20p0,hybrid-seeded,25,False,no-feasible-allocation-found,257246.4577932,23350.680000000015,0.13126401027534346,0.08580946482079799,1,2400
high-balanced-c97p49-r20p0,hybrid-seeded,26,False,no-feasible-allocation-found,256706.4577932,23350.68000000001,0.1312640102753433,0.08580946482079782,1,2400
high-balanced-c97p49-r20p0,hybrid-seeded,27,False,no-feasible-allocation-found,256697.33366735,23154.515000000014,0.12214231387649883,0.07668776842195338,1,2400
high-balanced-c97p49-r20p0,hybrid-seeded,28,False,no-feasible-allocation-found,256706.4577932,23350.68000000002,0.13126401027534362,0.08580946482079815,1,2400
high-balanced-c97p49-r20p0,hybrid-seeded,29,False,no-feasible-allocation-found,256436.4577932,23350.68000000001,0.1312640102753433,0.08580946482079782,1,2400
central-tight-c97p49-r0,greedy,,False,infeasible-allocation,273850.59515295,13545.954999999996,0.023076923076923078,0.0,0,192
central-tight-c97p49-r0,fixed,0,True,feasible-heuristic,284196.1839045,15347.049999999996,1.1852371651528191e-16,1.1852371651528191e-16,0,2400
central-tight-c97p49-r0,fixed,1,True,feasible-heuristic,284196.1839045,15347.049999999994,0.0,0.0,0,2400
central-tight-c97p49-r0,fixed,2,True,feasible-heuristic,284196.1839045,15347.049999999994,0.0,0.0,0,2400
central-tight-c97p49-r0,fixed,3,True,feasible-heuristic,284196.1839045,15347.049999999994,0.0,0.0,0,2400
central-tight-c97p49-r0,fixed,4,True,feasible-heuristic,284196.1839045,15347.049999999994,0.0,0.0,0,2400
central-tight-c97p49-r0,fixed,5,False,no-feasible-allocation-found,284147.65432065,14746.684999999996,0.007692307692307693,0.0,0,2400
central-tight-c97p49-r0,fixed,6,True,feasible-heuristic,284196.1839045,15347.049999999996,1.1852371651528191e-16,1.1852371651528191e-16,0,2400
central-tight-c97p49-r0,fixed,7,True,feasible-heuristic,284196.1839045,15347.049999999994,0.0,0.0,0,2400
central-tight-c97p49-r0,fixed,8,True,feasible-heuristic,284196.1839045,15347.049999999994,0.0,0.0,0,2400
central-tight-c97p49-r0,fixed,9,True,feasible-heuristic,273996.1839045,15347.049999999996,1.1852371651528191e-16,1.1852371651528191e-16,0,2400
central-tight-c97p49-r0,fixed,10,True,feasible-heuristic,284196.1839045,15347.049999999996,1.1852371651528191e-16,1.1852371651528191e-16,0,2400
central-tight-c97p49-r0,fixed,11,True,feasible-heuristic,284196.1839045,15347.049999999994,0.0,0.0,0,2400
central-tight-c97p49-r0,fixed,12,True,feasible-heuristic,284196.1839045,15347.049999999994,0.0,0.0,0,2400
central-tight-c97p49-r0,fixed,13,True,feasible-heuristic,284196.1839045,15347.049999999996,1.1852371651528191e-16,1.1852371651528191e-16,0,2400
central-tight-c97p49-r0,fixed,14,True,feasible-heuristic,284196.1839045,15347.049999999994,0.0,0.0,0,2400
central-tight-c97p49-r0,fixed,15,True,feasible-heuristic,273996.1839045,15347.049999999996,1.1852371651528191e-16,1.1852371651528191e-16,0,2400
central-tight-c97p49-r0,fixed,16,True,feasible-heuristic,284196.1839045,15347.049999999996,1.1852371651528191e-16,1.1852371651528191e-16,0,2400
central-tight-c97p49-r0,fixed,17,True,feasible-heuristic,284196.1839045,15347.049999999996,1.1852371651528191e-16,1.1852371651528191e-16,0,2400
central-tight-c97p49-r0,fixed,18,True,feasible-heuristic,284196.1839045,15347.049999999996,1.1852371651528191e-16,1.1852371651528191e-16,0,2400
central-tight-c97p49-r0,fixed,19,True,feasible-heuristic,284196.1839045,15347.049999999996,1.1852371651528191e-16,1.1852371651528191e-16,0,2400
central-tight-c97p49-r0,fixed,20,True,feasible-heuristic,284196.1839045,15347.049999999996,1.1852371651528191e-16,1.1852371651528191e-16,0,2400
central-tight-c97p49-r0,fixed,21,True,feasible-heuristic,284196.1839045,15347.049999999996,1.1852371651528191e-16,1.1852371651528191e-16,0,2400
central-tight-c97p49-r0,fixed,22,True,feasible-heuristic,284196.1839045,15347.049999999996,1.1852371651528191e-16,1.1852371651528191e-16,0,2400
central-tight-c97p49-r0,fixed,23,True,feasible-heuristic,284196.1839045,15347.049999999996,1.1852371651528191e-16,1.1852371651528191e-16,0,2400
central-tight-c97p49-r0,fixed,24,True,feasible-heuristic,284196.1839045,15347.049999999996,1.1852371651528191e-16,1.1852371651528191e-16,0,2400
central-tight-c97p49-r0,fixed,25,True,feasible-heuristic,284196.1839045,15347.049999999996,1.1852371651528191e-16,1.1852371651528191e-16,0,2400
central-tight-c97p49-r0,fixed,26,True,feasible-heuristic,273996.1839045,15347.049999999996,1.1852371651528191e-16,1.1852371651528191e-16,0,2400
central-tight-c97p49-r0,fixed,27,True,feasible-heuristic,284196.1839045,15347.049999999994,0.0,0.0,0,2400
central-tight-c97p49-r0,fixed,28,True,feasible-heuristic,284196.1839045,15347.049999999996,1.1852371651528191e-16,1.1852371651528191e-16,0,2400
central-tight-c97p49-r0,fixed,29,True,feasible-heuristic,284196.1839045,15347.049999999996,1.1852371651528191e-16,1.1852371651528191e-16,0,2400
central-tight-c97p49-r0,adaptive,0,True,feasible-heuristic,284196.1839045,15347.049999999996,1.1852371651528191e-16,1.1852371651528191e-16,0,2400
central-tight-c97p49-r0,adaptive,1,True,feasible-heuristic,284196.1839045,15347.049999999996,1.1852371651528191e-16,1.1852371651528191e-16,0,2400
central-tight-c97p49-r0,adaptive,2,True,feasible-heuristic,284196.1839045,15347.049999999996,1.1852371651528191e-16,1.1852371651528191e-16,0,2400
central-tight-c97p49-r0,adaptive,3,True,feasible-heuristic,284196.1839045,15347.049999999994,0.0,0.0,0,2400
central-tight-c97p49-r0,adaptive,4,True,feasible-heuristic,284196.1839045,15347.049999999994,0.0,0.0,0,2400
central-tight-c97p49-r0,adaptive,5,True,feasible-heuristic,284196.1839045,15347.049999999996,1.1852371651528191e-16,1.1852371651528191e-16,0,2400
central-tight-c97p49-r0,adaptive,6,True,feasible-heuristic,284196.1839045,15347.049999999994,0.0,0.0,0,2400
central-tight-c97p49-r0,adaptive,7,True,feasible-heuristic,284196.1839045,15347.049999999994,0.0,0.0,0,2400
central-tight-c97p49-r0,adaptive,8,True,feasible-heuristic,284196.1839045,15347.049999999994,0.0,0.0,0,2400
central-tight-c97p49-r0,adaptive,9,True,feasible-heuristic,273996.1839045,15347.049999999996,1.1852371651528191e-16,1.1852371651528191e-16,0,2400
central-tight-c97p49-r0,adaptive,10,True,feasible-heuristic,284196.1839045,15347.049999999994,0.0,0.0,0,2400
central-tight-c97p49-r0,adaptive,11,True,feasible-heuristic,284196.1839045,15347.049999999996,1.1852371651528191e-16,1.1852371651528191e-16,0,2400
central-tight-c97p49-r0,adaptive,12,True,feasible-heuristic,284196.1839045,15347.049999999996,1.1852371651528191e-16,1.1852371651528191e-16,0,2400
central-tight-c97p49-r0,adaptive,13,True,feasible-heuristic,284196.1839045,15347.049999999994,0.0,0.0,0,2400
central-tight-c97p49-r0,adaptive,14,True,feasible-heuristic,284196.1839045,15347.049999999994,0.0,0.0,0,2400
central-tight-c97p49-r0,adaptive,15,True,feasible-heuristic,273996.1839045,15347.049999999996,1.1852371651528191e-16,1.1852371651528191e-16,0,2400
central-tight-c97p49-r0,adaptive,16,True,feasible-heuristic,284196.1839045,15347.049999999994,0.0,0.0,0,2400
central-tight-c97p49-r0,adaptive,17,True,feasible-heuristic,294396.1839045,15347.049999999996,1.1852371651528191e-16,1.1852371651528191e-16,0,2400
central-tight-c97p49-r0,adaptive,18,True,feasible-heuristic,284196.1839045,15347.049999999996,1.1852371651528191e-16,1.1852371651528191e-16,0,2400
central-tight-c97p49-r0,adaptive,19,True,feasible-heuristic,284196.1839045,15347.049999999996,1.1852371651528191e-16,1.1852371651528191e-16,0,2400
central-tight-c97p49-r0,adaptive,20,True,feasible-heuristic,284196.1839045,15347.049999999994,0.0,0.0,0,2400
central-tight-c97p49-r0,adaptive,21,True,feasible-heuristic,284196.1839045,15347.049999999994,0.0,0.0,0,2400
central-tight-c97p49-r0,adaptive,22,True,feasible-heuristic,284196.1839045,15347.049999999994,0.0,0.0,0,2400
central-tight-c97p49-r0,adaptive,23,True,feasible-heuristic,284196.1839045,15347.049999999994,0.0,0.0,0,2400
central-tight-c97p49-r0,adaptive,24,True,feasible-heuristic,284196.1839045,15347.049999999996,1.1852371651528191e-16,1.1852371651528191e-16,0,2400
central-tight-c97p49-r0,adaptive,25,True,feasible-heuristic,284196.1839045,15347.049999999996,1.1852371651528191e-16,1.1852371651528191e-16,0,2400
central-tight-c97p49-r0,adaptive,26,True,feasible-heuristic,273996.1839045,15347.049999999996,1.1852371651528191e-16,1.1852371651528191e-16,0,2400
central-tight-c97p49-r0,adaptive,27,True,feasible-heuristic,284196.1839045,15347.049999999996,1.1852371651528191e-16,1.1852371651528191e-16,0,2400
central-tight-c97p49-r0,adaptive,28,True,feasible-heuristic,284196.1839045,15347.049999999996,1.1852371651528191e-16,1.1852371651528191e-16,0,2400
central-tight-c97p49-r0,adaptive,29,True,feasible-heuristic,284196.1839045,15347.049999999994,0.0,0.0,0,2400
central-tight-c97p49-r0,catastrophe,0,True,feasible-heuristic,284196.1839045,15347.049999999996,1.1852371651528191e-16,1.1852371651528191e-16,2,2400
central-tight-c97p49-r0,catastrophe,1,True,feasible-heuristic,284196.1839045,15347.049999999994,0.0,0.0,2,2400
central-tight-c97p49-r0,catastrophe,2,True,feasible-heuristic,273996.1839045,15347.049999999996,1.1852371651528191e-16,1.1852371651528191e-16,2,2400
central-tight-c97p49-r0,catastrophe,3,True,feasible-heuristic,284196.1839045,15347.049999999994,0.0,0.0,1,2400
central-tight-c97p49-r0,catastrophe,4,True,feasible-heuristic,284196.1839045,15347.049999999994,0.0,0.0,2,2400
central-tight-c97p49-r0,catastrophe,5,True,feasible-heuristic,284196.1839045,15347.049999999996,1.1852371651528191e-16,1.1852371651528191e-16,2,2400
central-tight-c97p49-r0,catastrophe,6,True,feasible-heuristic,284196.1839045,15347.049999999996,1.1852371651528191e-16,1.1852371651528191e-16,2,2400
central-tight-c97p49-r0,catastrophe,7,True,feasible-heuristic,284196.1839045,15347.049999999994,0.0,0.0,2,2400
central-tight-c97p49-r0,catastrophe,8,True,feasible-heuristic,284196.1839045,15347.049999999994,0.0,0.0,2,2400
central-tight-c97p49-r0,catastrophe,9,True,feasible-heuristic,273996.1839045,15347.049999999996,1.1852371651528191e-16,1.1852371651528191e-16,2,2400
central-tight-c97p49-r0,catastrophe,10,True,feasible-heuristic,284196.1839045,15347.049999999994,0.0,0.0,2,2400
central-tight-c97p49-r0,catastrophe,11,True,feasible-heuristic,284196.1839045,15347.049999999994,0.0,0.0,2,2400
central-tight-c97p49-r0,catastrophe,12,True,feasible-heuristic,284196.1839045,15347.049999999994,0.0,0.0,2,2400
central-tight-c97p49-r0,catastrophe,13,True,feasible-heuristic,284196.1839045,15347.049999999996,1.1852371651528191e-16,1.1852371651528191e-16,2,2400
central-tight-c97p49-r0,catastrophe,14,True,feasible-heuristic,284196.1839045,15347.049999999994,0.0,0.0,2,2400
central-tight-c97p49-r0,catastrophe,15,True,feasible-heuristic,273996.1839045,15347.049999999994,0.0,0.0,2,2400
central-tight-c97p49-r0,catastrophe,16,True,feasible-heuristic,284196.1839045,15347.049999999994,0.0,0.0,2,2400
central-tight-c97p49-r0,catastrophe,17,True,feasible-heuristic,284196.1839045,15347.049999999996,1.1852371651528191e-16,1.1852371651528191e-16,2,2400
central-tight-c97p49-r0,catastrophe,18,True,feasible-heuristic,284196.1839045,15347.049999999996,1.1852371651528191e-16,1.1852371651528191e-16,2,2400
central-tight-c97p49-r0,catastrophe,19,True,feasible-heuristic,284196.1839045,15347.049999999996,1.1852371651528191e-16,1.1852371651528191e-16,2,2400
central-tight-c97p49-r0,catastrophe,20,True,feasible-heuristic,284196.1839045,15347.049999999994,0.0,0.0,2,2400
central-tight-c97p49-r0,catastrophe,21,True,feasible-heuristic,284196.1839045,15347.049999999996,1.1852371651528191e-16,1.1852371651528191e-16,2,2400
central-tight-c97p49-r0,catastrophe,22,True,feasible-heuristic,284196.1839045,15347.049999999994,0.0,0.0,2,2400
central-tight-c97p49-r0,catastrophe,23,True,feasible-heuristic,284196.1839045,15347.049999999996,1.1852371651528191e-16,1.1852371651528191e-16,2,2400
central-tight-c97p49-r0,catastrophe,24,True,feasible-heuristic,284196.1839045,15347.049999999996,1.1852371651528191e-16,1.1852371651528191e-16,2,2400
central-tight-c97p49-r0,catastrophe,25,True,feasible-heuristic,284196.1839045,15347.049999999996,1.1852371651528191e-16,1.1852371651528191e-16,2,2400
central-tight-c97p49-r0,catastrophe,26,True,feasible-heuristic,273996.1839045,15347.049999999996,1.1852371651528191e-16,1.1852371651528191e-16,2,2400
central-tight-c97p49-r0,catastrophe,27,True,feasible-heuristic,284196.1839045,15347.049999999994,0.0,0.0,1,2400
central-tight-c97p49-r0,catastrophe,28,True,feasible-heuristic,284196.1839045,15347.049999999996,1.1852371651528191e-16,1.1852371651528191e-16,2,2400
central-tight-c97p49-r0,catastrophe,29,True,feasible-heuristic,284196.1839045,15347.049999999996,1.1852371651528191e-16,1.1852371651528191e-16,2,2400
central-tight-c97p49-r0,combined,0,True,feasible-heuristic,284196.1839045,15347.049999999996,1.1852371651528191e-16,1.1852371651528191e-16,2,2400
central-tight-c97p49-r0,combined,1,True,feasible-heuristic,284196.1839045,15347.049999999994,0.0,0.0,2,2400
central-tight-c97p49-r0,combined,2,True,feasible-heuristic,284196.1839045,15347.049999999994,0.0,0.0,2,2400
central-tight-c97p49-r0,combined,3,True,feasible-heuristic,284196.1839045,15347.049999999994,0.0,0.0,2,2400
central-tight-c97p49-r0,combined,4,True,feasible-heuristic,284196.1839045,15347.049999999994,0.0,0.0,2,2400
central-tight-c97p49-r0,combined,5,True,feasible-heuristic,284196.1839045,15347.049999999996,1.1852371651528191e-16,1.1852371651528191e-16,2,2400
central-tight-c97p49-r0,combined,6,True,feasible-heuristic,284196.1839045,15347.049999999994,0.0,0.0,2,2400
central-tight-c97p49-r0,combined,7,True,feasible-heuristic,284196.1839045,15347.049999999994,0.0,0.0,2,2400
central-tight-c97p49-r0,combined,8,True,feasible-heuristic,284196.1839045,15347.049999999994,0.0,0.0,2,2400
central-tight-c97p49-r0,combined,9,True,feasible-heuristic,273996.1839045,15347.049999999996,1.1852371651528191e-16,1.1852371651528191e-16,2,2400
central-tight-c97p49-r0,combined,10,True,feasible-heuristic,284196.1839045,15347.049999999996,1.1852371651528191e-16,1.1852371651528191e-16,2,2400
central-tight-c97p49-r0,combined,11,True,feasible-heuristic,284196.1839045,15347.049999999994,0.0,0.0,2,2400
central-tight-c97p49-r0,combined,12,True,feasible-heuristic,284196.1839045,15347.049999999996,1.1852371651528191e-16,1.1852371651528191e-16,2,2400
central-tight-c97p49-r0,combined,13,True,feasible-heuristic,284196.1839045,15347.049999999994,0.0,0.0,1,2400
central-tight-c97p49-r0,combined,14,True,feasible-heuristic,284196.1839045,15347.049999999994,0.0,0.0,2,2400
central-tight-c97p49-r0,combined,15,True,feasible-heuristic,273996.1839045,15347.049999999994,0.0,0.0,2,2400
central-tight-c97p49-r0,combined,16,True,feasible-heuristic,284196.1839045,15347.049999999994,0.0,0.0,2,2400
central-tight-c97p49-r0,combined,17,True,feasible-heuristic,294396.1839045,15347.049999999996,1.1852371651528191e-16,1.1852371651528191e-16,2,2400
central-tight-c97p49-r0,combined,18,True,feasible-heuristic,284196.1839045,15347.049999999996,1.1852371651528191e-16,1.1852371651528191e-16,1,2400
central-tight-c97p49-r0,combined,19,True,feasible-heuristic,273996.1839045,15347.049999999994,0.0,0.0,2,2400
central-tight-c97p49-r0,combined,20,True,feasible-heuristic,284196.1839045,15347.049999999994,0.0,0.0,2,2400
central-tight-c97p49-r0,combined,21,True,feasible-heuristic,284196.1839045,15347.049999999994,0.0,0.0,2,2400
central-tight-c97p49-r0,combined,22,True,feasible-heuristic,284196.1839045,15347.049999999994,0.0,0.0,2,2400
central-tight-c97p49-r0,combined,23,True,feasible-heuristic,284196.1839045,15347.049999999996,1.1852371651528191e-16,1.1852371651528191e-16,2,2400
central-tight-c97p49-r0,combined,24,True,feasible-heuristic,284196.1839045,15347.049999999996,1.1852371651528191e-16,1.1852371651528191e-16,2,2400
central-tight-c97p49-r0,combined,25,True,feasible-heuristic,284196.1839045,15347.049999999996,1.1852371651528191e-16,1.1852371651528191e-16,2,2400
central-tight-c97p49-r0,combined,26,True,feasible-heuristic,273996.1839045,15347.049999999996,1.1852371651528191e-16,1.1852371651528191e-16,2,2400
central-tight-c97p49-r0,combined,27,True,feasible-heuristic,284196.1839045,15347.049999999996,1.1852371651528191e-16,1.1852371651528191e-16,2,2400
central-tight-c97p49-r0,combined,28,True,feasible-heuristic,284196.1839045,15347.049999999994,0.0,0.0,2,2400
central-tight-c97p49-r0,combined,29,True,feasible-heuristic,284196.1839045,15347.049999999994,0.0,0.0,2,2400
central-tight-c97p49-r0,hybrid-seeded,0,True,feasible-heuristic,284196.1839045,15347.049999999996,1.1852371651528191e-16,1.1852371651528191e-16,2,2400
central-tight-c97p49-r0,hybrid-seeded,1,True,feasible-heuristic,284196.1839045,15347.049999999994,0.0,0.0,2,2400
central-tight-c97p49-r0,hybrid-seeded,2,True,feasible-heuristic,284196.1839045,15347.049999999994,0.0,0.0,2,2400
central-tight-c97p49-r0,hybrid-seeded,3,True,feasible-heuristic,284196.1839045,15347.049999999994,0.0,0.0,2,2400
central-tight-c97p49-r0,hybrid-seeded,4,True,feasible-heuristic,284196.1839045,15347.049999999994,0.0,0.0,2,2400
central-tight-c97p49-r0,hybrid-seeded,5,True,feasible-heuristic,284196.1839045,15347.049999999996,1.1852371651528191e-16,1.1852371651528191e-16,2,2400
central-tight-c97p49-r0,hybrid-seeded,6,True,feasible-heuristic,284196.1839045,15347.049999999994,0.0,0.0,2,2400
central-tight-c97p49-r0,hybrid-seeded,7,True,feasible-heuristic,284196.1839045,15347.049999999994,0.0,0.0,2,2400
central-tight-c97p49-r0,hybrid-seeded,8,True,feasible-heuristic,284196.1839045,15347.049999999994,0.0,0.0,2,2400
central-tight-c97p49-r0,hybrid-seeded,9,True,feasible-heuristic,273996.1839045,15347.049999999996,1.1852371651528191e-16,1.1852371651528191e-16,2,2400
central-tight-c97p49-r0,hybrid-seeded,10,True,feasible-heuristic,284196.1839045,15347.049999999996,1.1852371651528191e-16,1.1852371651528191e-16,2,2400
central-tight-c97p49-r0,hybrid-seeded,11,True,feasible-heuristic,284196.1839045,15347.049999999994,0.0,0.0,2,2400
central-tight-c97p49-r0,hybrid-seeded,12,True,feasible-heuristic,284196.1839045,15347.049999999996,1.1852371651528191e-16,1.1852371651528191e-16,2,2400
central-tight-c97p49-r0,hybrid-seeded,13,True,feasible-heuristic,284196.1839045,15347.049999999994,0.0,0.0,1,2400
central-tight-c97p49-r0,hybrid-seeded,14,True,feasible-heuristic,284196.1839045,15347.049999999994,0.0,0.0,2,2400
central-tight-c97p49-r0,hybrid-seeded,15,True,feasible-heuristic,273996.1839045,15347.049999999994,0.0,0.0,2,2400
central-tight-c97p49-r0,hybrid-seeded,16,True,feasible-heuristic,284196.1839045,15347.049999999994,0.0,0.0,2,2400
central-tight-c97p49-r0,hybrid-seeded,17,True,feasible-heuristic,294396.1839045,15347.049999999996,1.1852371651528191e-16,1.1852371651528191e-16,2,2400
central-tight-c97p49-r0,hybrid-seeded,18,True,feasible-heuristic,284196.1839045,15347.049999999996,1.1852371651528191e-16,1.1852371651528191e-16,1,2400
central-tight-c97p49-r0,hybrid-seeded,19,True,feasible-heuristic,273996.1839045,15347.049999999994,0.0,0.0,2,2400
central-tight-c97p49-r0,hybrid-seeded,20,True,feasible-heuristic,284196.1839045,15347.049999999994,0.0,0.0,2,2400
central-tight-c97p49-r0,hybrid-seeded,21,True,feasible-heuristic,284196.1839045,15347.049999999994,0.0,0.0,2,2400
central-tight-c97p49-r0,hybrid-seeded,22,True,feasible-heuristic,284196.1839045,15347.049999999994,0.0,0.0,2,2400
central-tight-c97p49-r0,hybrid-seeded,23,True,feasible-heuristic,284196.1839045,15347.049999999996,1.1852371651528191e-16,1.1852371651528191e-16,2,2400
central-tight-c97p49-r0,hybrid-seeded,24,True,feasible-heuristic,284196.1839045,15347.049999999996,1.1852371651528191e-16,1.1852371651528191e-16,2,2400
central-tight-c97p49-r0,hybrid-seeded,25,True,feasible-heuristic,284196.1839045,15347.049999999996,1.1852371651528191e-16,1.1852371651528191e-16,2,2400
central-tight-c97p49-r0,hybrid-seeded,26,True,feasible-heuristic,273996.1839045,15347.049999999996,1.1852371651528191e-16,1.1852371651528191e-16,2,2400
central-tight-c97p49-r0,hybrid-seeded,27,True,feasible-heuristic,284196.1839045,15347.049999999996,1.1852371651528191e-16,1.1852371651528191e-16,2,2400
central-tight-c97p49-r0,hybrid-seeded,28,True,feasible-heuristic,284196.1839045,15347.049999999994,0.0,0.0,2,2400
central-tight-c97p49-r0,hybrid-seeded,29,True,feasible-heuristic,284196.1839045,15347.049999999994,0.0,0.0,2,2400
central-tight-c97p49-r20p0,greedy,,False,infeasible-allocation,263505.0064014,11744.859999999997,0.06888111888111889,0.0,0,192
central-tight-c97p49-r20p0,fixed,0,False,no-feasible-allocation-found,273753.53598525,12345.224999999997,0.04396626086747323,0.00550472240593477,0,2400
central-tight-c97p49-r20p0,fixed,1,False,no-feasible-allocation-found,263553.53598525,12345.224999999997,0.06669353359474596,0.00550472240593477,0,2400
central-tight-c97p49-r20p0,fixed,2,False,no-feasible-allocation-found,273753.53598525,12345.224999999997,0.04396626086747323,0.00550472240593477,0,2400
central-tight-c97p49-r20p0,fixed,3,False,no-feasible-allocation-found,273753.53598525,12345.224999999997,0.04396626086747323,0.00550472240593477,0,2400
central-tight-c97p49-r20p0,fixed,4,False,no-feasible-allocation-found,273753.53598525,12345.224999999997,0.04396626086747323,0.00550472240593477,0,2400
central-tight-c97p49-r20p0,fixed,5,False,no-feasible-allocation-found,263553.53598525,12345.224999999997,0.06669353359474596,0.00550472240593477,0,2400
central-tight-c97p49-r20p0,fixed,6,False,no-feasible-allocation-found,263505.0064014,11744.859999999999,0.06888111888111889,0.0,0,2400
central-tight-c97p49-r20p0,fixed,7,False,no-feasible-allocation-found,273753.53598525,12345.224999999997,0.04396626086747323,0.00550472240593477,0,2400
central-tight-c97p49-r20p0,fixed,8,False,no-feasible-allocation-found,263505.0064014,11744.859999999997,0.06888111888111889,0.0,0,2400
central-tight-c97p49-r20p0,fixed,9,False,no-feasible-allocation-found,273753.53598525,12345.224999999999,0.04396626086747338,0.005504722405934918,0,2400
central-tight-c97p49-r20p0,fixed,10,False,no-feasible-allocation-found,273753.53598525,12345.224999999997,0.04396626086747323,0.00550472240593477,0,2400
central-tight-c97p49-r20p0,fixed,11,False,no-feasible-allocation-found,263553.53598525,12345.224999999997,0.06669353359474596,0.00550472240593477,0,2400
central-tight-c97p49-r20p0,fixed,12,False,no-feasible-allocation-found,273753.53598525,12345.224999999997,0.04396626086747323,0.00550472240593477,0,2400
central-tight-c97p49-r20p0,fixed,13,False,no-feasible-allocation-found,273753.53598525,12345.224999999997,0.04396626086747323,0.00550472240593477,0,2400
central-tight-c97p49-r20p0,fixed,14,False,no-feasible-allocation-found,273753.53598525,12345.224999999997,0.04396626086747323,0.00550472240593477,0,2400
central-tight-c97p49-r20p0,fixed,15,False,no-feasible-allocation-found,263553.53598525,12345.224999999997,0.06669353359474596,0.00550472240593477,0,2400
central-tight-c97p49-r20p0,fixed,16,False,no-feasible-allocation-found,263553.53598525,12345.224999999995,0.06669353359474581,0.005504722405934622,0,2400
central-tight-c97p49-r20p0,fixed,17,False,no-feasible-allocation-found,263553.53598525,12345.224999999999,0.06669353359474611,0.005504722405934918,0,2400
central-tight-c97p49-r20p0,fixed,18,False,no-feasible-allocation-found,263553.53598525,12345.224999999997,0.06669353359474596,0.00550472240593477,0,2400
central-tight-c97p49-r20p0,fixed,19,False,no-feasible-allocation-found,273753.53598525,12345.224999999995,0.043966260867473086,0.005504722405934622,0,2400
central-tight-c97p49-r20p0,fixed,20,False,no-feasible-allocation-found,273753.53598525,12345.224999999997,0.04396626086747323,0.00550472240593477,0,2400
central-tight-c97p49-r20p0,fixed,21,False,no-feasible-allocation-found,273753.53598525,12345.224999999997,0.04396626086747323,0.00550472240593477,0,2400
central-tight-c97p49-r20p0,fixed,22,False,no-feasible-allocation-found,273753.53598525,12345.224999999997,0.04396626086747323,0.00550472240593477,0,2400
central-tight-c97p49-r20p0,fixed,23,False,no-feasible-allocation-found,273753.53598525,12345.224999999997,0.04396626086747323,0.00550472240593477,0,2400
central-tight-c97p49-r20p0,fixed,24,False,no-feasible-allocation-found,273753.53598525,12345.224999999995,0.043966260867473086,0.005504722405934622,0,2400
central-tight-c97p49-r20p0,fixed,25,False,no-feasible-allocation-found,273753.53598525,12345.224999999997,0.04396626086747323,0.00550472240593477,0,2400
central-tight-c97p49-r20p0,fixed,26,False,no-feasible-allocation-found,263553.53598525,12345.224999999997,0.06669353359474596,0.00550472240593477,0,2400
central-tight-c97p49-r20p0,fixed,27,False,no-feasible-allocation-found,273753.53598525,12345.224999999997,0.04396626086747323,0.00550472240593477,0,2400
central-tight-c97p49-r20p0,fixed,28,False,no-feasible-allocation-found,273753.53598525,12345.224999999997,0.04396626086747323,0.00550472240593477,0,2400
central-tight-c97p49-r20p0,fixed,29,False,no-feasible-allocation-found,263553.53598525,12345.224999999999,0.06669353359474611,0.005504722405934918,0,2400
central-tight-c97p49-r20p0,adaptive,0,False,no-feasible-allocation-found,273753.53598525,12345.224999999995,0.043966260867473086,0.005504722405934622,0,2400
central-tight-c97p49-r20p0,adaptive,1,False,no-feasible-allocation-found,273753.53598525,12345.224999999997,0.04396626086747323,0.00550472240593477,0,2400
central-tight-c97p49-r20p0,adaptive,2,False,no-feasible-allocation-found,273753.53598525,12345.224999999995,0.043966260867473086,0.005504722405934622,0,2400
central-tight-c97p49-r20p0,adaptive,3,False,no-feasible-allocation-found,273753.53598525,12345.224999999997,0.04396626086747323,0.00550472240593477,0,2400
central-tight-c97p49-r20p0,adaptive,4,False,no-feasible-allocation-found,273753.53598525,12345.224999999995,0.043966260867473086,0.005504722405934622,0,2400
central-tight-c97p49-r20p0,adaptive,5,False,no-feasible-allocation-found,263505.0064014,11744.859999999999,0.06888111888111889,0.0,0,2400
central-tight-c97p49-r20p0,adaptive,6,False,no-feasible-allocation-found,263553.53598525,12345.224999999997,0.06669353359474596,0.00550472240593477,0,2400
central-tight-c97p49-r20p0,adaptive,7,False,no-feasible-allocation-found,273753.53598525,12345.224999999995,0.043966260867473086,0.005504722405934622,0,2400
central-tight-c97p49-r20p0,adaptive,8,False,no-feasible-allocation-found,273753.53598525,12345.224999999997,0.04396626086747323,0.00550472240593477,0,2400
central-tight-c97p49-r20p0,adaptive,9,False,no-feasible-allocation-found,263553.53598525,12345.224999999995,0.06669353359474581,0.005504722405934622,0,2400
central-tight-c97p49-r20p0,adaptive,10,False,no-feasible-allocation-found,273753.53598525,12345.224999999997,0.04396626086747323,0.00550472240593477,0,2400
central-tight-c97p49-r20p0,adaptive,11,False,no-feasible-allocation-found,263553.53598525,12345.224999999995,0.06669353359474581,0.005504722405934622,0,2400
central-tight-c97p49-r20p0,adaptive,12,False,no-feasible-allocation-found,273753.53598525,12345.224999999997,0.04396626086747323,0.00550472240593477,0,2400
central-tight-c97p49-r20p0,adaptive,13,False,no-feasible-allocation-found,263553.53598525,12345.225,0.06669353359474625,0.005504722405935066,0,2400
central-tight-c97p49-r20p0,adaptive,14,False,no-feasible-allocation-found,263553.53598525,12345.224999999999,0.06669353359474611,0.005504722405934918,0,2400
central-tight-c97p49-r20p0,adaptive,15,False,no-feasible-allocation-found,263553.53598525,12345.224999999997,0.06669353359474596,0.00550472240593477,0,2400
central-tight-c97p49-r20p0,adaptive,16,False,no-feasible-allocation-found,273753.53598525,12345.224999999997,0.04396626086747323,0.00550472240593477,0,2400
central-tight-c97p49-r20p0,adaptive,17,False,no-feasible-allocation-found,273753.53598525,12345.224999999997,0.04396626086747323,0.00550472240593477,0,2400
central-tight-c97p49-r20p0,adaptive,18,False,no-feasible-allocation-found,273753.53598525,12345.224999999995,0.043966260867473086,0.005504722405934622,0,2400
central-tight-c97p49-r20p0,adaptive,19,False,no-feasible-allocation-found,263553.53598525,12345.224999999999,0.06669353359474611,0.005504722405934918,0,2400
central-tight-c97p49-r20p0,adaptive,20,False,no-feasible-allocation-found,263553.53598525,12345.224999999997,0.06669353359474596,0.00550472240593477,0,2400
central-tight-c97p49-r20p0,adaptive,21,False,no-feasible-allocation-found,263553.53598525,12345.224999999995,0.06669353359474581,0.005504722405934622,0,2400
central-tight-c97p49-r20p0,adaptive,22,False,no-feasible-allocation-found,263553.53598525,12345.224999999997,0.06669353359474596,0.00550472240593477,0,2400
central-tight-c97p49-r20p0,adaptive,23,False,no-feasible-allocation-found,273753.53598525,12345.224999999997,0.04396626086747323,0.00550472240593477,0,2400
central-tight-c97p49-r20p0,adaptive,24,False,no-feasible-allocation-found,273753.53598525,12345.224999999997,0.04396626086747323,0.00550472240593477,0,2400
central-tight-c97p49-r20p0,adaptive,25,False,no-feasible-allocation-found,263553.53598525,12345.224999999999,0.06669353359474611,0.005504722405934918,0,2400
central-tight-c97p49-r20p0,adaptive,26,False,no-feasible-allocation-found,263553.53598525,12345.224999999997,0.06669353359474596,0.00550472240593477,0,2400
central-tight-c97p49-r20p0,adaptive,27,False,no-feasible-allocation-found,273753.53598525,12345.224999999997,0.04396626086747323,0.00550472240593477,0,2400
central-tight-c97p49-r20p0,adaptive,28,False,no-feasible-allocation-found,263553.53598525,12345.224999999997,0.06669353359474596,0.00550472240593477,0,2400
central-tight-c97p49-r20p0,adaptive,29,False,no-feasible-allocation-found,263553.53598525,12345.224999999999,0.06669353359474611,0.005504722405934918,0,2400
central-tight-c97p49-r20p0,catastrophe,0,False,no-feasible-allocation-found,273753.53598525,12345.224999999997,0.04396626086747323,0.00550472240593477,1,2400
central-tight-c97p49-r20p0,catastrophe,1,False,no-feasible-allocation-found,263553.53598525,12345.224999999995,0.06669353359474581,0.005504722405934622,2,2400
central-tight-c97p49-r20p0,catastrophe,2,False,no-feasible-allocation-found,273753.53598525,12345.224999999997,0.04396626086747323,0.00550472240593477,2,2400
central-tight-c97p49-r20p0,catastrophe,3,False,no-feasible-allocation-found,273753.53598525,12345.224999999997,0.04396626086747323,0.00550472240593477,2,2400
central-tight-c97p49-r20p0,catastrophe,4,False,no-feasible-allocation-found,273753.53598525,12345.224999999997,0.04396626086747323,0.00550472240593477,2,2400
central-tight-c97p49-r20p0,catastrophe,5,False,no-feasible-allocation-found,263553.53598525,12345.224999999997,0.06669353359474596,0.00550472240593477,2,2400
central-tight-c97p49-r20p0,catastrophe,6,False,no-feasible-allocation-found,263553.53598525,12345.224999999999,0.06669353359474611,0.005504722405934918,2,2400
central-tight-c97p49-r20p0,catastrophe,7,False,no-feasible-allocation-found,273753.53598525,12345.224999999997,0.04396626086747323,0.00550472240593477,2,2400
central-tight-c97p49-r20p0,catastrophe,8,False,no-feasible-allocation-found,273705.0064014,11744.859999999995,0.046153846153846156,0.0,2,2400
central-tight-c97p49-r20p0,catastrophe,9,False,no-feasible-allocation-found,273753.53598525,12345.224999999999,0.04396626086747338,0.005504722405934918,2,2400
central-tight-c97p49-r20p0,catastrophe,10,False,no-feasible-allocation-found,273753.53598525,12345.224999999997,0.04396626086747323,0.00550472240593477,2,2400
central-tight-c97p49-r20p0,catastrophe,11,False,no-feasible-allocation-found,263553.53598525,12345.224999999997,0.06669353359474596,0.00550472240593477,2,2400
central-tight-c97p49-r20p0,catastrophe,12,False,no-feasible-allocation-found,273753.53598525,12345.224999999997,0.04396626086747323,0.00550472240593477,2,2400
central-tight-c97p49-r20p0,catastrophe,13,False,no-feasible-allocation-found,273753.53598525,12345.224999999997,0.04396626086747323,0.00550472240593477,2,2400
central-tight-c97p49-r20p0,catastrophe,14,False,no-feasible-allocation-found,273753.53598525,12345.224999999997,0.04396626086747323,0.00550472240593477,2,2400
central-tight-c97p49-r20p0,catastrophe,15,False,no-feasible-allocation-found,273753.53598525,12345.224999999997,0.04396626086747323,0.00550472240593477,2,2400
central-tight-c97p49-r20p0,catastrophe,16,False,no-feasible-allocation-found,263553.53598525,12345.224999999995,0.06669353359474581,0.005504722405934622,1,2400
central-tight-c97p49-r20p0,catastrophe,17,False,no-feasible-allocation-found,263553.53598525,12345.224999999999,0.06669353359474611,0.005504722405934918,1,2400
central-tight-c97p49-r20p0,catastrophe,18,False,no-feasible-allocation-found,263553.53598525,12345.224999999997,0.06669353359474596,0.00550472240593477,2,2400
central-tight-c97p49-r20p0,catastrophe,19,False,no-feasible-allocation-found,273753.53598525,12345.224999999995,0.043966260867473086,0.005504722405934622,2,2400
central-tight-c97p49-r20p0,catastrophe,20,False,no-feasible-allocation-found,273753.53598525,12345.224999999997,0.04396626086747323,0.00550472240593477,2,2400
central-tight-c97p49-r20p0,catastrophe,21,False,no-feasible-allocation-found,273753.53598525,12345.224999999997,0.04396626086747323,0.00550472240593477,2,2400
central-tight-c97p49-r20p0,catastrophe,22,False,no-feasible-allocation-found,273753.53598525,12345.224999999997,0.04396626086747323,0.00550472240593477,1,2400
central-tight-c97p49-r20p0,catastrophe,23,False,no-feasible-allocation-found,273753.53598525,12345.224999999997,0.04396626086747323,0.00550472240593477,2,2400
central-tight-c97p49-r20p0,catastrophe,24,False,no-feasible-allocation-found,273753.53598525,12345.224999999995,0.043966260867473086,0.005504722405934622,2,2400
central-tight-c97p49-r20p0,catastrophe,25,False,no-feasible-allocation-found,273753.53598525,12345.224999999997,0.04396626086747323,0.00550472240593477,2,2400
central-tight-c97p49-r20p0,catastrophe,26,False,no-feasible-allocation-found,263553.53598525,12345.224999999997,0.06669353359474596,0.00550472240593477,2,2400
central-tight-c97p49-r20p0,catastrophe,27,False,no-feasible-allocation-found,273753.53598525,12345.224999999997,0.04396626086747323,0.00550472240593477,2,2400
central-tight-c97p49-r20p0,catastrophe,28,False,no-feasible-allocation-found,273753.53598525,12345.224999999997,0.04396626086747323,0.00550472240593477,2,2400
central-tight-c97p49-r20p0,catastrophe,29,False,no-feasible-allocation-found,273753.53598525,12345.224999999999,0.04396626086747338,0.005504722405934918,2,2400
central-tight-c97p49-r20p0,combined,0,False,no-feasible-allocation-found,273753.53598525,12345.224999999995,0.043966260867473086,0.005504722405934622,2,2400
central-tight-c97p49-r20p0,combined,1,False,no-feasible-allocation-found,273753.53598525,12345.224999999997,0.04396626086747323,0.00550472240593477,2,2400
central-tight-c97p49-r20p0,combined,2,False,no-feasible-allocation-found,273753.53598525,12345.224999999995,0.043966260867473086,0.005504722405934622,1,2400
central-tight-c97p49-r20p0,combined,3,False,no-feasible-allocation-found,273753.53598525,12345.224999999993,0.043966260867472934,0.005504722405934474,1,2400
central-tight-c97p49-r20p0,combined,4,False,no-feasible-allocation-found,273753.53598525,12345.224999999995,0.043966260867473086,0.005504722405934622,1,2400
central-tight-c97p49-r20p0,combined,5,False,no-feasible-allocation-found,273753.53598525,12345.224999999997,0.04396626086747323,0.00550472240593477,2,2400
central-tight-c97p49-r20p0,combined,6,False,no-feasible-allocation-found,273753.53598525,12345.224999999997,0.04396626086747323,0.00550472240593477,2,2400
central-tight-c97p49-r20p0,combined,7,False,no-feasible-allocation-found,273753.53598525,12345.224999999995,0.043966260867473086,0.005504722405934622,2,2400
central-tight-c97p49-r20p0,combined,8,False,no-feasible-allocation-found,273753.53598525,12345.224999999997,0.04396626086747323,0.00550472240593477,2,2400
central-tight-c97p49-r20p0,combined,9,False,no-feasible-allocation-found,263553.53598525,12345.224999999995,0.06669353359474581,0.005504722405934622,2,2400
central-tight-c97p49-r20p0,combined,10,False,no-feasible-allocation-found,273753.53598525,12345.224999999997,0.04396626086747323,0.00550472240593477,2,2400
central-tight-c97p49-r20p0,combined,11,False,no-feasible-allocation-found,263553.53598525,12345.224999999997,0.06669353359474596,0.00550472240593477,2,2400
central-tight-c97p49-r20p0,combined,12,False,no-feasible-allocation-found,273753.53598525,12345.224999999995,0.043966260867473086,0.005504722405934622,2,2400
central-tight-c97p49-r20p0,combined,13,False,no-feasible-allocation-found,263553.53598525,12345.224999999997,0.06669353359474596,0.00550472240593477,2,2400
central-tight-c97p49-r20p0,combined,14,False,no-feasible-allocation-found,273753.53598525,12345.224999999997,0.04396626086747323,0.00550472240593477,2,2400
central-tight-c97p49-r20p0,combined,15,False,no-feasible-allocation-found,273753.53598525,12345.224999999997,0.04396626086747323,0.00550472240593477,1,2400
central-tight-c97p49-r20p0,combined,16,False,no-feasible-allocation-found,273753.53598525,12345.224999999997,0.04396626086747323,0.00550472240593477,2,2400
central-tight-c97p49-r20p0,combined,17,False,no-feasible-allocation-found,273753.53598525,12345.224999999999,0.04396626086747338,0.005504722405934918,2,2400
central-tight-c97p49-r20p0,combined,18,False,no-feasible-allocation-found,273753.53598525,12345.224999999995,0.043966260867473086,0.005504722405934622,1,2400
central-tight-c97p49-r20p0,combined,19,False,no-feasible-allocation-found,273753.53598525,12345.224999999999,0.04396626086747338,0.005504722405934918,2,2400
central-tight-c97p49-r20p0,combined,20,False,no-feasible-allocation-found,263553.53598525,12345.224999999997,0.06669353359474596,0.00550472240593477,1,2400
central-tight-c97p49-r20p0,combined,21,False,no-feasible-allocation-found,263553.53598525,12345.224999999995,0.06669353359474581,0.005504722405934622,1,2400
central-tight-c97p49-r20p0,combined,22,False,no-feasible-allocation-found,273753.53598525,12345.224999999999,0.04396626086747338,0.005504722405934918,2,2400
central-tight-c97p49-r20p0,combined,23,False,no-feasible-allocation-found,273753.53598525,12345.224999999997,0.04396626086747323,0.00550472240593477,2,2400
central-tight-c97p49-r20p0,combined,24,False,no-feasible-allocation-found,273753.53598525,12345.224999999997,0.04396626086747323,0.00550472240593477,2,2400
central-tight-c97p49-r20p0,combined,25,False,no-feasible-allocation-found,273753.53598525,12345.224999999997,0.04396626086747323,0.00550472240593477,2,2400
central-tight-c97p49-r20p0,combined,26,False,no-feasible-allocation-found,263553.53598525,12345.224999999997,0.06669353359474596,0.00550472240593477,2,2400
central-tight-c97p49-r20p0,combined,27,False,no-feasible-allocation-found,273753.53598525,12345.224999999995,0.043966260867473086,0.005504722405934622,2,2400
central-tight-c97p49-r20p0,combined,28,False,no-feasible-allocation-found,263553.53598525,12345.224999999997,0.06669353359474596,0.00550472240593477,1,2400
central-tight-c97p49-r20p0,combined,29,False,no-feasible-allocation-found,263553.53598525,12345.224999999999,0.06669353359474611,0.005504722405934918,2,2400
central-tight-c97p49-r20p0,hybrid-seeded,0,False,no-feasible-allocation-found,273753.53598525,12345.224999999995,0.043966260867473086,0.005504722405934622,2,2400
central-tight-c97p49-r20p0,hybrid-seeded,1,False,no-feasible-allocation-found,273753.53598525,12345.224999999997,0.04396626086747323,0.00550472240593477,2,2400
central-tight-c97p49-r20p0,hybrid-seeded,2,False,no-feasible-allocation-found,273753.53598525,12345.224999999995,0.043966260867473086,0.005504722405934622,1,2400
central-tight-c97p49-r20p0,hybrid-seeded,3,False,no-feasible-allocation-found,273753.53598525,12345.224999999997,0.04396626086747323,0.00550472240593477,1,2400
central-tight-c97p49-r20p0,hybrid-seeded,4,False,no-feasible-allocation-found,273753.53598525,12345.224999999997,0.04396626086747323,0.00550472240593477,2,2400
central-tight-c97p49-r20p0,hybrid-seeded,5,False,no-feasible-allocation-found,273753.53598525,12345.224999999997,0.04396626086747323,0.00550472240593477,2,2400
central-tight-c97p49-r20p0,hybrid-seeded,6,False,no-feasible-allocation-found,273753.53598525,12345.224999999997,0.04396626086747323,0.00550472240593477,2,2400
central-tight-c97p49-r20p0,hybrid-seeded,7,False,no-feasible-allocation-found,273753.53598525,12345.224999999995,0.043966260867473086,0.005504722405934622,2,2400
central-tight-c97p49-r20p0,hybrid-seeded,8,False,no-feasible-allocation-found,273753.53598525,12345.224999999997,0.04396626086747323,0.00550472240593477,2,2400
central-tight-c97p49-r20p0,hybrid-seeded,9,False,no-feasible-allocation-found,263553.53598525,12345.224999999995,0.06669353359474581,0.005504722405934622,2,2400
central-tight-c97p49-r20p0,hybrid-seeded,10,False,no-feasible-allocation-found,273753.53598525,12345.224999999997,0.04396626086747323,0.00550472240593477,2,2400
central-tight-c97p49-r20p0,hybrid-seeded,11,False,no-feasible-allocation-found,263553.53598525,12345.224999999997,0.06669353359474596,0.00550472240593477,2,2400
central-tight-c97p49-r20p0,hybrid-seeded,12,False,no-feasible-allocation-found,273753.53598525,12345.224999999999,0.04396626086747338,0.005504722405934918,2,2400
central-tight-c97p49-r20p0,hybrid-seeded,13,False,no-feasible-allocation-found,263553.53598525,12345.224999999997,0.06669353359474596,0.00550472240593477,2,2400
central-tight-c97p49-r20p0,hybrid-seeded,14,False,no-feasible-allocation-found,273753.53598525,12345.224999999997,0.04396626086747323,0.00550472240593477,2,2400
central-tight-c97p49-r20p0,hybrid-seeded,15,False,no-feasible-allocation-found,273753.53598525,12345.224999999995,0.043966260867473086,0.005504722405934622,2,2400
central-tight-c97p49-r20p0,hybrid-seeded,16,False,no-feasible-allocation-found,273753.53598525,12345.224999999997,0.04396626086747323,0.00550472240593477,2,2400
central-tight-c97p49-r20p0,hybrid-seeded,17,False,no-feasible-allocation-found,273753.53598525,12345.224999999997,0.04396626086747323,0.00550472240593477,2,2400
central-tight-c97p49-r20p0,hybrid-seeded,18,False,no-feasible-allocation-found,273753.53598525,12345.224999999997,0.04396626086747323,0.00550472240593477,2,2400
central-tight-c97p49-r20p0,hybrid-seeded,19,False,no-feasible-allocation-found,273753.53598525,12345.224999999999,0.04396626086747338,0.005504722405934918,2,2400
central-tight-c97p49-r20p0,hybrid-seeded,20,False,no-feasible-allocation-found,273753.53598525,12345.224999999995,0.043966260867473086,0.005504722405934622,1,2400
central-tight-c97p49-r20p0,hybrid-seeded,21,False,no-feasible-allocation-found,273753.53598525,12345.224999999997,0.04396626086747323,0.00550472240593477,1,2400
central-tight-c97p49-r20p0,hybrid-seeded,22,False,no-feasible-allocation-found,273753.53598525,12345.224999999999,0.04396626086747338,0.005504722405934918,2,2400
central-tight-c97p49-r20p0,hybrid-seeded,23,False,no-feasible-allocation-found,273753.53598525,12345.224999999997,0.04396626086747323,0.00550472240593477,2,2400
central-tight-c97p49-r20p0,hybrid-seeded,24,False,no-feasible-allocation-found,273753.53598525,12345.224999999997,0.04396626086747323,0.00550472240593477,2,2400
central-tight-c97p49-r20p0,hybrid-seeded,25,False,no-feasible-allocation-found,273753.53598525,12345.224999999997,0.04396626086747323,0.00550472240593477,2,2400
central-tight-c97p49-r20p0,hybrid-seeded,26,False,no-feasible-allocation-found,263553.53598525,12345.224999999997,0.06669353359474596,0.00550472240593477,2,2400
central-tight-c97p49-r20p0,hybrid-seeded,27,False,no-feasible-allocation-found,273753.53598525,12345.224999999995,0.043966260867473086,0.005504722405934622,2,2400
central-tight-c97p49-r20p0,hybrid-seeded,28,False,no-feasible-allocation-found,263553.53598525,12345.224999999997,0.06669353359474596,0.00550472240593477,1,2400
central-tight-c97p49-r20p0,hybrid-seeded,29,False,no-feasible-allocation-found,263553.53598525,12345.224999999999,0.06669353359474611,0.005504722405934918,2,2400
central-relaxed-c97p49-r0,greedy,,True,feasible-heuristic,114809.62293365,26460.385,0.0,0.0,0,192
central-relaxed-c97p49-r0,fixed,0,True,feasible-heuristic,115619.62293365,26460.385,0.0,0.0,0,2400
central-relaxed-c97p49-r0,fixed,1,True,feasible-heuristic,115079.62293365,26460.385,0.0,0.0,0,2400
central-relaxed-c97p49-r0,fixed,2,True,feasible-heuristic,115349.62293365,26460.385,0.0,0.0,0,2400
central-relaxed-c97p49-r0,fixed,3,True,feasible-heuristic,115619.62293365,26460.385,0.0,0.0,0,2400
central-relaxed-c97p49-r0,fixed,4,True,feasible-heuristic,118461.37468195,26068.054999999997,0.0,0.0,0,2400
central-relaxed-c97p49-r0,fixed,5,True,feasible-heuristic,115349.62293365,26460.385,0.0,0.0,0,2400
central-relaxed-c97p49-r0,fixed,6,True,feasible-heuristic,115889.62293365,26460.385,0.0,0.0,0,2400
central-relaxed-c97p49-r0,fixed,7,True,feasible-heuristic,115079.62293365,26460.385,0.0,0.0,0,2400
central-relaxed-c97p49-r0,fixed,8,True,feasible-heuristic,115619.62293365,26460.385,0.0,0.0,0,2400
central-relaxed-c97p49-r0,fixed,9,True,feasible-heuristic,115349.62293365,26460.385,0.0,0.0,0,2400
central-relaxed-c97p49-r0,fixed,10,True,feasible-heuristic,115349.62293365,26460.385,0.0,0.0,0,2400
central-relaxed-c97p49-r0,fixed,11,True,feasible-heuristic,119001.37468195,26068.054999999997,0.0,0.0,0,2400
central-relaxed-c97p49-r0,fixed,12,True,feasible-heuristic,114809.62293365,26460.385,0.0,0.0,0,2400
central-relaxed-c97p49-r0,fixed,13,True,feasible-heuristic,115889.62293365,26460.385,0.0,0.0,0,2400
central-relaxed-c97p49-r0,fixed,14,True,feasible-heuristic,115619.62293365,26460.385,0.0,0.0,0,2400
central-relaxed-c97p49-r0,fixed,15,True,feasible-heuristic,115619.62293365,26460.385,0.0,0.0,0,2400
central-relaxed-c97p49-r0,fixed,16,True,feasible-heuristic,118443.12643025,25675.725,0.0,0.0,0,2400
central-relaxed-c97p49-r0,fixed,17,True,feasible-heuristic,115079.62293365,26460.385,0.0,0.0,0,2400
central-relaxed-c97p49-r0,fixed,18,True,feasible-heuristic,115349.62293365,26460.385,0.0,0.0,0,2400
central-relaxed-c97p49-r0,fixed,19,True,feasible-heuristic,116159.62293365,26460.385,0.0,0.0,0,2400
central-relaxed-c97p49-r0,fixed,20,True,feasible-heuristic,115349.62293365,26460.385,0.0,0.0,0,2400
central-relaxed-c97p49-r0,fixed,21,True,feasible-heuristic,115889.62293365,26460.385,0.0,0.0,0,2400
central-relaxed-c97p49-r0,fixed,22,True,feasible-heuristic,118983.12643025,25675.725,0.0,0.0,0,2400
central-relaxed-c97p49-r0,fixed,23,True,feasible-heuristic,118443.12643025,25675.725,0.0,0.0,0,2400
central-relaxed-c97p49-r0,fixed,24,True,feasible-heuristic,115079.62293365,26460.385,0.0,0.0,0,2400
central-relaxed-c97p49-r0,fixed,25,True,feasible-heuristic,115889.62293365,26460.385,0.0,0.0,0,2400
central-relaxed-c97p49-r0,fixed,26,True,feasible-heuristic,115619.62293365,26460.385,0.0,0.0,0,2400
central-relaxed-c97p49-r0,fixed,27,True,feasible-heuristic,115079.62293365,26460.385,0.0,0.0,0,2400
central-relaxed-c97p49-r0,fixed,28,True,feasible-heuristic,115349.62293365,26460.385,0.0,0.0,0,2400
central-relaxed-c97p49-r0,fixed,29,True,feasible-heuristic,115349.62293365,26460.385,0.0,0.0,0,2400
central-relaxed-c97p49-r0,adaptive,0,True,feasible-heuristic,115349.62293365,26460.385,0.0,0.0,0,2400
central-relaxed-c97p49-r0,adaptive,1,True,feasible-heuristic,115889.62293365,26460.385,0.0,0.0,0,2400
central-relaxed-c97p49-r0,adaptive,2,True,feasible-heuristic,115349.62293365,26460.385,0.0,0.0,0,2400
central-relaxed-c97p49-r0,adaptive,3,True,feasible-heuristic,118443.12643025,25675.725,0.0,0.0,0,2400
central-relaxed-c97p49-r0,adaptive,4,True,feasible-heuristic,119523.12643025,25675.725,0.0,0.0,0,2400
central-relaxed-c97p49-r0,adaptive,5,True,feasible-heuristic,115349.62293365,26460.385,0.0,0.0,0,2400
central-relaxed-c97p49-r0,adaptive,6,True,feasible-heuristic,115889.62293365,26460.385,0.0,0.0,0,2400
central-relaxed-c97p49-r0,adaptive,7,True,feasible-heuristic,119793.12643025,25675.725,0.0,0.0,0,2400
central-relaxed-c97p49-r0,adaptive,8,True,feasible-heuristic,115619.62293365,26460.385,0.0,0.0,0,2400
central-relaxed-c97p49-r0,adaptive,9,True,feasible-heuristic,119271.37468195,26068.055,0.0,0.0,0,2400
central-relaxed-c97p49-r0,adaptive,10,True,feasible-heuristic,122346.62992685,24891.065,0.0,0.0,0,2400
central-relaxed-c97p49-r0,adaptive,11,True,feasible-heuristic,115889.62293365,26460.385,0.0,0.0,0,2400
central-relaxed-c97p49-r0,adaptive,12,True,feasible-heuristic,115889.62293365,26460.385,0.0,0.0,0,2400
central-relaxed-c97p49-r0,adaptive,13,True,feasible-heuristic,115619.62293365,26460.385,0.0,0.0,0,2400
central-relaxed-c97p49-r0,adaptive,14,True,feasible-heuristic,115889.62293365,26460.385,0.0,0.0,0,2400
central-relaxed-c97p49-r0,adaptive,15,True,feasible-heuristic,115079.62293365,26460.385,0.0,0.0,0,2400
central-relaxed-c97p49-r0,adaptive,16,True,feasible-heuristic,115619.62293365,26460.385,0.0,0.0,0,2400
central-relaxed-c97p49-r0,adaptive,17,True,feasible-heuristic,115889.62293365,26460.385,0.0,0.0,0,2400
central-relaxed-c97p49-r0,adaptive,18,True,feasible-heuristic,119793.12643025,25675.725,0.0,0.0,0,2400
central-relaxed-c97p49-r0,adaptive,19,True,feasible-heuristic,115349.62293365,26460.385,0.0,0.0,0,2400
central-relaxed-c97p49-r0,adaptive,20,True,feasible-heuristic,115619.62293365,26460.385,0.0,0.0,0,2400
central-relaxed-c97p49-r0,adaptive,21,True,feasible-heuristic,115349.62293365,26460.385,0.0,0.0,0,2400
central-relaxed-c97p49-r0,adaptive,22,True,feasible-heuristic,116699.62293365,26460.385,0.0,0.0,0,2400
central-relaxed-c97p49-r0,adaptive,23,True,feasible-heuristic,115079.62293365,26460.385,0.0,0.0,0,2400
central-relaxed-c97p49-r0,adaptive,24,True,feasible-heuristic,118713.12643025,25675.725,0.0,0.0,0,2400
central-relaxed-c97p49-r0,adaptive,25,True,feasible-heuristic,115619.62293365,26460.385,0.0,0.0,0,2400
central-relaxed-c97p49-r0,adaptive,26,True,feasible-heuristic,115079.62293365,26460.385,0.0,0.0,0,2400
central-relaxed-c97p49-r0,adaptive,27,True,feasible-heuristic,115889.62293365,26460.385,0.0,0.0,0,2400
central-relaxed-c97p49-r0,adaptive,28,True,feasible-heuristic,115889.62293365,26460.385,0.0,0.0,0,2400
central-relaxed-c97p49-r0,adaptive,29,True,feasible-heuristic,118713.12643025,25675.725,0.0,0.0,0,2400
central-relaxed-c97p49-r0,catastrophe,0,True,feasible-heuristic,115619.62293365,26460.385,0.0,0.0,0,2400
central-relaxed-c97p49-r0,catastrophe,1,True,feasible-heuristic,115079.62293365,26460.385,0.0,0.0,0,2400
central-relaxed-c97p49-r0,catastrophe,2,True,feasible-heuristic,115349.62293365,26460.385,0.0,0.0,0,2400
central-relaxed-c97p49-r0,catastrophe,3,True,feasible-heuristic,115619.62293365,26460.385,0.0,0.0,0,2400
central-relaxed-c97p49-r0,catastrophe,4,True,feasible-heuristic,118461.37468195,26068.054999999997,0.0,0.0,0,2400
central-relaxed-c97p49-r0,catastrophe,5,True,feasible-heuristic,115349.62293365,26460.385,0.0,0.0,0,2400
central-relaxed-c97p49-r0,catastrophe,6,True,feasible-heuristic,115889.62293365,26460.385,0.0,0.0,0,2400
central-relaxed-c97p49-r0,catastrophe,7,True,feasible-heuristic,115079.62293365,26460.385,0.0,0.0,0,2400
central-relaxed-c97p49-r0,catastrophe,8,True,feasible-heuristic,115619.62293365,26460.385,0.0,0.0,0,2400
central-relaxed-c97p49-r0,catastrophe,9,True,feasible-heuristic,115349.62293365,26460.385,0.0,0.0,0,2400
central-relaxed-c97p49-r0,catastrophe,10,True,feasible-heuristic,115349.62293365,26460.385,0.0,0.0,0,2400
central-relaxed-c97p49-r0,catastrophe,11,True,feasible-heuristic,119001.37468195,26068.054999999997,0.0,0.0,0,2400
central-relaxed-c97p49-r0,catastrophe,12,True,feasible-heuristic,114809.62293365,26460.385,0.0,0.0,0,2400
central-relaxed-c97p49-r0,catastrophe,13,True,feasible-heuristic,115889.62293365,26460.385,0.0,0.0,0,2400
central-relaxed-c97p49-r0,catastrophe,14,True,feasible-heuristic,115619.62293365,26460.385,0.0,0.0,0,2400
central-relaxed-c97p49-r0,catastrophe,15,True,feasible-heuristic,115619.62293365,26460.385,0.0,0.0,0,2400
central-relaxed-c97p49-r0,catastrophe,16,True,feasible-heuristic,118443.12643025,25675.725,0.0,0.0,0,2400
central-relaxed-c97p49-r0,catastrophe,17,True,feasible-heuristic,115079.62293365,26460.385,0.0,0.0,0,2400
central-relaxed-c97p49-r0,catastrophe,18,True,feasible-heuristic,115349.62293365,26460.385,0.0,0.0,0,2400
central-relaxed-c97p49-r0,catastrophe,19,True,feasible-heuristic,116159.62293365,26460.385,0.0,0.0,0,2400
central-relaxed-c97p49-r0,catastrophe,20,True,feasible-heuristic,115349.62293365,26460.385,0.0,0.0,0,2400
central-relaxed-c97p49-r0,catastrophe,21,True,feasible-heuristic,115889.62293365,26460.385,0.0,0.0,0,2400
central-relaxed-c97p49-r0,catastrophe,22,True,feasible-heuristic,118983.12643025,25675.725,0.0,0.0,0,2400
central-relaxed-c97p49-r0,catastrophe,23,True,feasible-heuristic,118443.12643025,25675.725,0.0,0.0,0,2400
central-relaxed-c97p49-r0,catastrophe,24,True,feasible-heuristic,115079.62293365,26460.385,0.0,0.0,0,2400
central-relaxed-c97p49-r0,catastrophe,25,True,feasible-heuristic,115889.62293365,26460.385,0.0,0.0,0,2400
central-relaxed-c97p49-r0,catastrophe,26,True,feasible-heuristic,115619.62293365,26460.385,0.0,0.0,0,2400
central-relaxed-c97p49-r0,catastrophe,27,True,feasible-heuristic,115079.62293365,26460.385,0.0,0.0,0,2400
central-relaxed-c97p49-r0,catastrophe,28,True,feasible-heuristic,115349.62293365,26460.385,0.0,0.0,0,2400
central-relaxed-c97p49-r0,catastrophe,29,True,feasible-heuristic,115349.62293365,26460.385,0.0,0.0,0,2400
central-relaxed-c97p49-r0,combined,0,True,feasible-heuristic,115349.62293365,26460.385,0.0,0.0,0,2400
central-relaxed-c97p49-r0,combined,1,True,feasible-heuristic,115889.62293365,26460.385,0.0,0.0,0,2400
central-relaxed-c97p49-r0,combined,2,True,feasible-heuristic,115349.62293365,26460.385,0.0,0.0,0,2400
central-relaxed-c97p49-r0,combined,3,True,feasible-heuristic,118443.12643025,25675.725,0.0,0.0,0,2400
central-relaxed-c97p49-r0,combined,4,True,feasible-heuristic,119523.12643025,25675.725,0.0,0.0,0,2400
central-relaxed-c97p49-r0,combined,5,True,feasible-heuristic,115349.62293365,26460.385,0.0,0.0,0,2400
central-relaxed-c97p49-r0,combined,6,True,feasible-heuristic,115889.62293365,26460.385,0.0,0.0,0,2400
central-relaxed-c97p49-r0,combined,7,True,feasible-heuristic,119793.12643025,25675.725,0.0,0.0,0,2400
central-relaxed-c97p49-r0,combined,8,True,feasible-heuristic,115619.62293365,26460.385,0.0,0.0,0,2400
central-relaxed-c97p49-r0,combined,9,True,feasible-heuristic,119271.37468195,26068.055,0.0,0.0,0,2400
central-relaxed-c97p49-r0,combined,10,True,feasible-heuristic,122346.62992685,24891.065,0.0,0.0,0,2400
central-relaxed-c97p49-r0,combined,11,True,feasible-heuristic,115889.62293365,26460.385,0.0,0.0,0,2400
central-relaxed-c97p49-r0,combined,12,True,feasible-heuristic,115889.62293365,26460.385,0.0,0.0,0,2400
central-relaxed-c97p49-r0,combined,13,True,feasible-heuristic,115619.62293365,26460.385,0.0,0.0,0,2400
central-relaxed-c97p49-r0,combined,14,True,feasible-heuristic,115889.62293365,26460.385,0.0,0.0,0,2400
central-relaxed-c97p49-r0,combined,15,True,feasible-heuristic,115079.62293365,26460.385,0.0,0.0,0,2400
central-relaxed-c97p49-r0,combined,16,True,feasible-heuristic,115619.62293365,26460.385,0.0,0.0,0,2400
central-relaxed-c97p49-r0,combined,17,True,feasible-heuristic,115889.62293365,26460.385,0.0,0.0,0,2400
central-relaxed-c97p49-r0,combined,18,True,feasible-heuristic,119793.12643025,25675.725,0.0,0.0,0,2400
central-relaxed-c97p49-r0,combined,19,True,feasible-heuristic,115349.62293365,26460.385,0.0,0.0,0,2400
central-relaxed-c97p49-r0,combined,20,True,feasible-heuristic,115619.62293365,26460.385,0.0,0.0,0,2400
central-relaxed-c97p49-r0,combined,21,True,feasible-heuristic,115349.62293365,26460.385,0.0,0.0,0,2400
central-relaxed-c97p49-r0,combined,22,True,feasible-heuristic,116699.62293365,26460.385,0.0,0.0,0,2400
central-relaxed-c97p49-r0,combined,23,True,feasible-heuristic,115079.62293365,26460.385,0.0,0.0,0,2400
central-relaxed-c97p49-r0,combined,24,True,feasible-heuristic,118713.12643025,25675.725,0.0,0.0,0,2400
central-relaxed-c97p49-r0,combined,25,True,feasible-heuristic,115619.62293365,26460.385,0.0,0.0,0,2400
central-relaxed-c97p49-r0,combined,26,True,feasible-heuristic,115079.62293365,26460.385,0.0,0.0,0,2400
central-relaxed-c97p49-r0,combined,27,True,feasible-heuristic,115889.62293365,26460.385,0.0,0.0,0,2400
central-relaxed-c97p49-r0,combined,28,True,feasible-heuristic,115889.62293365,26460.385,0.0,0.0,0,2400
central-relaxed-c97p49-r0,combined,29,True,feasible-heuristic,118713.12643025,25675.725,0.0,0.0,0,2400
central-relaxed-c97p49-r0,hybrid-seeded,0,True,feasible-heuristic,114809.62293365,26460.385,0.0,0.0,2,2400
central-relaxed-c97p49-r0,hybrid-seeded,1,True,feasible-heuristic,114809.62293365,26460.385,0.0,0.0,2,2400
central-relaxed-c97p49-r0,hybrid-seeded,2,True,feasible-heuristic,114809.62293365,26460.385,0.0,0.0,2,2400
central-relaxed-c97p49-r0,hybrid-seeded,3,True,feasible-heuristic,114809.62293365,26460.385,0.0,0.0,2,2400
central-relaxed-c97p49-r0,hybrid-seeded,4,True,feasible-heuristic,114809.62293365,26460.385,0.0,0.0,2,2400
central-relaxed-c97p49-r0,hybrid-seeded,5,True,feasible-heuristic,114809.62293365,26460.385,0.0,0.0,2,2400
central-relaxed-c97p49-r0,hybrid-seeded,6,True,feasible-heuristic,114809.62293365,26460.385,0.0,0.0,2,2400
central-relaxed-c97p49-r0,hybrid-seeded,7,True,feasible-heuristic,114809.62293365,26460.385,0.0,0.0,2,2400
central-relaxed-c97p49-r0,hybrid-seeded,8,True,feasible-heuristic,114809.62293365,26460.385,0.0,0.0,2,2400
central-relaxed-c97p49-r0,hybrid-seeded,9,True,feasible-heuristic,114809.62293365,26460.385,0.0,0.0,2,2400
central-relaxed-c97p49-r0,hybrid-seeded,10,True,feasible-heuristic,114809.62293365,26460.385,0.0,0.0,2,2400
central-relaxed-c97p49-r0,hybrid-seeded,11,True,feasible-heuristic,114809.62293365,26460.385,0.0,0.0,2,2400
central-relaxed-c97p49-r0,hybrid-seeded,12,True,feasible-heuristic,114809.62293365,26460.385,0.0,0.0,2,2400
central-relaxed-c97p49-r0,hybrid-seeded,13,True,feasible-heuristic,114809.62293365,26460.385,0.0,0.0,2,2400
central-relaxed-c97p49-r0,hybrid-seeded,14,True,feasible-heuristic,114809.62293365,26460.385,0.0,0.0,2,2400
central-relaxed-c97p49-r0,hybrid-seeded,15,True,feasible-heuristic,114809.62293365,26460.385,0.0,0.0,2,2400
central-relaxed-c97p49-r0,hybrid-seeded,16,True,feasible-heuristic,114809.62293365,26460.385,0.0,0.0,2,2400
central-relaxed-c97p49-r0,hybrid-seeded,17,True,feasible-heuristic,114809.62293365,26460.385,0.0,0.0,2,2400
central-relaxed-c97p49-r0,hybrid-seeded,18,True,feasible-heuristic,114809.62293365,26460.385,0.0,0.0,2,2400
central-relaxed-c97p49-r0,hybrid-seeded,19,True,feasible-heuristic,114809.62293365,26460.385,0.0,0.0,2,2400
central-relaxed-c97p49-r0,hybrid-seeded,20,True,feasible-heuristic,114809.62293365,26460.385,0.0,0.0,2,2400
central-relaxed-c97p49-r0,hybrid-seeded,21,True,feasible-heuristic,114809.62293365,26460.385,0.0,0.0,2,2400
central-relaxed-c97p49-r0,hybrid-seeded,22,True,feasible-heuristic,114809.62293365,26460.385,0.0,0.0,2,2400
central-relaxed-c97p49-r0,hybrid-seeded,23,True,feasible-heuristic,114809.62293365,26460.385,0.0,0.0,2,2400
central-relaxed-c97p49-r0,hybrid-seeded,24,True,feasible-heuristic,114809.62293365,26460.385,0.0,0.0,2,2400
central-relaxed-c97p49-r0,hybrid-seeded,25,True,feasible-heuristic,114809.62293365,26460.385,0.0,0.0,2,2400
central-relaxed-c97p49-r0,hybrid-seeded,26,True,feasible-heuristic,114809.62293365,26460.385,0.0,0.0,2,2400
central-relaxed-c97p49-r0,hybrid-seeded,27,True,feasible-heuristic,114809.62293365,26460.385,0.0,0.0,2,2400
central-relaxed-c97p49-r0,hybrid-seeded,28,True,feasible-heuristic,114809.62293365,26460.385,0.0,0.0,2,2400
central-relaxed-c97p49-r0,hybrid-seeded,29,True,feasible-heuristic,114809.62293365,26460.385,0.0,0.0,2,2400
central-relaxed-c97p49-r20p0,greedy,,False,infeasible-allocation,143941.5197874,21556.260000000006,0.018327019807157226,0.018327019807157226,0,192
central-relaxed-c97p49-r20p0,fixed,0,True,feasible-heuristic,142825.023284,20771.600000000002,0.0,0.0,0,2400
central-relaxed-c97p49-r20p0,fixed,1,True,feasible-heuristic,139173.2715357,21163.930000000004,0.0,0.0,0,2400
central-relaxed-c97p49-r20p0,fixed,2,True,feasible-heuristic,139443.2715357,21163.930000000004,0.0,0.0,0,2400
central-relaxed-c97p49-r20p0,fixed,3,True,feasible-heuristic,138624.14740985,20967.765000000003,0.0,0.0,0,2400
central-relaxed-c97p49-r20p0,fixed,4,True,feasible-heuristic,142303.2715357,21163.93,0.0,0.0,0,2400
central-relaxed-c97p49-r20p0,fixed,5,True,feasible-heuristic,143104.14740985,20967.765000000007,0.0,0.0,0,2400
central-relaxed-c97p49-r20p0,fixed,6,True,feasible-heuristic,139443.2715357,21163.930000000004,0.0,0.0,0,2400
central-relaxed-c97p49-r20p0,fixed,7,True,feasible-heuristic,142573.2715357,21163.930000000004,0.0,0.0,0,2400
central-relaxed-c97p49-r20p0,fixed,8,True,feasible-heuristic,142564.14740985,20967.765000000003,0.0,0.0,0,2400
central-relaxed-c97p49-r20p0,fixed,9,True,feasible-heuristic,142573.2715357,21163.93,0.0,0.0,0,2400
central-relaxed-c97p49-r20p0,fixed,10,True,feasible-heuristic,142573.2715357,21163.930000000004,0.0,0.0,0,2400
central-relaxed-c97p49-r20p0,fixed,11,True,feasible-heuristic,142564.14740985,20967.765000000003,0.0,0.0,0,2400
central-relaxed-c97p49-r20p0,fixed,12,True,feasible-heuristic,145694.14740985,20967.765000000007,0.0,0.0,0,2400
central-relaxed-c97p49-r20p0,fixed,13,True,feasible-heuristic,143383.2715357,21163.930000000004,0.0,0.0,0,2400
central-relaxed-c97p49-r20p0,fixed,14,True,feasible-heuristic,142294.14740985,20967.765000000007,0.0,0.0,0,2400
central-relaxed-c97p49-r20p0,fixed,15,True,feasible-heuristic,142573.2715357,21163.930000000008,0.0,0.0,0,2400
central-relaxed-c97p49-r20p0,fixed,16,True,feasible-heuristic,142843.2715357,21163.93,0.0,0.0,0,2400
central-relaxed-c97p49-r20p0,fixed,17,True,feasible-heuristic,142564.14740985,20967.765000000003,0.0,0.0,0,2400
central-relaxed-c97p49-r20p0,fixed,18,True,feasible-heuristic,139173.2715357,21163.93,0.0,0.0,0,2400
central-relaxed-c97p49-r20p0,fixed,19,True,feasible-heuristic,139434.14740985,20967.765000000007,0.0,0.0,0,2400
central-relaxed-c97p49-r20p0,fixed,20,True,feasible-heuristic,142825.023284,20771.600000000002,0.0,0.0,0,2400
central-relaxed-c97p49-r20p0,fixed,21,True,feasible-heuristic,139443.2715357,21163.930000000004,0.0,0.0,0,2400
central-relaxed-c97p49-r20p0,fixed,22,True,feasible-heuristic,138624.14740985,20967.765000000003,0.0,0.0,0,2400
central-relaxed-c97p49-r20p0,fixed,23,True,feasible-heuristic,139173.2715357,21163.93,0.0,0.0,0,2400
central-relaxed-c97p49-r20p0,fixed,24,True,feasible-heuristic,146234.14740985,20967.765000000003,0.0,0.0,0,2400
central-relaxed-c97p49-r20p0,fixed,25,True,feasible-heuristic,143113.2715357,21163.930000000004,0.0,0.0,0,2400
central-relaxed-c97p49-r20p0,fixed,26,True,feasible-heuristic,142843.2715357,21163.930000000004,0.0,0.0,0,2400
central-relaxed-c97p49-r20p0,fixed,27,True,feasible-heuristic,142564.14740985,20967.765000000003,0.0,0.0,0,2400
central-relaxed-c97p49-r20p0,fixed,28,True,feasible-heuristic,139443.2715357,21163.930000000004,0.0,0.0,0,2400
central-relaxed-c97p49-r20p0,fixed,29,True,feasible-heuristic,142843.2715357,21163.930000000008,0.0,0.0,0,2400
central-relaxed-c97p49-r20p0,adaptive,0,True,feasible-heuristic,142573.2715357,21163.930000000004,0.0,0.0,0,2400
central-relaxed-c97p49-r20p0,adaptive,1,True,feasible-heuristic,142564.14740985,20967.765000000003,0.0,0.0,0,2400
central-relaxed-c97p49-r20p0,adaptive,2,True,feasible-heuristic,142564.14740985,20967.765000000003,0.0,0.0,0,2400
central-relaxed-c97p49-r20p0,adaptive,3,True,feasible-heuristic,142303.2715357,21163.930000000004,0.0,0.0,0,2400
central-relaxed-c97p49-r20p0,adaptive,4,True,feasible-heuristic,146243.2715357,21163.930000000004,0.0,0.0,0,2400
central-relaxed-c97p49-r20p0,adaptive,5,True,feasible-heuristic,142834.14740985,20967.765000000003,0.0,0.0,0,2400
central-relaxed-c97p49-r20p0,adaptive,6,True,feasible-heuristic,142573.2715357,21163.930000000004,0.0,0.0,0,2400
central-relaxed-c97p49-r20p0,adaptive,7,True,feasible-heuristic,139434.14740985,20967.765000000003,0.0,0.0,0,2400
central-relaxed-c97p49-r20p0,adaptive,8,True,feasible-heuristic,139713.2715357,21163.930000000004,0.0,0.0,0,2400
central-relaxed-c97p49-r20p0,adaptive,9,True,feasible-heuristic,139713.2715357,21163.93,0.0,0.0,0,2400
central-relaxed-c97p49-r20p0,adaptive,10,True,feasible-heuristic,139173.2715357,21163.930000000004,0.0,0.0,0,2400
central-relaxed-c97p49-r20p0,adaptive,11,True,feasible-heuristic,139164.14740985,20967.765000000003,0.0,0.0,0,2400
central-relaxed-c97p49-r20p0,adaptive,12,True,feasible-heuristic,139434.14740985,20967.765000000003,0.0,0.0,0,2400
central-relaxed-c97p49-r20p0,adaptive,13,True,feasible-heuristic,142573.2715357,21163.93,0.0,0.0,0,2400
central-relaxed-c97p49-r20p0,adaptive,14,True,feasible-heuristic,142564.14740985,20967.765000000007,0.0,0.0,0,2400
central-relaxed-c97p49-r20p0,adaptive,15,True,feasible-heuristic,143113.2715357,21163.930000000004,0.0,0.0,0,2400
central-relaxed-c97p49-r20p0,adaptive,16,True,feasible-heuristic,139164.14740985,20967.765000000003,0.0,0.0,0,2400
central-relaxed-c97p49-r20p0,adaptive,17,True,feasible-heuristic,139983.2715357,21163.930000000004,0.0,0.0,0,2400
central-relaxed-c97p49-r20p0,adaptive,18,True,feasible-heuristic,146234.14740985,20967.765000000007,0.0,0.0,0,2400
central-relaxed-c97p49-r20p0,adaptive,19,True,feasible-heuristic,142834.14740985,20967.765000000003,0.0,0.0,0,2400
central-relaxed-c97p49-r20p0,adaptive,20,True,feasible-heuristic,139443.2715357,21163.930000000004,0.0,0.0,0,2400
central-relaxed-c97p49-r20p0,adaptive,21,True,feasible-heuristic,142564.14740985,20967.765000000003,0.0,0.0,0,2400
central-relaxed-c97p49-r20p0,adaptive,22,True,feasible-heuristic,143113.2715357,21163.93,0.0,0.0,0,2400
central-relaxed-c97p49-r20p0,adaptive,23,True,feasible-heuristic,142024.14740985,20967.765000000007,0.0,0.0,0,2400
central-relaxed-c97p49-r20p0,adaptive,24,True,feasible-heuristic,139173.2715357,21163.93,0.0,0.0,0,2400
central-relaxed-c97p49-r20p0,adaptive,25,True,feasible-heuristic,142024.14740985,20967.765000000003,0.0,0.0,0,2400
central-relaxed-c97p49-r20p0,adaptive,26,True,feasible-heuristic,142545.89915815,20575.435,0.0,0.0,0,2400
central-relaxed-c97p49-r20p0,adaptive,27,True,feasible-heuristic,142843.2715357,21163.930000000004,0.0,0.0,0,2400
central-relaxed-c97p49-r20p0,adaptive,28,True,feasible-heuristic,143104.14740985,20967.765000000003,0.0,0.0,0,2400
central-relaxed-c97p49-r20p0,adaptive,29,True,feasible-heuristic,146234.14740985,20967.765000000007,0.0,0.0,0,2400
central-relaxed-c97p49-r20p0,catastrophe,0,True,feasible-heuristic,143113.2715357,21163.930000000004,0.0,0.0,1,2400
central-relaxed-c97p49-r20p0,catastrophe,1,True,feasible-heuristic,139173.2715357,21163.930000000004,0.0,0.0,0,2400
central-relaxed-c97p49-r20p0,catastrophe,2,True,feasible-heuristic,139443.2715357,21163.930000000004,0.0,0.0,0,2400
central-relaxed-c97p49-r20p0,catastrophe,3,True,feasible-heuristic,138624.14740985,20967.765000000003,0.0,0.0,0,2400
central-relaxed-c97p49-r20p0,catastrophe,4,True,feasible-heuristic,142303.2715357,21163.93,0.0,0.0,0,2400
central-relaxed-c97p49-r20p0,catastrophe,5,True,feasible-heuristic,143104.14740985,20967.765000000007,0.0,0.0,0,2400
central-relaxed-c97p49-r20p0,catastrophe,6,True,feasible-heuristic,139443.2715357,21163.930000000004,0.0,0.0,0,2400
central-relaxed-c97p49-r20p0,catastrophe,7,True,feasible-heuristic,142573.2715357,21163.930000000004,0.0,0.0,0,2400
central-relaxed-c97p49-r20p0,catastrophe,8,True,feasible-heuristic,142564.14740985,20967.765000000003,0.0,0.0,0,2400
central-relaxed-c97p49-r20p0,catastrophe,9,True,feasible-heuristic,142573.2715357,21163.93,0.0,0.0,0,2400
central-relaxed-c97p49-r20p0,catastrophe,10,True,feasible-heuristic,142573.2715357,21163.930000000004,0.0,0.0,0,2400
central-relaxed-c97p49-r20p0,catastrophe,11,True,feasible-heuristic,142564.14740985,20967.765000000003,0.0,0.0,0,2400
central-relaxed-c97p49-r20p0,catastrophe,12,True,feasible-heuristic,145694.14740985,20967.765000000007,0.0,0.0,0,2400
central-relaxed-c97p49-r20p0,catastrophe,13,True,feasible-heuristic,143383.2715357,21163.930000000004,0.0,0.0,0,2400
central-relaxed-c97p49-r20p0,catastrophe,14,True,feasible-heuristic,142294.14740985,20967.765000000007,0.0,0.0,0,2400
central-relaxed-c97p49-r20p0,catastrophe,15,True,feasible-heuristic,142573.2715357,21163.930000000008,0.0,0.0,0,2400
central-relaxed-c97p49-r20p0,catastrophe,16,True,feasible-heuristic,142843.2715357,21163.93,0.0,0.0,0,2400
central-relaxed-c97p49-r20p0,catastrophe,17,True,feasible-heuristic,142564.14740985,20967.765000000003,0.0,0.0,0,2400
central-relaxed-c97p49-r20p0,catastrophe,18,True,feasible-heuristic,139173.2715357,21163.93,0.0,0.0,0,2400
central-relaxed-c97p49-r20p0,catastrophe,19,True,feasible-heuristic,139434.14740985,20967.765000000007,0.0,0.0,0,2400
central-relaxed-c97p49-r20p0,catastrophe,20,True,feasible-heuristic,142825.023284,20771.600000000002,0.0,0.0,0,2400
central-relaxed-c97p49-r20p0,catastrophe,21,True,feasible-heuristic,139443.2715357,21163.930000000004,0.0,0.0,0,2400
central-relaxed-c97p49-r20p0,catastrophe,22,True,feasible-heuristic,138624.14740985,20967.765000000003,0.0,0.0,0,2400
central-relaxed-c97p49-r20p0,catastrophe,23,True,feasible-heuristic,139173.2715357,21163.93,0.0,0.0,0,2400
central-relaxed-c97p49-r20p0,catastrophe,24,True,feasible-heuristic,146234.14740985,20967.765000000003,0.0,0.0,0,2400
central-relaxed-c97p49-r20p0,catastrophe,25,True,feasible-heuristic,143113.2715357,21163.930000000004,0.0,0.0,0,2400
central-relaxed-c97p49-r20p0,catastrophe,26,True,feasible-heuristic,142843.2715357,21163.930000000004,0.0,0.0,0,2400
central-relaxed-c97p49-r20p0,catastrophe,27,True,feasible-heuristic,142564.14740985,20967.765000000003,0.0,0.0,0,2400
central-relaxed-c97p49-r20p0,catastrophe,28,True,feasible-heuristic,139443.2715357,21163.930000000004,0.0,0.0,1,2400
central-relaxed-c97p49-r20p0,catastrophe,29,True,feasible-heuristic,142843.2715357,21163.930000000008,0.0,0.0,1,2400
central-relaxed-c97p49-r20p0,combined,0,True,feasible-heuristic,142573.2715357,21163.930000000004,0.0,0.0,0,2400
central-relaxed-c97p49-r20p0,combined,1,True,feasible-heuristic,142564.14740985,20967.765000000003,0.0,0.0,0,2400
central-relaxed-c97p49-r20p0,combined,2,True,feasible-heuristic,142564.14740985,20967.765000000003,0.0,0.0,0,2400
central-relaxed-c97p49-r20p0,combined,3,True,feasible-heuristic,142303.2715357,21163.930000000004,0.0,0.0,0,2400
central-relaxed-c97p49-r20p0,combined,4,True,feasible-heuristic,146243.2715357,21163.930000000004,0.0,0.0,0,2400
central-relaxed-c97p49-r20p0,combined,5,True,feasible-heuristic,142834.14740985,20967.765000000003,0.0,0.0,0,2400
central-relaxed-c97p49-r20p0,combined,6,True,feasible-heuristic,142573.2715357,21163.930000000004,0.0,0.0,0,2400
central-relaxed-c97p49-r20p0,combined,7,True,feasible-heuristic,139434.14740985,20967.765000000003,0.0,0.0,0,2400
central-relaxed-c97p49-r20p0,combined,8,True,feasible-heuristic,139713.2715357,21163.930000000004,0.0,0.0,0,2400
central-relaxed-c97p49-r20p0,combined,9,True,feasible-heuristic,139713.2715357,21163.93,0.0,0.0,0,2400
central-relaxed-c97p49-r20p0,combined,10,True,feasible-heuristic,139173.2715357,21163.930000000004,0.0,0.0,0,2400
central-relaxed-c97p49-r20p0,combined,11,True,feasible-heuristic,139164.14740985,20967.765000000003,0.0,0.0,0,2400
central-relaxed-c97p49-r20p0,combined,12,True,feasible-heuristic,139434.14740985,20967.765000000003,0.0,0.0,0,2400
central-relaxed-c97p49-r20p0,combined,13,True,feasible-heuristic,142573.2715357,21163.93,0.0,0.0,0,2400
central-relaxed-c97p49-r20p0,combined,14,True,feasible-heuristic,142564.14740985,20967.765000000007,0.0,0.0,0,2400
central-relaxed-c97p49-r20p0,combined,15,True,feasible-heuristic,143113.2715357,21163.930000000004,0.0,0.0,0,2400
central-relaxed-c97p49-r20p0,combined,16,True,feasible-heuristic,139164.14740985,20967.765000000003,0.0,0.0,0,2400
central-relaxed-c97p49-r20p0,combined,17,True,feasible-heuristic,139983.2715357,21163.930000000004,0.0,0.0,0,2400
central-relaxed-c97p49-r20p0,combined,18,True,feasible-heuristic,146234.14740985,20967.765000000007,0.0,0.0,0,2400
central-relaxed-c97p49-r20p0,combined,19,True,feasible-heuristic,142834.14740985,20967.765000000003,0.0,0.0,0,2400
central-relaxed-c97p49-r20p0,combined,20,True,feasible-heuristic,139443.2715357,21163.930000000004,0.0,0.0,0,2400
central-relaxed-c97p49-r20p0,combined,21,True,feasible-heuristic,142564.14740985,20967.765000000003,0.0,0.0,0,2400
central-relaxed-c97p49-r20p0,combined,22,True,feasible-heuristic,143113.2715357,21163.93,0.0,0.0,0,2400
central-relaxed-c97p49-r20p0,combined,23,True,feasible-heuristic,142024.14740985,20967.765000000007,0.0,0.0,0,2400
central-relaxed-c97p49-r20p0,combined,24,True,feasible-heuristic,139173.2715357,21163.93,0.0,0.0,0,2400
central-relaxed-c97p49-r20p0,combined,25,True,feasible-heuristic,142024.14740985,20967.765000000003,0.0,0.0,0,2400
central-relaxed-c97p49-r20p0,combined,26,True,feasible-heuristic,142545.89915815,20575.435,0.0,0.0,0,2400
central-relaxed-c97p49-r20p0,combined,27,True,feasible-heuristic,142843.2715357,21163.930000000004,0.0,0.0,0,2400
central-relaxed-c97p49-r20p0,combined,28,True,feasible-heuristic,143104.14740985,20967.765000000003,0.0,0.0,0,2400
central-relaxed-c97p49-r20p0,combined,29,True,feasible-heuristic,146234.14740985,20967.765000000007,0.0,0.0,0,2400
central-relaxed-c97p49-r20p0,hybrid-seeded,0,True,feasible-heuristic,142573.2715357,21163.930000000004,0.0,0.0,0,2400
central-relaxed-c97p49-r20p0,hybrid-seeded,1,True,feasible-heuristic,142564.14740985,20967.765000000003,0.0,0.0,0,2400
central-relaxed-c97p49-r20p0,hybrid-seeded,2,True,feasible-heuristic,142564.14740985,20967.765000000003,0.0,0.0,0,2400
central-relaxed-c97p49-r20p0,hybrid-seeded,3,True,feasible-heuristic,142303.2715357,21163.930000000004,0.0,0.0,0,2400
central-relaxed-c97p49-r20p0,hybrid-seeded,4,True,feasible-heuristic,146243.2715357,21163.930000000004,0.0,0.0,0,2400
central-relaxed-c97p49-r20p0,hybrid-seeded,5,True,feasible-heuristic,142834.14740985,20967.765000000003,0.0,0.0,0,2400
central-relaxed-c97p49-r20p0,hybrid-seeded,6,True,feasible-heuristic,142573.2715357,21163.930000000004,0.0,0.0,0,2400
central-relaxed-c97p49-r20p0,hybrid-seeded,7,True,feasible-heuristic,139434.14740985,20967.765000000003,0.0,0.0,0,2400
central-relaxed-c97p49-r20p0,hybrid-seeded,8,True,feasible-heuristic,139713.2715357,21163.930000000004,0.0,0.0,0,2400
central-relaxed-c97p49-r20p0,hybrid-seeded,9,True,feasible-heuristic,139713.2715357,21163.93,0.0,0.0,0,2400
central-relaxed-c97p49-r20p0,hybrid-seeded,10,True,feasible-heuristic,139173.2715357,21163.930000000004,0.0,0.0,0,2400
central-relaxed-c97p49-r20p0,hybrid-seeded,11,True,feasible-heuristic,139164.14740985,20967.765000000003,0.0,0.0,0,2400
central-relaxed-c97p49-r20p0,hybrid-seeded,12,True,feasible-heuristic,139434.14740985,20967.765000000003,0.0,0.0,0,2400
central-relaxed-c97p49-r20p0,hybrid-seeded,13,True,feasible-heuristic,142573.2715357,21163.93,0.0,0.0,0,2400
central-relaxed-c97p49-r20p0,hybrid-seeded,14,True,feasible-heuristic,142564.14740985,20967.765000000007,0.0,0.0,0,2400
central-relaxed-c97p49-r20p0,hybrid-seeded,15,True,feasible-heuristic,143113.2715357,21163.930000000004,0.0,0.0,0,2400
central-relaxed-c97p49-r20p0,hybrid-seeded,16,True,feasible-heuristic,139164.14740985,20967.765000000003,0.0,0.0,0,2400
central-relaxed-c97p49-r20p0,hybrid-seeded,17,True,feasible-heuristic,139983.2715357,21163.930000000004,0.0,0.0,0,2400
central-relaxed-c97p49-r20p0,hybrid-seeded,18,True,feasible-heuristic,146234.14740985,20967.765000000007,0.0,0.0,0,2400
central-relaxed-c97p49-r20p0,hybrid-seeded,19,True,feasible-heuristic,142834.14740985,20967.765000000003,0.0,0.0,0,2400
central-relaxed-c97p49-r20p0,hybrid-seeded,20,True,feasible-heuristic,139443.2715357,21163.930000000004,0.0,0.0,0,2400
central-relaxed-c97p49-r20p0,hybrid-seeded,21,True,feasible-heuristic,142564.14740985,20967.765000000003,0.0,0.0,0,2400
central-relaxed-c97p49-r20p0,hybrid-seeded,22,True,feasible-heuristic,143113.2715357,21163.93,0.0,0.0,0,2400
central-relaxed-c97p49-r20p0,hybrid-seeded,23,True,feasible-heuristic,142024.14740985,20967.765000000007,0.0,0.0,0,2400
central-relaxed-c97p49-r20p0,hybrid-seeded,24,True,feasible-heuristic,139173.2715357,21163.93,0.0,0.0,0,2400
central-relaxed-c97p49-r20p0,hybrid-seeded,25,True,feasible-heuristic,142024.14740985,20967.765000000003,0.0,0.0,0,2400
central-relaxed-c97p49-r20p0,hybrid-seeded,26,True,feasible-heuristic,142545.89915815,20575.435,0.0,0.0,0,2400
central-relaxed-c97p49-r20p0,hybrid-seeded,27,True,feasible-heuristic,142843.2715357,21163.930000000004,0.0,0.0,0,2400
central-relaxed-c97p49-r20p0,hybrid-seeded,28,True,feasible-heuristic,143104.14740985,20967.765000000003,0.0,0.0,0,2400
central-relaxed-c97p49-r20p0,hybrid-seeded,29,True,feasible-heuristic,146234.14740985,20967.765000000007,0.0,0.0,0,2400
central-balanced-c0-r20p0,greedy,,True,feasible-heuristic,199340.0,11790.46,0.0,0.0,0,192
central-balanced-c0-r20p0,fixed,0,True,feasible-heuristic,198540.0,11594.295,0.0,0.0,0,2400
central-balanced-c0-r20p0,fixed,1,True,feasible-heuristic,198530.0,11790.460000000001,0.0,0.0,0,2400
central-balanced-c0-r20p0,fixed,2,True,feasible-heuristic,198540.0,11594.295000000002,0.0,0.0,0,2400
central-balanced-c0-r20p0,fixed,3,True,feasible-heuristic,199070.0,11790.46,0.0,0.0,0,2400
central-balanced-c0-r20p0,fixed,4,True,feasible-heuristic,202470.0,11790.460000000001,0.0,0.0,0,2400
central-balanced-c0-r20p0,fixed,5,True,feasible-heuristic,198810.0,11594.295,0.0,0.0,0,2400
central-balanced-c0-r20p0,fixed,6,True,feasible-heuristic,198800.0,11790.460000000001,0.0,0.0,0,2400
central-balanced-c0-r20p0,fixed,7,True,feasible-heuristic,195400.0,11790.460000000001,0.0,0.0,0,2400
central-balanced-c0-r20p0,fixed,8,True,feasible-heuristic,199070.0,11790.460000000001,0.0,0.0,0,2400
central-balanced-c0-r20p0,fixed,9,True,feasible-heuristic,199080.0,11594.294999999998,0.0,0.0,0,2400
central-balanced-c0-r20p0,fixed,10,True,feasible-heuristic,198530.0,11790.460000000001,0.0,0.0,0,2400
central-balanced-c0-r20p0,fixed,11,True,feasible-heuristic,198800.0,11790.46,0.0,0.0,0,2400
central-balanced-c0-r20p0,fixed,12,True,feasible-heuristic,202210.0,11594.295,0.0,0.0,0,2400
central-balanced-c0-r20p0,fixed,13,True,feasible-heuristic,198800.0,11790.46,0.0,0.0,0,2400
central-balanced-c0-r20p0,fixed,14,True,feasible-heuristic,198540.0,11594.295,0.0,0.0,0,2400
central-balanced-c0-r20p0,fixed,15,True,feasible-heuristic,198820.0,11398.13,0.0,0.0,0,2400
central-balanced-c0-r20p0,fixed,16,True,feasible-heuristic,198800.0,11790.460000000003,0.0,0.0,0,2400
central-balanced-c0-r20p0,fixed,17,True,feasible-heuristic,198540.0,11594.295,0.0,0.0,0,2400
central-balanced-c0-r20p0,fixed,18,True,feasible-heuristic,198540.0,11594.295000000002,0.0,0.0,0,2400
central-balanced-c0-r20p0,fixed,19,True,feasible-heuristic,198810.0,11594.295,0.0,0.0,0,2400
central-balanced-c0-r20p0,fixed,20,True,feasible-heuristic,202210.0,11594.295,0.0,0.0,0,2400
central-balanced-c0-r20p0,fixed,21,True,feasible-heuristic,198800.0,11790.46,0.0,0.0,0,2400
central-balanced-c0-r20p0,fixed,22,True,feasible-heuristic,198530.0,11790.460000000001,0.0,0.0,0,2400
central-balanced-c0-r20p0,fixed,23,True,feasible-heuristic,198800.0,11790.46,0.0,0.0,0,2400
central-balanced-c0-r20p0,fixed,24,True,feasible-heuristic,202750.0,11594.295,0.0,0.0,0,2400
central-balanced-c0-r20p0,fixed,25,True,feasible-heuristic,199070.0,11790.460000000001,0.0,0.0,0,2400
central-balanced-c0-r20p0,fixed,26,True,feasible-heuristic,198810.0,11594.295,0.0,0.0,0,2400
central-balanced-c0-r20p0,fixed,27,True,feasible-heuristic,198530.0,11790.460000000001,0.0,0.0,0,2400
central-balanced-c0-r20p0,fixed,28,True,feasible-heuristic,198810.0,11594.295,0.0,0.0,0,2400
central-balanced-c0-r20p0,fixed,29,True,feasible-heuristic,198540.0,11594.295000000002,0.0,0.0,0,2400
central-balanced-c0-r20p0,adaptive,0,True,feasible-heuristic,198800.0,11790.460000000001,0.0,0.0,0,2400
central-balanced-c0-r20p0,adaptive,1,True,feasible-heuristic,195400.0,11790.460000000001,0.0,0.0,0,2400
central-balanced-c0-r20p0,adaptive,2,True,feasible-heuristic,198800.0,11790.46,0.0,0.0,0,2400
central-balanced-c0-r20p0,adaptive,3,True,feasible-heuristic,202740.0,11790.460000000001,0.0,0.0,0,2400
central-balanced-c0-r20p0,adaptive,4,True,feasible-heuristic,198540.0,11594.295000000002,0.0,0.0,0,2400
central-balanced-c0-r20p0,adaptive,5,True,feasible-heuristic,198800.0,11790.460000000001,0.0,0.0,0,2400
central-balanced-c0-r20p0,adaptive,6,True,feasible-heuristic,202470.0,11790.460000000001,0.0,0.0,0,2400
central-balanced-c0-r20p0,adaptive,7,True,feasible-heuristic,198540.0,11594.295,0.0,0.0,0,2400
central-balanced-c0-r20p0,adaptive,8,True,feasible-heuristic,202210.0,11594.295,0.0,0.0,0,2400
central-balanced-c0-r20p0,adaptive,9,True,feasible-heuristic,195400.0,11790.460000000001,0.0,0.0,0,2400
central-balanced-c0-r20p0,adaptive,10,True,feasible-heuristic,198530.0,11790.460000000001,0.0,0.0,0,2400
central-balanced-c0-r20p0,adaptive,11,True,feasible-heuristic,198800.0,11790.460000000003,0.0,0.0,0,2400
central-balanced-c0-r20p0,adaptive,12,True,feasible-heuristic,198800.0,11790.460000000001,0.0,0.0,0,2400
central-balanced-c0-r20p0,adaptive,13,True,feasible-heuristic,202470.0,11790.460000000003,0.0,0.0,0,2400
central-balanced-c0-r20p0,adaptive,14,True,feasible-heuristic,198540.0,11594.295,0.0,0.0,0,2400
central-balanced-c0-r20p0,adaptive,15,True,feasible-heuristic,198800.0,11790.46,0.0,0.0,0,2400
central-balanced-c0-r20p0,adaptive,16,True,feasible-heuristic,198540.0,11594.295000000002,0.0,0.0,0,2400
central-balanced-c0-r20p0,adaptive,17,True,feasible-heuristic,202470.0,11790.460000000001,0.0,0.0,0,2400
central-balanced-c0-r20p0,adaptive,18,True,feasible-heuristic,198800.0,11790.46,0.0,0.0,0,2400
central-balanced-c0-r20p0,adaptive,19,True,feasible-heuristic,195400.0,11790.460000000001,0.0,0.0,0,2400
central-balanced-c0-r20p0,adaptive,20,True,feasible-heuristic,198810.0,11594.295000000002,0.0,0.0,0,2400
central-balanced-c0-r20p0,adaptive,21,True,feasible-heuristic,198530.0,11790.460000000001,0.0,0.0,0,2400
central-balanced-c0-r20p0,adaptive,22,True,feasible-heuristic,202470.0,11790.460000000001,0.0,0.0,0,2400
central-balanced-c0-r20p0,adaptive,23,True,feasible-heuristic,198540.0,11594.295000000002,0.0,0.0,0,2400
central-balanced-c0-r20p0,adaptive,24,True,feasible-heuristic,198540.0,11594.295,0.0,0.0,0,2400
central-balanced-c0-r20p0,adaptive,25,True,feasible-heuristic,198810.0,11594.295,0.0,0.0,0,2400
central-balanced-c0-r20p0,adaptive,26,True,feasible-heuristic,198810.0,11594.295,0.0,0.0,0,2400
central-balanced-c0-r20p0,adaptive,27,True,feasible-heuristic,199070.0,11790.460000000001,0.0,0.0,0,2400
central-balanced-c0-r20p0,adaptive,28,True,feasible-heuristic,198540.0,11594.295000000002,0.0,0.0,0,2400
central-balanced-c0-r20p0,adaptive,29,True,feasible-heuristic,199340.0,11790.46,0.0,0.0,0,2400
central-balanced-c0-r20p0,catastrophe,0,True,feasible-heuristic,198540.0,11594.295,0.0,0.0,2,2400
central-balanced-c0-r20p0,catastrophe,1,True,feasible-heuristic,198530.0,11790.460000000001,0.0,0.0,1,2400
central-balanced-c0-r20p0,catastrophe,2,True,feasible-heuristic,198540.0,11594.295000000002,0.0,0.0,2,2400
central-balanced-c0-r20p0,catastrophe,3,True,feasible-heuristic,199070.0,11790.46,0.0,0.0,1,2400
central-balanced-c0-r20p0,catastrophe,4,True,feasible-heuristic,202470.0,11790.460000000001,0.0,0.0,1,2400
central-balanced-c0-r20p0,catastrophe,5,True,feasible-heuristic,198810.0,11594.295,0.0,0.0,2,2400
central-balanced-c0-r20p0,catastrophe,6,True,feasible-heuristic,198800.0,11790.460000000001,0.0,0.0,1,2400
central-balanced-c0-r20p0,catastrophe,7,True,feasible-heuristic,195400.0,11790.460000000001,0.0,0.0,1,2400
central-balanced-c0-r20p0,catastrophe,8,True,feasible-heuristic,199070.0,11790.460000000001,0.0,0.0,2,2400
central-balanced-c0-r20p0,catastrophe,9,True,feasible-heuristic,199080.0,11594.294999999998,0.0,0.0,1,2400
central-balanced-c0-r20p0,catastrophe,10,True,feasible-heuristic,198530.0,11790.460000000001,0.0,0.0,1,2400
central-balanced-c0-r20p0,catastrophe,11,True,feasible-heuristic,198800.0,11790.46,0.0,0.0,1,2400
central-balanced-c0-r20p0,catastrophe,12,True,feasible-heuristic,202210.0,11594.295,0.0,0.0,2,2400
central-balanced-c0-r20p0,catastrophe,13,True,feasible-heuristic,198800.0,11790.46,0.0,0.0,1,2400
central-balanced-c0-r20p0,catastrophe,14,True,feasible-heuristic,198540.0,11594.295,0.0,0.0,2,2400
central-balanced-c0-r20p0,catastrophe,15,True,feasible-heuristic,198820.0,11398.13,0.0,0.0,2,2400
central-balanced-c0-r20p0,catastrophe,16,True,feasible-heuristic,198810.0,11594.295,0.0,0.0,1,2400
central-balanced-c0-r20p0,catastrophe,17,True,feasible-heuristic,198810.0,11594.295,0.0,0.0,1,2400
central-balanced-c0-r20p0,catastrophe,18,True,feasible-heuristic,198540.0,11594.295000000002,0.0,0.0,2,2400
central-balanced-c0-r20p0,catastrophe,19,True,feasible-heuristic,198810.0,11594.295,0.0,0.0,1,2400
central-balanced-c0-r20p0,catastrophe,20,True,feasible-heuristic,202210.0,11594.295,0.0,0.0,1,2400
central-balanced-c0-r20p0,catastrophe,21,True,feasible-heuristic,198800.0,11790.46,0.0,0.0,1,2400
central-balanced-c0-r20p0,catastrophe,22,True,feasible-heuristic,198530.0,11790.460000000001,0.0,0.0,1,2400
central-balanced-c0-r20p0,catastrophe,23,True,feasible-heuristic,198800.0,11790.46,0.0,0.0,1,2400
central-balanced-c0-r20p0,catastrophe,24,True,feasible-heuristic,202750.0,11594.295,0.0,0.0,2,2400
central-balanced-c0-r20p0,catastrophe,25,True,feasible-heuristic,199070.0,11790.460000000001,0.0,0.0,2,2400
central-balanced-c0-r20p0,catastrophe,26,True,feasible-heuristic,198810.0,11594.295,0.0,0.0,2,2400
central-balanced-c0-r20p0,catastrophe,27,True,feasible-heuristic,198530.0,11790.460000000001,0.0,0.0,1,2400
central-balanced-c0-r20p0,catastrophe,28,True,feasible-heuristic,198800.0,11790.460000000001,0.0,0.0,1,2400
central-balanced-c0-r20p0,catastrophe,29,True,feasible-heuristic,198540.0,11594.295000000002,0.0,0.0,2,2400
central-balanced-c0-r20p0,combined,0,True,feasible-heuristic,198800.0,11790.460000000001,0.0,0.0,1,2400
central-balanced-c0-r20p0,combined,1,True,feasible-heuristic,195400.0,11790.460000000001,0.0,0.0,1,2400
central-balanced-c0-r20p0,combined,2,True,feasible-heuristic,198800.0,11790.46,0.0,0.0,1,2400
central-balanced-c0-r20p0,combined,3,True,feasible-heuristic,202490.0,11398.13,0.0,0.0,1,2400
central-balanced-c0-r20p0,combined,4,True,feasible-heuristic,198540.0,11594.295000000002,0.0,0.0,0,2400
central-balanced-c0-r20p0,combined,5,True,feasible-heuristic,198800.0,11790.460000000001,0.0,0.0,1,2400
central-balanced-c0-r20p0,combined,6,True,feasible-heuristic,202470.0,11790.460000000001,0.0,0.0,2,2400
central-balanced-c0-r20p0,combined,7,True,feasible-heuristic,198540.0,11594.295,0.0,0.0,1,2400
central-balanced-c0-r20p0,combined,8,True,feasible-heuristic,202210.0,11594.295,0.0,0.0,1,2400
central-balanced-c0-r20p0,combined,9,True,feasible-heuristic,195400.0,11790.460000000001,0.0,0.0,1,2400
central-balanced-c0-r20p0,combined,10,True,feasible-heuristic,198530.0,11790.460000000001,0.0,0.0,1,2400
central-balanced-c0-r20p0,combined,11,True,feasible-heuristic,198800.0,11790.460000000003,0.0,0.0,1,2400
central-balanced-c0-r20p0,combined,12,True,feasible-heuristic,198800.0,11790.460000000001,0.0,0.0,1,2400
central-balanced-c0-r20p0,combined,13,True,feasible-heuristic,202470.0,11790.460000000003,0.0,0.0,1,2400
central-balanced-c0-r20p0,combined,14,True,feasible-heuristic,198540.0,11594.295,0.0,0.0,2,2400
central-balanced-c0-r20p0,combined,15,True,feasible-heuristic,198800.0,11790.46,0.0,0.0,1,2400
central-balanced-c0-r20p0,combined,16,True,feasible-heuristic,198540.0,11594.295000000002,0.0,0.0,1,2400
central-balanced-c0-r20p0,combined,17,True,feasible-heuristic,202470.0,11790.460000000001,0.0,0.0,2,2400
central-balanced-c0-r20p0,combined,18,True,feasible-heuristic,198800.0,11790.46,0.0,0.0,2,2400
central-balanced-c0-r20p0,combined,19,True,feasible-heuristic,195400.0,11790.460000000001,0.0,0.0,1,2400
central-balanced-c0-r20p0,combined,20,True,feasible-heuristic,198810.0,11594.295000000002,0.0,0.0,1,2400
central-balanced-c0-r20p0,combined,21,True,feasible-heuristic,198530.0,11790.460000000001,0.0,0.0,1,2400
central-balanced-c0-r20p0,combined,22,True,feasible-heuristic,202740.0,11790.46,0.0,0.0,1,2400
central-balanced-c0-r20p0,combined,23,True,feasible-heuristic,198810.0,11594.295,0.0,0.0,1,2400
central-balanced-c0-r20p0,combined,24,True,feasible-heuristic,198810.0,11594.295,0.0,0.0,1,2400
central-balanced-c0-r20p0,combined,25,True,feasible-heuristic,198810.0,11594.295,0.0,0.0,1,2400
central-balanced-c0-r20p0,combined,26,True,feasible-heuristic,198810.0,11594.295,0.0,0.0,1,2400
central-balanced-c0-r20p0,combined,27,True,feasible-heuristic,199070.0,11790.460000000001,0.0,0.0,0,2400
central-balanced-c0-r20p0,combined,28,True,feasible-heuristic,198800.0,11790.46,0.0,0.0,1,2400
central-balanced-c0-r20p0,combined,29,True,feasible-heuristic,199340.0,11790.46,0.0,0.0,2,2400
central-balanced-c0-r20p0,hybrid-seeded,0,True,feasible-heuristic,198800.0,11790.460000000001,0.0,0.0,1,2400
central-balanced-c0-r20p0,hybrid-seeded,1,True,feasible-heuristic,195400.0,11790.460000000001,0.0,0.0,1,2400
central-balanced-c0-r20p0,hybrid-seeded,2,True,feasible-heuristic,198800.0,11790.46,0.0,0.0,1,2400
central-balanced-c0-r20p0,hybrid-seeded,3,True,feasible-heuristic,202490.0,11398.13,0.0,0.0,1,2400
central-balanced-c0-r20p0,hybrid-seeded,4,True,feasible-heuristic,198540.0,11594.295000000002,0.0,0.0,0,2400
central-balanced-c0-r20p0,hybrid-seeded,5,True,feasible-heuristic,198800.0,11790.460000000001,0.0,0.0,1,2400
central-balanced-c0-r20p0,hybrid-seeded,6,True,feasible-heuristic,202470.0,11790.460000000001,0.0,0.0,2,2400
central-balanced-c0-r20p0,hybrid-seeded,7,True,feasible-heuristic,198540.0,11594.295,0.0,0.0,1,2400
central-balanced-c0-r20p0,hybrid-seeded,8,True,feasible-heuristic,202210.0,11594.295,0.0,0.0,1,2400
central-balanced-c0-r20p0,hybrid-seeded,9,True,feasible-heuristic,195400.0,11790.460000000001,0.0,0.0,1,2400
central-balanced-c0-r20p0,hybrid-seeded,10,True,feasible-heuristic,198530.0,11790.460000000001,0.0,0.0,1,2400
central-balanced-c0-r20p0,hybrid-seeded,11,True,feasible-heuristic,198800.0,11790.460000000003,0.0,0.0,1,2400
central-balanced-c0-r20p0,hybrid-seeded,12,True,feasible-heuristic,198800.0,11790.460000000001,0.0,0.0,1,2400
central-balanced-c0-r20p0,hybrid-seeded,13,True,feasible-heuristic,202470.0,11790.460000000003,0.0,0.0,1,2400
central-balanced-c0-r20p0,hybrid-seeded,14,True,feasible-heuristic,198540.0,11594.295,0.0,0.0,2,2400
central-balanced-c0-r20p0,hybrid-seeded,15,True,feasible-heuristic,198800.0,11790.46,0.0,0.0,1,2400
central-balanced-c0-r20p0,hybrid-seeded,16,True,feasible-heuristic,198540.0,11594.295000000002,0.0,0.0,1,2400
central-balanced-c0-r20p0,hybrid-seeded,17,True,feasible-heuristic,202470.0,11790.460000000001,0.0,0.0,2,2400
central-balanced-c0-r20p0,hybrid-seeded,18,True,feasible-heuristic,198800.0,11790.46,0.0,0.0,2,2400
central-balanced-c0-r20p0,hybrid-seeded,19,True,feasible-heuristic,195400.0,11790.460000000001,0.0,0.0,1,2400
central-balanced-c0-r20p0,hybrid-seeded,20,True,feasible-heuristic,198810.0,11594.295000000002,0.0,0.0,1,2400
central-balanced-c0-r20p0,hybrid-seeded,21,True,feasible-heuristic,198530.0,11790.460000000001,0.0,0.0,1,2400
central-balanced-c0-r20p0,hybrid-seeded,22,True,feasible-heuristic,202740.0,11790.46,0.0,0.0,1,2400
central-balanced-c0-r20p0,hybrid-seeded,23,True,feasible-heuristic,198810.0,11594.295,0.0,0.0,1,2400
central-balanced-c0-r20p0,hybrid-seeded,24,True,feasible-heuristic,198810.0,11594.295,0.0,0.0,1,2400
central-balanced-c0-r20p0,hybrid-seeded,25,True,feasible-heuristic,198810.0,11594.295,0.0,0.0,1,2400
central-balanced-c0-r20p0,hybrid-seeded,26,True,feasible-heuristic,198810.0,11594.295,0.0,0.0,1,2400
central-balanced-c0-r20p0,hybrid-seeded,27,True,feasible-heuristic,199070.0,11790.460000000001,0.0,0.0,0,2400
central-balanced-c0-r20p0,hybrid-seeded,28,True,feasible-heuristic,198800.0,11790.46,0.0,0.0,1,2400
central-balanced-c0-r20p0,hybrid-seeded,29,True,feasible-heuristic,199340.0,11790.46,0.0,0.0,2,2400
central-balanced-c6000-r20p0,greedy,,False,infeasible-allocation,265719.95,8063.324999999998,0.08481549939334886,0.04635396093181039,0,192
central-balanced-c6000-r20p0,fixed,0,False,no-feasible-allocation-found,266785.97,7670.994999999997,0.07657342657342658,0.0,0,2400
central-balanced-c6000-r20p0,fixed,1,False,no-feasible-allocation-found,266785.97,7670.994999999997,0.07657342657342658,0.0,0,2400
central-balanced-c6000-r20p0,fixed,2,False,no-feasible-allocation-found,267952.95999999996,7867.159999999998,0.0897793249294056,0.02089820604828671,0,2400
central-balanced-c6000-r20p0,fixed,3,False,no-feasible-allocation-found,270455.97,7670.994999999999,0.0993006993006993,0.0,0,2400
central-balanced-c6000-r20p0,fixed,4,False,no-feasible-allocation-found,270455.97,7670.994999999998,0.0993006993006993,0.0,0,2400
central-balanced-c6000-r20p0,fixed,5,False,no-feasible-allocation-found,267952.95999999996,7867.159999999997,0.08977932492940548,0.02089820604828659,0,2400
central-balanced-c6000-r20p0,fixed,6,False,no-feasible-allocation-found,270455.97,7670.994999999998,0.0993006993006993,0.0,0,2400
central-balanced-c6000-r20p0,fixed,7,False,no-feasible-allocation-found,266785.97,7670.994999999997,0.07657342657342658,0.0,0,2400
central-balanced-c6000-r20p0,fixed,8,False,no-feasible-allocation-found,270455.97,7670.994999999998,0.0993006993006993,0.0,0,2400
central-balanced-c6000-r20p0,fixed,9,False,no-feasible-allocation-found,266785.97,7670.994999999997,0.07657342657342658,0.0,0,2400
central-balanced-c6000-r20p0,fixed,10,False,no-feasible-allocation-found,270455.97,7670.994999999998,0.0993006993006993,0.0,0,2400
central-balanced-c6000-r20p0,fixed,11,False,no-feasible-allocation-found,266785.97,7670.994999999998,0.07657342657342658,0.0,0,2400
central-balanced-c6000-r20p0,fixed,12,False,no-feasible-allocation-found,270455.97,7670.994999999999,0.0993006993006993,0.0,0,2400
central-balanced-c6000-r20p0,fixed,13,False,no-feasible-allocation-found,270455.97,7670.994999999998,0.0993006993006993,0.0,0,2400
central-balanced-c6000-r20p0,fixed,14,False,no-feasible-allocation-found,266785.97,7670.994999999998,0.07657342657342658,0.0,0,2400
central-balanced-c6000-r20p0,fixed,15,False,no-feasible-allocation-found,266785.97,7670.994999999998,0.07657342657342658,0.0,0,2400
central-balanced-c6000-r20p0,fixed,16,False,no-feasible-allocation-found,266785.97,7670.994999999998,0.07657342657342658,0.0,0,2400
central-balanced-c6000-r20p0,fixed,17,False,no-feasible-allocation-found,270455.97,7670.994999999998,0.0993006993006993,0.0,0,2400
central-balanced-c6000-r20p0,fixed,18,False,no-feasible-allocation-found,270455.97,7670.994999999998,0.0993006993006993,0.0,0,2400
central-balanced-c6000-r20p0,fixed,19,False,no-feasible-allocation-found,267952.95999999996,7867.159999999997,0.08977932492940548,0.02089820604828659,0,2400
central-balanced-c6000-r20p0,fixed,20,False,no-feasible-allocation-found,270455.97,7670.994999999999,0.0993006993006993,0.0,0,2400
central-balanced-c6000-r20p0,fixed,21,False,no-feasible-allocation-found,270455.97,7670.994999999998,0.0993006993006993,0.0,0,2400
central-balanced-c6000-r20p0,fixed,22,False,no-feasible-allocation-found,268222.95999999996,7867.159999999997,0.08977932492940548,0.02089820604828659,0,2400
central-balanced-c6000-r20p0,fixed,23,False,no-feasible-allocation-found,266785.97,7670.994999999997,0.07657342657342658,0.0,0,2400
central-balanced-c6000-r20p0,fixed,24,False,no-feasible-allocation-found,266785.97,7670.994999999997,0.07657342657342658,0.0,0,2400
central-balanced-c6000-r20p0,fixed,25,False,no-feasible-allocation-found,266785.97,7670.994999999997,0.07657342657342658,0.0,0,2400
central-balanced-c6000-r20p0,fixed,26,False,no-feasible-allocation-found,266785.97,7670.994999999998,0.07657342657342658,0.0,0,2400
central-balanced-c6000-r20p0,fixed,27,False,no-feasible-allocation-found,267952.95999999996,7867.159999999997,0.08977932492940548,0.02089820604828659,0,2400
central-balanced-c6000-r20p0,fixed,28,False,no-feasible-allocation-found,266785.97,7670.994999999998,0.07657342657342658,0.0,0,2400
central-balanced-c6000-r20p0,fixed,29,False,no-feasible-allocation-found,267952.95999999996,7867.159999999997,0.08977932492940548,0.02089820604828659,0,2400
central-balanced-c6000-r20p0,adaptive,0,False,no-feasible-allocation-found,266785.97,7670.994999999997,0.07657342657342658,0.0,0,2400
central-balanced-c6000-r20p0,adaptive,1,False,no-feasible-allocation-found,266785.97,7670.994999999997,0.07657342657342658,0.0,0,2400
central-balanced-c6000-r20p0,adaptive,2,False,no-feasible-allocation-found,266785.97,7670.994999999998,0.07657342657342658,0.0,0,2400
central-balanced-c6000-r20p0,adaptive,3,False,no-feasible-allocation-found,270455.97,7670.994999999997,0.0993006993006993,0.0,0,2400
central-balanced-c6000-r20p0,adaptive,4,False,no-feasible-allocation-found,270455.97,7670.994999999998,0.0993006993006993,0.0,0,2400
central-balanced-c6000-r20p0,adaptive,5,False,no-feasible-allocation-found,266785.97,7670.994999999997,0.07657342657342658,0.0,0,2400
central-balanced-c6000-r20p0,adaptive,6,False,no-feasible-allocation-found,270455.97,7670.994999999998,0.0993006993006993,0.0,0,2400
central-balanced-c6000-r20p0,adaptive,7,False,no-feasible-allocation-found,266785.97,7670.994999999997,0.07657342657342658,0.0,0,2400
central-balanced-c6000-r20p0,adaptive,8,False,no-feasible-allocation-found,266785.97,7670.994999999997,0.07657342657342658,0.0,0,2400
central-balanced-c6000-r20p0,adaptive,9,False,no-feasible-allocation-found,268222.95999999996,7867.159999999998,0.0897793249294056,0.02089820604828671,0,2400
central-balanced-c6000-r20p0,adaptive,10,False,no-feasible-allocation-found,271622.95999999996,7867.159999999999,0.11250659765667845,0.02089820604828683,0,2400
central-balanced-c6000-r20p0,adaptive,11,False,no-feasible-allocation-found,266785.97,7670.994999999997,0.07657342657342658,0.0,0,2400
central-balanced-c6000-r20p0,adaptive,12,False,no-feasible-allocation-found,270455.97,7670.994999999998,0.0993006993006993,0.0,0,2400
central-balanced-c6000-r20p0,adaptive,13,False,no-feasible-allocation-found,270455.97,7670.994999999999,0.0993006993006993,0.0,0,2400
central-balanced-c6000-r20p0,adaptive,14,False,no-feasible-allocation-found,266785.97,7670.994999999997,0.07657342657342658,0.0,0,2400
central-balanced-c6000-r20p0,adaptive,15,False,no-feasible-allocation-found,266785.97,7670.994999999998,0.07657342657342658,0.0,0,2400
central-balanced-c6000-r20p0,adaptive,16,False,no-feasible-allocation-found,267952.95999999996,7867.159999999998,0.0897793249294056,0.02089820604828671,0,2400
central-balanced-c6000-r20p0,adaptive,17,False,no-feasible-allocation-found,267952.95999999996,7867.159999999997,0.08977932492940548,0.02089820604828659,0,2400
central-balanced-c6000-r20p0,adaptive,18,False,no-feasible-allocation-found,266785.97,7670.994999999997,0.07657342657342658,0.0,0,2400
central-balanced-c6000-r20p0,adaptive,19,False,no-feasible-allocation-found,267952.95999999996,7867.159999999997,0.08977932492940548,0.02089820604828659,0,2400
central-balanced-c6000-r20p0,adaptive,20,False,no-feasible-allocation-found,267325.97,7670.994999999997,0.07657342657342658,0.0,0,2400
central-balanced-c6000-r20p0,adaptive,21,False,no-feasible-allocation-found,270455.97,7670.994999999999,0.0993006993006993,0.0,0,2400
central-balanced-c6000-r20p0,adaptive,22,False,no-feasible-allocation-found,270455.97,7670.994999999998,0.0993006993006993,0.0,0,2400
central-balanced-c6000-r20p0,adaptive,23,False,no-feasible-allocation-found,266785.97,7670.994999999998,0.07657342657342658,0.0,0,2400
central-balanced-c6000-r20p0,adaptive,24,False,no-feasible-allocation-found,270455.97,7670.994999999998,0.0993006993006993,0.0,0,2400
central-balanced-c6000-r20p0,adaptive,25,False,no-feasible-allocation-found,267952.95999999996,7867.159999999997,0.08977932492940548,0.02089820604828659,0,2400
central-balanced-c6000-r20p0,adaptive,26,False,no-feasible-allocation-found,266785.97,7670.994999999997,0.07657342657342658,0.0,0,2400
central-balanced-c6000-r20p0,adaptive,27,False,no-feasible-allocation-found,270455.97,7670.994999999998,0.0993006993006993,0.0,0,2400
central-balanced-c6000-r20p0,adaptive,28,False,no-feasible-allocation-found,264822.95999999996,7867.159999999998,0.06705205220213287,0.02089820604828671,0,2400
central-balanced-c6000-r20p0,adaptive,29,False,no-feasible-allocation-found,267952.95999999996,7867.159999999998,0.0897793249294056,0.02089820604828671,0,2400
central-balanced-c6000-r20p0,catastrophe,0,False,no-feasible-allocation-found,266785.97,7670.994999999997,0.07657342657342658,0.0,1,2400
central-balanced-c6000-r20p0,catastrophe,1,False,no-feasible-allocation-found,266785.97,7670.994999999997,0.07657342657342658,0.0,2,2400
central-balanced-c6000-r20p0,catastrophe,2,False,no-feasible-allocation-found,267952.95999999996,7867.159999999998,0.0897793249294056,0.02089820604828671,2,2400
central-balanced-c6000-r20p0,catastrophe,3,False,no-feasible-allocation-found,270455.97,7670.994999999999,0.0993006993006993,0.0,2,2400
central-balanced-c6000-r20p0,catastrophe,4,False,no-feasible-allocation-found,270455.97,7670.994999999998,0.0993006993006993,0.0,2,2400
central-balanced-c6000-r20p0,catastrophe,5,False,no-feasible-allocation-found,267952.95999999996,7867.159999999997,0.08977932492940548,0.02089820604828659,2,2400
central-balanced-c6000-r20p0,catastrophe,6,False,no-feasible-allocation-found,270455.97,7670.994999999998,0.0993006993006993,0.0,2,2400
central-balanced-c6000-r20p0,catastrophe,7,False,no-feasible-allocation-found,266785.97,7670.994999999997,0.07657342657342658,0.0,2,2400
central-balanced-c6000-r20p0,catastrophe,8,False,no-feasible-allocation-found,270455.97,7670.994999999998,0.0993006993006993,0.0,2,2400
central-balanced-c6000-r20p0,catastrophe,9,False,no-feasible-allocation-found,266785.97,7670.994999999997,0.07657342657342658,0.0,2,2400
central-balanced-c6000-r20p0,catastrophe,10,False,no-feasible-allocation-found,270455.97,7670.994999999998,0.0993006993006993,0.0,2,2400
central-balanced-c6000-r20p0,catastrophe,11,False,no-feasible-allocation-found,266785.97,7670.994999999998,0.07657342657342658,0.0,2,2400
central-balanced-c6000-r20p0,catastrophe,12,False,no-feasible-allocation-found,270455.97,7670.994999999999,0.0993006993006993,0.0,2,2400
central-balanced-c6000-r20p0,catastrophe,13,False,no-feasible-allocation-found,270455.97,7670.994999999998,0.0993006993006993,0.0,2,2400
central-balanced-c6000-r20p0,catastrophe,14,False,no-feasible-allocation-found,266785.97,7670.994999999998,0.07657342657342658,0.0,2,2400
central-balanced-c6000-r20p0,catastrophe,15,False,no-feasible-allocation-found,266785.97,7670.994999999998,0.07657342657342658,0.0,2,2400
central-balanced-c6000-r20p0,catastrophe,16,False,no-feasible-allocation-found,266785.97,7670.994999999998,0.07657342657342658,0.0,1,2400
central-balanced-c6000-r20p0,catastrophe,17,False,no-feasible-allocation-found,270455.97,7670.994999999998,0.0993006993006993,0.0,2,2400
central-balanced-c6000-r20p0,catastrophe,18,False,no-feasible-allocation-found,270455.97,7670.994999999998,0.0993006993006993,0.0,2,2400
central-balanced-c6000-r20p0,catastrophe,19,False,no-feasible-allocation-found,267952.95999999996,7867.159999999997,0.08977932492940548,0.02089820604828659,2,2400
central-balanced-c6000-r20p0,catastrophe,20,False,no-feasible-allocation-found,270455.97,7670.994999999999,0.0993006993006993,0.0,2,2400
central-balanced-c6000-r20p0,catastrophe,21,False,no-feasible-allocation-found,270455.97,7670.994999999998,0.0993006993006993,0.0,1,2400
central-balanced-c6000-r20p0,catastrophe,22,False,no-feasible-allocation-found,268222.95999999996,7867.159999999997,0.08977932492940548,0.02089820604828659,2,2400
central-balanced-c6000-r20p0,catastrophe,23,False,no-feasible-allocation-found,266785.97,7670.994999999997,0.07657342657342658,0.0,2,2400
central-balanced-c6000-r20p0,catastrophe,24,False,no-feasible-allocation-found,266785.97,7670.994999999997,0.07657342657342658,0.0,1,2400
central-balanced-c6000-r20p0,catastrophe,25,False,no-feasible-allocation-found,266785.97,7670.994999999997,0.07657342657342658,0.0,2,2400
central-balanced-c6000-r20p0,catastrophe,26,False,no-feasible-allocation-found,266785.97,7670.994999999998,0.07657342657342658,0.0,2,2400
central-balanced-c6000-r20p0,catastrophe,27,False,no-feasible-allocation-found,267952.95999999996,7867.159999999997,0.08977932492940548,0.02089820604828659,1,2400
central-balanced-c6000-r20p0,catastrophe,28,False,no-feasible-allocation-found,266785.97,7670.994999999998,0.07657342657342658,0.0,2,2400
central-balanced-c6000-r20p0,catastrophe,29,False,no-feasible-allocation-found,267952.95999999996,7867.159999999997,0.08977932492940548,0.02089820604828659,2,2400
central-balanced-c6000-r20p0,combined,0,False,no-feasible-allocation-found,266785.97,7670.994999999997,0.07657342657342658,0.0,2,2400
central-balanced-c6000-r20p0,combined,1,False,no-feasible-allocation-found,266785.97,7670.994999999997,0.07657342657342658,0.0,2,2400
central-balanced-c6000-r20p0,combined,2,False,no-feasible-allocation-found,266785.97,7670.994999999998,0.07657342657342658,0.0,2,2400
central-balanced-c6000-r20p0,combined,3,False,no-feasible-allocation-found,270455.97,7670.994999999998,0.0993006993006993,0.0,2,2400
central-balanced-c6000-r20p0,combined,4,False,no-feasible-allocation-found,270455.97,7670.994999999998,0.0993006993006993,0.0,2,2400
central-balanced-c6000-r20p0,combined,5,False,no-feasible-allocation-found,266785.97,7670.994999999997,0.07657342657342658,0.0,2,2400
central-balanced-c6000-r20p0,combined,6,False,no-feasible-allocation-found,270455.97,7670.994999999998,0.0993006993006993,0.0,2,2400
central-balanced-c6000-r20p0,combined,7,False,no-feasible-allocation-found,266785.97,7670.994999999997,0.07657342657342658,0.0,1,2400
central-balanced-c6000-r20p0,combined,8,False,no-feasible-allocation-found,266785.97,7670.994999999997,0.07657342657342658,0.0,0,2400
central-balanced-c6000-r20p0,combined,9,False,no-feasible-allocation-found,268222.95999999996,7867.159999999998,0.0897793249294056,0.02089820604828671,1,2400
central-balanced-c6000-r20p0,combined,10,False,no-feasible-allocation-found,269558.98,7474.829999999997,0.106993006993007,0.0,1,2400
central-balanced-c6000-r20p0,combined,11,False,no-feasible-allocation-found,267952.95999999996,7867.159999999997,0.08977932492940548,0.02089820604828659,2,2400
central-balanced-c6000-r20p0,combined,12,False,no-feasible-allocation-found,270455.97,7670.994999999998,0.0993006993006993,0.0,2,2400
central-balanced-c6000-r20p0,combined,13,False,no-feasible-allocation-found,270455.97,7670.994999999999,0.0993006993006993,0.0,2,2400
central-balanced-c6000-r20p0,combined,14,False,no-feasible-allocation-found,266785.97,7670.994999999997,0.07657342657342658,0.0,2,2400
central-balanced-c6000-r20p0,combined,15,False,no-feasible-allocation-found,266785.97,7670.994999999998,0.07657342657342658,0.0,2,2400
central-balanced-c6000-r20p0,combined,16,False,no-feasible-allocation-found,265888.98,7474.829999999998,0.08426573426573428,0.0,1,2400
central-balanced-c6000-r20p0,combined,17,False,no-feasible-allocation-found,267325.97,7670.994999999997,0.07657342657342658,0.0,1,2400
central-balanced-c6000-r20p0,combined,18,False,no-feasible-allocation-found,266785.97,7670.994999999997,0.07657342657342658,0.0,1,2400
central-balanced-c6000-r20p0,combined,19,False,no-feasible-allocation-found,267952.95999999996,7867.159999999997,0.08977932492940548,0.02089820604828659,2,2400
central-balanced-c6000-r20p0,combined,20,False,no-feasible-allocation-found,267325.97,7670.994999999997,0.07657342657342658,0.0,1,2400
central-balanced-c6000-r20p0,combined,21,False,no-feasible-allocation-found,270455.97,7670.994999999999,0.0993006993006993,0.0,2,2400
central-balanced-c6000-r20p0,combined,22,False,no-feasible-allocation-found,270455.97,7670.994999999997,0.0993006993006993,0.0,1,2400
central-balanced-c6000-r20p0,combined,23,False,no-feasible-allocation-found,266785.97,7670.994999999998,0.07657342657342658,0.0,2,2400
central-balanced-c6000-r20p0,combined,24,False,no-feasible-allocation-found,270455.97,7670.994999999998,0.0993006993006993,0.0,1,2400
central-balanced-c6000-r20p0,combined,25,False,no-feasible-allocation-found,267952.95999999996,7867.159999999997,0.08977932492940548,0.02089820604828659,2,2400
central-balanced-c6000-r20p0,combined,26,False,no-feasible-allocation-found,266785.97,7670.994999999997,0.07657342657342658,0.0,1,2400
central-balanced-c6000-r20p0,combined,27,False,no-feasible-allocation-found,270455.97,7670.994999999998,0.0993006993006993,0.0,2,2400
central-balanced-c6000-r20p0,combined,28,False,no-feasible-allocation-found,264822.95999999996,7867.159999999998,0.06705205220213287,0.02089820604828671,0,2400
central-balanced-c6000-r20p0,combined,29,False,no-feasible-allocation-found,267952.95999999996,7867.159999999998,0.0897793249294056,0.02089820604828671,1,2400
central-balanced-c6000-r20p0,hybrid-seeded,0,False,no-feasible-allocation-found,266785.97,7670.994999999997,0.07657342657342658,0.0,2,2400
central-balanced-c6000-r20p0,hybrid-seeded,1,False,no-feasible-allocation-found,266785.97,7670.994999999997,0.07657342657342658,0.0,2,2400
central-balanced-c6000-r20p0,hybrid-seeded,2,False,no-feasible-allocation-found,266785.97,7670.994999999998,0.07657342657342658,0.0,2,2400
central-balanced-c6000-r20p0,hybrid-seeded,3,False,no-feasible-allocation-found,270455.97,7670.994999999998,0.0993006993006993,0.0,2,2400
central-balanced-c6000-r20p0,hybrid-seeded,4,False,no-feasible-allocation-found,270455.97,7670.994999999998,0.0993006993006993,0.0,2,2400
central-balanced-c6000-r20p0,hybrid-seeded,5,False,no-feasible-allocation-found,266785.97,7670.994999999997,0.07657342657342658,0.0,2,2400
central-balanced-c6000-r20p0,hybrid-seeded,6,False,no-feasible-allocation-found,270455.97,7670.994999999998,0.0993006993006993,0.0,2,2400
central-balanced-c6000-r20p0,hybrid-seeded,7,False,no-feasible-allocation-found,266785.97,7670.994999999997,0.07657342657342658,0.0,1,2400
central-balanced-c6000-r20p0,hybrid-seeded,8,False,no-feasible-allocation-found,266785.97,7670.994999999997,0.07657342657342658,0.0,0,2400
central-balanced-c6000-r20p0,hybrid-seeded,9,False,no-feasible-allocation-found,268222.95999999996,7867.159999999998,0.0897793249294056,0.02089820604828671,1,2400
central-balanced-c6000-r20p0,hybrid-seeded,10,False,no-feasible-allocation-found,269558.98,7474.829999999997,0.106993006993007,0.0,1,2400
central-balanced-c6000-r20p0,hybrid-seeded,11,False,no-feasible-allocation-found,267952.95999999996,7867.159999999997,0.08977932492940548,0.02089820604828659,2,2400
central-balanced-c6000-r20p0,hybrid-seeded,12,False,no-feasible-allocation-found,270455.97,7670.994999999998,0.0993006993006993,0.0,2,2400
central-balanced-c6000-r20p0,hybrid-seeded,13,False,no-feasible-allocation-found,270455.97,7670.994999999999,0.0993006993006993,0.0,2,2400
central-balanced-c6000-r20p0,hybrid-seeded,14,False,no-feasible-allocation-found,266785.97,7670.994999999997,0.07657342657342658,0.0,2,2400
central-balanced-c6000-r20p0,hybrid-seeded,15,False,no-feasible-allocation-found,266785.97,7670.994999999998,0.07657342657342658,0.0,2,2400
central-balanced-c6000-r20p0,hybrid-seeded,16,False,no-feasible-allocation-found,265888.98,7474.829999999998,0.08426573426573428,0.0,1,2400
central-balanced-c6000-r20p0,hybrid-seeded,17,False,no-feasible-allocation-found,267325.97,7670.994999999997,0.07657342657342658,0.0,1,2400
central-balanced-c6000-r20p0,hybrid-seeded,18,False,no-feasible-allocation-found,266785.97,7670.994999999997,0.07657342657342658,0.0,1,2400
central-balanced-c6000-r20p0,hybrid-seeded,19,False,no-feasible-allocation-found,267952.95999999996,7867.159999999997,0.08977932492940548,0.02089820604828659,2,2400
central-balanced-c6000-r20p0,hybrid-seeded,20,False,no-feasible-allocation-found,267325.97,7670.994999999997,0.07657342657342658,0.0,1,2400
central-balanced-c6000-r20p0,hybrid-seeded,21,False,no-feasible-allocation-found,270455.97,7670.994999999999,0.0993006993006993,0.0,2,2400
central-balanced-c6000-r20p0,hybrid-seeded,22,False,no-feasible-allocation-found,270455.97,7670.994999999997,0.0993006993006993,0.0,1,2400
central-balanced-c6000-r20p0,hybrid-seeded,23,False,no-feasible-allocation-found,266785.97,7670.994999999998,0.07657342657342658,0.0,2,2400
central-balanced-c6000-r20p0,hybrid-seeded,24,False,no-feasible-allocation-found,270455.97,7670.994999999998,0.0993006993006993,0.0,1,2400
central-balanced-c6000-r20p0,hybrid-seeded,25,False,no-feasible-allocation-found,267952.95999999996,7867.159999999997,0.08977932492940548,0.02089820604828659,2,2400
central-balanced-c6000-r20p0,hybrid-seeded,26,False,no-feasible-allocation-found,266785.97,7670.994999999997,0.07657342657342658,0.0,1,2400
central-balanced-c6000-r20p0,hybrid-seeded,27,False,no-feasible-allocation-found,270455.97,7670.994999999998,0.0993006993006993,0.0,2,2400
central-balanced-c6000-r20p0,hybrid-seeded,28,False,no-feasible-allocation-found,264822.95999999996,7867.159999999998,0.06705205220213287,0.02089820604828671,0,2400
central-balanced-c6000-r20p0,hybrid-seeded,29,False,no-feasible-allocation-found,267952.95999999996,7867.159999999998,0.0897793249294056,0.02089820604828671,1,2400
